Date,TWSEMarginMaintenanceRate_IncludeETF,TWSEMarginMaintenanceRate_ExcludeETF,TWSEMarginMarketValueK_IncludeETF,TWSEMarginMarketValueK_ExcludeETF,TWSEETFMarginMarketValueK,TWSETotalMarginAmountK,TPEXMarginMaintenanceRate_IncludeETF,TPEXMarginMaintenanceRate_ExcludeETF,TPEXMarginMarketValueK_IncludeETF,TPEXMarginMarketValueK_ExcludeETF,TPEXETFMarginMarketValueK,TPEXTotalMarginAmountK,CombinedMarginMaintenanceRate_IncludeETF,CombinedMarginMaintenanceRate_ExcludeETF,CombinedMarginMarketValueK_IncludeETF,CombinedMarginMarketValueK_ExcludeETF,CombinedETFMarginMarketValueK,CombinedTotalMarginAmountK,Status
2007-01-01,,,,,,,,,,,,,,,,,,,data unavailable: TWSE MI_MARGN total 20070101: missing tables (keys=stat; stat='很抱歉，沒有符合條件的資料')
2007-01-02,,,,,,,,,,,,,,,,,,,data unavailable: TPEX afterTrading/dailyQuotes 20070102: no table with closing price; available fields sample=[]
2007-01-03,,,,,,,,,,,,,,,,,,,data unavailable: TPEX afterTrading/dailyQuotes 20070103: no table with closing price; available fields sample=[]
2007-01-04,,,,,,,,,,,,,,,,,,,data unavailable: TPEX afterTrading/dailyQuotes 20070104: no table with closing price; available fields sample=[]
2007-01-05,,,,,,,,,,,,,,,,,,,data unavailable: TPEX afterTrading/dailyQuotes 20070105: no table with closing price; available fields sample=[]
2007-01-08,,,,,,,,,,,,,,,,,,,data unavailable: TPEX afterTrading/dailyQuotes 20070108: no table with closing price; available fields sample=[]
2007-01-09,,,,,,,,,,,,,,,,,,,data unavailable: TPEX afterTrading/dailyQuotes 20070109: no table with closing price; available fields sample=[]
2007-01-10,,,,,,,,,,,,,,,,,,,data unavailable: TPEX afterTrading/dailyQuotes 20070110: no table with closing price; available fields sample=[]
2007-01-11,,,,,,,,,,,,,,,,,,,data unavailable: TPEX afterTrading/dailyQuotes 20070111: no table with closing price; available fields sample=[]
2007-01-12,,,,,,,,,,,,,,,,,,,data unavailable: TPEX afterTrading/dailyQuotes 20070112: no table with closing price; available fields sample=[]
2007-01-15,,,,,,,,,,,,,,,,,,,data unavailable: TPEX afterTrading/dailyQuotes 20070115: no table with closing price; available fields sample=[]
2007-01-16,,,,,,,,,,,,,,,,,,,data unavailable: TPEX afterTrading/dailyQuotes 20070116: no table with closing price; available fields sample=[]
2007-01-17,,,,,,,,,,,,,,,,,,,data unavailable: TPEX afterTrading/dailyQuotes 20070117: no table with closing price; available fields sample=[]
2007-01-18,,,,,,,,,,,,,,,,,,,data unavailable: TPEX afterTrading/dailyQuotes 20070118: no table with closing price; available fields sample=[]
2007-01-19,,,,,,,,,,,,,,,,,,,data unavailable: TPEX afterTrading/dailyQuotes 20070119: no table with closing price; available fields sample=[]
2007-01-22,,,,,,,,,,,,,,,,,,,data unavailable: TPEX afterTrading/dailyQuotes 20070122: no table with closing price; available fields sample=[]
2007-01-23,,,,,,,,,,,,,,,,,,,data unavailable: TPEX afterTrading/dailyQuotes 20070123: no table with closing price; available fields sample=[]
2007-01-24,,,,,,,,,,,,,,,,,,,data unavailable: TPEX afterTrading/dailyQuotes 20070124: no table with closing price; available fields sample=[]
2007-01-25,,,,,,,,,,,,,,,,,,,data unavailable: TPEX afterTrading/dailyQuotes 20070125: no table with closing price; available fields sample=[]
2007-01-26,,,,,,,,,,,,,,,,,,,data unavailable: TPEX afterTrading/dailyQuotes 20070126: no table with closing price; available fields sample=[]
2007-01-29,,,,,,,,,,,,,,,,,,,data unavailable: TPEX afterTrading/dailyQuotes 20070129: no table with closing price; available fields sample=[]
2007-01-30,,,,,,,,,,,,,,,,,,,data unavailable: TPEX afterTrading/dailyQuotes 20070130: no table with closing price; available fields sample=[]
2007-01-31,,,,,,,,,,,,,,,,,,,data unavailable: TPEX afterTrading/dailyQuotes 20070131: no table with closing price; available fields sample=[]
2007-02-01,,,,,,,,,,,,,,,,,,,data unavailable: TPEX afterTrading/dailyQuotes 20070201: no table with closing price; available fields sample=[]
2007-02-02,,,,,,,,,,,,,,,,,,,data unavailable: TPEX afterTrading/dailyQuotes 20070202: no table with closing price; available fields sample=[]
2007-02-05,,,,,,,,,,,,,,,,,,,data unavailable: TPEX afterTrading/dailyQuotes 20070205: no table with closing price; available fields sample=[]
2007-02-06,,,,,,,,,,,,,,,,,,,data unavailable: TPEX afterTrading/dailyQuotes 20070206: no table with closing price; available fields sample=[]
2007-02-07,,,,,,,,,,,,,,,,,,,data unavailable: TPEX afterTrading/dailyQuotes 20070207: no table with closing price; available fields sample=[]
2007-02-08,,,,,,,,,,,,,,,,,,,data unavailable: TPEX afterTrading/dailyQuotes 20070208: no table with closing price; available fields sample=[]
2007-02-09,,,,,,,,,,,,,,,,,,,data unavailable: TPEX afterTrading/dailyQuotes 20070209: no table with closing price; available fields sample=[]
2007-02-12,,,,,,,,,,,,,,,,,,,data unavailable: TPEX afterTrading/dailyQuotes 20070212: no table with closing price; available fields sample=[]
2007-02-13,,,,,,,,,,,,,,,,,,,data unavailable: TPEX afterTrading/dailyQuotes 20070213: no table with closing price; available fields sample=[]
2007-02-14,,,,,,,,,,,,,,,,,,,data unavailable: TPEX afterTrading/dailyQuotes 20070214: no table with closing price; available fields sample=[]
2007-02-15,,,,,,,,,,,,,,,,,,,data unavailable: TWSE MI_MARGN total 20070215: missing tables (keys=stat; stat='很抱歉，沒有符合條件的資料')
2007-02-16,,,,,,,,,,,,,,,,,,,data unavailable: TWSE MI_MARGN total 20070216: missing tables (keys=stat; stat='很抱歉，沒有符合條件的資料')
2007-02-19,,,,,,,,,,,,,,,,,,,data unavailable: TWSE MI_MARGN total 20070219: missing tables (keys=stat; stat='很抱歉，沒有符合條件的資料')
2007-02-20,,,,,,,,,,,,,,,,,,,data unavailable: TWSE MI_MARGN total 20070220: missing tables (keys=stat; stat='很抱歉，沒有符合條件的資料')
2007-02-21,,,,,,,,,,,,,,,,,,,data unavailable: TWSE MI_MARGN total 20070221: missing tables (keys=stat; stat='很抱歉，沒有符合條件的資料')
2007-02-22,,,,,,,,,,,,,,,,,,,data unavailable: TWSE MI_MARGN total 20070222: missing tables (keys=stat; stat='很抱歉，沒有符合條件的資料')
2007-02-23,,,,,,,,,,,,,,,,,,,data unavailable: TWSE MI_MARGN total 20070223: missing tables (keys=stat; stat='很抱歉，沒有符合條件的資料')
2007-02-26,,,,,,,,,,,,,,,,,,,data unavailable: TPEX afterTrading/dailyQuotes 20070226: no table with closing price; available fields sample=[]
2007-02-27,,,,,,,,,,,,,,,,,,,data unavailable: TPEX afterTrading/dailyQuotes 20070227: no table with closing price; available fields sample=[]
2007-02-28,,,,,,,,,,,,,,,,,,,data unavailable: TWSE MI_MARGN total 20070228: missing tables (keys=stat; stat='很抱歉，沒有符合條件的資料')
2007-03-01,,,,,,,,,,,,,,,,,,,data unavailable: TPEX afterTrading/dailyQuotes 20070301: no table with closing price; available fields sample=[]
2007-03-02,,,,,,,,,,,,,,,,,,,data unavailable: TPEX afterTrading/dailyQuotes 20070302: no table with closing price; available fields sample=[]
2007-03-05,,,,,,,,,,,,,,,,,,,data unavailable: TPEX afterTrading/dailyQuotes 20070305: no table with closing price; available fields sample=[]
2007-03-06,,,,,,,,,,,,,,,,,,,data unavailable: TPEX afterTrading/dailyQuotes 20070306: no table with closing price; available fields sample=[]
2007-03-07,,,,,,,,,,,,,,,,,,,data unavailable: TPEX afterTrading/dailyQuotes 20070307: no table with closing price; available fields sample=[]
2007-03-08,,,,,,,,,,,,,,,,,,,data unavailable: TPEX afterTrading/dailyQuotes 20070308: no table with closing price; available fields sample=[]
2007-03-09,,,,,,,,,,,,,,,,,,,data unavailable: TPEX afterTrading/dailyQuotes 20070309: no table with closing price; available fields sample=[]
2007-03-12,,,,,,,,,,,,,,,,,,,data unavailable: TPEX afterTrading/dailyQuotes 20070312: no table with closing price; available fields sample=[]
2007-03-13,,,,,,,,,,,,,,,,,,,data unavailable: TPEX afterTrading/dailyQuotes 20070313: no table with closing price; available fields sample=[]
2007-03-14,,,,,,,,,,,,,,,,,,,data unavailable: TPEX afterTrading/dailyQuotes 20070314: no table with closing price; available fields sample=[]
2007-03-15,,,,,,,,,,,,,,,,,,,data unavailable: TPEX afterTrading/dailyQuotes 20070315: no table with closing price; available fields sample=[]
2007-03-16,,,,,,,,,,,,,,,,,,,data unavailable: TPEX afterTrading/dailyQuotes 20070316: no table with closing price; available fields sample=[]
2007-03-19,,,,,,,,,,,,,,,,,,,data unavailable: TPEX afterTrading/dailyQuotes 20070319: no table with closing price; available fields sample=[]
2007-03-20,,,,,,,,,,,,,,,,,,,data unavailable: TPEX afterTrading/dailyQuotes 20070320: no table with closing price; available fields sample=[]
2007-03-21,,,,,,,,,,,,,,,,,,,data unavailable: TPEX afterTrading/dailyQuotes 20070321: no table with closing price; available fields sample=[]
2007-03-22,,,,,,,,,,,,,,,,,,,data unavailable: TPEX afterTrading/dailyQuotes 20070322: no table with closing price; available fields sample=[]
2007-03-23,,,,,,,,,,,,,,,,,,,data unavailable: TPEX afterTrading/dailyQuotes 20070323: no table with closing price; available fields sample=[]
2007-03-26,,,,,,,,,,,,,,,,,,,data unavailable: TPEX afterTrading/dailyQuotes 20070326: no table with closing price; available fields sample=[]
2007-03-27,,,,,,,,,,,,,,,,,,,data unavailable: TPEX afterTrading/dailyQuotes 20070327: no table with closing price; available fields sample=[]
2007-03-28,,,,,,,,,,,,,,,,,,,data unavailable: TPEX afterTrading/dailyQuotes 20070328: no table with closing price; available fields sample=[]
2007-03-29,,,,,,,,,,,,,,,,,,,data unavailable: TPEX afterTrading/dailyQuotes 20070329: no table with closing price; available fields sample=[]
2007-03-30,,,,,,,,,,,,,,,,,,,data unavailable: TPEX afterTrading/dailyQuotes 20070330: no table with closing price; available fields sample=[]
2007-04-02,,,,,,,,,,,,,,,,,,,data unavailable: TPEX afterTrading/dailyQuotes 20070402: no table with closing price; available fields sample=[]
2007-04-03,,,,,,,,,,,,,,,,,,,data unavailable: TPEX afterTrading/dailyQuotes 20070403: no table with closing price; available fields sample=[]
2007-04-04,,,,,,,,,,,,,,,,,,,data unavailable: TPEX afterTrading/dailyQuotes 20070404: no table with closing price; available fields sample=[]
2007-04-05,,,,,,,,,,,,,,,,,,,data unavailable: TWSE MI_MARGN total 20070405: missing tables (keys=stat; stat='很抱歉，沒有符合條件的資料')
2007-04-06,,,,,,,,,,,,,,,,,,,data unavailable: TWSE MI_MARGN total 20070406: missing tables (keys=stat; stat='很抱歉，沒有符合條件的資料')
2007-04-09,,,,,,,,,,,,,,,,,,,data unavailable: TPEX afterTrading/dailyQuotes 20070409: no table with closing price; available fields sample=[]
2007-04-10,,,,,,,,,,,,,,,,,,,data unavailable: TPEX afterTrading/dailyQuotes 20070410: no table with closing price; available fields sample=[]
2007-04-11,,,,,,,,,,,,,,,,,,,data unavailable: TPEX afterTrading/dailyQuotes 20070411: no table with closing price; available fields sample=[]
2007-04-12,,,,,,,,,,,,,,,,,,,data unavailable: TPEX afterTrading/dailyQuotes 20070412: no table with closing price; available fields sample=[]
2007-04-13,,,,,,,,,,,,,,,,,,,data unavailable: TPEX afterTrading/dailyQuotes 20070413: no table with closing price; available fields sample=[]
2007-04-16,,,,,,,,,,,,,,,,,,,data unavailable: TPEX afterTrading/dailyQuotes 20070416: no table with closing price; available fields sample=[]
2007-04-17,,,,,,,,,,,,,,,,,,,data unavailable: TPEX afterTrading/dailyQuotes 20070417: no table with closing price; available fields sample=[]
2007-04-18,,,,,,,,,,,,,,,,,,,data unavailable: TPEX afterTrading/dailyQuotes 20070418: no table with closing price; available fields sample=[]
2007-04-19,,,,,,,,,,,,,,,,,,,data unavailable: TPEX afterTrading/dailyQuotes 20070419: no table with closing price; available fields sample=[]
2007-04-20,,,,,,,,,,,,,,,,,,,data unavailable: TPEX afterTrading/dailyQuotes 20070420: no table with closing price; available fields sample=[]
2007-04-23,166.08344329547825,165.99234125073949,475055184.28999996,474794601.43000007,260582.8599998951,286034041.0,201.3426595788937,201.3426595788937,169299905.51000002,169299905.51000002,0.0,84085462.0,174.09379526806507,174.02339020756764,644355089.8,644094506.94,260582.8599998951,370119503.0,ok
2007-04-24,166.74857962876354,166.65727335773335,478158652.24,477896827.61999995,261824.62000006437,286754258.0,202.50688561934518,202.50688561934518,171083221.88,171083221.88,0.0,84482669.0,174.88612443987824,174.81559680618733,649241874.12,648980049.5,261824.62000000477,371236927.0,ok
2007-04-25,165.91455725786017,165.82300524683592,476053066.06999993,475790378.96000004,262687.1099998951,286926641.0,201.65214291745139,201.65214291745139,171100576.89,171100576.89,0.0,84849372.0,174.07084382283693,174.00018646442368,647153642.9599999,646890955.85,262687.1099998951,371776013.0,ok
2007-04-26,165.98812935777258,165.89581170512375,476857256.21,476592042.40999997,265213.8000000119,287283951.0,201.62260585695742,201.62260585695742,171424662.73000002,171424662.73000002,0.0,85022541.0,174.1258701822476,174.05463484101696,648281918.94,648016705.14,265213.8000000715,372306492.0,ok
2007-04-27,164.899428439561,164.80605204200626,472629107.17999995,472361474.94,267632.23999994993,286616583.0,200.3800992625334,200.3800992625334,170837540.24,170837540.24,0.0,85256740.0,173.03382835557687,172.96185969758312,643466647.42,643199015.1800001,267632.2399998903,371873323.0,ok
2007-04-30,162.1473729665341,162.05383525953016,463010276.62,462743180.59000003,267096.0299999714,285549046.0,196.21137172824643,196.21137172824643,166432250.19,166432250.19,0.0,84822938.0,169.94874180602167,169.876626192115,629442526.81,629175430.78,267096.0299999714,370371984.0,ok
2007-05-01,,,,,,,,,,,,,,,,,,,data unavailable: TWSE MI_MARGN total 20070501: missing tables (keys=stat; stat='很抱歉，沒有符合條件的資料')
2007-05-02,162.00351656189665,161.9103093062756,460640241.6999999,460375216.51,265025.189999938,284339656.0,194.9099413856094,194.9099413856094,165219773.9,165219773.9,0.0,84767238.0,169.56064104291693,169.48883929813567,625860015.5999999,625594990.41,265025.189999938,369106894.0,ok
2007-05-03,161.02334477714106,160.9370844129731,452544549.02,452302120.46000004,242428.55999994278,281042820.0,192.80162260800176,192.80162260800176,162691399.89000002,162691399.89000002,0.0,84382796.0,168.36147275181713,168.29513132708246,615235948.91,614993520.35,242428.55999994278,365425616.0,ok
2007-05-04,164.65079214737182,164.56588542783985,462771693.6,462533052.62,238640.98000001907,281062537.0,196.41908748740477,196.41908748740477,166200757.27,166200757.27,0.0,84615380.0,172.00175937066498,171.9364994878813,628972450.87,628733809.89,238640.98000001907,365677917.0,ok
2007-05-07,166.53415325757496,166.451308867226,467355342.55999994,467122851.1,232491.45999991894,280636334.0,198.6304230042692,198.6304230042692,168420463.75,168420463.75,0.0,84790870.0,173.98152062866123,173.91789880262994,635775806.31,635543314.85,232491.45999991894,365427204.0,ok
2007-05-08,166.6501550876779,166.56807106631382,468377870.12,468147169.2299999,230700.8900001049,281054566.0,199.08545483504741,199.08545483504741,169141795.97,169141795.97,0.0,84959394.0,174.17905756654747,174.11602694061173,637519666.09,637288965.1999999,230700.8900001049,366013960.0,ok
2007-05-09,164.91268187274892,164.83089387253102,464058696.25,463828547.59000003,230148.65999996662,281396610.0,197.72342086766602,197.72342086766602,168281867.67000002,168281867.67000002,0.0,85109729.0,172.53195828626585,172.4691630122119,632340563.9200001,632110415.26,230148.66000008583,366506339.0,ok
2007-05-10,166.4876062660009,166.4048504510501,468907146.97,468674067.8,233079.1700000167,281646879.0,199.69083861948343,199.69083861948343,170133451.37,170133451.37,0.0,85198426.0,174.19893062008796,174.13539452821948,639040598.34,638807519.1700001,233079.16999995708,366845305.0,ok
2007-05-11,165.9866979122071,165.9014513208596,468904709.86,468663892.1999999,240817.66000008583,282495354.0,199.74456331033446,199.74456331033446,170811097.91,170811097.91,0.0,85514767.0,173.83103650293356,173.7655987211286,639715807.77,639474990.1099999,240817.66000008583,368010121.0,ok
2007-05-14,164.9963465216304,164.91115778342237,466495101.1,466254246.5,240854.60000002384,282730564.0,198.9054414521693,198.9054414521693,170002354.51,170002354.51,0.0,85468931.0,172.86755257771333,172.80213841955432,636497455.61,636256601.01,240854.60000002384,368199495.0,ok
2007-05-15,164.09575475470868,164.01075222168586,466113904.40999997,465872454.76,241449.64999997616,284049947.0,196.7590676458098,196.7590676458098,166183985.5,166183985.5,0.0,84460649.0,171.58201060519843,171.51649019611907,632297889.91,632056440.26,241449.64999997616,368510596.0,ok
2007-05-16,164.39475806608743,164.30943199147532,468276939.48,468033888.9499999,243050.5300000906,284849070.0,197.5733131112091,197.5733131112091,166875570.99,166875570.99,0.0,84462607.0,171.98278582185205,171.9169740576602,635152510.47,634909459.9399999,243050.5300000906,369311677.0,ok
2007-05-17,164.97105239944563,164.88405160675686,470110671.76,469862749.47,247922.28999996185,284965553.0,198.0122126496781,198.0122126496781,167145876.87,167145876.87,0.0,84411903.0,172.52177637771157,172.45465742229814,637256548.63,637008626.34,247922.28999996185,369377456.0,ok
2007-05-18,165.32914392214434,165.24238813879478,471672861.44,471425353.06,247508.37999999523,285293234.0,198.23952727767121,198.23952727767121,167431897.45999998,167431897.45999998,0.0,84459391.0,172.84657787081295,172.77963895996683,639104758.9,638857250.52,247508.37999999523,369752625.0,ok
2007-05-21,167.09368104393238,167.0046100408892,478789104.11,478533880.65999997,255223.45000004768,286539324.0,199.2744301845538,199.2744301845538,168824809.03000003,168824809.03000003,0.0,84719755.0,174.43719218513712,174.3684468090813,647613913.1400001,647358689.69,255223.45000004768,371259079.0,ok
2007-05-22,168.4685190476148,168.37931140257865,482040343.20000005,481785092.64,255250.560000062,286130813.0,200.56581884381427,200.56581884381427,170483605.52,170483605.52,0.0,85001326.0,175.81984424151423,175.7510680474913,652523948.72,652268698.16,255250.560000062,371132139.0,ok
2007-05-23,168.5553165657773,168.46028239736103,482513560.55,482241511.73,272048.81999999285,286264219.0,201.38384289765497,201.38384289765497,172470701.39,172470701.39,0.0,85642770.0,176.11507213165066,176.0419224388386,654984261.94,654712213.12,272048.82000005245,371906989.0,ok
2007-05-24,168.9242963197777,168.83078302197265,485086159.75,484817625.22,268534.5299999714,287161865.0,203.19363784482664,203.19363784482664,174876724.87,174876724.87,0.0,86064075.0,176.82663874327707,176.7546891542426,659962884.62,659694350.09,268534.5299999714,373225940.0,ok
2007-05-25,168.56102139660294,168.4666050588333,487174261.69,486901380.03999996,272881.65000003576,289019524.0,204.42086518404773,204.42086518404773,177660317.79000002,177660317.79000002,0.0,86909092.0,176.8512827126733,176.77869402471876,664834579.48,664561697.8299999,272881.65000009537,375928616.0,ok
2007-05-28,167.94436600151147,167.84969079912855,486134563.14,485860514.72,274048.4199999571,289461668.0,203.2027968715422,203.2027968715422,176823178.44,176823178.44,0.0,87018083.0,176.09386423016412,176.02107189026484,662957741.5799999,662683693.1600001,274048.4199998379,376479751.0,ok
2007-05-29,168.07687838790616,167.9820670702887,485960212.90999997,485686085.21,274127.6999999881,289129723.0,202.80626005299376,202.80626005299376,177093721.88,177093721.88,0.0,87321625.0,176.13270302063043,176.05988412877193,663053934.79,662779807.0899999,274127.7000000477,376451348.0,ok
2007-05-30,167.79114294663162,167.69613393697824,486449148.36,486173704.43,275443.93000000715,289913484.0,202.647526376655,202.647526376655,177283371.64999998,177283371.64999998,0.0,87483610.0,175.87112634470893,175.79814116957667,663732520.01,663457076.0799999,275443.93000006676,377397094.0,ok
2007-05-31,169.79790785881696,169.693099090758,493343421.82,493038902.65999997,304519.1600000262,290547409.0,206.2552612206468,206.2552612206468,181124786.06,181124786.06,0.0,87815838.0,178.25944069033744,178.17895740809098,674468207.88,674163688.72,304519.1599999666,378363247.0,ok
2007-06-01,,,,,,,,,,,,,,,,,,,data unavailable: TPEX margin/balance 20070601: stat='很抱歉，沒有符合條件的資料!' (keys=stat; stat='很抱歉，沒有符合條件的資料!')
2007-06-04,,,,,,,,,,,,,,,,,,,data unavailable: TPEX margin/balance 20070604: stat='很抱歉，沒有符合條件的資料!' (keys=stat; stat='很抱歉，沒有符合條件的資料!')
2007-06-05,,,,,,,,,,,,,,,,,,,data unavailable: TPEX margin/balance 20070605: stat='很抱歉，沒有符合條件的資料!' (keys=stat; stat='很抱歉，沒有符合條件的資料!')
2007-06-06,,,,,,,,,,,,,,,,,,,data unavailable: TPEX margin/balance 20070606: stat='很抱歉，沒有符合條件的資料!' (keys=stat; stat='很抱歉，沒有符合條件的資料!')
2007-06-07,,,,,,,,,,,,,,,,,,,data unavailable: TPEX margin/balance 20070607: stat='很抱歉，沒有符合條件的資料!' (keys=stat; stat='很抱歉，沒有符合條件的資料!')
2007-06-08,,,,,,,,,,,,,,,,,,,data unavailable: TPEX margin/balance 20070608: stat='很抱歉，沒有符合條件的資料!' (keys=stat; stat='很抱歉，沒有符合條件的資料!')
2007-06-11,,,,,,,,,,,,,,,,,,,data unavailable: TPEX margin/balance 20070611: stat='很抱歉，沒有符合條件的資料!' (keys=stat; stat='很抱歉，沒有符合條件的資料!')
2007-06-12,,,,,,,,,,,,,,,,,,,data unavailable: TPEX margin/balance 20070612: stat='很抱歉，沒有符合條件的資料!' (keys=stat; stat='很抱歉，沒有符合條件的資料!')
2007-06-13,,,,,,,,,,,,,,,,,,,data unavailable: TPEX margin/balance 20070613: stat='很抱歉，沒有符合條件的資料!' (keys=stat; stat='很抱歉，沒有符合條件的資料!')
2007-06-14,,,,,,,,,,,,,,,,,,,data unavailable: TPEX margin/balance 20070614: stat='很抱歉，沒有符合條件的資料!' (keys=stat; stat='很抱歉，沒有符合條件的資料!')
2007-06-15,,,,,,,,,,,,,,,,,,,data unavailable: TPEX margin/balance 20070615: stat='很抱歉，沒有符合條件的資料!' (keys=stat; stat='很抱歉，沒有符合條件的資料!')
2007-06-18,,,,,,,,,,,,,,,,,,,data unavailable: TWSE MI_MARGN total 20070618: missing tables (keys=stat; stat='很抱歉，沒有符合條件的資料')
2007-06-19,,,,,,,,,,,,,,,,,,,data unavailable: TWSE MI_MARGN total 20070619: missing tables (keys=stat; stat='很抱歉，沒有符合條件的資料')
2007-06-20,,,,,,,,,,,,,,,,,,,data unavailable: TPEX margin/balance 20070620: stat='很抱歉，沒有符合條件的資料!' (keys=stat; stat='很抱歉，沒有符合條件的資料!')
2007-06-21,,,,,,,,,,,,,,,,,,,data unavailable: TPEX margin/balance 20070621: stat='很抱歉，沒有符合條件的資料!' (keys=stat; stat='很抱歉，沒有符合條件的資料!')
2007-06-22,,,,,,,,,,,,,,,,,,,data unavailable: TPEX margin/balance 20070622: stat='很抱歉，沒有符合條件的資料!' (keys=stat; stat='很抱歉，沒有符合條件的資料!')
2007-06-25,,,,,,,,,,,,,,,,,,,data unavailable: TPEX margin/balance 20070625: stat='很抱歉，沒有符合條件的資料!' (keys=stat; stat='很抱歉，沒有符合條件的資料!')
2007-06-26,,,,,,,,,,,,,,,,,,,data unavailable: TPEX margin/balance 20070626: stat='很抱歉，沒有符合條件的資料!' (keys=stat; stat='很抱歉，沒有符合條件的資料!')
2007-06-27,,,,,,,,,,,,,,,,,,,data unavailable: TPEX margin/balance 20070627: stat='很抱歉，沒有符合條件的資料!' (keys=stat; stat='很抱歉，沒有符合條件的資料!')
2007-06-28,,,,,,,,,,,,,,,,,,,data unavailable: TPEX margin/balance 20070628: stat='很抱歉，沒有符合條件的資料!' (keys=stat; stat='很抱歉，沒有符合條件的資料!')
2007-06-29,,,,,,,,,,,,,,,,,,,data unavailable: TPEX margin/balance 20070629: stat='很抱歉，沒有符合條件的資料!' (keys=stat; stat='很抱歉，沒有符合條件的資料!')
2007-07-02,,,,,,,,,,,,,,,,,,,data unavailable: TPEX margin/balance 20070702: stat='很抱歉，沒有符合條件的資料!' (keys=stat; stat='很抱歉，沒有符合條件的資料!')
2007-07-03,,,,,,,,,,,,,,,,,,,data unavailable: TPEX margin/balance 20070703: stat='很抱歉，沒有符合條件的資料!' (keys=stat; stat='很抱歉，沒有符合條件的資料!')
2007-07-04,,,,,,,,,,,,,,,,,,,data unavailable: TPEX margin/balance 20070704: stat='很抱歉，沒有符合條件的資料!' (keys=stat; stat='很抱歉，沒有符合條件的資料!')
2007-07-05,,,,,,,,,,,,,,,,,,,data unavailable: TPEX margin/balance 20070705: stat='很抱歉，沒有符合條件的資料!' (keys=stat; stat='很抱歉，沒有符合條件的資料!')
2007-07-06,,,,,,,,,,,,,,,,,,,data unavailable: TPEX margin/balance 20070706: stat='很抱歉，沒有符合條件的資料!' (keys=stat; stat='很抱歉，沒有符合條件的資料!')
2007-07-09,,,,,,,,,,,,,,,,,,,data unavailable: TPEX margin/balance 20070709: stat='很抱歉，沒有符合條件的資料!' (keys=stat; stat='很抱歉，沒有符合條件的資料!')
2007-07-10,,,,,,,,,,,,,,,,,,,data unavailable: TPEX margin/balance 20070710: stat='很抱歉，沒有符合條件的資料!' (keys=stat; stat='很抱歉，沒有符合條件的資料!')
2007-07-11,,,,,,,,,,,,,,,,,,,data unavailable: TPEX margin/balance 20070711: stat='很抱歉，沒有符合條件的資料!' (keys=stat; stat='很抱歉，沒有符合條件的資料!')
2007-07-12,,,,,,,,,,,,,,,,,,,data unavailable: TPEX margin/balance 20070712: stat='很抱歉，沒有符合條件的資料!' (keys=stat; stat='很抱歉，沒有符合條件的資料!')
2007-07-13,,,,,,,,,,,,,,,,,,,data unavailable: TPEX margin/balance 20070713: stat='很抱歉，沒有符合條件的資料!' (keys=stat; stat='很抱歉，沒有符合條件的資料!')
2007-07-16,,,,,,,,,,,,,,,,,,,data unavailable: TPEX margin/balance 20070716: stat='很抱歉，沒有符合條件的資料!' (keys=stat; stat='很抱歉，沒有符合條件的資料!')
2007-07-17,,,,,,,,,,,,,,,,,,,data unavailable: TPEX margin/balance 20070717: stat='很抱歉，沒有符合條件的資料!' (keys=stat; stat='很抱歉，沒有符合條件的資料!')
2007-07-18,,,,,,,,,,,,,,,,,,,data unavailable: TPEX margin/balance 20070718: stat='很抱歉，沒有符合條件的資料!' (keys=stat; stat='很抱歉，沒有符合條件的資料!')
2007-07-19,,,,,,,,,,,,,,,,,,,data unavailable: TPEX margin/balance 20070719: stat='很抱歉，沒有符合條件的資料!' (keys=stat; stat='很抱歉，沒有符合條件的資料!')
2007-07-20,,,,,,,,,,,,,,,,,,,data unavailable: TPEX margin/balance 20070720: stat='很抱歉，沒有符合條件的資料!' (keys=stat; stat='很抱歉，沒有符合條件的資料!')
2007-07-23,,,,,,,,,,,,,,,,,,,data unavailable: TPEX margin/balance 20070723: stat='很抱歉，沒有符合條件的資料!' (keys=stat; stat='很抱歉，沒有符合條件的資料!')
2007-07-24,,,,,,,,,,,,,,,,,,,data unavailable: TPEX margin/balance 20070724: stat='很抱歉，沒有符合條件的資料!' (keys=stat; stat='很抱歉，沒有符合條件的資料!')
2007-07-25,,,,,,,,,,,,,,,,,,,data unavailable: TPEX margin/balance 20070725: stat='很抱歉，沒有符合條件的資料!' (keys=stat; stat='很抱歉，沒有符合條件的資料!')
2007-07-26,,,,,,,,,,,,,,,,,,,data unavailable: TPEX margin/balance 20070726: stat='很抱歉，沒有符合條件的資料!' (keys=stat; stat='很抱歉，沒有符合條件的資料!')
2007-07-27,,,,,,,,,,,,,,,,,,,data unavailable: TPEX margin/balance 20070727: stat='很抱歉，沒有符合條件的資料!' (keys=stat; stat='很抱歉，沒有符合條件的資料!')
2007-07-30,,,,,,,,,,,,,,,,,,,data unavailable: TPEX margin/balance 20070730: stat='很抱歉，沒有符合條件的資料!' (keys=stat; stat='很抱歉，沒有符合條件的資料!')
2007-07-31,,,,,,,,,,,,,,,,,,,data unavailable: TPEX margin/balance 20070731: stat='很抱歉，沒有符合條件的資料!' (keys=stat; stat='很抱歉，沒有符合條件的資料!')
2007-08-01,,,,,,,,,,,,,,,,,,,data unavailable: TPEX margin/balance 20070801: stat='很抱歉，沒有符合條件的資料!' (keys=stat; stat='很抱歉，沒有符合條件的資料!')
2007-08-02,,,,,,,,,,,,,,,,,,,data unavailable: TPEX margin/balance 20070802: stat='很抱歉，沒有符合條件的資料!' (keys=stat; stat='很抱歉，沒有符合條件的資料!')
2007-08-03,,,,,,,,,,,,,,,,,,,data unavailable: TPEX margin/balance 20070803: stat='很抱歉，沒有符合條件的資料!' (keys=stat; stat='很抱歉，沒有符合條件的資料!')
2007-08-06,,,,,,,,,,,,,,,,,,,data unavailable: TPEX margin/balance 20070806: stat='很抱歉，沒有符合條件的資料!' (keys=stat; stat='很抱歉，沒有符合條件的資料!')
2007-08-07,,,,,,,,,,,,,,,,,,,data unavailable: TPEX margin/balance 20070807: stat='很抱歉，沒有符合條件的資料!' (keys=stat; stat='很抱歉，沒有符合條件的資料!')
2007-08-08,,,,,,,,,,,,,,,,,,,data unavailable: TPEX margin/balance 20070808: stat='很抱歉，沒有符合條件的資料!' (keys=stat; stat='很抱歉，沒有符合條件的資料!')
2007-08-09,,,,,,,,,,,,,,,,,,,data unavailable: TPEX margin/balance 20070809: stat='很抱歉，沒有符合條件的資料!' (keys=stat; stat='很抱歉，沒有符合條件的資料!')
2007-08-10,,,,,,,,,,,,,,,,,,,data unavailable: TPEX margin/balance 20070810: stat='很抱歉，沒有符合條件的資料!' (keys=stat; stat='很抱歉，沒有符合條件的資料!')
2007-08-13,,,,,,,,,,,,,,,,,,,data unavailable: TPEX margin/balance 20070813: stat='很抱歉，沒有符合條件的資料!' (keys=stat; stat='很抱歉，沒有符合條件的資料!')
2007-08-14,,,,,,,,,,,,,,,,,,,data unavailable: TPEX margin/balance 20070814: stat='很抱歉，沒有符合條件的資料!' (keys=stat; stat='很抱歉，沒有符合條件的資料!')
2007-08-15,,,,,,,,,,,,,,,,,,,data unavailable: TPEX margin/balance 20070815: stat='很抱歉，沒有符合條件的資料!' (keys=stat; stat='很抱歉，沒有符合條件的資料!')
2007-08-16,,,,,,,,,,,,,,,,,,,data unavailable: TPEX margin/balance 20070816: stat='很抱歉，沒有符合條件的資料!' (keys=stat; stat='很抱歉，沒有符合條件的資料!')
2007-08-17,,,,,,,,,,,,,,,,,,,data unavailable: TPEX margin/balance 20070817: stat='很抱歉，沒有符合條件的資料!' (keys=stat; stat='很抱歉，沒有符合條件的資料!')
2007-08-20,,,,,,,,,,,,,,,,,,,data unavailable: TPEX margin/balance 20070820: stat='很抱歉，沒有符合條件的資料!' (keys=stat; stat='很抱歉，沒有符合條件的資料!')
2007-08-21,,,,,,,,,,,,,,,,,,,data unavailable: TPEX margin/balance 20070821: stat='很抱歉，沒有符合條件的資料!' (keys=stat; stat='很抱歉，沒有符合條件的資料!')
2007-08-22,,,,,,,,,,,,,,,,,,,data unavailable: TPEX margin/balance 20070822: stat='很抱歉，沒有符合條件的資料!' (keys=stat; stat='很抱歉，沒有符合條件的資料!')
2007-08-23,,,,,,,,,,,,,,,,,,,data unavailable: TPEX margin/balance 20070823: stat='很抱歉，沒有符合條件的資料!' (keys=stat; stat='很抱歉，沒有符合條件的資料!')
2007-08-24,,,,,,,,,,,,,,,,,,,data unavailable: TPEX margin/balance 20070824: stat='很抱歉，沒有符合條件的資料!' (keys=stat; stat='很抱歉，沒有符合條件的資料!')
2007-08-27,,,,,,,,,,,,,,,,,,,data unavailable: TPEX margin/balance 20070827: stat='很抱歉，沒有符合條件的資料!' (keys=stat; stat='很抱歉，沒有符合條件的資料!')
2007-08-28,,,,,,,,,,,,,,,,,,,data unavailable: TPEX margin/balance 20070828: stat='很抱歉，沒有符合條件的資料!' (keys=stat; stat='很抱歉，沒有符合條件的資料!')
2007-08-29,,,,,,,,,,,,,,,,,,,data unavailable: TPEX margin/balance 20070829: stat='很抱歉，沒有符合條件的資料!' (keys=stat; stat='很抱歉，沒有符合條件的資料!')
2007-08-30,,,,,,,,,,,,,,,,,,,data unavailable: TPEX margin/balance 20070830: stat='很抱歉，沒有符合條件的資料!' (keys=stat; stat='很抱歉，沒有符合條件的資料!')
2007-08-31,,,,,,,,,,,,,,,,,,,data unavailable: TPEX margin/balance 20070831: stat='很抱歉，沒有符合條件的資料!' (keys=stat; stat='很抱歉，沒有符合條件的資料!')
2007-09-03,,,,,,,,,,,,,,,,,,,data unavailable: TPEX margin/balance 20070903: stat='很抱歉，沒有符合條件的資料!' (keys=stat; stat='很抱歉，沒有符合條件的資料!')
2007-09-04,,,,,,,,,,,,,,,,,,,data unavailable: TPEX margin/balance 20070904: stat='很抱歉，沒有符合條件的資料!' (keys=stat; stat='很抱歉，沒有符合條件的資料!')
2007-09-05,,,,,,,,,,,,,,,,,,,data unavailable: TPEX margin/balance 20070905: stat='很抱歉，沒有符合條件的資料!' (keys=stat; stat='很抱歉，沒有符合條件的資料!')
2007-09-06,,,,,,,,,,,,,,,,,,,data unavailable: TPEX margin/balance 20070906: stat='很抱歉，沒有符合條件的資料!' (keys=stat; stat='很抱歉，沒有符合條件的資料!')
2007-09-07,,,,,,,,,,,,,,,,,,,data unavailable: TPEX margin/balance 20070907: stat='很抱歉，沒有符合條件的資料!' (keys=stat; stat='很抱歉，沒有符合條件的資料!')
2007-09-10,,,,,,,,,,,,,,,,,,,data unavailable: TPEX margin/balance 20070910: stat='很抱歉，沒有符合條件的資料!' (keys=stat; stat='很抱歉，沒有符合條件的資料!')
2007-09-11,,,,,,,,,,,,,,,,,,,data unavailable: TPEX margin/balance 20070911: stat='很抱歉，沒有符合條件的資料!' (keys=stat; stat='很抱歉，沒有符合條件的資料!')
2007-09-12,,,,,,,,,,,,,,,,,,,data unavailable: TPEX margin/balance 20070912: stat='很抱歉，沒有符合條件的資料!' (keys=stat; stat='很抱歉，沒有符合條件的資料!')
2007-09-13,,,,,,,,,,,,,,,,,,,data unavailable: TPEX margin/balance 20070913: stat='很抱歉，沒有符合條件的資料!' (keys=stat; stat='很抱歉，沒有符合條件的資料!')
2007-09-14,,,,,,,,,,,,,,,,,,,data unavailable: TPEX margin/balance 20070914: stat='很抱歉，沒有符合條件的資料!' (keys=stat; stat='很抱歉，沒有符合條件的資料!')
2007-09-17,,,,,,,,,,,,,,,,,,,data unavailable: TPEX margin/balance 20070917: stat='很抱歉，沒有符合條件的資料!' (keys=stat; stat='很抱歉，沒有符合條件的資料!')
2007-09-18,,,,,,,,,,,,,,,,,,,data unavailable: TWSE MI_MARGN total 20070918: missing tables (keys=stat; stat='很抱歉，沒有符合條件的資料')
2007-09-19,,,,,,,,,,,,,,,,,,,data unavailable: TPEX margin/balance 20070919: stat='很抱歉，沒有符合條件的資料!' (keys=stat; stat='很抱歉，沒有符合條件的資料!')
2007-09-20,,,,,,,,,,,,,,,,,,,data unavailable: TPEX margin/balance 20070920: stat='很抱歉，沒有符合條件的資料!' (keys=stat; stat='很抱歉，沒有符合條件的資料!')
2007-09-21,,,,,,,,,,,,,,,,,,,data unavailable: TPEX margin/balance 20070921: stat='很抱歉，沒有符合條件的資料!' (keys=stat; stat='很抱歉，沒有符合條件的資料!')
2007-09-24,,,,,,,,,,,,,,,,,,,data unavailable: TWSE MI_MARGN total 20070924: missing tables (keys=stat; stat='很抱歉，沒有符合條件的資料')
2007-09-25,,,,,,,,,,,,,,,,,,,data unavailable: TWSE MI_MARGN total 20070925: missing tables (keys=stat; stat='很抱歉，沒有符合條件的資料')
2007-09-26,,,,,,,,,,,,,,,,,,,data unavailable: TPEX margin/balance 20070926: stat='很抱歉，沒有符合條件的資料!' (keys=stat; stat='很抱歉，沒有符合條件的資料!')
2007-09-27,,,,,,,,,,,,,,,,,,,data unavailable: TPEX margin/balance 20070927: stat='很抱歉，沒有符合條件的資料!' (keys=stat; stat='很抱歉，沒有符合條件的資料!')
2007-09-28,,,,,,,,,,,,,,,,,,,data unavailable: TPEX margin/balance 20070928: stat='很抱歉，沒有符合條件的資料!' (keys=stat; stat='很抱歉，沒有符合條件的資料!')
2007-10-01,,,,,,,,,,,,,,,,,,,data unavailable: TPEX margin/balance 20071001: stat='很抱歉，沒有符合條件的資料!' (keys=stat; stat='很抱歉，沒有符合條件的資料!')
2007-10-02,,,,,,,,,,,,,,,,,,,data unavailable: TPEX margin/balance 20071002: stat='很抱歉，沒有符合條件的資料!' (keys=stat; stat='很抱歉，沒有符合條件的資料!')
2007-10-03,,,,,,,,,,,,,,,,,,,data unavailable: TPEX margin/balance 20071003: stat='很抱歉，沒有符合條件的資料!' (keys=stat; stat='很抱歉，沒有符合條件的資料!')
2007-10-04,,,,,,,,,,,,,,,,,,,data unavailable: TPEX margin/balance 20071004: stat='很抱歉，沒有符合條件的資料!' (keys=stat; stat='很抱歉，沒有符合條件的資料!')
2007-10-05,,,,,,,,,,,,,,,,,,,data unavailable: TPEX margin/balance 20071005: stat='很抱歉，沒有符合條件的資料!' (keys=stat; stat='很抱歉，沒有符合條件的資料!')
2007-10-08,,,,,,,,,,,,,,,,,,,data unavailable: TPEX margin/balance 20071008: stat='很抱歉，沒有符合條件的資料!' (keys=stat; stat='很抱歉，沒有符合條件的資料!')
2007-10-09,,,,,,,,,,,,,,,,,,,data unavailable: TPEX margin/balance 20071009: stat='很抱歉，沒有符合條件的資料!' (keys=stat; stat='很抱歉，沒有符合條件的資料!')
2007-10-10,,,,,,,,,,,,,,,,,,,data unavailable: TWSE MI_MARGN total 20071010: missing tables (keys=stat; stat='很抱歉，沒有符合條件的資料')
2007-10-11,,,,,,,,,,,,,,,,,,,data unavailable: TPEX margin/balance 20071011: stat='很抱歉，沒有符合條件的資料!' (keys=stat; stat='很抱歉，沒有符合條件的資料!')
2007-10-12,,,,,,,,,,,,,,,,,,,data unavailable: TPEX margin/balance 20071012: stat='很抱歉，沒有符合條件的資料!' (keys=stat; stat='很抱歉，沒有符合條件的資料!')
2007-10-15,,,,,,,,,,,,,,,,,,,data unavailable: TPEX margin/balance 20071015: stat='很抱歉，沒有符合條件的資料!' (keys=stat; stat='很抱歉，沒有符合條件的資料!')
2007-10-16,,,,,,,,,,,,,,,,,,,data unavailable: TPEX margin/balance 20071016: stat='很抱歉，沒有符合條件的資料!' (keys=stat; stat='很抱歉，沒有符合條件的資料!')
2007-10-17,,,,,,,,,,,,,,,,,,,data unavailable: TPEX margin/balance 20071017: stat='很抱歉，沒有符合條件的資料!' (keys=stat; stat='很抱歉，沒有符合條件的資料!')
2007-10-18,,,,,,,,,,,,,,,,,,,data unavailable: TPEX margin/balance 20071018: stat='很抱歉，沒有符合條件的資料!' (keys=stat; stat='很抱歉，沒有符合條件的資料!')
2007-10-19,,,,,,,,,,,,,,,,,,,data unavailable: TPEX margin/balance 20071019: stat='很抱歉，沒有符合條件的資料!' (keys=stat; stat='很抱歉，沒有符合條件的資料!')
2007-10-22,,,,,,,,,,,,,,,,,,,data unavailable: TPEX margin/balance 20071022: stat='很抱歉，沒有符合條件的資料!' (keys=stat; stat='很抱歉，沒有符合條件的資料!')
2007-10-23,,,,,,,,,,,,,,,,,,,data unavailable: TPEX margin/balance 20071023: stat='很抱歉，沒有符合條件的資料!' (keys=stat; stat='很抱歉，沒有符合條件的資料!')
2007-10-24,,,,,,,,,,,,,,,,,,,data unavailable: TPEX margin/balance 20071024: stat='很抱歉，沒有符合條件的資料!' (keys=stat; stat='很抱歉，沒有符合條件的資料!')
2007-10-25,,,,,,,,,,,,,,,,,,,data unavailable: TPEX margin/balance 20071025: stat='很抱歉，沒有符合條件的資料!' (keys=stat; stat='很抱歉，沒有符合條件的資料!')
2007-10-26,,,,,,,,,,,,,,,,,,,data unavailable: TPEX margin/balance 20071026: stat='很抱歉，沒有符合條件的資料!' (keys=stat; stat='很抱歉，沒有符合條件的資料!')
2007-10-29,,,,,,,,,,,,,,,,,,,data unavailable: TPEX margin/balance 20071029: stat='很抱歉，沒有符合條件的資料!' (keys=stat; stat='很抱歉，沒有符合條件的資料!')
2007-10-30,,,,,,,,,,,,,,,,,,,data unavailable: TPEX margin/balance 20071030: stat='很抱歉，沒有符合條件的資料!' (keys=stat; stat='很抱歉，沒有符合條件的資料!')
2007-10-31,,,,,,,,,,,,,,,,,,,data unavailable: TPEX margin/balance 20071031: stat='很抱歉，沒有符合條件的資料!' (keys=stat; stat='很抱歉，沒有符合條件的資料!')
2007-11-01,,,,,,,,,,,,,,,,,,,data unavailable: TPEX margin/balance 20071101: stat='很抱歉，沒有符合條件的資料!' (keys=stat; stat='很抱歉，沒有符合條件的資料!')
2007-11-02,,,,,,,,,,,,,,,,,,,data unavailable: TPEX margin/balance 20071102: stat='很抱歉，沒有符合條件的資料!' (keys=stat; stat='很抱歉，沒有符合條件的資料!')
2007-11-05,,,,,,,,,,,,,,,,,,,data unavailable: TPEX margin/balance 20071105: stat='很抱歉，沒有符合條件的資料!' (keys=stat; stat='很抱歉，沒有符合條件的資料!')
2007-11-06,,,,,,,,,,,,,,,,,,,data unavailable: TPEX margin/balance 20071106: stat='很抱歉，沒有符合條件的資料!' (keys=stat; stat='很抱歉，沒有符合條件的資料!')
2007-11-07,,,,,,,,,,,,,,,,,,,data unavailable: TPEX margin/balance 20071107: stat='很抱歉，沒有符合條件的資料!' (keys=stat; stat='很抱歉，沒有符合條件的資料!')
2007-11-08,,,,,,,,,,,,,,,,,,,data unavailable: TPEX margin/balance 20071108: stat='很抱歉，沒有符合條件的資料!' (keys=stat; stat='很抱歉，沒有符合條件的資料!')
2007-11-09,,,,,,,,,,,,,,,,,,,data unavailable: TPEX margin/balance 20071109: stat='很抱歉，沒有符合條件的資料!' (keys=stat; stat='很抱歉，沒有符合條件的資料!')
2007-11-12,,,,,,,,,,,,,,,,,,,data unavailable: TPEX margin/balance 20071112: stat='很抱歉，沒有符合條件的資料!' (keys=stat; stat='很抱歉，沒有符合條件的資料!')
2007-11-13,,,,,,,,,,,,,,,,,,,data unavailable: TPEX margin/balance 20071113: stat='很抱歉，沒有符合條件的資料!' (keys=stat; stat='很抱歉，沒有符合條件的資料!')
2007-11-14,,,,,,,,,,,,,,,,,,,data unavailable: TPEX margin/balance 20071114: stat='很抱歉，沒有符合條件的資料!' (keys=stat; stat='很抱歉，沒有符合條件的資料!')
2007-11-15,,,,,,,,,,,,,,,,,,,data unavailable: TPEX margin/balance 20071115: stat='很抱歉，沒有符合條件的資料!' (keys=stat; stat='很抱歉，沒有符合條件的資料!')
2007-11-16,,,,,,,,,,,,,,,,,,,data unavailable: TPEX margin/balance 20071116: stat='很抱歉，沒有符合條件的資料!' (keys=stat; stat='很抱歉，沒有符合條件的資料!')
2007-11-19,,,,,,,,,,,,,,,,,,,data unavailable: TPEX margin/balance 20071119: stat='很抱歉，沒有符合條件的資料!' (keys=stat; stat='很抱歉，沒有符合條件的資料!')
2007-11-20,,,,,,,,,,,,,,,,,,,data unavailable: TPEX margin/balance 20071120: stat='很抱歉，沒有符合條件的資料!' (keys=stat; stat='很抱歉，沒有符合條件的資料!')
2007-11-21,,,,,,,,,,,,,,,,,,,data unavailable: TPEX margin/balance 20071121: stat='很抱歉，沒有符合條件的資料!' (keys=stat; stat='很抱歉，沒有符合條件的資料!')
2007-11-22,,,,,,,,,,,,,,,,,,,data unavailable: TPEX margin/balance 20071122: stat='很抱歉，沒有符合條件的資料!' (keys=stat; stat='很抱歉，沒有符合條件的資料!')
2007-11-23,,,,,,,,,,,,,,,,,,,data unavailable: TPEX margin/balance 20071123: stat='很抱歉，沒有符合條件的資料!' (keys=stat; stat='很抱歉，沒有符合條件的資料!')
2007-11-26,,,,,,,,,,,,,,,,,,,data unavailable: TPEX margin/balance 20071126: stat='很抱歉，沒有符合條件的資料!' (keys=stat; stat='很抱歉，沒有符合條件的資料!')
2007-11-27,,,,,,,,,,,,,,,,,,,data unavailable: TPEX margin/balance 20071127: stat='很抱歉，沒有符合條件的資料!' (keys=stat; stat='很抱歉，沒有符合條件的資料!')
2007-11-28,,,,,,,,,,,,,,,,,,,data unavailable: TPEX margin/balance 20071128: stat='很抱歉，沒有符合條件的資料!' (keys=stat; stat='很抱歉，沒有符合條件的資料!')
2007-11-29,,,,,,,,,,,,,,,,,,,data unavailable: TPEX margin/balance 20071129: stat='很抱歉，沒有符合條件的資料!' (keys=stat; stat='很抱歉，沒有符合條件的資料!')
2007-11-30,,,,,,,,,,,,,,,,,,,data unavailable: TPEX margin/balance 20071130: stat='很抱歉，沒有符合條件的資料!' (keys=stat; stat='很抱歉，沒有符合條件的資料!')
2007-12-03,,,,,,,,,,,,,,,,,,,data unavailable: TPEX margin/balance 20071203: stat='很抱歉，沒有符合條件的資料!' (keys=stat; stat='很抱歉，沒有符合條件的資料!')
2007-12-04,,,,,,,,,,,,,,,,,,,data unavailable: TPEX margin/balance 20071204: stat='很抱歉，沒有符合條件的資料!' (keys=stat; stat='很抱歉，沒有符合條件的資料!')
2007-12-05,,,,,,,,,,,,,,,,,,,data unavailable: TPEX margin/balance 20071205: stat='很抱歉，沒有符合條件的資料!' (keys=stat; stat='很抱歉，沒有符合條件的資料!')
2007-12-06,,,,,,,,,,,,,,,,,,,data unavailable: TPEX margin/balance 20071206: stat='很抱歉，沒有符合條件的資料!' (keys=stat; stat='很抱歉，沒有符合條件的資料!')
2007-12-07,,,,,,,,,,,,,,,,,,,data unavailable: TPEX margin/balance 20071207: stat='很抱歉，沒有符合條件的資料!' (keys=stat; stat='很抱歉，沒有符合條件的資料!')
2007-12-10,,,,,,,,,,,,,,,,,,,data unavailable: TPEX margin/balance 20071210: stat='很抱歉，沒有符合條件的資料!' (keys=stat; stat='很抱歉，沒有符合條件的資料!')
2007-12-11,,,,,,,,,,,,,,,,,,,data unavailable: TPEX margin/balance 20071211: stat='很抱歉，沒有符合條件的資料!' (keys=stat; stat='很抱歉，沒有符合條件的資料!')
2007-12-12,,,,,,,,,,,,,,,,,,,data unavailable: TPEX margin/balance 20071212: stat='很抱歉，沒有符合條件的資料!' (keys=stat; stat='很抱歉，沒有符合條件的資料!')
2007-12-13,,,,,,,,,,,,,,,,,,,data unavailable: TPEX margin/balance 20071213: stat='很抱歉，沒有符合條件的資料!' (keys=stat; stat='很抱歉，沒有符合條件的資料!')
2007-12-14,,,,,,,,,,,,,,,,,,,data unavailable: TPEX margin/balance 20071214: stat='很抱歉，沒有符合條件的資料!' (keys=stat; stat='很抱歉，沒有符合條件的資料!')
2007-12-17,,,,,,,,,,,,,,,,,,,data unavailable: TPEX margin/balance 20071217: stat='很抱歉，沒有符合條件的資料!' (keys=stat; stat='很抱歉，沒有符合條件的資料!')
2007-12-18,,,,,,,,,,,,,,,,,,,data unavailable: TPEX margin/balance 20071218: stat='很抱歉，沒有符合條件的資料!' (keys=stat; stat='很抱歉，沒有符合條件的資料!')
2007-12-19,,,,,,,,,,,,,,,,,,,data unavailable: TPEX margin/balance 20071219: stat='很抱歉，沒有符合條件的資料!' (keys=stat; stat='很抱歉，沒有符合條件的資料!')
2007-12-20,,,,,,,,,,,,,,,,,,,data unavailable: TPEX margin/balance 20071220: stat='很抱歉，沒有符合條件的資料!' (keys=stat; stat='很抱歉，沒有符合條件的資料!')
2007-12-21,,,,,,,,,,,,,,,,,,,data unavailable: TPEX margin/balance 20071221: stat='很抱歉，沒有符合條件的資料!' (keys=stat; stat='很抱歉，沒有符合條件的資料!')
2007-12-24,,,,,,,,,,,,,,,,,,,data unavailable: TPEX margin/balance 20071224: stat='很抱歉，沒有符合條件的資料!' (keys=stat; stat='很抱歉，沒有符合條件的資料!')
2007-12-25,,,,,,,,,,,,,,,,,,,data unavailable: TPEX margin/balance 20071225: stat='很抱歉，沒有符合條件的資料!' (keys=stat; stat='很抱歉，沒有符合條件的資料!')
2007-12-26,,,,,,,,,,,,,,,,,,,data unavailable: TPEX margin/balance 20071226: stat='很抱歉，沒有符合條件的資料!' (keys=stat; stat='很抱歉，沒有符合條件的資料!')
2007-12-27,,,,,,,,,,,,,,,,,,,data unavailable: TPEX margin/balance 20071227: stat='很抱歉，沒有符合條件的資料!' (keys=stat; stat='很抱歉，沒有符合條件的資料!')
2007-12-28,,,,,,,,,,,,,,,,,,,data unavailable: TPEX margin/balance 20071228: stat='很抱歉，沒有符合條件的資料!' (keys=stat; stat='很抱歉，沒有符合條件的資料!')
2007-12-31,,,,,,,,,,,,,,,,,,,data unavailable: TPEX margin/balance 20071231: stat='很抱歉，沒有符合條件的資料!' (keys=stat; stat='很抱歉，沒有符合條件的資料!')
2008-01-01,,,,,,,,,,,,,,,,,,,data unavailable: TWSE MI_MARGN total 20080101: missing tables (keys=stat; stat='很抱歉，沒有符合條件的資料')
2008-01-02,,,,,,,,,,,,,,,,,,,data unavailable: TPEX margin/balance 20080102: stat='很抱歉，沒有符合條件的資料!' (keys=stat; stat='很抱歉，沒有符合條件的資料!')
2008-01-03,,,,,,,,,,,,,,,,,,,data unavailable: TPEX margin/balance 20080103: stat='很抱歉，沒有符合條件的資料!' (keys=stat; stat='很抱歉，沒有符合條件的資料!')
2008-01-04,,,,,,,,,,,,,,,,,,,data unavailable: TPEX margin/balance 20080104: stat='很抱歉，沒有符合條件的資料!' (keys=stat; stat='很抱歉，沒有符合條件的資料!')
2008-01-07,,,,,,,,,,,,,,,,,,,data unavailable: TPEX margin/balance 20080107: stat='很抱歉，沒有符合條件的資料!' (keys=stat; stat='很抱歉，沒有符合條件的資料!')
2008-01-08,,,,,,,,,,,,,,,,,,,data unavailable: TPEX margin/balance 20080108: stat='很抱歉，沒有符合條件的資料!' (keys=stat; stat='很抱歉，沒有符合條件的資料!')
2008-01-09,,,,,,,,,,,,,,,,,,,data unavailable: TPEX margin/balance 20080109: stat='很抱歉，沒有符合條件的資料!' (keys=stat; stat='很抱歉，沒有符合條件的資料!')
2008-01-10,,,,,,,,,,,,,,,,,,,data unavailable: TPEX margin/balance 20080110: stat='很抱歉，沒有符合條件的資料!' (keys=stat; stat='很抱歉，沒有符合條件的資料!')
2008-01-11,,,,,,,,,,,,,,,,,,,data unavailable: TPEX margin/balance 20080111: stat='很抱歉，沒有符合條件的資料!' (keys=stat; stat='很抱歉，沒有符合條件的資料!')
2008-01-14,,,,,,,,,,,,,,,,,,,data unavailable: TPEX margin/balance 20080114: stat='很抱歉，沒有符合條件的資料!' (keys=stat; stat='很抱歉，沒有符合條件的資料!')
2008-01-15,,,,,,,,,,,,,,,,,,,data unavailable: TPEX margin/balance 20080115: stat='很抱歉，沒有符合條件的資料!' (keys=stat; stat='很抱歉，沒有符合條件的資料!')
2008-01-16,,,,,,,,,,,,,,,,,,,data unavailable: TPEX margin/balance 20080116: stat='很抱歉，沒有符合條件的資料!' (keys=stat; stat='很抱歉，沒有符合條件的資料!')
2008-01-17,,,,,,,,,,,,,,,,,,,data unavailable: TPEX margin/balance 20080117: stat='很抱歉，沒有符合條件的資料!' (keys=stat; stat='很抱歉，沒有符合條件的資料!')
2008-01-18,,,,,,,,,,,,,,,,,,,data unavailable: TPEX margin/balance 20080118: stat='很抱歉，沒有符合條件的資料!' (keys=stat; stat='很抱歉，沒有符合條件的資料!')
2008-01-21,,,,,,,,,,,,,,,,,,,data unavailable: TPEX margin/balance 20080121: stat='很抱歉，沒有符合條件的資料!' (keys=stat; stat='很抱歉，沒有符合條件的資料!')
2008-01-22,,,,,,,,,,,,,,,,,,,data unavailable: TPEX margin/balance 20080122: stat='很抱歉，沒有符合條件的資料!' (keys=stat; stat='很抱歉，沒有符合條件的資料!')
2008-01-23,,,,,,,,,,,,,,,,,,,data unavailable: TPEX margin/balance 20080123: stat='很抱歉，沒有符合條件的資料!' (keys=stat; stat='很抱歉，沒有符合條件的資料!')
2008-01-24,,,,,,,,,,,,,,,,,,,data unavailable: TPEX margin/balance 20080124: stat='很抱歉，沒有符合條件的資料!' (keys=stat; stat='很抱歉，沒有符合條件的資料!')
2008-01-25,,,,,,,,,,,,,,,,,,,data unavailable: TPEX margin/balance 20080125: stat='很抱歉，沒有符合條件的資料!' (keys=stat; stat='很抱歉，沒有符合條件的資料!')
2008-01-28,,,,,,,,,,,,,,,,,,,data unavailable: TPEX margin/balance 20080128: stat='很抱歉，沒有符合條件的資料!' (keys=stat; stat='很抱歉，沒有符合條件的資料!')
2008-01-29,,,,,,,,,,,,,,,,,,,data unavailable: TPEX margin/balance 20080129: stat='很抱歉，沒有符合條件的資料!' (keys=stat; stat='很抱歉，沒有符合條件的資料!')
2008-01-30,,,,,,,,,,,,,,,,,,,data unavailable: TPEX margin/balance 20080130: stat='很抱歉，沒有符合條件的資料!' (keys=stat; stat='很抱歉，沒有符合條件的資料!')
2008-01-31,,,,,,,,,,,,,,,,,,,data unavailable: TPEX margin/balance 20080131: stat='很抱歉，沒有符合條件的資料!' (keys=stat; stat='很抱歉，沒有符合條件的資料!')
2008-02-01,,,,,,,,,,,,,,,,,,,data unavailable: TPEX margin/balance 20080201: stat='很抱歉，沒有符合條件的資料!' (keys=stat; stat='很抱歉，沒有符合條件的資料!')
2008-02-04,,,,,,,,,,,,,,,,,,,data unavailable: TWSE MI_MARGN total 20080204: missing tables (keys=stat; stat='很抱歉，沒有符合條件的資料')
2008-02-05,,,,,,,,,,,,,,,,,,,data unavailable: TWSE MI_MARGN total 20080205: missing tables (keys=stat; stat='很抱歉，沒有符合條件的資料')
2008-02-06,,,,,,,,,,,,,,,,,,,data unavailable: TWSE MI_MARGN total 20080206: missing tables (keys=stat; stat='很抱歉，沒有符合條件的資料')
2008-02-07,,,,,,,,,,,,,,,,,,,data unavailable: TWSE MI_MARGN total 20080207: missing tables (keys=stat; stat='很抱歉，沒有符合條件的資料')
2008-02-08,,,,,,,,,,,,,,,,,,,data unavailable: TWSE MI_MARGN total 20080208: missing tables (keys=stat; stat='很抱歉，沒有符合條件的資料')
2008-02-11,,,,,,,,,,,,,,,,,,,data unavailable: TWSE MI_MARGN total 20080211: missing tables (keys=stat; stat='很抱歉，沒有符合條件的資料')
2008-02-12,,,,,,,,,,,,,,,,,,,data unavailable: TPEX margin/balance 20080212: stat='很抱歉，沒有符合條件的資料!' (keys=stat; stat='很抱歉，沒有符合條件的資料!')
2008-02-13,,,,,,,,,,,,,,,,,,,data unavailable: TPEX margin/balance 20080213: stat='很抱歉，沒有符合條件的資料!' (keys=stat; stat='很抱歉，沒有符合條件的資料!')
2008-02-14,,,,,,,,,,,,,,,,,,,data unavailable: TPEX margin/balance 20080214: stat='很抱歉，沒有符合條件的資料!' (keys=stat; stat='很抱歉，沒有符合條件的資料!')
2008-02-15,,,,,,,,,,,,,,,,,,,data unavailable: TPEX margin/balance 20080215: stat='很抱歉，沒有符合條件的資料!' (keys=stat; stat='很抱歉，沒有符合條件的資料!')
2008-02-18,,,,,,,,,,,,,,,,,,,data unavailable: TPEX margin/balance 20080218: stat='很抱歉，沒有符合條件的資料!' (keys=stat; stat='很抱歉，沒有符合條件的資料!')
2008-02-19,,,,,,,,,,,,,,,,,,,data unavailable: TPEX margin/balance 20080219: stat='很抱歉，沒有符合條件的資料!' (keys=stat; stat='很抱歉，沒有符合條件的資料!')
2008-02-20,,,,,,,,,,,,,,,,,,,data unavailable: TPEX margin/balance 20080220: stat='很抱歉，沒有符合條件的資料!' (keys=stat; stat='很抱歉，沒有符合條件的資料!')
2008-02-21,,,,,,,,,,,,,,,,,,,data unavailable: TPEX margin/balance 20080221: stat='很抱歉，沒有符合條件的資料!' (keys=stat; stat='很抱歉，沒有符合條件的資料!')
2008-02-22,,,,,,,,,,,,,,,,,,,data unavailable: TPEX margin/balance 20080222: stat='很抱歉，沒有符合條件的資料!' (keys=stat; stat='很抱歉，沒有符合條件的資料!')
2008-02-25,,,,,,,,,,,,,,,,,,,data unavailable: TPEX margin/balance 20080225: stat='很抱歉，沒有符合條件的資料!' (keys=stat; stat='很抱歉，沒有符合條件的資料!')
2008-02-26,,,,,,,,,,,,,,,,,,,data unavailable: TPEX margin/balance 20080226: stat='很抱歉，沒有符合條件的資料!' (keys=stat; stat='很抱歉，沒有符合條件的資料!')
2008-02-27,,,,,,,,,,,,,,,,,,,data unavailable: TPEX margin/balance 20080227: stat='很抱歉，沒有符合條件的資料!' (keys=stat; stat='很抱歉，沒有符合條件的資料!')
2008-02-28,,,,,,,,,,,,,,,,,,,data unavailable: TWSE MI_MARGN total 20080228: missing tables (keys=stat; stat='很抱歉，沒有符合條件的資料')
2008-02-29,,,,,,,,,,,,,,,,,,,data unavailable: TPEX margin/balance 20080229: stat='很抱歉，沒有符合條件的資料!' (keys=stat; stat='很抱歉，沒有符合條件的資料!')
2008-03-03,,,,,,,,,,,,,,,,,,,data unavailable: TPEX margin/balance 20080303: stat='很抱歉，沒有符合條件的資料!' (keys=stat; stat='很抱歉，沒有符合條件的資料!')
2008-03-04,,,,,,,,,,,,,,,,,,,data unavailable: TPEX margin/balance 20080304: stat='很抱歉，沒有符合條件的資料!' (keys=stat; stat='很抱歉，沒有符合條件的資料!')
2008-03-05,,,,,,,,,,,,,,,,,,,data unavailable: TPEX margin/balance 20080305: stat='很抱歉，沒有符合條件的資料!' (keys=stat; stat='很抱歉，沒有符合條件的資料!')
2008-03-06,,,,,,,,,,,,,,,,,,,data unavailable: TPEX margin/balance 20080306: stat='很抱歉，沒有符合條件的資料!' (keys=stat; stat='很抱歉，沒有符合條件的資料!')
2008-03-07,,,,,,,,,,,,,,,,,,,data unavailable: TPEX margin/balance 20080307: stat='很抱歉，沒有符合條件的資料!' (keys=stat; stat='很抱歉，沒有符合條件的資料!')
2008-03-10,,,,,,,,,,,,,,,,,,,data unavailable: TPEX margin/balance 20080310: stat='很抱歉，沒有符合條件的資料!' (keys=stat; stat='很抱歉，沒有符合條件的資料!')
2008-03-11,,,,,,,,,,,,,,,,,,,data unavailable: TPEX margin/balance 20080311: stat='很抱歉，沒有符合條件的資料!' (keys=stat; stat='很抱歉，沒有符合條件的資料!')
2008-03-12,,,,,,,,,,,,,,,,,,,data unavailable: TPEX margin/balance 20080312: stat='很抱歉，沒有符合條件的資料!' (keys=stat; stat='很抱歉，沒有符合條件的資料!')
2008-03-13,,,,,,,,,,,,,,,,,,,data unavailable: TPEX margin/balance 20080313: stat='很抱歉，沒有符合條件的資料!' (keys=stat; stat='很抱歉，沒有符合條件的資料!')
2008-03-14,,,,,,,,,,,,,,,,,,,data unavailable: TPEX margin/balance 20080314: stat='很抱歉，沒有符合條件的資料!' (keys=stat; stat='很抱歉，沒有符合條件的資料!')
2008-03-17,,,,,,,,,,,,,,,,,,,data unavailable: TPEX margin/balance 20080317: stat='很抱歉，沒有符合條件的資料!' (keys=stat; stat='很抱歉，沒有符合條件的資料!')
2008-03-18,,,,,,,,,,,,,,,,,,,data unavailable: TPEX margin/balance 20080318: stat='很抱歉，沒有符合條件的資料!' (keys=stat; stat='很抱歉，沒有符合條件的資料!')
2008-03-19,,,,,,,,,,,,,,,,,,,data unavailable: TPEX margin/balance 20080319: stat='很抱歉，沒有符合條件的資料!' (keys=stat; stat='很抱歉，沒有符合條件的資料!')
2008-03-20,,,,,,,,,,,,,,,,,,,data unavailable: TPEX margin/balance 20080320: stat='很抱歉，沒有符合條件的資料!' (keys=stat; stat='很抱歉，沒有符合條件的資料!')
2008-03-21,,,,,,,,,,,,,,,,,,,data unavailable: TPEX margin/balance 20080321: stat='很抱歉，沒有符合條件的資料!' (keys=stat; stat='很抱歉，沒有符合條件的資料!')
2008-03-24,,,,,,,,,,,,,,,,,,,data unavailable: TPEX margin/balance 20080324: stat='很抱歉，沒有符合條件的資料!' (keys=stat; stat='很抱歉，沒有符合條件的資料!')
2008-03-25,,,,,,,,,,,,,,,,,,,data unavailable: TPEX margin/balance 20080325: stat='很抱歉，沒有符合條件的資料!' (keys=stat; stat='很抱歉，沒有符合條件的資料!')
2008-03-26,,,,,,,,,,,,,,,,,,,data unavailable: TPEX margin/balance 20080326: stat='很抱歉，沒有符合條件的資料!' (keys=stat; stat='很抱歉，沒有符合條件的資料!')
2008-03-27,,,,,,,,,,,,,,,,,,,data unavailable: TPEX margin/balance 20080327: stat='很抱歉，沒有符合條件的資料!' (keys=stat; stat='很抱歉，沒有符合條件的資料!')
2008-03-28,,,,,,,,,,,,,,,,,,,data unavailable: TPEX margin/balance 20080328: stat='很抱歉，沒有符合條件的資料!' (keys=stat; stat='很抱歉，沒有符合條件的資料!')
2008-03-31,,,,,,,,,,,,,,,,,,,data unavailable: TPEX margin/balance 20080331: stat='很抱歉，沒有符合條件的資料!' (keys=stat; stat='很抱歉，沒有符合條件的資料!')
2008-04-01,,,,,,,,,,,,,,,,,,,data unavailable: TPEX margin/balance 20080401: stat='很抱歉，沒有符合條件的資料!' (keys=stat; stat='很抱歉，沒有符合條件的資料!')
2008-04-02,,,,,,,,,,,,,,,,,,,data unavailable: TPEX margin/balance 20080402: stat='很抱歉，沒有符合條件的資料!' (keys=stat; stat='很抱歉，沒有符合條件的資料!')
2008-04-03,,,,,,,,,,,,,,,,,,,data unavailable: TPEX margin/balance 20080403: stat='很抱歉，沒有符合條件的資料!' (keys=stat; stat='很抱歉，沒有符合條件的資料!')
2008-04-04,,,,,,,,,,,,,,,,,,,data unavailable: TWSE MI_MARGN total 20080404: missing tables (keys=stat; stat='很抱歉，沒有符合條件的資料')
2008-04-07,,,,,,,,,,,,,,,,,,,data unavailable: TPEX margin/balance 20080407: stat='很抱歉，沒有符合條件的資料!' (keys=stat; stat='很抱歉，沒有符合條件的資料!')
2008-04-08,,,,,,,,,,,,,,,,,,,data unavailable: TPEX margin/balance 20080408: stat='很抱歉，沒有符合條件的資料!' (keys=stat; stat='很抱歉，沒有符合條件的資料!')
2008-04-09,,,,,,,,,,,,,,,,,,,data unavailable: TPEX margin/balance 20080409: stat='很抱歉，沒有符合條件的資料!' (keys=stat; stat='很抱歉，沒有符合條件的資料!')
2008-04-10,,,,,,,,,,,,,,,,,,,data unavailable: TPEX margin/balance 20080410: stat='很抱歉，沒有符合條件的資料!' (keys=stat; stat='很抱歉，沒有符合條件的資料!')
2008-04-11,,,,,,,,,,,,,,,,,,,data unavailable: TPEX margin/balance 20080411: stat='很抱歉，沒有符合條件的資料!' (keys=stat; stat='很抱歉，沒有符合條件的資料!')
2008-04-14,,,,,,,,,,,,,,,,,,,data unavailable: TPEX margin/balance 20080414: stat='很抱歉，沒有符合條件的資料!' (keys=stat; stat='很抱歉，沒有符合條件的資料!')
2008-04-15,,,,,,,,,,,,,,,,,,,data unavailable: TPEX margin/balance 20080415: stat='很抱歉，沒有符合條件的資料!' (keys=stat; stat='很抱歉，沒有符合條件的資料!')
2008-04-16,,,,,,,,,,,,,,,,,,,data unavailable: TPEX margin/balance 20080416: stat='很抱歉，沒有符合條件的資料!' (keys=stat; stat='很抱歉，沒有符合條件的資料!')
2008-04-17,,,,,,,,,,,,,,,,,,,data unavailable: TPEX margin/balance 20080417: stat='很抱歉，沒有符合條件的資料!' (keys=stat; stat='很抱歉，沒有符合條件的資料!')
2008-04-18,,,,,,,,,,,,,,,,,,,data unavailable: TPEX margin/balance 20080418: stat='很抱歉，沒有符合條件的資料!' (keys=stat; stat='很抱歉，沒有符合條件的資料!')
2008-04-21,,,,,,,,,,,,,,,,,,,data unavailable: TPEX margin/balance 20080421: stat='很抱歉，沒有符合條件的資料!' (keys=stat; stat='很抱歉，沒有符合條件的資料!')
2008-04-22,,,,,,,,,,,,,,,,,,,data unavailable: TPEX margin/balance 20080422: stat='很抱歉，沒有符合條件的資料!' (keys=stat; stat='很抱歉，沒有符合條件的資料!')
2008-04-23,,,,,,,,,,,,,,,,,,,data unavailable: TPEX margin/balance 20080423: stat='很抱歉，沒有符合條件的資料!' (keys=stat; stat='很抱歉，沒有符合條件的資料!')
2008-04-24,,,,,,,,,,,,,,,,,,,data unavailable: TPEX margin/balance 20080424: stat='很抱歉，沒有符合條件的資料!' (keys=stat; stat='很抱歉，沒有符合條件的資料!')
2008-04-25,,,,,,,,,,,,,,,,,,,data unavailable: TPEX margin/balance 20080425: stat='很抱歉，沒有符合條件的資料!' (keys=stat; stat='很抱歉，沒有符合條件的資料!')
2008-04-28,,,,,,,,,,,,,,,,,,,data unavailable: TPEX margin/balance 20080428: stat='很抱歉，沒有符合條件的資料!' (keys=stat; stat='很抱歉，沒有符合條件的資料!')
2008-04-29,,,,,,,,,,,,,,,,,,,data unavailable: TPEX margin/balance 20080429: stat='很抱歉，沒有符合條件的資料!' (keys=stat; stat='很抱歉，沒有符合條件的資料!')
2008-04-30,,,,,,,,,,,,,,,,,,,data unavailable: TPEX margin/balance 20080430: stat='很抱歉，沒有符合條件的資料!' (keys=stat; stat='很抱歉，沒有符合條件的資料!')
2008-05-01,,,,,,,,,,,,,,,,,,,data unavailable: TWSE MI_MARGN total 20080501: missing tables (keys=stat; stat='很抱歉，沒有符合條件的資料')
2008-05-02,,,,,,,,,,,,,,,,,,,data unavailable: TPEX margin/balance 20080502: stat='很抱歉，沒有符合條件的資料!' (keys=stat; stat='很抱歉，沒有符合條件的資料!')
2008-05-05,,,,,,,,,,,,,,,,,,,data unavailable: TPEX margin/balance 20080505: stat='很抱歉，沒有符合條件的資料!' (keys=stat; stat='很抱歉，沒有符合條件的資料!')
2008-05-06,,,,,,,,,,,,,,,,,,,data unavailable: TPEX margin/balance 20080506: stat='很抱歉，沒有符合條件的資料!' (keys=stat; stat='很抱歉，沒有符合條件的資料!')
2008-05-07,,,,,,,,,,,,,,,,,,,data unavailable: TPEX margin/balance 20080507: stat='很抱歉，沒有符合條件的資料!' (keys=stat; stat='很抱歉，沒有符合條件的資料!')
2008-05-08,,,,,,,,,,,,,,,,,,,data unavailable: TPEX margin/balance 20080508: stat='很抱歉，沒有符合條件的資料!' (keys=stat; stat='很抱歉，沒有符合條件的資料!')
2008-05-09,,,,,,,,,,,,,,,,,,,data unavailable: TPEX margin/balance 20080509: stat='很抱歉，沒有符合條件的資料!' (keys=stat; stat='很抱歉，沒有符合條件的資料!')
2008-05-12,,,,,,,,,,,,,,,,,,,data unavailable: TPEX margin/balance 20080512: stat='很抱歉，沒有符合條件的資料!' (keys=stat; stat='很抱歉，沒有符合條件的資料!')
2008-05-13,,,,,,,,,,,,,,,,,,,data unavailable: TPEX margin/balance 20080513: stat='很抱歉，沒有符合條件的資料!' (keys=stat; stat='很抱歉，沒有符合條件的資料!')
2008-05-14,,,,,,,,,,,,,,,,,,,data unavailable: TPEX margin/balance 20080514: stat='很抱歉，沒有符合條件的資料!' (keys=stat; stat='很抱歉，沒有符合條件的資料!')
2008-05-15,,,,,,,,,,,,,,,,,,,data unavailable: TPEX margin/balance 20080515: stat='很抱歉，沒有符合條件的資料!' (keys=stat; stat='很抱歉，沒有符合條件的資料!')
2008-05-16,,,,,,,,,,,,,,,,,,,data unavailable: TPEX margin/balance 20080516: stat='很抱歉，沒有符合條件的資料!' (keys=stat; stat='很抱歉，沒有符合條件的資料!')
2008-05-19,,,,,,,,,,,,,,,,,,,data unavailable: TPEX margin/balance 20080519: stat='很抱歉，沒有符合條件的資料!' (keys=stat; stat='很抱歉，沒有符合條件的資料!')
2008-05-20,,,,,,,,,,,,,,,,,,,data unavailable: TPEX margin/balance 20080520: stat='很抱歉，沒有符合條件的資料!' (keys=stat; stat='很抱歉，沒有符合條件的資料!')
2008-05-21,,,,,,,,,,,,,,,,,,,data unavailable: TPEX margin/balance 20080521: stat='很抱歉，沒有符合條件的資料!' (keys=stat; stat='很抱歉，沒有符合條件的資料!')
2008-05-22,,,,,,,,,,,,,,,,,,,data unavailable: TPEX margin/balance 20080522: stat='很抱歉，沒有符合條件的資料!' (keys=stat; stat='很抱歉，沒有符合條件的資料!')
2008-05-23,,,,,,,,,,,,,,,,,,,data unavailable: TPEX margin/balance 20080523: stat='很抱歉，沒有符合條件的資料!' (keys=stat; stat='很抱歉，沒有符合條件的資料!')
2008-05-26,,,,,,,,,,,,,,,,,,,data unavailable: TPEX margin/balance 20080526: stat='很抱歉，沒有符合條件的資料!' (keys=stat; stat='很抱歉，沒有符合條件的資料!')
2008-05-27,,,,,,,,,,,,,,,,,,,data unavailable: TPEX margin/balance 20080527: stat='很抱歉，沒有符合條件的資料!' (keys=stat; stat='很抱歉，沒有符合條件的資料!')
2008-05-28,,,,,,,,,,,,,,,,,,,data unavailable: TPEX margin/balance 20080528: stat='很抱歉，沒有符合條件的資料!' (keys=stat; stat='很抱歉，沒有符合條件的資料!')
2008-05-29,,,,,,,,,,,,,,,,,,,data unavailable: TPEX margin/balance 20080529: stat='很抱歉，沒有符合條件的資料!' (keys=stat; stat='很抱歉，沒有符合條件的資料!')
2008-05-30,,,,,,,,,,,,,,,,,,,data unavailable: TPEX margin/balance 20080530: stat='很抱歉，沒有符合條件的資料!' (keys=stat; stat='很抱歉，沒有符合條件的資料!')
2008-06-02,,,,,,,,,,,,,,,,,,,data unavailable: TPEX margin/balance 20080602: stat='很抱歉，沒有符合條件的資料!' (keys=stat; stat='很抱歉，沒有符合條件的資料!')
2008-06-03,,,,,,,,,,,,,,,,,,,data unavailable: TPEX margin/balance 20080603: stat='很抱歉，沒有符合條件的資料!' (keys=stat; stat='很抱歉，沒有符合條件的資料!')
2008-06-04,,,,,,,,,,,,,,,,,,,data unavailable: TPEX margin/balance 20080604: stat='很抱歉，沒有符合條件的資料!' (keys=stat; stat='很抱歉，沒有符合條件的資料!')
2008-06-05,,,,,,,,,,,,,,,,,,,data unavailable: TPEX margin/balance 20080605: stat='很抱歉，沒有符合條件的資料!' (keys=stat; stat='很抱歉，沒有符合條件的資料!')
2008-06-06,,,,,,,,,,,,,,,,,,,data unavailable: TPEX margin/balance 20080606: stat='很抱歉，沒有符合條件的資料!' (keys=stat; stat='很抱歉，沒有符合條件的資料!')
2008-06-09,,,,,,,,,,,,,,,,,,,data unavailable: TPEX margin/balance 20080609: stat='很抱歉，沒有符合條件的資料!' (keys=stat; stat='很抱歉，沒有符合條件的資料!')
2008-06-10,,,,,,,,,,,,,,,,,,,data unavailable: TPEX margin/balance 20080610: stat='很抱歉，沒有符合條件的資料!' (keys=stat; stat='很抱歉，沒有符合條件的資料!')
2008-06-11,,,,,,,,,,,,,,,,,,,data unavailable: TPEX margin/balance 20080611: stat='很抱歉，沒有符合條件的資料!' (keys=stat; stat='很抱歉，沒有符合條件的資料!')
2008-06-12,,,,,,,,,,,,,,,,,,,data unavailable: TPEX margin/balance 20080612: stat='很抱歉，沒有符合條件的資料!' (keys=stat; stat='很抱歉，沒有符合條件的資料!')
2008-06-13,,,,,,,,,,,,,,,,,,,data unavailable: TPEX margin/balance 20080613: stat='很抱歉，沒有符合條件的資料!' (keys=stat; stat='很抱歉，沒有符合條件的資料!')
2008-06-16,,,,,,,,,,,,,,,,,,,data unavailable: TPEX margin/balance 20080616: stat='很抱歉，沒有符合條件的資料!' (keys=stat; stat='很抱歉，沒有符合條件的資料!')
2008-06-17,,,,,,,,,,,,,,,,,,,data unavailable: TPEX margin/balance 20080617: stat='很抱歉，沒有符合條件的資料!' (keys=stat; stat='很抱歉，沒有符合條件的資料!')
2008-06-18,,,,,,,,,,,,,,,,,,,data unavailable: TPEX margin/balance 20080618: stat='很抱歉，沒有符合條件的資料!' (keys=stat; stat='很抱歉，沒有符合條件的資料!')
2008-06-19,,,,,,,,,,,,,,,,,,,data unavailable: TPEX margin/balance 20080619: stat='很抱歉，沒有符合條件的資料!' (keys=stat; stat='很抱歉，沒有符合條件的資料!')
2008-06-20,,,,,,,,,,,,,,,,,,,data unavailable: TPEX margin/balance 20080620: stat='很抱歉，沒有符合條件的資料!' (keys=stat; stat='很抱歉，沒有符合條件的資料!')
2008-06-23,,,,,,,,,,,,,,,,,,,data unavailable: TPEX margin/balance 20080623: stat='很抱歉，沒有符合條件的資料!' (keys=stat; stat='很抱歉，沒有符合條件的資料!')
2008-06-24,,,,,,,,,,,,,,,,,,,data unavailable: TPEX margin/balance 20080624: stat='很抱歉，沒有符合條件的資料!' (keys=stat; stat='很抱歉，沒有符合條件的資料!')
2008-06-25,,,,,,,,,,,,,,,,,,,data unavailable: TPEX margin/balance 20080625: stat='很抱歉，沒有符合條件的資料!' (keys=stat; stat='很抱歉，沒有符合條件的資料!')
2008-06-26,,,,,,,,,,,,,,,,,,,data unavailable: TPEX margin/balance 20080626: stat='很抱歉，沒有符合條件的資料!' (keys=stat; stat='很抱歉，沒有符合條件的資料!')
2008-06-27,,,,,,,,,,,,,,,,,,,data unavailable: TPEX margin/balance 20080627: stat='很抱歉，沒有符合條件的資料!' (keys=stat; stat='很抱歉，沒有符合條件的資料!')
2008-06-30,,,,,,,,,,,,,,,,,,,data unavailable: TPEX margin/balance 20080630: stat='很抱歉，沒有符合條件的資料!' (keys=stat; stat='很抱歉，沒有符合條件的資料!')
2008-07-01,,,,,,,,,,,,,,,,,,,data unavailable: TPEX margin/balance 20080701: stat='很抱歉，沒有符合條件的資料!' (keys=stat; stat='很抱歉，沒有符合條件的資料!')
2008-07-02,,,,,,,,,,,,,,,,,,,data unavailable: TPEX margin/balance 20080702: stat='很抱歉，沒有符合條件的資料!' (keys=stat; stat='很抱歉，沒有符合條件的資料!')
2008-07-03,,,,,,,,,,,,,,,,,,,data unavailable: TPEX margin/balance 20080703: stat='很抱歉，沒有符合條件的資料!' (keys=stat; stat='很抱歉，沒有符合條件的資料!')
2008-07-04,,,,,,,,,,,,,,,,,,,data unavailable: TPEX margin/balance 20080704: stat='很抱歉，沒有符合條件的資料!' (keys=stat; stat='很抱歉，沒有符合條件的資料!')
2008-07-07,,,,,,,,,,,,,,,,,,,data unavailable: TPEX margin/balance 20080707: stat='很抱歉，沒有符合條件的資料!' (keys=stat; stat='很抱歉，沒有符合條件的資料!')
2008-07-08,,,,,,,,,,,,,,,,,,,data unavailable: TPEX margin/balance 20080708: stat='很抱歉，沒有符合條件的資料!' (keys=stat; stat='很抱歉，沒有符合條件的資料!')
2008-07-09,,,,,,,,,,,,,,,,,,,data unavailable: TPEX margin/balance 20080709: stat='很抱歉，沒有符合條件的資料!' (keys=stat; stat='很抱歉，沒有符合條件的資料!')
2008-07-10,,,,,,,,,,,,,,,,,,,data unavailable: TPEX margin/balance 20080710: stat='很抱歉，沒有符合條件的資料!' (keys=stat; stat='很抱歉，沒有符合條件的資料!')
2008-07-11,,,,,,,,,,,,,,,,,,,data unavailable: TPEX margin/balance 20080711: stat='很抱歉，沒有符合條件的資料!' (keys=stat; stat='很抱歉，沒有符合條件的資料!')
2008-07-14,,,,,,,,,,,,,,,,,,,data unavailable: TPEX margin/balance 20080714: stat='很抱歉，沒有符合條件的資料!' (keys=stat; stat='很抱歉，沒有符合條件的資料!')
2008-07-15,,,,,,,,,,,,,,,,,,,data unavailable: TPEX margin/balance 20080715: stat='很抱歉，沒有符合條件的資料!' (keys=stat; stat='很抱歉，沒有符合條件的資料!')
2008-07-16,,,,,,,,,,,,,,,,,,,data unavailable: TPEX margin/balance 20080716: stat='很抱歉，沒有符合條件的資料!' (keys=stat; stat='很抱歉，沒有符合條件的資料!')
2008-07-17,,,,,,,,,,,,,,,,,,,data unavailable: TPEX margin/balance 20080717: stat='很抱歉，沒有符合條件的資料!' (keys=stat; stat='很抱歉，沒有符合條件的資料!')
2008-07-18,,,,,,,,,,,,,,,,,,,data unavailable: TPEX margin/balance 20080718: stat='很抱歉，沒有符合條件的資料!' (keys=stat; stat='很抱歉，沒有符合條件的資料!')
2008-07-21,,,,,,,,,,,,,,,,,,,data unavailable: TPEX margin/balance 20080721: stat='很抱歉，沒有符合條件的資料!' (keys=stat; stat='很抱歉，沒有符合條件的資料!')
2008-07-22,,,,,,,,,,,,,,,,,,,data unavailable: TPEX margin/balance 20080722: stat='很抱歉，沒有符合條件的資料!' (keys=stat; stat='很抱歉，沒有符合條件的資料!')
2008-07-23,,,,,,,,,,,,,,,,,,,data unavailable: TPEX margin/balance 20080723: stat='很抱歉，沒有符合條件的資料!' (keys=stat; stat='很抱歉，沒有符合條件的資料!')
2008-07-24,,,,,,,,,,,,,,,,,,,data unavailable: TPEX margin/balance 20080724: stat='很抱歉，沒有符合條件的資料!' (keys=stat; stat='很抱歉，沒有符合條件的資料!')
2008-07-25,,,,,,,,,,,,,,,,,,,data unavailable: TPEX margin/balance 20080725: stat='很抱歉，沒有符合條件的資料!' (keys=stat; stat='很抱歉，沒有符合條件的資料!')
2008-07-28,,,,,,,,,,,,,,,,,,,data unavailable: TWSE MI_MARGN total 20080728: missing tables (keys=stat; stat='很抱歉，沒有符合條件的資料')
2008-07-29,,,,,,,,,,,,,,,,,,,data unavailable: TPEX margin/balance 20080729: stat='很抱歉，沒有符合條件的資料!' (keys=stat; stat='很抱歉，沒有符合條件的資料!')
2008-07-30,,,,,,,,,,,,,,,,,,,data unavailable: TPEX margin/balance 20080730: stat='很抱歉，沒有符合條件的資料!' (keys=stat; stat='很抱歉，沒有符合條件的資料!')
2008-07-31,,,,,,,,,,,,,,,,,,,data unavailable: TPEX margin/balance 20080731: stat='很抱歉，沒有符合條件的資料!' (keys=stat; stat='很抱歉，沒有符合條件的資料!')
2008-08-01,,,,,,,,,,,,,,,,,,,data unavailable: TPEX margin/balance 20080801: stat='很抱歉，沒有符合條件的資料!' (keys=stat; stat='很抱歉，沒有符合條件的資料!')
2008-08-04,,,,,,,,,,,,,,,,,,,data unavailable: TPEX margin/balance 20080804: stat='很抱歉，沒有符合條件的資料!' (keys=stat; stat='很抱歉，沒有符合條件的資料!')
2008-08-05,,,,,,,,,,,,,,,,,,,data unavailable: TPEX margin/balance 20080805: stat='很抱歉，沒有符合條件的資料!' (keys=stat; stat='很抱歉，沒有符合條件的資料!')
2008-08-06,,,,,,,,,,,,,,,,,,,data unavailable: TPEX margin/balance 20080806: stat='很抱歉，沒有符合條件的資料!' (keys=stat; stat='很抱歉，沒有符合條件的資料!')
2008-08-07,,,,,,,,,,,,,,,,,,,data unavailable: TPEX margin/balance 20080807: stat='很抱歉，沒有符合條件的資料!' (keys=stat; stat='很抱歉，沒有符合條件的資料!')
2008-08-08,,,,,,,,,,,,,,,,,,,data unavailable: TPEX margin/balance 20080808: stat='很抱歉，沒有符合條件的資料!' (keys=stat; stat='很抱歉，沒有符合條件的資料!')
2008-08-11,,,,,,,,,,,,,,,,,,,data unavailable: TPEX margin/balance 20080811: stat='很抱歉，沒有符合條件的資料!' (keys=stat; stat='很抱歉，沒有符合條件的資料!')
2008-08-12,,,,,,,,,,,,,,,,,,,data unavailable: TPEX margin/balance 20080812: stat='很抱歉，沒有符合條件的資料!' (keys=stat; stat='很抱歉，沒有符合條件的資料!')
2008-08-13,,,,,,,,,,,,,,,,,,,data unavailable: TPEX margin/balance 20080813: stat='很抱歉，沒有符合條件的資料!' (keys=stat; stat='很抱歉，沒有符合條件的資料!')
2008-08-14,,,,,,,,,,,,,,,,,,,data unavailable: TPEX margin/balance 20080814: stat='很抱歉，沒有符合條件的資料!' (keys=stat; stat='很抱歉，沒有符合條件的資料!')
2008-08-15,,,,,,,,,,,,,,,,,,,data unavailable: TPEX margin/balance 20080815: stat='很抱歉，沒有符合條件的資料!' (keys=stat; stat='很抱歉，沒有符合條件的資料!')
2008-08-18,,,,,,,,,,,,,,,,,,,data unavailable: TPEX margin/balance 20080818: stat='很抱歉，沒有符合條件的資料!' (keys=stat; stat='很抱歉，沒有符合條件的資料!')
2008-08-19,,,,,,,,,,,,,,,,,,,data unavailable: TPEX margin/balance 20080819: stat='很抱歉，沒有符合條件的資料!' (keys=stat; stat='很抱歉，沒有符合條件的資料!')
2008-08-20,,,,,,,,,,,,,,,,,,,data unavailable: TPEX margin/balance 20080820: stat='很抱歉，沒有符合條件的資料!' (keys=stat; stat='很抱歉，沒有符合條件的資料!')
2008-08-21,,,,,,,,,,,,,,,,,,,data unavailable: TPEX margin/balance 20080821: stat='很抱歉，沒有符合條件的資料!' (keys=stat; stat='很抱歉，沒有符合條件的資料!')
2008-08-22,,,,,,,,,,,,,,,,,,,data unavailable: TPEX margin/balance 20080822: stat='很抱歉，沒有符合條件的資料!' (keys=stat; stat='很抱歉，沒有符合條件的資料!')
2008-08-25,,,,,,,,,,,,,,,,,,,data unavailable: TPEX margin/balance 20080825: stat='很抱歉，沒有符合條件的資料!' (keys=stat; stat='很抱歉，沒有符合條件的資料!')
2008-08-26,,,,,,,,,,,,,,,,,,,data unavailable: TPEX margin/balance 20080826: stat='很抱歉，沒有符合條件的資料!' (keys=stat; stat='很抱歉，沒有符合條件的資料!')
2008-08-27,,,,,,,,,,,,,,,,,,,data unavailable: TPEX margin/balance 20080827: stat='很抱歉，沒有符合條件的資料!' (keys=stat; stat='很抱歉，沒有符合條件的資料!')
2008-08-28,,,,,,,,,,,,,,,,,,,data unavailable: TPEX margin/balance 20080828: stat='很抱歉，沒有符合條件的資料!' (keys=stat; stat='很抱歉，沒有符合條件的資料!')
2008-08-29,,,,,,,,,,,,,,,,,,,data unavailable: TPEX margin/balance 20080829: stat='很抱歉，沒有符合條件的資料!' (keys=stat; stat='很抱歉，沒有符合條件的資料!')
2008-09-01,,,,,,,,,,,,,,,,,,,data unavailable: TPEX margin/balance 20080901: stat='很抱歉，沒有符合條件的資料!' (keys=stat; stat='很抱歉，沒有符合條件的資料!')
2008-09-02,,,,,,,,,,,,,,,,,,,data unavailable: TPEX margin/balance 20080902: stat='很抱歉，沒有符合條件的資料!' (keys=stat; stat='很抱歉，沒有符合條件的資料!')
2008-09-03,,,,,,,,,,,,,,,,,,,data unavailable: TPEX margin/balance 20080903: stat='很抱歉，沒有符合條件的資料!' (keys=stat; stat='很抱歉，沒有符合條件的資料!')
2008-09-04,,,,,,,,,,,,,,,,,,,data unavailable: TPEX margin/balance 20080904: stat='很抱歉，沒有符合條件的資料!' (keys=stat; stat='很抱歉，沒有符合條件的資料!')
2008-09-05,,,,,,,,,,,,,,,,,,,data unavailable: TPEX margin/balance 20080905: stat='很抱歉，沒有符合條件的資料!' (keys=stat; stat='很抱歉，沒有符合條件的資料!')
2008-09-08,,,,,,,,,,,,,,,,,,,data unavailable: TPEX margin/balance 20080908: stat='很抱歉，沒有符合條件的資料!' (keys=stat; stat='很抱歉，沒有符合條件的資料!')
2008-09-09,,,,,,,,,,,,,,,,,,,data unavailable: TPEX margin/balance 20080909: stat='很抱歉，沒有符合條件的資料!' (keys=stat; stat='很抱歉，沒有符合條件的資料!')
2008-09-10,,,,,,,,,,,,,,,,,,,data unavailable: TPEX margin/balance 20080910: stat='很抱歉，沒有符合條件的資料!' (keys=stat; stat='很抱歉，沒有符合條件的資料!')
2008-09-11,,,,,,,,,,,,,,,,,,,data unavailable: TPEX margin/balance 20080911: stat='很抱歉，沒有符合條件的資料!' (keys=stat; stat='很抱歉，沒有符合條件的資料!')
2008-09-12,,,,,,,,,,,,,,,,,,,data unavailable: TPEX margin/balance 20080912: stat='很抱歉，沒有符合條件的資料!' (keys=stat; stat='很抱歉，沒有符合條件的資料!')
2008-09-15,,,,,,,,,,,,,,,,,,,data unavailable: TPEX margin/balance 20080915: stat='很抱歉，沒有符合條件的資料!' (keys=stat; stat='很抱歉，沒有符合條件的資料!')
2008-09-16,,,,,,,,,,,,,,,,,,,data unavailable: TPEX margin/balance 20080916: stat='很抱歉，沒有符合條件的資料!' (keys=stat; stat='很抱歉，沒有符合條件的資料!')
2008-09-17,,,,,,,,,,,,,,,,,,,data unavailable: TPEX margin/balance 20080917: stat='很抱歉，沒有符合條件的資料!' (keys=stat; stat='很抱歉，沒有符合條件的資料!')
2008-09-18,,,,,,,,,,,,,,,,,,,data unavailable: TPEX margin/balance 20080918: stat='很抱歉，沒有符合條件的資料!' (keys=stat; stat='很抱歉，沒有符合條件的資料!')
2008-09-19,,,,,,,,,,,,,,,,,,,data unavailable: TPEX margin/balance 20080919: stat='很抱歉，沒有符合條件的資料!' (keys=stat; stat='很抱歉，沒有符合條件的資料!')
2008-09-22,,,,,,,,,,,,,,,,,,,data unavailable: TPEX margin/balance 20080922: stat='很抱歉，沒有符合條件的資料!' (keys=stat; stat='很抱歉，沒有符合條件的資料!')
2008-09-23,,,,,,,,,,,,,,,,,,,data unavailable: TPEX margin/balance 20080923: stat='很抱歉，沒有符合條件的資料!' (keys=stat; stat='很抱歉，沒有符合條件的資料!')
2008-09-24,,,,,,,,,,,,,,,,,,,data unavailable: TPEX margin/balance 20080924: stat='很抱歉，沒有符合條件的資料!' (keys=stat; stat='很抱歉，沒有符合條件的資料!')
2008-09-25,,,,,,,,,,,,,,,,,,,data unavailable: TPEX margin/balance 20080925: stat='很抱歉，沒有符合條件的資料!' (keys=stat; stat='很抱歉，沒有符合條件的資料!')
2008-09-26,,,,,,,,,,,,,,,,,,,data unavailable: TPEX margin/balance 20080926: stat='很抱歉，沒有符合條件的資料!' (keys=stat; stat='很抱歉，沒有符合條件的資料!')
2008-09-29,,,,,,,,,,,,,,,,,,,data unavailable: TWSE MI_MARGN total 20080929: missing tables (keys=stat; stat='很抱歉，沒有符合條件的資料')
2008-09-30,128.40653623520484,127.3892647289635,237240534.12,235361050.08,1879484.0399999917,184757366.0,138.38943280773591,138.38943280773591,45459767.589999996,45459767.589999996,0.0,32849161.0,129.9135212566487,129.04981368964178,282700301.71,280820817.67,1879484.0399999619,217606527.0,ok
2008-10-01,131.10456675042113,130.09021316049282,241643744.70999998,239774151.55999997,1869593.150000006,184313751.0,143.6558882604523,143.6558882604523,47060080.160000004,47060080.160000004,0.0,32758894.0,132.99871334317598,132.1374380083681,288703824.87,286834231.71999997,1869593.1500000358,217072645.0,ok
2008-10-02,130.63710086361294,129.6066581703108,239995641.44,238102597.63,1893043.8100000024,183711702.0,143.55790322949147,143.55790322949147,46748746.870000005,46748746.870000005,0.0,32564384.0,132.58256777866785,131.70727738248416,286744388.31,284851344.5,1893043.8100000024,216276086.0,ok
2008-10-03,133.98853323795598,132.9205219197427,246485008.29000002,244520297.04,1964711.2500000298,183959778.0,148.45435756015618,148.45435756015618,48162016.95,48162016.95,0.0,32442306.0,136.1572031995773,135.24930471094726,294647025.24,292682313.99,1964711.25,216402084.0,ok
2008-10-06,128.20897050827716,127.16094414735379,234483464.43,232566712.03,1916752.400000006,182891621.0,142.4891909565182,142.4891909565182,45962235.339999996,45962235.339999996,0.0,32256647.0,130.34996859468094,129.45907023058163,280445699.77,278528947.37,1916752.3999999762,215148268.0,ok
2008-10-07,129.8240916162962,128.7570975201487,236000322.48999998,234060690.57999998,1939631.9099999964,181784690.0,143.68538618886527,143.68538618886527,46129789.480000004,46129789.480000004,0.0,32104719.0,131.90466666350926,130.9978279756713,282130111.96999997,280190480.06,1939631.9099999666,213889409.0,ok
2008-10-08,123.48565099139886,122.44457579732196,218843137.79000002,216998128.59,1845009.2000000179,177221512.0,136.0151270996616,136.0151270996616,42676117.16,42676117.16,0.0,31376008.0,125.37026084969756,124.48577804280703,261519254.95000002,259674245.75,1845009.2000000179,208597520.0,ok
2008-10-09,122.24730679137572,121.20559970317287,210236256.93,208444768.8,1791488.1299999952,171976187.0,133.02631993051511,133.02631993051511,40771967.11,40771967.11,0.0,30649549.0,123.87776054271804,122.99362402315963,251008224.04000002,249216735.91000003,1791488.1299999952,202625736.0,ok
2008-10-10,,,,,,,,,,,,,,,,,,,data unavailable: TWSE MI_MARGN total 20081010: missing tables (keys=stat; stat='很抱歉，沒有符合條件的資料')
2008-10-13,121.36472270376535,120.31022606604098,204086458.94,202313221.38,1773237.5600000024,168159622.0,131.12526706373203,131.12526706373203,39376677.74,39376677.74,0.0,30029817.0,122.84364793020077,121.94892943816245,243463136.68,241689899.12,1773237.5600000024,198189439.0,ok
2008-10-14,130.03292589755273,128.93111868406717,218599748.28000003,216747488.34,1852259.9400000274,168111074.0,140.11826739288327,140.11826739288327,41902031.58,41902031.58,0.0,29904760.0,131.5560349885959,130.62062497486943,260501779.86,258649519.92000002,1852259.9399999976,198015834.0,ok
2008-10-15,129.95219935246294,128.87512675454877,215908984.15000004,214119482.69,1789501.4600000381,166144925.0,140.59535481920688,140.59535481920688,41746932.31,41746932.31,0.0,29692967.0,131.56591598729014,130.6521492786493,257655916.46000004,255866415.0,1789501.4600000381,195837892.0,ok
2008-10-16,126.44084207042738,125.40402001552451,208638410.00000003,206927563.23999998,1710846.76000005,165008716.0,136.48131313472746,136.48131313472746,40174853.61,40174853.61,0.0,29436157.0,127.96082497377033,127.0809628649864,248813263.61,247102416.84999996,1710846.76000005,194444873.0,ok
2008-10-17,124.88661091445074,123.88580150599017,204783202.4,203142122.11,1641080.2899999917,163975306.0,134.9640059443775,134.9640059443775,39255139.5,39255139.5,0.0,29085636.0,126.40482293927687,125.55479067847915,244038341.9,242397261.61,1641080.2899999917,193060942.0,ok
2008-10-20,126.3755664275454,125.41618489422011,206002905.09,204439031.72,1563873.3700000048,163008492.0,137.6095065644681,137.6095065644681,39619341.56,39619341.56,0.0,28791137.0,128.06189872765603,127.24653042994156,245622246.65,244058373.28,1563873.3700000048,191799629.0,ok
2008-10-21,126.97523874741049,126.04350943405723,206418372.35000002,204903698.70000002,1514673.650000006,162565847.0,138.9288733340633,138.9288733340633,39764897.32,39764897.32,0.0,28622486.0,128.76479741575025,127.97255574167279,246183269.67000002,244668596.02,1514673.650000006,191188333.0,ok
2008-10-22,125.27891996281666,124.39568948565804,202409430.2,200982420.95,1427009.25,161567030.0,136.9925835247511,136.9925835247511,38824084.49,38824084.49,0.0,28340282.0,127.0269755016068,126.27555143321707,241233514.69,239806505.44,1427009.25,189907312.0,ok
2008-10-23,122.6484537913483,121.83659489587771,194737241.12,193448197.87,1289043.25,158776760.0,134.2072581461125,134.2072581461125,37537890.89,37537890.89,0.0,27970090.0,124.37967869873039,123.68941631947206,232275132.01,230986088.76,1289043.25,186746850.0,ok
2008-10-24,120.00799555687549,119.25275822439959,186002589.65999997,184832033.49,1170556.169999957,154991831.0,131.15359305014545,131.15359305014545,35972541.26,35972541.26,0.0,27427797.0,121.6837976009906,121.04211436611416,221975130.91999996,220804574.75,1170556.169999957,182419628.0,ok
2008-10-27,116.14468358597261,115.39387119021738,172323998.28,171210017.07999998,1113981.2000000179,148370113.0,127.44547026333824,127.44547026333824,33760790.64,33760790.64,0.0,26490381.0,117.85668918446497,117.21962064227039,206084788.92000002,204970807.71999997,1113981.2000000477,174860494.0,ok
2008-10-28,122.33537188423513,121.4196799208794,173977138.84,172674903.31,1302235.5300000012,142213275.0,132.46091637995835,132.46091637995835,33696776.230000004,33696776.230000004,0.0,25439033.0,123.871790103838,123.09504235396511,207673915.07,206371679.54000002,1302235.5299999714,167652308.0,ok
2008-10-29,121.2604978139415,120.29680990113401,169160526.20999998,167816164.63,1344361.5799999833,139501758.0,130.07031721051342,130.07031721051342,32546393.78,32546393.78,0.0,25022153.0,122.60036779091641,121.78324548217189,201706919.98999998,200362558.41,1344361.5799999833,164523911.0,ok
2008-10-30,129.7442531639217,128.69576280009005,181381747.14000002,179915963.42,1465783.7200000286,139799446.0,139.14492044451637,139.14492044451637,34677578.8,34677578.8,0.0,24921915.0,131.16654975914145,130.27669326991537,216059325.94,214593542.21999997,1465783.7200000286,164721361.0,ok
2008-10-31,133.2964332496265,132.15839495076028,184307717.26999998,182734162.48000002,1573554.7899999619,138269054.0,141.39181672894117,141.39181672894117,35058549.169999994,35058549.169999994,0.0,24795317.0,134.527404787892,133.56241483922935,219366266.43999997,217792711.65,1573554.7899999619,163064371.0,ok
2008-11-03,137.9651209113696,136.8206979238623,191084035.10999998,189498989.84,1585045.269999981,138501698.0,146.20119107731188,146.20119107731188,36340237.36,36340237.36,0.0,24856321.0,139.21830949113064,138.24802025788523,227424272.46999997,225839227.2,1585045.269999981,163358019.0,ok
2008-11-04,137.60867306979435,136.51291483047473,190632601.54,189114621.32,1517980.2199999988,138532403.0,148.1563994407266,148.1563994407266,36966423.22,36966423.22,0.0,24950946.0,139.21847463499174,138.28995180420486,227599024.76,226081044.54,1517980.2199999988,163483349.0,ok
2008-11-05,137.35036154958493,136.2863229780387,190240821.23,188767045.92000002,1473775.3099999726,138507696.0,150.1148896427683,150.1148896427683,37578973.37,37578973.37,0.0,25033475.0,139.30424565689333,138.4030809526245,227819794.6,226346019.29000002,1473775.3099999726,163541171.0,ok
2008-11-06,129.54558197162095,128.5302143190053,178669464.86,177269068.24,1400396.6200000048,137920153.0,142.1118751989838,142.1118751989838,35271971.31,35271971.31,0.0,24819862.0,131.46209687273287,130.60158532614122,213941436.17000002,212541039.55,1400396.6200000048,162740015.0,ok
2008-11-07,133.75749496833524,132.71425989109517,187743491.27,186279195.04,1464296.230000019,140361100.0,145.46987227196405,145.46987227196405,36174755.400000006,36174755.400000006,0.0,24867524.0,135.52025142447474,134.63402711627012,223918246.67000002,222453950.44,1464296.230000019,165228624.0,ok
2008-11-10,132.76993871256758,131.7510523274105,184989266.41,183569645.02,1419621.3899999857,139330686.0,142.00434777734648,142.00434777734648,35088432.25,35088432.25,0.0,24709407.0,134.16092044034625,133.29550920822751,220077698.66,218658077.27,1419621.3899999857,164040093.0,ok
2008-11-11,128.2830191275019,127.30648770873756,176326677.47,174984422.34,1342255.1299999952,137451300.0,136.53120579550972,136.53120579550972,33276100.9,33276100.9,0.0,24372524.0,129.52529064570862,128.69583605934315,209602778.37,208260523.24,1342255.1299999952,161823824.0,ok
2008-11-12,128.1164551762846,127.12857263781243,175479871.05,174126777.88,1353093.1700000167,136969034.0,135.36929113655466,135.36929113655466,32779791.62,32779791.62,0.0,24215087.0,129.20606656408793,128.36659604949548,208259662.67000002,206906569.5,1353093.1700000167,161184121.0,ok
2008-11-13,122.74316614859389,121.80222072062735,163429236.20999998,162176392.59,1252843.619999975,133147320.0,129.5257306813854,129.5257306813854,30434846.16,30434846.16,0.0,23497143.0,123.76057133280223,122.96077056359151,193864082.36999997,192611238.75,1252843.619999975,156644463.0,ok
2008-11-14,123.29315766985592,122.31684058493926,161774134.56,160493099.55,1281035.0099999905,131210959.0,129.357071912,129.357071912,29833739.21,29833739.21,0.0,23063091.0,124.19967828030703,123.36931503386346,191607873.77,190326838.76000002,1281035.0099999905,154274050.0,ok
2008-11-17,122.56454138951538,121.56238372308069,157199408.0,155914055.89,1285352.1100000143,128258472.0,125.77578016937395,125.77578016937395,28021274.14,28021274.14,0.0,22278752.0,123.03978857747502,122.18594520515403,185220682.14,183935330.02999997,1285352.1100000143,150537224.0,ok
2008-11-18,119.4378157454342,118.4199985682382,147536915.13,146279644.93,1257270.199999988,123526133.0,122.4611725607264,122.4611725607264,26180017.659999996,26180017.659999996,0.0,21378219.0,119.88386159029922,119.01620635244964,173716932.79,172459662.59,1257270.199999988,144904352.0,ok
2008-11-19,121.90432743797928,120.83296009268891,148236547.19,146933756.72,1302790.4699999988,121600726.0,126.91376214192516,126.91376214192516,26263795.380000003,26263795.380000003,0.0,20694206.0,122.63285847032135,121.71730199076943,174500342.57,173197552.1,1302790.4699999988,142294932.0,ok
2008-11-20,117.36120691819596,116.32493237540595,138548665.01999998,137325309.72000003,1223355.2999999523,118053204.0,122.86987095805841,122.86987095805841,24615785.580000002,24615785.580000002,0.0,20034029.0,118.16041719077678,117.27448785942435,163164450.6,161941095.30000004,1223355.2999999523,138087233.0,ok
2008-11-21,123.87463844917545,122.69607191816203,144622582.5,143246616.14,1375966.3600000143,116749146.0,130.41659388615244,130.41659388615244,25684134.45,25684134.45,0.0,19693916.0,124.81889108439972,123.8104364661649,170306716.95,168930750.58999997,1375966.3600000143,136443062.0,ok
2008-11-24,123.62057446548324,122.44597703257416,143306567.45999998,141944920.93,1361646.5299999714,115924528.0,127.82928881754627,127.82928881754627,25030570.060000002,25030570.060000002,0.0,19581248.0,124.22875429310112,123.22389193948457,168337137.51999998,166975490.99,1361646.5299999714,135505776.0,ok
2008-11-25,126.90426130959392,125.70091616342884,147871944.28,146469777.13,1402167.150000006,116522442.0,131.67135781612478,131.67135781612478,25901091.23,25901091.23,0.0,19671014.0,127.59279381969716,126.5632530538031,173773035.51,172370868.35999998,1402167.150000006,136193456.0,ok
2008-11-26,128.65140062207786,127.44278980147645,149454775.95,148050728.59,1404047.3599999845,116170345.0,134.12266164115124,134.12266164115124,26368079.38,26368079.38,0.0,19659675.0,129.44329635672585,128.4096166443913,175822855.32999998,174418807.97,1404047.3599999845,135830020.0,ok
2008-11-27,135.5135801301871,134.23630277003554,159752414.49,158246675.04999998,1505739.4400000274,117886646.0,141.1812106496896,141.1812106496896,27896523.43,27896523.43,0.0,19759374.0,136.3271803427371,135.23325881852594,187648937.92000002,186143198.48,1505739.4400000274,137646020.0,ok
2008-11-28,135.34990763126694,134.0640159834326,158810099.0,157301323.83,1508775.169999987,117332994.0,142.55380591889318,142.55380591889318,28175296.44,28175296.44,0.0,19764675.0,136.38845707872684,135.28794590227497,186985395.44,185476620.27,1508775.169999987,137097669.0,ok
2008-12-01,137.27283680737173,136.05142131901118,160862045.43,159430739.73000002,1431305.699999988,117184178.0,144.69402970418247,144.69402970418247,28659510.29,28659510.29,0.0,19806975.0,138.3458358949647,137.30101973811404,189521555.72,188090250.02,1431305.699999988,136991153.0,ok
2008-12-02,131.3539403152348,130.19947917979087,153255449.71999997,151908497.66,1346952.0599999726,116673660.0,137.23250665495559,137.23250665495559,26895585.549999997,26895585.549999997,0.0,19598553.0,132.19939069309748,131.21096316972555,180151035.26999998,178804083.20999998,1346952.0600000024,136272213.0,ok
2008-12-03,129.87102373407419,128.743899108508,152448537.57,151125467.22,1323070.349999994,117384566.0,134.58851241558605,134.58851241558605,26271109.660000004,26271109.660000004,0.0,19519578.0,130.54363586685878,129.57721490154455,178719647.23,177396576.88,1323070.349999994,136904144.0,ok
2008-12-04,128.413726533756,127.28287621921133,151235195.71,149903372.6,1331823.1100000143,117771830.0,134.34412472090088,134.34412472090088,26196225.71,26196225.71,0.0,19499346.0,129.2561385355947,128.28592530597976,177431421.42000002,176099598.31,1331823.1100000143,137271176.0,ok
2008-12-05,127.38606126224488,126.24869758749529,149998972.45000002,148659709.89,1339262.5600000322,117751480.0,132.8210381787257,132.8210381787257,25803452.56,25803452.56,0.0,19427233.0,128.155762045967,127.1794716793997,175802425.01000002,174463162.45,1339262.5600000322,137178713.0,ok
2008-12-08,134.9122740302535,133.70885824008815,160085142.41,158657184.95,1427957.4600000083,118658694.0,140.7835331529502,140.7835331529502,27488139.709999997,27488139.709999997,0.0,19525110.0,135.74187183325768,134.7084964168449,187573282.12,186145324.66,1427957.4600000083,138183804.0,ok
2008-12-09,136.50350916660554,135.290384496495,161050544.82,159619267.41000003,1431277.4099999666,117982714.0,142.34174969536235,142.34174969536235,27721904.110000003,27721904.110000003,0.0,19475596.0,137.3306924332185,136.28944770236157,188772448.93,187341171.52000004,1431277.4099999666,137458310.0,ok
2008-12-10,143.5282386891532,142.29316542763516,171576558.67000002,170100127.12,1476431.550000012,119542022.0,150.54025464228374,150.54025464228374,29642164.97,29642164.97,0.0,19690524.0,144.51989094561267,143.45948402753476,201218723.64000002,199742292.09,1476431.550000012,139232546.0,ok
2008-12-11,143.54280880773737,142.3303592174958,172108396.19,170654664.32999998,1453731.8600000143,119900396.0,153.69063068567652,153.69063068567652,30486119.61,30486119.61,0.0,19836030.0,144.9833243910217,143.94298587542232,202594515.8,201140783.94,1453731.8600000143,139736426.0,ok
2008-12-12,137.82122270226574,136.70845436616207,164175803.48,162850248.29999998,1325555.1800000072,119122295.0,147.2015937891996,147.2015937891996,29082717.51,29082717.51,0.0,19757067.0,139.15568030187234,138.2012151020682,193258520.98999998,191932965.80999997,1325555.1800000072,138879362.0,ok
2008-12-15,142.9692465405006,141.86136219450324,171571596.8,170242069.70999998,1329527.0900000334,120005946.0,153.15450124737558,153.15450124737558,30458377.83,30458377.83,0.0,19887354.0,144.41719126648667,143.46680472903276,202029974.63,200700447.53999996,1329527.0900000334,139893300.0,ok
2008-12-16,142.82332989968344,141.71511640761534,171376354.35000002,170046588.49,1329765.8600000143,119991849.0,152.79293583289808,152.79293583289808,30284513.31,30284513.31,0.0,19820624.0,144.2366788405209,143.285572096275,201660867.66000003,200331101.8,1329765.8600000143,139812473.0,ok
2008-12-17,142.75494166776215,141.67698396286787,171351607.3,170057713.14000002,1293894.1599999964,120031997.0,151.98363340663425,151.98363340663425,30121960.03,30121960.03,0.0,19819213.0,144.0627988345614,143.1376054379508,201473567.33,200179673.17000002,1293894.1599999964,139851210.0,ok
2008-12-18,145.4178854101533,144.35106703804084,175711284.04,174422226.47000003,1289057.569999963,120831962.0,154.00368221743196,154.00368221743196,30635387.31,30635387.31,0.0,19892633.0,146.63156170390826,145.71554729292347,206346671.35,205057613.78000003,1289057.569999963,140724595.0,ok
2008-12-19,145.71162246389656,144.664860087109,176836838.79999998,175566479.26,1270359.5399999917,121360833.0,156.50476396362055,156.50476396362055,31202472.169999998,31202472.169999998,0.0,19937075.0,147.23453016020588,146.33546551163374,208039310.96999997,206768951.42999998,1270359.5399999917,141297908.0,ok
2008-12-22,140.04281274343168,139.01668123513326,169123260.18,167884048.38,1239211.800000012,120765398.0,153.58558035253682,153.58558035253682,30650040.64,30650040.64,0.0,19956327.0,141.963368356947,141.08275678115797,199773300.82,198534089.01999998,1239211.800000012,140721725.0,ok
2008-12-23,135.30543427831844,134.27491398091652,161749287.51,160517364.15999997,1231923.3500000238,119543822.0,147.74160463642184,147.74160463642184,29037315.220000003,29037315.220000003,0.0,19654122.0,137.0613654537886,136.17634997539903,190786602.73,189554679.37999997,1231923.3500000238,139197944.0,ok
2008-12-24,136.85484311171868,135.81629031993657,163959114.49,162714875.03,1244239.4600000083,119805124.0,147.71374004525342,147.71374004525342,29025450.060000002,29025450.060000002,0.0,19649797.0,138.38490830309246,137.4926920578156,192984564.55,191740325.09,1244239.4600000083,139454921.0,ok
2008-12-25,137.407449151567,136.38275653573953,164931514.68,163701566.04000002,1229948.6399999857,120030985.0,149.61620546602128,149.61620546602128,29395336.77,29395336.77,0.0,19647161.0,139.12473569773758,138.24417658722362,194326851.45000002,193096902.81000003,1229948.6399999857,139678146.0,ok
2008-12-26,137.46350217821126,136.4344331782916,164678618.44,163445813.67000002,1232804.769999981,119798067.0,150.22525895500712,150.22525895500712,29478852.79,29478852.79,0.0,19623100.0,139.2596801531578,138.3754494466396,194157471.23,192924666.46,1232804.769999981,139421167.0,ok
2008-12-29,136.73127482931395,135.7214259405511,163187544.56,161982299.01,1205245.550000012,119349099.0,149.52373232948938,149.52373232948938,29260364.97,29260364.97,0.0,19569044.0,138.53331564473908,137.66572158972784,192447909.53,191242663.98,1205245.550000012,138918143.0,ok
2008-12-30,142.88882201059613,141.85266559460769,171719278.15,170474058.06,1245220.0900000036,120176845.0,155.24789349425637,155.24789349425637,30238618.04,30238618.04,0.0,19477635.0,144.6125438940448,143.7209003964642,201957896.19,200712676.1,1245220.0900000036,139654480.0,ok
2008-12-31,143.1498764454584,142.11253547664256,172010470.48000002,170763990.13,1246480.3500000238,120161103.0,157.1705101060292,157.1705101060292,30594583.599999994,30594583.599999994,0.0,19465855.0,145.10453925380227,144.21181741279503,202605054.08,201358573.73,1246480.3500000238,139626958.0,ok
2009-01-01,,,,,,,,,,,,,,,,,,,data unavailable: TWSE MI_MARGN total 20090101: missing tables (keys=stat; stat='很抱歉，沒有符合條件的資料')
2009-01-02,,,,,,,,,,,,,,,,,,,data unavailable: TWSE MI_MARGN total 20090102: missing tables (keys=stat; stat='很抱歉，沒有符合條件的資料')
2009-01-05,147.52710626786467,146.47230330223604,178882549.89000002,177603558.87,1278991.0200000107,121254022.0,162.37237077419294,162.37237077419294,31931776.98,31931776.98,0.0,19665770.0,149.59880644019117,148.69120431997231,210814326.87,209535335.85,1278991.0200000107,140919792.0,ok
2009-01-06,148.77621828091432,147.7459895503242,180385869.72,179136754.04999998,1249115.6700000167,121246441.0,163.96784838302497,163.96784838302497,32438553.05,32438553.05,0.0,19783484.0,150.90727926714845,150.02156960659235,212824422.77,211575307.1,1249115.6700000167,141029925.0,ok
2009-01-07,150.5624838015946,149.57728976420444,183318574.71999997,182119043.72,1199530.9999999702,121755812.0,166.5187976888742,166.5187976888742,33296471.009999998,33296471.009999998,0.0,19995623.0,152.81330007699742,151.96707866132007,216615045.72999996,215415514.73,1199530.9999999702,141751435.0,ok
2009-01-08,142.37207891714115,141.44066413378712,174513864.2,173372174.1,1141690.099999994,122575905.0,158.72359583959158,158.72359583959158,31666063.690000005,31666063.690000005,0.0,19950445.0,144.660919114255,143.85988120091477,206179927.89,205038237.79,1141690.099999994,142526350.0,ok
2009-01-09,142.59202233871122,141.67790803732194,176051177.64,174922566.82,1128610.8199999928,123464956.0,158.61156523984857,158.61156523984857,31647541.97,31647541.97,0.0,19952859.0,144.82072510308427,144.03378603278819,207698719.60999998,206570108.79,1128610.8199999928,143417815.0,ok
2009-01-12,141.0176325969497,140.13302530530243,174555396.44,173460405.88,1094990.5600000024,123782674.0,157.2054096928059,157.2054096928059,31143026.770000003,31143026.770000003,0.0,19810404.0,143.2509324787926,142.48836747548515,205698423.21,204603432.65,1094990.5600000024,143593078.0,ok
2009-01-13,143.5516598657809,142.68805070363274,177822565.87,176752782.37,1069783.5,123873570.0,158.54081824727652,158.54081824727652,31331993.849999994,31331993.849999994,0.0,19762730.0,145.61399849480944,144.86921218382818,209154559.72,208084776.22,1069783.5,143636300.0,ok
2009-01-14,143.8755800944677,143.01221703492584,178997338.57999998,177923218.22,1074120.3599999845,124411202.0,159.64362567721903,159.64362567721903,31583067.950000007,31583067.950000007,0.0,19783482.0,146.0389528160414,145.29404299675846,210580406.53,209506286.17000002,1074120.3599999845,144194684.0,ok
2009-01-15,137.86274038616511,137.0537944924773,170434090.79,169434023.93,1000066.8599999845,123625927.0,153.5092950492937,153.5092950492937,30017390.23,30017390.23,0.0,19554119.0,139.99959255495696,139.30112451563258,200451481.01999998,199451414.16,1000066.8599999845,143180046.0,ok
2009-01-16,140.09456248911485,139.28217838521502,174302870.97000003,173292118.81,1010752.1600000262,124418013.0,156.02670694496737,156.02670694496737,30542961.21,30542961.21,0.0,19575470.0,142.2604884000202,141.55854541000303,204845832.18000004,203835080.02,1010752.1600000262,143993483.0,ok
2009-01-19,140.27457793466834,139.45210520836375,173030989.57999998,172016456.0,1014533.5799999833,123351638.0,155.1456008774588,155.1456008774588,30154294.47,30154294.47,0.0,19436126.0,142.29880653499131,141.5882879642264,203185284.04999998,202170750.47,1014533.5799999833,142787764.0,ok
2009-01-20,136.33438827204952,135.511436268708,166708088.04999998,165701792.01,1006296.0399999917,122278825.0,150.53246946196413,150.53246946196413,28876217.61,28876217.61,0.0,19182717.0,138.2597014671309,137.5483448497967,195584305.65999997,194578009.62,1006296.0399999619,141461542.0,ok
2009-01-21,136.2502084712117,135.40935990439763,164068557.95999998,163056032.45000002,1012525.5099999607,120417106.0,149.94359569404324,149.94359569404324,28349165.39,28349165.39,0.0,18906553.0,138.10843379443543,137.3816903846891,192417723.34999996,191405197.84000003,1012525.5099999309,139323659.0,ok
2009-01-22,,,,,,,,,,,,,,,,,,,data unavailable: TWSE MI_MARGN total 20090122: missing tables (keys=stat; stat='很抱歉，沒有符合條件的資料')
2009-01-23,,,,,,,,,,,,,,,,,,,data unavailable: TWSE MI_MARGN total 20090123: missing tables (keys=stat; stat='很抱歉，沒有符合條件的資料')
2009-01-26,,,,,,,,,,,,,,,,,,,data unavailable: TWSE MI_MARGN total 20090126: missing tables (keys=stat; stat='很抱歉，沒有符合條件的資料')
2009-01-27,,,,,,,,,,,,,,,,,,,data unavailable: TWSE MI_MARGN total 20090127: missing tables (keys=stat; stat='很抱歉，沒有符合條件的資料')
2009-01-28,,,,,,,,,,,,,,,,,,,data unavailable: TWSE MI_MARGN total 20090128: missing tables (keys=stat; stat='很抱歉，沒有符合條件的資料')
2009-01-29,,,,,,,,,,,,,,,,,,,data unavailable: TWSE MI_MARGN total 20090129: missing tables (keys=stat; stat='很抱歉，沒有符合條件的資料')
2009-01-30,,,,,,,,,,,,,,,,,,,data unavailable: TWSE MI_MARGN total 20090130: missing tables (keys=stat; stat='很抱歉，沒有符合條件的資料')
2009-02-02,136.9792900051923,136.1508514477838,164841157.03,163844212.38,996944.650000006,120340204.0,151.00908920262114,151.00908920262114,28542723.260000005,28542723.260000005,0.0,18901328.0,138.88376371067218,138.16778146336395,193383880.29000002,192386935.64,996944.6500000358,139241532.0,ok
2009-02-03,141.77380876487175,140.94333764253108,171705459.63,170699657.31,1005802.3199999928,121112257.0,158.1161693138066,158.1161693138066,30085082.929999996,30085082.929999996,0.0,19027202.0,143.99266559178025,143.27495030503866,201790542.56,200784740.24,1005802.3199999928,140139459.0,ok
2009-02-04,142.43921643785814,141.59936141039026,172915457.06,171895906.97,1019550.0900000036,121395962.0,160.46749206498606,160.46749206498606,30687963.65,30687963.65,0.0,19124100.0,144.8927774526601,144.1672226276131,203603420.71,202583870.62,1019550.0900000036,140520062.0,ok
2009-02-05,141.5600760860435,140.7365131894519,172704459.28,171699705.76,1004753.5200000107,122000824.0,159.32989623961817,159.32989623961817,30558489.44,30558489.44,0.0,19179382.0,143.9741125749597,143.26243099546122,203262948.72,202258195.2,1004753.5200000107,141180206.0,ok
2009-02-06,144.83305197543822,144.0249916158156,177223974.84,176235197.3,988777.5399999917,122364317.0,164.17698417469197,164.17698417469197,31845669.019999996,31845669.019999996,0.0,19397158.0,147.4798734000193,146.78237957103647,209069643.86,208080866.32,988777.5400000215,141761475.0,ok
2009-02-09,144.98585630878856,144.19884227534948,176373035.32,175415645.01,957390.3100000024,121648442.0,165.19397126405323,165.19397126405323,32141485.380000003,32141485.380000003,0.0,19456815.0,147.7723262287811,147.09383250689234,208514520.7,207557130.39,957390.3100000024,141105257.0,ok
2009-02-10,146.8913714703203,146.11631734734948,179991761.48,179042057.25,949704.2299999893,122533924.0,167.65773143501585,167.65773143501585,32823036.449999996,32823036.449999996,0.0,19577407.0,149.752167144223,149.08388529553636,212814797.92999998,211865093.7,949704.2299999893,142111331.0,ok
2009-02-11,148.75619550187608,148.01647145978873,183574705.81,182661838.8,912867.0099999905,123406427.0,170.50421168531662,170.50421168531662,33623861.92,33623861.92,0.0,19720253.0,151.75267653102833,151.11487300620684,217198567.73000002,216285700.72000003,912867.0099999905,143126680.0,ok
2009-02-12,144.0151040879511,143.29534890784365,177572430.73000002,176684963.56,887467.1700000167,123301255.0,165.41406428683283,165.41406428683283,32661225.34,32661225.34,0.0,19745132.0,146.9688682664876,146.34846310379024,210233656.07000002,209346188.9,887467.1700000167,143046387.0,ok
2009-02-13,148.9277925231544,148.2108920413205,186358387.99,185461306.14999998,897081.8400000334,125133385.0,170.59949507128468,170.59949507128468,33936861.11,33936861.11,0.0,19892709.0,151.900422209537,151.28185639475333,220295249.10000002,219398167.26,897081.8400000334,145026094.0,ok
2009-02-16,149.79683050947625,149.0946898026373,188504857.3,187621280.97,883576.3300000131,125840351.0,172.02939131554882,172.02939131554882,34429564.99,34429564.99,0.0,20013769.0,152.84753169125426,152.24173712748052,222934422.29000002,222050845.96,883576.3300000131,145854120.0,ok
2009-02-17,146.30349626481123,145.62468262291725,184255338.62,183400437.4,854901.2199999988,125940489.0,167.4776193241358,167.4776193241358,33430045.14,33430045.14,0.0,19960903.0,149.20034742369012,148.61440289754057,217685383.76,216830482.54000002,854901.219999969,145901392.0,ok
2009-02-18,145.9385535100582,145.2670262404048,184506699.7,183657703.48000002,848996.219999969,126427661.0,165.51543930214314,165.51543930214314,33196779.53,33196779.53,0.0,20056606.0,148.61901806150962,148.03943621467553,217703479.23,216854483.01000002,848996.219999969,146484267.0,ok
2009-02-19,147.8919657763706,147.23220992461563,187769690.01000002,186932036.99,837653.0200000107,126964091.0,167.77863983047843,167.77863983047843,33614010.91,33614010.91,0.0,20034738.0,150.60235678476053,150.03252025905593,221383700.92000002,220546047.9,837653.0200000107,146998829.0,ok
2009-02-20,145.3062340259745,144.662798124751,184419414.45999998,183602780.04,816634.4199999869,126917758.0,164.55689304913824,164.55689304913824,32823088.899999995,32823088.899999995,0.0,19946347.0,147.9207620949993,147.3647144344767,217242503.35999998,216425868.94,816634.4199999869,146864105.0,ok
2009-02-23,147.01142358254978,146.37147823270087,187755530.84,186938225.11,817305.7299999893,127714926.0,166.94821486301961,166.94821486301961,33287293.7,33287293.7,0.0,19938694.0,149.703627002169,149.15009791835786,221042824.54,220225518.81,817305.7299999893,147653620.0,ok
2009-02-24,145.8948291612951,145.25949908333976,187467950.26999998,186651581.19,816369.0799999833,128495267.0,167.06271887276208,167.06271887276208,33324630.36,33324630.36,0.0,19947377.0,148.73932091239226,148.18936501157984,220792580.63,219976211.55,816369.0799999833,148442644.0,ok
2009-02-25,147.52574065879787,146.88042957566745,190043423.3,189212130.22,831293.0800000131,128820518.0,169.75584845109913,169.75584845109913,33960959.51,33960959.51,0.0,20005767.0,150.51399207471988,149.955426039157,224004382.81,223173089.73,831293.0800000131,148826285.0,ok
2009-02-26,148.16215024404087,147.5166741781039,190621179.14,189790728.12,830451.0199999809,128657136.0,170.5896176231412,170.5896176231412,34363441.22,34363441.22,0.0,20143923.0,151.1982655714836,150.64017073964507,224984620.35999998,224154169.34,830451.0199999809,148801059.0,ok
2009-02-27,150.49667403639216,149.856762199841,194966140.12,194137144.12,828996.0,129548471.0,175.38151437540841,175.38151437540841,35650114.36,35650114.36,0.0,20327179.0,153.8717293169371,153.3186067783526,230616254.48000002,229787258.48000002,828996.0,149875650.0,ok
2009-03-02,145.41931424610212,144.79268224932082,188122686.18,187312039.43,810646.75,129365681.0,171.23167019159425,171.23167019159425,34735239.839999996,34735239.839999996,0.0,20285523.0,148.91823123588102,148.37654047207,222857926.02,222047279.27,810646.75,149651204.0,ok
2009-03-03,146.3793413718292,145.76353058058865,190226775.39,189426500.57,800274.8199999928,129954660.0,171.08392435133976,171.08392435133976,34675763.69,34675763.69,0.0,20268277.0,149.71251632498704,149.17979153875817,224902539.07999998,224102264.26,800274.8199999928,150222937.0,ok
2009-03-04,150.12269207482598,149.50431373649815,197344400.37,196531508.58999997,812891.780000031,131455410.0,174.9662328046147,174.9662328046147,35780276.17,35780276.17,0.0,20449818.0,153.46718451322823,152.9320536354417,233124676.54000002,232311784.76,812891.780000031,151905228.0,ok
2009-03-05,152.11917235597855,151.5077110510691,199924321.44,199120701.58999997,803619.8500000238,131426117.0,176.58766725557456,176.58766725557456,36283596.9,36283596.9,0.0,20547073.0,155.42736079962523,154.89857026097826,236207918.34,235404298.48999998,803619.8500000238,151973190.0,ok
2009-03-06,152.50144598536997,151.9177589195034,201680456.94,200908541.15,771915.7899999917,132248226.0,178.91623757657746,178.91623757657746,37159716.330000006,37159716.330000006,0.0,20769337.0,156.08677107868985,155.5823088621533,238840173.27,238068257.48000002,771915.7899999917,153017563.0,ok
2009-03-09,152.17964017983073,151.60232801010204,203062322.71,202291980.83,770341.8799999952,133435933.0,179.6233900651938,179.6233900651938,37607380.949999996,37607380.949999996,0.0,20936795.0,155.90169764960038,155.40268341957395,240669703.66,239899361.78,770341.8799999952,154372728.0,ok
2009-03-10,154.5046591222452,153.9323456695807,208389282.24,207617370.31,771911.9300000072,134875727.0,182.8158996560288,182.8158996560288,38842596.20999999,38842596.20999999,0.0,21246837.0,158.35755711134746,157.86313022632652,247231878.45,246459966.51999998,771911.9300000072,156122564.0,ok
2009-03-11,155.108171139309,154.54819319296072,210453617.49,209693829.12,759788.3700000048,135681838.0,182.3433725185099,182.3433725185099,39131327.19,39131327.19,0.0,21460241.0,158.82756946342806,158.34406537920376,249584944.68,248825156.31,759788.3700000048,157142079.0,ok
2009-03-12,155.58218499418837,155.0226990640308,211980557.47,211218258.5,762298.9699999988,136249891.0,183.15087639637383,183.15087639637383,39553146.05,39553146.05,0.0,21595936.0,159.3540407754967,158.87110183153592,251533703.51999998,250771404.55,762298.969999969,157845827.0,ok
2009-03-13,159.05561933984217,158.50142681407638,216276944.07,215523377.07,753567.0,135975670.0,186.51217387729514,186.51217387729514,40650074.64,40650074.64,0.0,21794864.0,162.84854477959743,162.3709099634536,256927018.70999998,256173451.70999998,753567.0,157770534.0,ok
2009-03-16,161.08350819415728,160.52139592692563,218648383.17000002,217885394.20999998,762988.9600000381,135736045.0,189.29809884014486,189.29809884014486,41750013.72,41750013.72,0.0,22055168.0,165.02718493583038,164.54364155879833,260398396.89000002,259635407.92999998,762988.9600000381,157791213.0,ok
2009-03-17,162.46183531067,161.92998803652807,222165909.94,221438610.92,727299.0200000107,136749600.0,190.8129983650698,190.8129983650698,42588711.34,42588711.34,0.0,22319607.0,166.43989510804565,165.98267335298905,264754621.28,264027322.26,727299.0200000107,159069207.0,ok
2009-03-18,161.73730422980663,161.22563571196656,220220835.76,219524150.05,696685.7099999785,136159581.0,191.51649129317158,191.51649129317158,43105367.44,43105367.44,0.0,22507392.0,165.9615723557038,165.52248557108354,263326203.2,262629517.49,696685.7099999785,158666973.0,ok
2009-03-19,161.55393918724482,161.0732535560653,221152195.45,220494181.89,658013.5600000024,136890624.0,189.15579782482496,189.15579782482496,42672201.199999996,42672201.199999996,0.0,22559288.0,165.45910458075383,165.04642730063094,263824396.64999998,263166383.08999997,658013.5600000024,159449912.0,ok
2009-03-20,159.00921851992393,158.55368857214884,220652778.62,220020652.07,632126.5500000119,138767287.0,187.15831359118067,187.15831359118067,42298001.59,42298001.59,0.0,22600119.0,162.95160635475543,162.55987510885564,262950780.21,262318653.66,632126.5500000119,161367406.0,ok
2009-03-23,163.73619453817508,163.27235861555997,228515184.48,227867841.04,647343.4399999976,139563024.0,191.91167665508368,191.91167665508368,43554587.23,43554587.23,0.0,22695121.0,167.67711211662132,167.2781531367809,272069771.71,271422428.27,647343.4399999976,162258145.0,ok
2009-03-24,165.64988299288416,165.18238565183486,229417506.14999998,228770043.73000002,647462.4199999571,138495423.0,192.7885332491143,192.7885332491143,43652226.54,43652226.54,0.0,22642543.0,169.4633111417082,169.0615048907841,273069732.69,272422270.27000004,647462.4199999571,161137966.0,ok
2009-03-25,169.14992923998318,168.68345838868015,235667198.44,235017290.51999998,649907.9200000167,139324444.0,197.59259458229909,197.59259458229909,45240041.7,45240041.7,0.0,22895616.0,173.16430541327625,172.76367190346247,280907240.14,280257332.21999997,649907.9200000167,162220060.0,ok
2009-03-26,170.0888246226687,169.63110793901194,239651643.26,239006729.89999998,644913.3600000143,140897936.0,200.2250120531658,200.2250120531658,46762271.25,46762271.25,0.0,23354860.0,174.37384415057383,173.98120951925833,286413914.51,285769001.15,644913.3600000143,164252796.0,ok
2009-03-27,169.96461975764248,169.5207821014216,242849770.91,242215604.38,634166.5300000012,142882543.0,201.95789715218902,201.95789715218902,48091509.019999996,48091509.019999996,0.0,23812641.0,174.5349043377282,174.15446951364834,290941279.93,290307113.4,634166.530000031,166695184.0,ok
2009-03-30,162.3259412714278,161.90197566245686,233244305.86,232635114.48,609191.380000025,143688867.0,193.72809399214887,193.72809399214887,46557161.75,46557161.75,0.0,24032220.0,166.82545565066604,166.4622387225525,279801467.61,279192276.23,609191.3799999952,167721087.0,ok
2009-03-31,163.08403005033105,162.67545324406368,236796705.32999998,236203455.07999998,593250.25,145199199.0,192.2925221007271,192.2925221007271,46382954.25,46382954.25,0.0,24121039.0,167.2450162632065,166.89464453150603,283179659.58,282586409.33,593250.25,169320238.0,ok
2009-04-01,167.7860013820108,167.3731027161619,247087840.15999997,246479790.39,608049.7699999809,147263680.0,199.06654018680103,199.06654018680103,48205380.06,48205380.06,0.0,24215712.0,172.2033282110074,171.84873763140004,295293220.21999997,294685170.45,608049.7699999809,171479392.0,ok
2009-04-02,170.5582562575692,170.13203176151725,251931723.12,251302146.61,629576.5099999905,147710072.0,200.83873365298496,200.83873365298496,49155655.63,49155655.63,0.0,24475187.0,174.86245948034377,174.49682045081457,301087378.75,300457802.24,629576.5099999905,172185259.0,ok
2009-04-03,171.2511326369985,170.8221942704364,253679188.57000002,253043789.93,635398.6400000155,148132853.0,201.36432635515425,201.36432635515425,49812681.46,49812681.46,0.0,24737590.0,175.56030097637918,175.19274326728024,303491870.03000003,302856471.39,635398.6400000453,172870443.0,ok
2009-04-06,171.2951852227419,170.86626925978422,249519113.44000003,248894328.04,624785.4000000358,145666157.0,200.90671460278196,200.90671460278196,49320713.93,49320713.93,0.0,24549062.0,175.56586839041697,175.19881225779227,298839827.37,298215041.96999997,624785.4000000358,170215219.0,ok
2009-04-07,172.44329697048295,172.01983818203865,254764683.32,254139072.78,625610.5399999917,147738235.0,204.04221694112186,204.04221694112186,50648764.94,50648764.94,0.0,24822689.0,176.9887649998907,176.62622026757347,305413448.26,304787837.72,625610.5399999619,172560924.0,ok
2009-04-08,168.27993488351183,167.88703274194097,248842385.34,248261384.96000004,581000.3799999654,147874068.0,202.0430412294868,202.0430412294868,49979298.21,49979298.21,0.0,24736956.0,173.11853937556157,172.7819441995779,298821683.55,298240683.17,581000.3799999952,172611024.0,ok
2009-04-09,173.9721616705993,173.59411611773865,266849127.79000002,266269258.43,579869.3600000143,153386108.0,209.5567231870607,209.5567231870607,53662015.76,53662015.76,0.0,25607394.0,179.0630050637257,178.7390439402655,320511143.55,319931274.19,579869.3600000143,178993502.0,ok
2009-04-10,175.40219791461337,175.02968889014338,273927268.28000003,273345517.42,581750.8600000143,156170944.0,210.36874587074016,210.36874587074016,54391087.48,54391087.48,0.0,25855118.0,180.36887254090024,180.04927497689866,328318355.76000005,327736604.90000004,581750.8600000143,182026062.0,ok
2009-04-13,177.3698012911175,176.9992783550172,276656047.07,276078116.61,577930.4599999785,155976973.0,213.0604930803409,213.0604930803409,55159676.349999994,55159676.349999994,0.0,25889209.0,182.4504807716258,182.13270291229847,331815723.41999996,331237792.96000004,577930.4599999189,181866182.0,ok
2009-04-14,178.09900972292854,177.74806511420437,272631600.71,272094379.36,537221.3499999642,153078673.0,214.86598288098273,214.86598288098273,54593903.11,54593903.11,0.0,25408351.0,183.33293731201434,183.03195109018122,327225503.82,326688282.47,537221.3499999642,178487024.0,ok
2009-04-15,177.51573237897725,177.16400779913664,269915692.4,269380889.19,534803.2099999785,152051702.0,217.35659814250087,217.35659814250087,54405523.72,54405523.72,0.0,25030537.0,183.14723032161345,182.84522193668445,324321216.12,323786412.90999997,534803.2100000381,177082239.0,ok
2009-04-16,179.31683059761107,178.9551248970924,274222016.90999997,273668874.93,553141.9799999595,152925978.0,218.41507613276926,218.41507613276926,55656092.870000005,55656092.870000005,0.0,25481800.0,184.90119291772132,184.5911492715301,329878109.78,329324967.8,553141.9799999595,178407778.0,ok
2009-04-17,168.3913495569241,168.06094397570993,259831791.04000002,259321967.5,509823.54000002146,154302339.0,204.698306117271,204.698306117271,54038293.550000004,54038293.550000004,0.0,26398994.0,173.69550040341983,173.4133643884077,313870084.59000003,313360261.05,509823.54000002146,180701333.0,ok
2009-04-20,167.9855534733862,167.66409225052834,262549081.54,262046661.26,502420.2800000012,156292655.0,204.6387172324571,204.6387172324571,54660339.71,54660339.71,0.0,26710654.0,173.33534731331005,173.06080567647,317209421.25,316707000.96999997,502420.280000031,183003309.0,ok
2009-04-21,172.56098244277877,172.22476032721158,275440792.73,274904117.03,536675.7000000477,159619393.0,209.82988416658662,209.82988416658662,56900753.129999995,56900753.129999995,0.0,27117564.0,177.97309713041966,177.68570051187027,332341545.86,331804870.15999997,536675.7000000477,186736957.0,ok
2009-04-22,173.15730161295107,172.83613493679405,279369599.12,278851433.24,518165.87999999523,161338619.0,212.70117314014402,212.70117314014402,57887877.08,57887877.08,0.0,27215589.0,178.86499578943366,178.59018575708475,337257476.2,336739310.32,518165.87999999523,188554208.0,ok
2009-04-23,172.2803831328384,171.96420493379281,280909058.40999997,280393519.03999996,515539.37000000477,163053421.0,211.36890689501953,211.36890689501953,57782148.47,57782148.47,0.0,27337109.0,177.89288515557996,177.6221052118506,338691206.88,338175667.51,515539.37000000477,190390530.0,ok
2009-04-24,172.6328457550993,172.31362115894996,283428507.76,282904405.0,524102.75999999046,164179943.0,212.32152194372756,212.32152194372756,59201614.20999999,59201614.20999999,0.0,27883002.0,178.394703866485,178.1218231398045,342630121.96999997,342106019.21,524102.75999999046,192062945.0,ok
2009-04-27,165.78747990054936,165.46245343670944,267310749.01999998,266786686.12,524062.89999997616,161236994.0,204.14135318277508,204.14135318277508,56704829.53,56704829.53,0.0,27777238.0,171.42390555542926,171.1466444759567,324015578.54999995,323491515.65,524062.89999997616,189014232.0,ok
2009-04-28,161.58783987456968,161.2635464177027,260015726.05,259493895.95,521830.10000002384,160912929.0,196.08814602460254,196.08814602460254,54642009.05,54642009.05,0.0,27866044.0,166.6804994749071,166.4040756276389,314657735.1,314135905.0,521830.10000002384,188778973.0,ok
2009-04-29,160.67598067729958,160.34386286379353,257132453.56000003,256600959.88,531493.680000037,160031669.0,190.3348255126428,190.3348255126428,52739711.21,52739711.21,0.0,27708913.0,165.0533738997358,164.77027385054126,309872164.77000004,309340671.09,531493.6800000668,187740582.0,ok
2009-04-30,170.98600796134423,170.63651877111752,273296891.33,272738282.40999997,558608.9200000167,159835822.0,202.1741746091211,202.1741746091211,56113996.12,56113996.12,0.0,27755274.0,175.60049196044997,175.30271187817996,329410887.45,328852278.53,558608.9200000167,187591096.0,ok
2009-05-01,,,,,,,,,,,,,,,,,,,data unavailable: TWSE MI_MARGN total 20090501: missing tables (keys=stat; stat='很抱歉，沒有符合條件的資料')
2009-05-04,178.12516893524574,177.64344335199183,286294394.18,285520133.39,774260.7900000215,160726525.0,206.5025392391708,206.5025392391708,57620899.13,57620899.13,0.0,27903240.0,182.32291881930723,181.91245295778214,343915293.31,343141032.52,774260.7900000215,188629765.0,ok
2009-05-05,176.8150830704584,176.28434306667359,283300493.98,282450120.23,850373.75,160224167.0,205.34334699732204,205.34334699732204,58299384.89,58299384.89,0.0,28391173.0,181.1092771510525,180.65842636129173,341599878.87,340749505.12,850373.75,188615340.0,ok
2009-05-06,181.39186222517947,180.8439840963501,299106071.31,298202647.79,903423.5199999809,164894978.0,211.84831997452002,211.84831997452002,60874006.74,60874006.74,0.0,28734713.0,185.9116110710521,185.44503824570998,359980078.05,359076654.53000003,903423.5199999809,193629691.0,ok
2009-05-07,181.57478546474857,181.10694052307255,308155625.27,307361632.59,793992.6800000072,169712785.0,214.6479385367616,214.6479385367616,62766092.349999994,62766092.349999994,0.0,29241414.0,186.43573218577808,186.03664903800293,370921717.62,370127724.93999994,793992.6800000668,198954199.0,ok
2009-05-08,181.2664529881332,180.83348845337025,315364055.91999996,314610792.15,753263.7699999809,173978169.0,216.8810803648792,216.8810803648792,64951049.28999999,64951049.28999999,0.0,29947771.0,186.4966787501384,186.12729770425474,380315105.2099999,379561841.43999994,753263.7699999809,203925940.0,ok
2009-05-11,182.29584952071528,181.8959287060004,323331379.65,322622054.95000005,709324.6999999285,177366287.0,218.51834263537825,218.51834263537825,66326096.8,66326096.8,0.0,30352645.0,187.58881181326313,187.2473288809323,389657476.45,388948151.75000006,709324.6999999285,207718932.0,ok
2009-05-12,175.40922629307155,175.00891063222582,311769254.07,311057740.1,711513.969999969,177738230.0,212.23417348576774,212.23417348576774,64569036.18,64569036.18,0.0,30423487.0,180.791307678347,180.44949940531095,376338290.25,375626776.28000003,711513.969999969,208161717.0,ok
2009-05-13,177.79930485577856,177.42102118528464,326176898.14,325482928.08000004,693970.0599999428,183452291.0,214.96028043315607,214.96028043315607,66627968.58,66627968.58,0.0,30995479.0,183.1704133458697,182.8468053829611,392804866.71999997,392110896.66,693970.0599999428,214447770.0,ok
2009-05-14,175.20332531657382,174.8467409818325,326467400.88,325802954.81,664446.0699999928,186336304.0,214.13002271714237,214.13002271714237,67788406.80000001,67788406.80000001,0.0,31657591.0,180.85635273409838,180.55155242306213,394255807.68,393591361.61,664446.0699999928,217993895.0,ok
2009-05-15,178.57348619893162,178.20769851795336,339713316.15999997,339017451.68,695864.4799999595,190237265.0,217.2413284390054,217.2413284390054,69687153.44,69687153.44,0.0,32078221.0,184.1529247314782,183.83991708072014,409400469.59999996,408704605.12,695864.4799999595,222315486.0,ok
2009-05-18,180.4944920054066,180.13553218064,347641154.61,346949780.56,691374.0500000119,192604855.0,218.42715790384858,218.42715790384858,70654414.34,70654414.34,0.0,32346900.0,185.94901335621944,185.64167009943975,418295568.95000005,417604194.9,691374.0500000715,224951755.0,ok
2009-05-19,179.8984199863577,179.5550044798715,347784137.37,347120237.9,663899.4700000286,193322508.0,218.07553491009543,218.07553491009543,71146870.67,71146870.67,0.0,32624875.0,185.41086976873726,185.11704053239686,418931008.04,418267108.57,663899.4700000286,225947383.0,ok
2009-05-20,180.73156151675377,180.384626914826,352244672.97999996,351568499.63,676173.3499999642,194899369.0,221.4513121013839,221.4513121013839,73882989.49,73882989.49,0.0,33363085.0,186.68320391841576,186.38697764985915,426127662.46999997,425451489.12,676173.3499999642,228262454.0,ok
2009-05-21,182.00124947792824,181.65885809893803,359385622.3,358709525.08000004,676097.219999969,197463272.0,224.06662585851618,224.06662585851618,76537146.36,76537146.36,0.0,34158209.0,188.2048101833871,187.9129127233238,435922768.66,435246671.44000006,676097.219999969,231621481.0,ok
2009-05-22,183.29329598646126,182.98773287772357,370348578.73,369731181.01,617397.7200000286,202052441.0,228.54560073878295,228.54560073878295,79951974.95,79951974.95,0.0,34982942.0,189.9718717015341,189.71140522088214,450300553.68,449683155.96,617397.7200000286,237035383.0,ok
2009-05-25,182.7616678123177,182.4618131865058,375658255.98,375041918.5,616337.4800000191,205545430.0,228.5149064111129,228.5149064111129,81042448.22,81042448.22,0.0,35464841.0,189.49429097152463,189.23856017737936,456700704.20000005,456084366.72,616337.4800000191,241010271.0,ok
2009-05-26,176.6938617326853,176.40070109656676,361196180.37,360596903.74,599276.6299999952,204419201.0,216.59883779661274,216.59883779661274,77447556.96,77447556.96,0.0,35756220.0,182.6347323567302,182.38521613749975,438643737.33,438044460.7,599276.6299999952,240175421.0,ok
2009-05-27,181.18701797921153,180.90285431011287,378941755.14,378347443.90999997,594311.2300000191,209143988.0,223.15757378255955,223.15757378255955,81777547.9,81777547.9,0.0,36645652.0,187.44455748419665,187.20276078763936,460719303.03999996,460124991.80999994,594311.2300000191,245789640.0,ok
2009-05-28,,,,,,,,,,,,,,,,,,,data unavailable: TWSE MI_MARGN total 20090528: missing tables (keys=stat; stat='很抱歉，沒有符合條件的資料')
2009-05-29,,,,,,,,,,,,,,,,,,,data unavailable: TWSE MI_MARGN total 20090529: missing tables (keys=stat; stat='很抱歉，沒有符合條件的資料')
2009-06-01,181.11402957794115,180.83745066542596,377346179.68,376769935.0,576244.6800000072,208347294.0,219.85515953942812,219.85515953942812,80272363.81,80272363.81,0.0,36511476.0,186.8908119933789,186.65547442307252,457618543.49,457042298.81,576244.6800000072,244858770.0,ok
2009-06-02,178.4171077821166,178.15338343966275,369716159.12,369169669.2,546489.9200000167,207220128.0,211.41150501742212,211.41150501742212,77201264.02,77201264.02,0.0,36517059.0,183.3603762482087,183.13616346938474,446917423.14,446370933.21999997,546489.9200000167,243737187.0,ok
2009-06-03,175.72962030617023,175.47363881964148,365169632.2,364637697.6,531934.5999999642,207801981.0,207.37890388111958,207.37890388111958,76504375.4,76504375.4,0.0,36891108.0,180.50121865109153,180.28383016571425,441674007.6,441142073.0,531934.6000000238,244693089.0,ok
2009-06-04,174.79772173793685,174.52650019912625,368927311.13,368354872.13,572439.0,211059565.0,210.2457158854405,210.2457158854405,78637843.49,78637843.49,0.0,37402828.0,180.13396281665854,179.90357020347943,447565154.62,446992715.62,572439.0,248462393.0,ok
2009-06-05,174.72037021775643,174.45044226743028,371271191.07000005,370697609.0,573582.0700000525,212494508.0,210.88212088122575,210.88212088122575,79489611.41,79489611.41,0.0,37693860.0,180.1685690199634,179.93930893301962,450760802.48,450187220.40999997,573582.0700000525,250188368.0,ok
2009-06-08,170.66729900611986,170.4092353074814,363596099.15999997,363046310.45000005,549788.7099999189,213043800.0,206.49051971359125,206.49051971359125,78485045.65,78485045.65,0.0,38009031.0,176.09088216575418,175.87188893321024,442081144.80999994,441531356.1,549788.7099999189,251052831.0,ok
2009-06-09,163.1635261018245,162.8944124966071,341303548.36,340740619.68,562928.6800000072,209178826.0,196.28939943079655,196.28939943079655,73243919.19,73243919.19,0.0,37314251.0,168.1781381430035,167.94976309618627,414547467.55,413984538.87,562928.6800000072,246493077.0,ok
2009-06-10,162.89071757114044,162.61610972910537,337599368.46,337030229.62,569138.8399999738,207255130.0,192.5538904255965,192.5538904255965,70747399.46000001,70747399.46000001,0.0,36741610.0,167.35746875962357,167.1242120202098,408346767.91999996,407777629.08000004,569138.8399999142,243996740.0,ok
2009-06-11,167.52650248188885,167.2441093030158,346634741.98,346050432.72,584309.2599999905,206913376.0,198.6759391157705,198.6759391157705,72917880.26,72917880.26,0.0,36701918.0,172.2193280032739,171.97947883354155,419552622.24,418968312.98,584309.2599999905,243615294.0,ok
2009-06-12,165.33363620398575,165.05317148628166,343300241.95000005,342717882.5,582359.4500000477,207640895.0,197.41329288661998,197.41329288661998,72551823.19,72551823.19,0.0,36751235.0,170.1577154468927,169.91942649298895,415852065.14000005,415269705.69,582359.4500000477,244392130.0,ok
2009-06-15,158.04532548040814,157.76624391103866,321949961.72,321381452.02000004,568509.6999999881,203707361.0,186.93581939374027,186.93581939374027,67018246.57999999,67018246.57999999,0.0,35850939.0,162.3689132457527,162.13159744412948,388968208.3,388399698.6,568509.6999999881,239558300.0,ok
2009-06-16,158.1140871305778,157.8279397411284,321589399.21,321007401.94,581997.2699999809,203390732.0,187.08384919334472,187.08384919334472,66712645.11,66712645.11,0.0,35659222.0,162.4355235475176,162.19206093216818,388302044.32,387720047.05,581997.2699999809,239049954.0,ok
2009-06-17,158.12851607650308,157.8292355959559,322509718.31,321899323.26,610395.0500000119,203954180.0,185.9386032397665,185.9386032397665,65985642.35999999,65985642.35999999,0.0,35487866.0,162.2502677203151,161.99534380022797,388495360.67,387884965.62,610395.0500000119,239442046.0,ok
2009-06-18,157.2851520057333,156.98346390549264,320468567.99,319853878.35,614689.6399999857,203750045.0,186.60601918415375,186.60601918415375,65977889.0,65977889.0,0.0,35356785.0,161.62083575362527,161.36375834600793,386446456.99,385831767.35,614689.6399999857,239106830.0,ok
2009-06-19,160.92667842026322,160.6179162486905,327581144.47,326952630.5,628513.9700000286,203559253.0,189.90449200929382,189.90449200929382,66821342.28,66821342.28,0.0,35186815.0,165.19747950362057,164.93422324341694,394402486.75,393773972.78,628513.9700000286,238746068.0,ok
2009-06-22,164.07144227165452,163.76415983910942,333039004.44,332415269.84000003,623734.5999999642,202984139.0,194.66281871372612,194.66281871372612,68513077.95,68513077.95,0.0,35195770.0,168.59192031599943,168.33004491155467,401552082.39,400928347.79,623734.5999999642,238179909.0,ok
2009-06-23,161.35005897732498,161.03657667140888,329469440.28,328829323.75,640116.5299999714,204195426.0,193.13650347695875,193.13650347695875,67914643.69,67914643.69,0.0,35164064.0,166.019773843101,165.75234491016002,397384083.96999997,396743967.44,640116.5299999714,239359490.0,ok
2009-06-24,165.3528588947601,165.023998438801,337221749.79,336551069.53000003,670680.2599999905,203940683.0,194.7314355346506,194.7314355346506,68242720.24,68242720.24,0.0,35044532.0,169.66090142019874,169.3802647038228,405464470.03000003,404793789.77000004,670680.2599999905,238985215.0,ok
2009-06-25,167.65069577959116,167.33003530198823,341406874.47999996,340753875.75,652998.7299999595,203641788.0,200.20282545739127,200.20282545739127,70877049.53,70877049.53,0.0,35402622.0,172.47168591392702,172.19851544740158,412283924.01,411630925.28,652998.7300000191,239044410.0,ok
2009-06-26,167.67879978727564,167.38991251801593,340587824.96,340001039.46999997,586785.4900000095,203119193.0,202.10907517451258,202.10907517451258,71901075.55000001,71901075.55000001,0.0,35575382.0,172.81033744063936,172.56450634456186,412488900.51,411902115.02,586785.4900000095,238694575.0,ok
2009-06-29,165.30369936745936,165.0187863984677,335318648.39,334740702.27,577946.1200000048,202850057.0,196.8245960959885,196.8245960959885,69739125.11,69739125.11,0.0,35432119.0,169.9907984305129,169.7482514932212,405057773.5,404479827.38,577946.1200000048,238282176.0,ok
2009-06-30,165.61379214038988,165.3245436687618,334291038.65,333707191.31,583847.3399999738,201849758.0,196.4393440238437,196.4393440238437,70037603.67,70037603.67,0.0,35653552.0,170.24126624593148,169.99543921303666,404328642.32,403744794.98,583847.3399999738,237503310.0,ok
2009-07-01,170.1370606670972,169.85142812500865,343416733.19,342840192.17,576541.0199999809,201847106.0,201.08816012923785,201.08816012923785,71810401.83,71810401.83,0.0,35710905.0,174.78978430241193,174.54708946860143,415227135.02,414650594.0,576541.0199999809,237558011.0,ok
2009-07-02,172.41998287720767,172.12926044273405,346823835.25,346239045.32,584789.9300000072,201150603.0,203.91702344210162,203.91702344210162,73201040.08,73201040.08,0.0,35897464.0,177.18974917015458,176.94305239789193,420024875.33,419440085.4,584789.9300000072,237048067.0,ok
2009-07-03,172.8158068358026,172.52906150397612,350571487.84,349989800.67,581687.1699999571,202858462.0,207.00594220825343,207.00594220825343,74801355.02,74801355.02,0.0,36134883.0,177.98522501118177,177.74183448078858,425372842.85999995,424791155.69,581687.1699999571,238993345.0,ok
2009-07-06,173.0949702127492,172.81993463112497,352841249.67,352280610.04999995,560639.6200000644,203842578.0,208.58761844148083,208.58761844148083,76058285.76,76058285.76,0.0,36463471.0,178.48054063341536,178.24723829985652,428899535.43,428338895.80999994,560639.6200000644,240306049.0,ok
2009-07-07,174.94469239363255,174.68022607372023,356690625.62,356151411.45,539214.1700000167,203887652.0,211.26641209437338,211.26641209437338,77388686.74000001,77388686.74000001,0.0,36630852.0,180.4764727623618,180.25228453524724,434079312.36,433540098.19,539214.1700000167,240518504.0,ok
2009-07-08,173.82684820671577,173.5587478352171,355836758.69,355287936.87,548821.8199999928,204707594.0,209.36212315832,209.36212315832,77396874.53999999,77396874.53999999,0.0,36967945.0,179.26250832940113,179.03541798245456,433233633.23,432684811.40999997,548821.8200000525,241675539.0,ok
2009-07-09,174.88875198072972,174.63168088520786,359389799.01,358861527.59000003,528271.4199999571,205496234.0,211.56139937778647,211.56139937778647,78688785.80000001,78688785.80000001,0.0,37194302.0,180.5091339902929,180.29146113468556,438078584.81,437550313.39000005,528271.4199999571,242690536.0,ok
2009-07-10,174.2280465459633,173.97283465191163,357565373.03999996,357041605.84000003,523767.1999999285,205228366.0,210.5304103308,210.5304103308,78273261.25999999,78273261.25999999,0.0,37179076.0,179.79589681904235,179.57982787508647,435838634.29999995,435314867.1,523767.1999999285,242407442.0,ok
2009-07-13,166.74532152086041,166.48565609882792,334960981.60999995,334439361.07,521620.53999996185,200881787.0,202.01516223409294,202.01516223409294,74032710.64,74032710.64,0.0,36647106.0,172.18692306623933,171.9673200809301,408993692.24999994,408472071.71,521620.53999996185,237528893.0,ok
2009-07-14,170.778583753234,170.5082261936711,343368873.82,342825290.61,543583.2099999785,201060851.0,207.98149077727848,207.98149077727848,77251457.35999998,77251457.35999998,0.0,37143429.0,176.57966984472318,176.35146940684695,420620331.17999995,420076747.97,543583.2099999189,238204280.0,ok
2009-07-15,173.54976545213333,173.28797482829296,347398661.28,346874628.81,524032.469999969,200172360.0,211.43655281372062,211.43655281372062,79430488.2,79430488.2,0.0,37567056.0,179.53655168396642,179.31612863472333,426829149.47999996,426305117.01,524032.469999969,237739416.0,ok
2009-07-16,173.32814650287625,173.06755543759434,346195553.86,345675064.43,520489.43000000715,199734181.0,211.4883506270409,211.4883506270409,79530617.22999999,79530617.22999999,0.0,37605200.0,179.37443389978338,179.15513214387292,425726171.09000003,425205681.65999997,520489.43000006676,237339381.0,ok
2009-07-17,175.98458400516083,175.73794574736118,354268638.9,353772139.73,496499.1699999571,201306632.0,216.77329076616806,216.77329076616806,83151019.59,83151019.59,0.0,38358517.0,182.51283522661862,182.30567153508,437419658.49,436923159.32000005,496499.1699999571,239665149.0,ok
2009-07-20,178.01529992432077,177.769548743532,359854240.32,359357459.4,496780.9200000167,202147928.0,219.62526307997402,219.62526307997402,85447284.06,85447284.06,0.0,38905945.0,184.73112206747246,184.5250349742358,445301524.38,444804743.46,496780.9200000167,241053873.0,ok
2009-07-21,177.4469801679044,177.21940682552943,360272360.56,359810316.15,462044.4100000262,203030990.0,215.89846468177765,215.89846468177765,84336648.27000001,84336648.27000001,0.0,39063107.0,183.6513216718374,183.46046843926143,444609008.83000004,444146964.41999996,462044.41000008583,242094097.0,ok
2009-07-22,177.9486999203108,177.73029838820707,364192191.99,363745208.49,446983.5,204661339.0,217.17416871186654,217.17416871186654,85294915.87,85294915.87,0.0,39274890.0,184.26418646489776,184.08094861546786,449487107.86,449040124.36,446983.5,243936229.0,ok
2009-07-23,176.95830761136895,176.7394421330435,364487125.94,364036321.17,450804.7699999809,205973447.0,215.44634829735384,215.44634829735384,84922420.32,84922420.32,0.0,39416969.0,183.1406269183716,182.95691771841652,449409546.26,448958741.49,450804.7699999809,245390416.0,ok
2009-07-24,175.9595963631579,175.73628230342342,362510119.89,362050050.6,460069.28999996185,206018954.0,214.68323763800652,214.68323763800652,85171564.25,85171564.25,0.0,39673132.0,182.21249671835176,182.02524229860623,447681684.14,447221614.85,460069.28999996185,245692086.0,ok
2009-07-27,176.77626974985264,176.55792158160048,363644143.43000007,363194982.28,449161.15000009537,205708687.0,215.0913530389789,215.0913530389789,86471640.91,86471640.91,0.0,40202286.0,183.04013800148724,182.8574860667157,450115784.34000003,449666623.18999994,449161.15000009537,245910973.0,ok
2009-07-28,179.33375262096112,179.1164987304037,370484326.27,370035503.0,448823.2699999809,206589290.0,219.25836985167314,219.25836985167314,89545578.69,89545578.69,0.0,40840210.0,185.92362873464964,185.7422343293746,460029904.96,459581081.69,448823.2699999809,247429500.0,ok
2009-07-29,177.79799048394926,177.59215737890014,367822394.9100001,367396574.42999995,425820.4800001383,206876576.0,216.89816281478502,216.89816281478502,89680178.46000001,89680178.46000001,0.0,41346675.0,184.31092636442833,184.13937898589523,457502573.3700001,457076752.89,425820.4800001383,248223251.0,ok
2009-07-30,176.04437394621485,175.83932175092377,367089344.64,366661767.91999996,427576.7200000286,208520918.0,214.49298824159803,214.49298824159803,88898813.24000001,88898813.24000001,0.0,41446023.0,182.41938556186915,182.248332254464,455988157.88,455560581.15999997,427576.7200000286,249966941.0,ok
2009-07-31,176.13381061327945,175.93245568902537,367007724.39,366588163.76,419560.62999999523,208368696.0,214.04400172313655,214.04400172313655,90032964.57,90032964.57,0.0,42062830.0,182.5012594300927,182.33372436104548,457040688.96,456621128.33,419560.62999999523,250431526.0,ok
2009-08-03,175.51911088973262,175.3218224548993,366865805.04,366453437.52,412367.52000004053,209017584.0,212.1353151109754,212.1353151109754,89383713.54,89383713.54,0.0,42135235.0,181.6621132888817,181.49792340574925,456249518.58000004,455837151.06,412367.52000004053,251152819.0,ok
2009-08-04,171.27502795703526,171.07678521027785,355482382.43,355070928.38,411454.0500000119,207550620.0,205.7786673784768,205.7786673784768,86095471.19,86095471.19,0.0,41838871.0,177.0635369795915,176.89855246145876,441577853.62,441166399.57,411454.0500000119,249389491.0,ok
2009-08-05,167.5702845920075,167.37870214521743,346505924.87,346109766.01,396158.8600000143,206782441.0,201.99980505210485,201.99980505210485,84168357.65,84168357.65,0.0,41667544.0,173.34445905480734,173.18500689786717,430674282.52,430278123.65999997,396158.8600000143,248449985.0,ok
2009-08-06,167.719238731296,167.52132431160774,347637913.65999997,347227689.07,410224.5899999738,207273725.0,204.7824665420415,204.7824665420415,85383310.16,85383310.16,0.0,41694639.0,173.92620366015657,173.76143389446864,433021223.81999993,432610999.23,410224.58999991417,248968364.0,ok
2009-08-07,,,,,,,,,,,,,,,,,,,data unavailable: TWSE MI_MARGN total 20090807: missing tables (keys=stat; stat='很抱歉，沒有符合條件的資料')
2009-08-10,168.20797856570007,168.00633174821414,349891555.82000005,349472107.71000004,419448.1100000143,208011272.0,204.197667207697,204.197667207697,85164398.43,85164398.43,0.0,41706842.0,174.21882108640307,174.05085245037532,435055954.25000006,434636506.14000005,419448.1100000143,249718114.0,ok
2009-08-11,169.89191884546486,169.68296362387733,353861218.0,353425993.36,435224.6399999857,208286080.0,207.1903489753732,207.1903489753732,86647122.03999999,86647122.03999999,0.0,41820057.0,176.12856098768978,175.95454500982518,440508340.03999996,440073115.4,435224.6399999857,250106137.0,ok
2009-08-12,169.48404786918493,169.27964547686733,355396857.35,354968239.03,428618.32000005245,209693397.0,207.49204784818676,207.49204784818676,87168349.24000001,87168349.24000001,0.0,42010453.0,175.82774621445006,175.65745945880445,442565206.59000003,442136588.27,428618.32000005245,251703850.0,ok
2009-08-13,172.33228215587422,172.12857757239843,361403889.92999995,360976694.12,427195.8099999428,209713401.0,209.8470101472623,209.8470101472623,88951159.38,88951159.38,0.0,42388576.0,178.64003078008386,178.47057720614384,450355049.30999994,449927853.5,427195.8099999428,252101977.0,ok
2009-08-14,171.76168818829015,171.50983415479968,360609420.12,360080658.79999995,528761.3200000525,209947529.0,208.7097403489529,208.7097403489529,88838853.78,88838853.78,0.0,42565744.0,177.98996011587874,177.78056069947655,449448273.9,448919512.5799999,528761.3200000525,252513273.0,ok
2009-08-17,168.36053448690458,168.06182133132205,353236678.45,352609949.37,626729.0799999833,209809668.0,203.48484844711678,203.48484844711678,86613950.44,86613950.44,0.0,42565307.0,174.2845656111506,174.03623311304935,439850628.89,439223899.81,626729.0799999833,252374975.0,ok
2009-08-18,163.6093394067835,163.21400337046435,339207177.7,338387537.32,819640.3799999952,207327515.0,196.76095628434175,196.76095628434175,82601449.69,82601449.69,0.0,41980610.0,169.19168895518345,168.86292294324542,421808627.39,420988987.01,819640.3799999952,249308125.0,ok
2009-08-19,164.18261258946808,163.7206799698953,340080610.13,339123783.31,956826.8199999928,207135582.0,197.33438284291387,197.33438284291387,82706074.16,82706074.16,0.0,41911639.0,169.76165507584602,169.37746013636507,422786684.28999996,421829857.47,956826.8199999332,249047221.0,ok
2009-08-20,161.60985207334235,161.08655114555518,332074180.27,330998907.16999996,1075273.1000000238,205478921.0,193.18442042295752,193.18442042295752,80094996.74,80094996.74,0.0,41460381.0,166.91112903931347,166.4756887949736,412169177.01,411093903.90999997,1075273.1000000238,246939302.0,ok
2009-08-21,159.10157263363143,158.57252132328878,322996702.23,321922659.87,1074042.3600000143,203012891.0,190.55971801718383,190.55971801718383,78386448.45,78386448.45,0.0,41134847.0,164.40174869856875,163.96183376476745,401383150.68,400309108.32,1074042.3600000143,244147738.0,ok
2009-08-24,163.67784837228405,163.1382295155462,331886140.82,330791966.98,1094173.8399999738,202767903.0,195.74001601583038,195.74001601583038,80513844.53,80513844.53,0.0,41133053.0,169.08502209806838,168.63640809591578,412399985.35,411305811.51,1094173.8400000334,243900956.0,ok
2009-08-25,162.6177845501987,162.0943737383333,329854429.68000007,328792741.53000003,1061688.1500000358,202840317.0,195.66373575197258,195.66373575197258,80516646.66999999,80516646.66999999,0.0,41150521.0,168.1911827976098,167.75604836440624,410371076.35,409309388.20000005,1061688.1499999762,243990838.0,ok
2009-08-26,159.49754194869007,158.96496058772033,320586287.2,319515811.26,1070475.9399999976,200997635.0,192.7833428928579,192.7833428928579,78999390.58,78999390.58,0.0,40978328.0,165.1344508875867,164.69206151687058,399585677.78,398515201.84,1070475.9399999976,241975963.0,ok
2009-08-27,159.19630605353333,158.66560378695812,319403702.87,318338927.73,1064775.1399999857,200635122.0,192.17546099777957,192.17546099777957,78781688.37,78781688.37,0.0,40994666.0,164.7915162016365,164.3508523460692,398185391.24,397120616.1,1064775.1399999857,241629788.0,ok
2009-08-28,161.58032758399744,161.0317822951248,323064770.17,321968005.11,1096765.0600000024,199940658.0,195.13329534796407,195.13329534796407,79932724.96000001,79932724.96000001,0.0,40963140.0,167.28565447108477,166.83038350022196,402997495.13,401900730.07000005,1096765.0599999428,240903798.0,ok
2009-08-31,163.13193978109902,162.58273052242404,326928658.53,325828001.93,1100656.5999999642,200407510.0,196.65417064390616,196.65417064390616,80858877.44,80858877.44,0.0,41117296.0,168.83878005060896,168.38306843314473,407787535.96999997,406686879.37,1100656.5999999642,241524806.0,ok
2009-09-01,168.24567594414611,167.6330557962797,340517126.01,339277226.97,1239899.0399999619,202392795.0,203.5700513800257,203.5700513800257,84782248.35999998,84782248.35999998,0.0,41647702.0,174.2740977822218,173.76602676317285,425299374.37,424059475.33000004,1239899.0399999619,244040497.0,ok
2009-09-02,169.38128133597857,168.75350560835193,346976530.06000006,345690535.28,1285994.7800000906,204849395.0,206.62136357639343,206.62136357639343,87105959.18,87105959.18,0.0,42157286.0,175.73714503697983,175.2165134594072,434082489.24000007,432796494.46,1285994.7800000906,247006681.0,ok
2009-09-03,170.72507943971053,170.0396157590441,352549433.35,351133942.24,1415491.1100000143,206501256.0,207.99339867975002,207.99339867975002,88599755.05,88599755.05,0.0,42597388.0,177.09818942250044,176.52994421358633,441149188.40000004,439733697.29,1415491.1100000143,249098644.0,ok
2009-09-04,170.94653564935834,170.25666979962713,356385922.01,354947703.47,1438218.5399999619,208478002.0,208.7418061599763,208.7418061599763,89558645.05000001,89558645.05000001,0.0,42904029.0,177.39715336296254,176.82502872291616,445944567.06,444506348.52000004,1438218.5399999619,251382031.0,ok
2009-09-07,172.2924377362588,171.5957571702882,359264251.47,357811532.90999997,1452718.560000062,208520035.0,209.498607176698,209.498607176698,90589935.89000002,90589935.89000002,0.0,43241307.0,178.68278894064682,178.10576684962217,449854187.36,448401468.79999995,1452718.560000062,251761342.0,ok
2009-09-08,173.07185911346946,172.41085305184126,359672350.85,358298669.39,1373681.4600000381,207816772.0,208.09428185896172,208.09428185896172,90236778.71000001,90236778.71000001,0.0,43363411.0,179.11808335612213,178.57119249729985,449909129.56000006,448535448.1,1373681.4600000381,251180183.0,ok
2009-09-09,170.9979171630764,170.32759739926325,357343844.71999997,355943040.28,1400804.4399999976,208975554.0,204.89678905558867,204.89678905558867,89326400.50999999,89326400.50999999,0.0,43595803.0,176.84912910770004,176.29451180800362,446670245.22999996,445269440.78999996,1400804.4399999976,252571357.0,ok
2009-09-10,170.0442307372725,169.37628982388003,353118197.58000004,351731134.40000004,1387063.1800000072,207662557.0,201.8842758769451,201.8842758769451,87415952.02,87415952.02,0.0,43300030.0,175.53777830637364,174.98508111091476,440534149.6,439147086.42,1387063.1800000072,250962587.0,ok
2009-09-11,171.34405631034736,170.65160616654543,356965738.21,355523137.97,1442600.23999995,208332723.0,204.2621980782377,204.2621980782377,88861858.97999999,88861858.97999999,0.0,43503820.0,177.03054206473917,176.4577100909458,445827597.18999994,444384996.95000005,1442600.2399998903,251836543.0,ok
2009-09-14,169.7708599969184,169.08720935046833,355100872.98,353670916.5,1429956.480000019,209164796.0,203.8363600886583,203.8363600886583,88837163.04999998,88837163.04999998,0.0,43582589.0,175.6449571298235,175.07919203595318,443938036.03,442508079.54999995,1429956.480000019,252747385.0,ok
2009-09-15,171.79231744731794,171.1008684439734,360227716.56,358777831.61,1449884.949999988,209687908.0,207.17478828261883,207.17478828261883,90785894.09,90785894.09,0.0,43820918.0,177.90844514817798,177.33651833486857,451013610.65,449563725.70000005,1449884.9499999285,253508826.0,ok
2009-09-16,173.53895473455972,172.84740601760072,364472310.67,363019896.95000005,1452413.719999969,210023341.0,210.28332943939452,210.28332943939452,93145709.43,93145709.43,0.0,44295337.0,179.93881680212257,179.36771690044725,457618020.1,456165606.38000005,1452413.719999969,254318678.0,ok
2009-09-17,173.4860095400706,172.7890267913381,364507048.1,363042635.34999996,1464412.7500000596,210107460.0,209.20347590817988,209.20347590817988,93002068.38999999,93002068.38999999,0.0,44455317.0,179.72349370230197,179.14822784165335,457509116.49,456044703.73999995,1464412.7500000596,254562777.0,ok
2009-09-18,175.45716319567177,174.77201110878016,371614537.92,370163400.38,1451137.5400000215,211797872.0,214.21956217039678,214.21956217039678,96747597.41000001,96747597.41000001,0.0,45162821.0,182.26995337765533,181.7052220473269,468362135.33000004,466910997.79,1451137.5400000215,256960693.0,ok
2009-09-21,175.5773673827822,174.94579668317834,375910232.32,374558042.73,1352189.5899999738,214099481.0,216.92755492125775,216.92755492125775,98797435.72,98797435.72,0.0,45543977.0,182.8305907249163,182.30980364234713,474707668.03999996,473355478.45000005,1352189.5899999142,259643458.0,ok
2009-09-22,174.24300214273927,173.61451303726403,374404568.96,373054103.28999996,1350465.6700000167,214874953.0,215.63870961473182,215.63870961473182,98980300.38,98980300.38,0.0,45900989.0,181.5293488001282,181.01148443747158,473384869.34,472034403.66999996,1350465.6700000167,260775942.0,ok
2009-09-23,170.6510791967303,170.02491234737766,363876499.2,362541333.89000005,1335165.3099999428,213228361.0,209.92555354194064,209.92555354194064,95617447.43,95617447.43,0.0,45548265.0,177.56392983885647,177.04797701474013,459493946.63,458158781.32000005,1335165.3099999428,258776626.0,ok
2009-09-24,170.6100023932385,169.9884725221297,366443460.13,365108511.69,1334948.4399999976,214784277.0,209.97358393213594,209.97358393213594,96683382.38999999,96683382.38999999,0.0,46045498.0,177.55903923162145,177.04723093059448,463126842.52,461791894.08,1334948.4399999976,260829775.0,ok
2009-09-25,171.15711249519853,170.5331251934507,371382801.02,370028851.14,1353949.8799999952,216983563.0,211.5335467018477,211.5335467018477,98326391.80000001,98326391.80000001,0.0,46482647.0,178.28062005370631,177.7667211821964,469709192.82,468355242.94,1353949.8799999952,263466210.0,ok
2009-09-28,168.66507387687997,168.05341271632693,365523815.26,364198249.06,1325566.199999988,216715771.0,206.89371224222776,206.89371224222776,95815221.55000001,95815221.55000001,0.0,46311326.0,175.39601131285724,174.89204567010827,461339036.81,460013470.61,1325566.199999988,263027097.0,ok
2009-09-29,170.9014105390497,170.27772885595778,369494371.40999997,368145951.46000004,1348419.9499999285,216203231.0,207.30096358583418,207.30096358583418,95871220.84,95871220.84,0.0,46247359.0,177.3155062253813,176.80172572673587,465365592.25,464017172.3000001,1348419.9499999285,262450590.0,ok
2009-09-30,173.31103964321068,172.66125597126677,378785324.0,377365169.12,1420154.8799999952,218558105.0,211.65537414256636,211.65537414256636,98891439.91,98891439.91,0.0,46722858.0,180.06447146001955,179.5291315457114,477676763.90999997,476256609.03,1420154.8799999952,265280963.0,ok
2009-10-01,173.04049511728655,172.3975564643138,380831392.57,379416398.79999995,1414993.7700000405,220082237.0,210.9632423021163,210.9632423021163,98676546.09,98676546.09,0.0,46774284.0,179.68754777403396,179.15730262030957,479507938.65999997,478092944.89,1414993.769999981,266856521.0,ok
2009-10-02,171.0482649565743,170.39577582149468,378099331.47,376657015.14,1442316.330000043,221048329.0,209.03398111839647,209.03398111839647,97558324.58000001,97558324.58000001,0.0,46671036.0,177.67024662186842,177.13150474565035,475657656.0500001,474215339.72,1442316.330000043,267719365.0,ok
2009-10-05,172.64958445205647,171.99423879416054,385804242.75,384339801.71999997,1464441.030000031,223460858.0,212.1409657044425,212.1409657044425,99927007.77000001,99927007.77000001,0.0,47104060.0,179.5248453164205,178.98359220761947,485731250.52,484266809.49,1464441.0299999714,270564918.0,ok
2009-10-06,173.947978464264,173.27702517758593,388234741.88,386737240.28000003,1497501.5999999642,223190143.0,213.05627837736355,213.05627837736355,100722647.49000001,100722647.49000001,0.0,47275137.0,180.78379205271747,180.23011595795217,488957389.37,487459887.77000004,1497501.5999999642,270465280.0,ok
2009-10-07,175.07476406718283,174.40313650772816,394457626.25,392944394.95000005,1513231.2999999523,225308101.0,212.01618904495328,212.01618904495328,100590656.86,100590656.86,0.0,47444800.0,181.50064813059495,180.9458487886074,495048283.11,493535051.81000006,1513231.2999999523,272752901.0,ok
2009-10-08,172.21227533130727,171.54537077084643,388398640.02,386894538.04,1504101.9799999595,225534817.0,206.8807777940401,206.8807777940401,97319293.54,97319293.54,0.0,47041245.0,178.19537416312073,177.6435641586164,485717933.56,484213831.58000004,1504101.9799999595,272576062.0,ok
2009-10-09,173.5504511875989,172.8836534391354,393254706.30999994,391743783.4,1510922.9099999666,226593883.0,208.2125222733174,208.2125222733174,97752764.29,97752764.29,0.0,46948552.0,179.49956122895517,178.94720710883487,491007470.59999996,489496547.69,1510922.9099999666,273542435.0,ok
2009-10-12,174.68826463003967,174.04014711232594,399085661.13,397604998.37,1480662.7599999905,228455908.0,209.82586255837904,209.82586255837904,99066011.92000002,99066011.92000002,0.0,47213442.0,180.70622397811002,180.1691084953768,498151673.05,496671010.29,1480662.7599999905,275669350.0,ok
2009-10-13,174.8740197242438,174.23663091889753,400360448.97,398901196.93999994,1459252.0300000906,228942212.0,209.9613352752709,209.9613352752709,99394986.45000002,99394986.45000002,0.0,47339662.0,180.88607413311527,180.35789904552334,499755435.4200001,498296183.39,1459252.0300000906,276281874.0,ok
2009-10-14,176.6086976325477,175.96967819126962,407356337.64,405882408.99,1473928.6499999762,230654743.0,211.81237318587253,211.81237318587253,101395129.52,101395129.52,0.0,47870258.0,182.65917434104955,182.12998355217672,508751467.15999997,507277538.51,1473928.6499999762,278525001.0,ok
2009-10-15,174.93252626431635,174.33042595884675,399923548.32000005,398547051.36,1376496.9600000381,228615888.0,209.90351199774375,209.90351199774375,100801325.46000001,100801325.46000001,0.0,48022696.0,181.00326662314035,180.50568709533303,500724873.7800001,499348376.82000005,1376496.9600000381,276638584.0,ok
2009-10-16,175.6610694983176,175.07229595103956,403698548.64,402345448.45,1353100.1899999976,229816743.0,211.28750321885636,211.28750321885636,101783877.55,101783877.55,0.0,48173165.0,181.83481185583184,181.34806749891078,505482426.19,504129326.0,1353100.1899999976,277989908.0,ok
2009-10-19,176.95205322234128,176.35849482000353,409620197.85,408246190.0,1374007.8500000238,231486547.0,212.67325859500227,212.67325859500227,103082911.34,103082911.34,0.0,48470086.0,183.1366178739548,182.64582476958137,512703109.19000006,511329101.34000003,1374007.8500000238,279956633.0,ok
2009-10-20,176.28109822577804,175.69152659963544,408336670.39,406970989.56999993,1365680.8200000525,231639509.0,212.44544306645713,212.44544306645713,103573675.57,103573675.57,0.0,48753070.0,182.56914922131372,182.0820889628466,511910345.96,510544665.1399999,1365680.8200000525,280392579.0,ok
2009-10-21,175.43744910960453,174.86856190959665,408374115.15,407049889.28999996,1324225.8600000143,232774768.0,211.5371303911475,211.5371303911475,103259597.33,103259597.33,0.0,48813935.0,181.6953972333187,181.22512770691654,511633712.47999996,510309486.61999995,1324225.8600000143,281588703.0,ok
2009-10-22,172.77656433344822,172.23467949592754,403578311.55,402312555.58000004,1265755.969999969,233583943.0,207.76615910387807,207.76615910387807,100519910.56,100519910.56,0.0,48381272.0,178.7802875294387,178.3313825217767,504098222.11,502832466.14000005,1265755.969999969,281965215.0,ok
2009-10-23,173.7235744298316,173.16046676953127,409117586.3000001,407791472.4,1326113.9000000954,235499176.0,208.1111551744884,208.1111551744884,100573576.2,100573576.2,0.0,48326855.0,179.5787231721533,179.11149544983067,509691162.50000006,508365048.59999996,1326113.9000000954,283826031.0,ok
2009-10-26,172.6040653327863,172.03776057839477,406374276.89,405040984.51,1333292.3799999952,235437257.0,206.0226742546169,206.0226742546169,99359620.25,99359620.25,0.0,48227517.0,178.28575963401082,177.81573568242914,505733897.14,504400604.76,1333292.3799999952,283664774.0,ok
2009-10-27,172.38827724369233,171.83654606588453,407799645.15999997,406494476.49,1305168.669999957,236558803.0,205.961005711195,205.961005711195,99462678.58,99462678.58,0.0,48291995.0,178.08000795560346,177.62181416462101,507262323.73999995,505957155.07,1305168.669999957,284850798.0,ok
2009-10-28,169.32324628431016,168.78024090216326,400414322.57,399130227.58,1284094.9900000095,236479238.0,201.91343946642442,201.91343946642442,96904720.83000001,96904720.83000001,0.0,47993200.0,174.82152116262313,174.37012594169138,497319043.4,496034948.40999997,1284094.9900000095,284472438.0,ok
2009-10-29,164.88012831084296,164.3273159980886,384568711.35,383279324.20000005,1289387.1499999762,233241395.0,196.0354494012217,196.0354494012217,92104152.66,92104152.66,0.0,46983417.0,170.10373228834567,169.6436063127772,476672864.01,475383476.86,1289387.1499999762,280224812.0,ok
2009-10-30,164.13310976965371,163.57428817739356,381604912.39,380305667.74,1299244.6499999762,232497217.0,194.9086931538272,194.9086931538272,91250496.42999999,91250496.42999999,0.0,46817048.0,169.29153576169838,168.82638062542205,472855408.82,471556164.17,1299244.6499999762,279314265.0,ok
2009-11-02,164.43316159166778,163.86897529658015,381944191.78,380633703.82,1310487.9599999785,232279297.0,194.93189149956316,194.93189149956316,90970772.24000001,90970772.24000001,0.0,46667978.0,169.53560991768066,169.06581218977672,472914964.02,471604476.06,1310487.9599999785,278947275.0,ok
2009-11-03,164.87583643894305,164.30250114179643,384769249.02,383431261.62,1337987.3999999762,233369096.0,197.13250633542947,197.13250633542947,92171479.67999999,92171479.67999999,0.0,46756104.0,170.25984406258343,169.78220499262474,476940728.7,475602741.3,1337987.3999999762,280125200.0,ok
2009-11-04,168.84372376922954,168.2905101250017,395987409.12,394689962.98,1297446.1399999857,234528948.0,202.61432256885854,202.61432256885854,95533031.98,95533031.98,0.0,47150187.0,174.49657430253046,174.03596292639853,491520441.1,490222994.96000004,1297446.1399999857,281679135.0,ok
2009-11-05,167.37481753814635,166.8258796656672,392825971.9,391537623.65,1288348.25,234698372.0,200.96606745047646,200.96606745047646,94893867.94999999,94893867.94999999,0.0,47218851.0,173.00107977085173,172.54408454498716,487719839.84999996,486431491.59999996,1288348.25,281917223.0,ok
2009-11-06,167.6173681232067,167.0702501901334,393115277.96999997,391832114.89,1283163.0799999833,234531351.0,200.4442060614298,200.4442060614298,94824451.25,94824451.25,0.0,47307155.0,173.12741830245153,172.67213520497444,487939729.21999997,486656566.14,1283163.0799999833,281838506.0,ok
2009-11-09,168.54788794463929,168.00934889457412,395716286.34999996,394451905.79,1264380.5599999428,234779736.0,199.88776303825568,199.88776303825568,94846247.83999999,94846247.83999999,0.0,47449752.0,173.8168954868387,173.36889816063444,490562534.18999994,489298153.63,1264380.5599999428,282229488.0,ok
2009-11-10,169.6427467574254,169.10715914188324,396124621.53,394873996.64,1250624.8899999857,233505192.0,201.10928185774014,201.10928185774014,95511906.13,95511906.13,0.0,47492540.0,174.9610305253282,174.51596469469013,491636527.65999997,490385902.77,1250624.8899999857,280997732.0,ok
2009-11-11,170.98983789590537,170.47610777879044,399195597.71,397996235.2,1199362.5099999905,233461592.0,202.51635093699574,202.51635093699574,96497103.14,96497103.14,0.0,47649043.0,176.3336704959597,175.90701907809355,495692700.84999996,494493338.34,1199362.5099999905,281110635.0,ok
2009-11-12,170.79431441425254,170.27720134650238,399295974.71999997,398087028.34999996,1208946.3700000048,233787627.0,202.85112669008137,202.85112669008137,96451365.67,96451365.67,0.0,47547858.0,176.2121619283113,175.78244494113494,495747340.39,494538394.02,1208946.3700000048,281335485.0,ok
2009-11-13,171.13548496507246,170.62141967310305,400051584.05,398849889.18,1201694.8700000048,233763082.0,203.17604093837463,203.17604093837463,97138877.62,97138877.62,0.0,47810203.0,176.57586431539485,176.14908559240627,497190461.67,495988766.8,1201694.8700000048,281573285.0,ok
2009-11-16,173.84401342061045,173.31881140715066,407913288.22,406680937.01,1232351.2100000381,234643276.0,205.61282172756438,205.61282172756438,98898116.18,98898116.18,0.0,48099197.0,179.24841606658794,178.8125596503501,506811404.40000004,505579053.19,1232351.2100000381,282742473.0,ok
2009-11-17,171.84041399240783,171.31601197027518,401148132.27,399923956.38,1224175.8899999857,233442252.0,202.75126825983364,202.75126825983364,97559253.09,97559253.09,0.0,48117703.0,177.12298091537912,176.68819753505076,498707385.36,497483209.47,1224175.8899999857,281559955.0,ok
2009-11-18,173.45071246312332,172.92740052024672,408536766.15,407304184.48,1232581.669999957,235534787.0,206.80095647655398,206.80095647655398,101014743.82,101014743.82,0.0,48846362.0,179.17907419735474,178.74564825673448,509551509.96999997,508318928.3,1232581.669999957,284381149.0,ok
2009-11-19,173.91759777306487,173.40993463412065,412839142.99,411634071.06,1205071.9300000072,237376291.0,209.6298402158948,209.6298402158948,103470882.58,103470882.58,0.0,49358852.0,180.0651361280818,179.644862590143,516310025.57,515104953.64,1205071.9300000072,286735143.0,ok
2009-11-20,172.81175990500387,172.31687549740465,414964533.98,413776191.95000005,1188342.0299999714,240125171.0,209.5213038417884,209.5213038417884,104502624.34,104502624.34,0.0,49876849.0,179.1253586164676,178.7155883569363,519467158.32000005,518278816.2900001,1188342.0299999714,290002020.0,ok
2009-11-23,172.97806286977786,172.4905075336232,417710564.04,416533206.57,1177357.4700000286,241481814.0,209.3473516602868,209.3473516602868,105444607.91999999,105444607.91999999,0.0,50368255.0,179.2547706952915,178.8513589455413,523155171.96000004,521977814.49,1177357.4700000286,291850069.0,ok
2009-11-24,173.02823316216146,172.55023503476377,419462202.74,418303419.90000004,1158782.8399999738,242424138.0,209.0971333195102,209.0971333195102,106884614.47,106884614.47,0.0,51117207.0,179.30926125926146,178.91450159090877,526346817.21000004,525188034.37,1158782.8400000334,293541345.0,ok
2009-11-25,173.37553004546683,172.8900244646998,421600036.55,420419424.9,1180611.6500000358,243171592.0,208.2753446477323,208.2753446477323,106636137.11,106636137.11,0.0,51199597.0,179.44560928481354,179.04454705653956,528236173.66,527055562.01,1180611.6500000358,294371189.0,ok
2009-11-26,172.9708278287696,172.48465191640312,420269150.73,419087883.69000006,1181267.0399999619,242971116.0,208.33305302315085,208.33305302315085,107239686.96000001,107239686.96000001,0.0,51475119.0,179.15285542367354,178.75167283086506,527508837.69000006,526327570.6500001,1181267.0399999619,294446235.0,ok
2009-11-27,167.53049940010857,167.04350530204565,402616528.45000005,401446163.21000004,1170365.2400000095,240324317.0,202.2943206676103,202.2943206676103,103130939.36,103130939.36,0.0,50980640.0,173.61443932105834,173.2126729892894,505747467.81000006,504577102.57000005,1170365.2400000095,291304957.0,ok
2009-11-30,170.3640491124164,169.8845517771832,412525179.94000006,411364109.13,1161070.810000062,242143329.0,205.96925266856815,205.96925266856815,105816559.38000001,105816559.38000001,0.0,51374930.0,176.5960799460861,176.2005097304696,518341739.32000005,517180668.51,1161070.810000062,293518259.0,ok
2009-12-01,171.7004609537205,171.2297063757383,417892342.73,416746598.96000004,1145743.769999981,243384520.0,207.66249755545138,207.66249755545138,107683755.66999999,107683755.66999999,0.0,51855177.0,178.016744950121,177.62867255279698,525576098.4,524430354.63,1145743.769999981,295239697.0,ok
2009-12-02,172.48716491215887,172.01963701219637,421748994.78,420605840.61,1143154.169999957,244510364.0,208.45121594504042,208.45121594504042,108292386.96999998,108292386.96999998,0.0,51950950.0,178.7893923151133,178.40379253665455,530041381.74999994,528898227.58,1143154.169999957,296461314.0,ok
2009-12-03,171.9990637306697,171.5441640251223,421664106.89,420548898.03999996,1115208.8500000238,245154885.0,207.85193332334768,207.85193332334768,108876737.82,108876737.82,0.0,52381874.0,178.31102499506625,177.936211189287,530540844.71,529425635.85999995,1115208.8500000238,297536759.0,ok
2009-12-04,171.6184648587782,171.17184834524525,422260438.40999997,421161556.15999997,1098882.25,246046041.0,207.72045312720655,207.72045312720655,109184627.31,109184627.31,0.0,52563253.0,177.97338408361796,177.60538406751664,531445065.71999997,530346183.46999997,1098882.25,298609294.0,ok
2009-12-07,174.4118357626084,173.95406972839467,432074762.65999997,430940727.52,1134035.1399999857,247732478.0,213.1291579671683,213.1291579671683,114233812.21000001,114233812.21000001,0.0,53598397.0,181.29857249775682,180.9222303323548,546308574.87,545174539.73,1134035.1399999857,301330875.0,ok
2009-12-08,173.85140785370444,173.39926030616616,431148504.71000004,430027186.56,1121318.1500000358,247998282.0,213.11434519637328,213.11434519637328,114941355.2,114941355.2,0.0,53934124.0,180.8649383299387,180.49355780644493,546089859.9100001,544968541.76,1121318.1500000954,301932406.0,ok
2009-12-09,175.1865513407141,174.73742242087985,439870745.51,438743040.95000005,1127704.5599999428,251087051.0,215.51488989192325,215.51488989192325,119092308.34,119092308.34,0.0,55259434.0,182.46106327937792,182.09294919443911,558963053.85,557835349.2900001,1127704.5599999428,306346485.0,ok
2009-12-10,171.65130594601575,171.2035126771666,429328571.64,428208565.92,1120005.719999969,250116694.0,210.3876347716835,210.3876347716835,115161087.27,115161087.27,0.0,54737574.0,178.60653960403138,178.23914907105714,544489658.91,543369653.19,1120005.7199999094,304854268.0,ok
2009-12-11,174.6180047915479,174.1779120088755,442553367.82,441437992.9,1115374.9200000167,253440857.0,214.04579612280966,214.04579612280966,118368746.52000001,118368746.52000001,0.0,55300664.0,181.6801680976366,181.31890314163476,560922114.34,559806739.42,1115374.9200000763,308741521.0,ok
2009-12-14,175.1584034244482,174.72067813326433,445410438.94,444297346.96000004,1113091.9799999595,254290077.0,214.12602038738805,214.12602038738805,119474730.74999999,119474730.74999999,0.0,55796456.0,182.17017173396562,181.8112100050472,564885169.6899999,563772077.71,1113091.9799998999,310086533.0,ok
2009-12-15,174.51937029550257,174.09146632728329,445071933.33000004,443980661.65,1091271.6800000668,255027240.0,213.9154920892603,213.9154920892603,120032010.64,120032010.64,0.0,56111883.0,181.6242003002625,181.27346598261124,565103943.97,564012672.29,1091271.6800000668,311139123.0,ok
2009-12-16,173.7432148999979,173.3179273500579,444239680.85999995,443152273.76,1087407.0999999642,255687499.0,213.8988340729337,213.8988340729337,121356288.52,121356288.52,0.0,56735367.0,181.03539495089325,180.68733876860344,565595969.38,564508562.28,1087407.1000000238,312422866.0,ok
2009-12-17,171.71489811621944,171.29251996906459,437406150.62,436330234.65999997,1075915.9600000381,254728131.0,208.77431544406173,208.77431544406173,116247369.79,116247369.79,0.0,55680877.0,178.36258167159892,178.0159693207099,553653520.41,552577604.4499999,1075915.9600000381,310409008.0,ok
2009-12-18,171.99092419615056,171.56301909035116,438942225.62,437850158.58000004,1092067.0399999619,255212435.0,209.16543505030126,209.16543505030126,116391024.57000001,116391024.57000001,0.0,55645439.0,178.6453864089671,178.29407890436775,555333250.19,554241183.1500001,1092067.0399999619,310857874.0,ok
2009-12-21,172.65129007622596,172.21885407631456,441017282.03999996,439912675.47,1104606.5699999332,255438162.0,209.90826642524652,209.90826642524652,116810759.66000001,116810759.66000001,0.0,55648480.0,179.3159738758567,178.96089383677233,557828041.6999999,556723435.13,1104606.5699999332,311086642.0,ok
2009-12-22,173.87719143998063,173.44509111191684,443824264.5,442721321.62,1102942.8799999952,255251572.0,211.85718983891388,211.85718983891388,118099843.44,118099843.44,0.0,55745025.0,180.68496998377125,180.3303220903089,561924107.94,560821165.06,1102942.8800001144,310996597.0,ok
2009-12-23,174.4191808126219,173.974898923752,445089561.55,443955825.97,1133735.5799999833,255183839.0,213.96272828391156,213.96272828391156,120440544.07,120440544.07,0.0,56290432.0,181.56559249800765,181.20160237569027,565530105.62,564396370.04,1133735.580000043,311474271.0,ok
2009-12-24,174.9020116653516,174.44791339894329,447272062.65000004,446110809.75,1161252.9000000358,255727226.0,213.8919667643325,213.8919667643325,121173366.88999999,121173366.88999999,0.0,56651668.0,181.9730591465632,181.6013141528057,568445429.54,567284176.64,1161252.8999999762,312378894.0,ok
2009-12-25,175.4176358318266,174.97331832056847,450672136.89,449530623.83,1141513.0600000024,256913813.0,214.46817415941206,214.46817415941206,122417457.97999999,122417457.97999999,0.0,57079545.0,182.5164705776993,182.1529236965579,573089594.87,571948081.81,1141513.060000062,313993358.0,ok
2009-12-28,177.0136398172272,176.57135871106072,456218020.37,455078127.36,1139893.0099999905,257730433.0,214.98646344028853,214.98646344028853,123126118.6,123126118.6,0.0,57271568.0,183.91760596149356,183.55573746339473,579344138.97,578204245.96,1139893.0099999905,315002001.0,ok
2009-12-29,177.1653513855565,176.72606117709245,457556216.99999994,456421683.84000003,1134533.159999907,258265069.0,216.83316957390403,216.83316957390403,125517659.61000001,125517659.61000001,0.0,57886743.0,184.42844686589993,184.06958978618792,583073876.6099999,581939343.45,1134533.1599998474,316151812.0,ok
2009-12-30,178.46480841158868,178.02561785707562,463004651.6,461865226.57,1139425.030000031,259437508.0,219.3473523127476,219.3473523127476,127643218.85,127643218.85,0.0,58192277.0,185.95481228248164,185.59608489487218,590647870.45,589508445.42,1139425.0300000906,317629785.0,ok
2009-12-31,179.44161454708762,179.0049470894248,467170537.23,466033687.39000005,1136849.8399999738,260346820.0,220.86676120413046,220.86676120413046,130511288.98999998,130511288.98999998,0.0,59090507.0,187.1045665931208,186.74867523543986,597681826.22,596544976.38,1136849.8400000334,319437327.0,ok
2010-01-01,,,,,,,,,,,,,,,,,,,data unavailable: TWSE MI_MARGN total 20100101: missing tables (keys=stat; stat='很抱歉，沒有符合條件的資料')
2010-01-04,179.0828465922646,178.6549598305839,468681378.27,467561547.08000004,1119831.189999938,261712044.0,219.21192249674527,219.21192249674527,129825821.27,129825821.27,0.0,59223887.0,186.48806248496993,186.1391357734887,598507199.54,597387368.35,1119831.189999938,320935931.0,ok
2010-01-05,176.92948235368547,176.49928981781474,462396198.19,461271911.89,1124286.300000012,261344911.0,213.60212030946553,213.60212030946553,126036676.56,126036676.56,0.0,59005349.0,183.68421950086758,183.33326417465685,588432874.75,587308588.45,1124286.2999999523,320350260.0,ok
2010-01-06,178.07340964417511,177.65467380368543,471209729.33000004,470101689.65999997,1108039.6700000763,264615436.0,213.0865104140009,213.0865104140009,126604457.33000001,126604457.33000001,0.0,59414581.0,184.4934590303713,184.151503158425,597814186.6600001,596706146.99,1108039.6700000763,324030017.0,ok
2010-01-07,174.68276973834645,174.26675979692362,460122361.80999994,459026572.7,1095789.1099999547,263404549.0,207.7757542237972,207.7757542237972,122593951.12000002,122593951.12000002,0.0,59003011.0,180.73903506791217,180.399158078055,582716312.93,581620523.82,1095789.109999895,322407560.0,ok
2010-01-08,175.99950816624465,175.61095273053846,467236246.62,466204725.65000004,1031520.969999969,265475882.0,208.42618720608098,208.42618720608098,123030159.94,123030159.94,0.0,59028168.0,181.89800914965465,181.58013300296255,590266406.56,589234885.59,1031520.9699999094,324504050.0,ok
2010-01-11,176.57005682029447,176.14898796892638,472593740.5,471466740.22,1127000.2799999714,267652256.0,208.72111881151292,208.72111881151292,123567899.12,123567899.12,0.0,59202394.0,182.39350109291698,182.0486994264882,596161639.62,595034639.34,1127000.2799999714,326854650.0,ok
2010-01-12,176.72467637749446,176.29945179248477,476299677.65999997,475153633.21999997,1146044.4399999976,269515094.0,210.24252570130858,210.24252570130858,125765869.98,125765869.98,0.0,59819425.0,182.81276723379244,182.46477928419037,602065547.64,600919503.1999999,1146044.4400000572,329334519.0,ok
2010-01-13,175.06536852084284,174.67314520318115,474255449.8299999,473192909.32,1062540.5099999309,270901923.0,209.44009870934147,209.44009870934147,126051062.64000002,126051062.64000002,0.0,60184780.0,181.31399027220974,180.99306511865564,600306512.4699999,599243971.96,1062540.5099998713,331086703.0,ok
2010-01-14,176.81874958016158,176.438439428015,481516395.9,480480727.6,1035668.2999999523,272322023.0,212.493568630031,212.493568630031,129645834.49000001,129645834.49000001,0.0,61011651.0,183.34848173485165,183.03778156238727,611162230.39,610126562.09,1035668.2999999523,333333674.0,ok
2010-01-15,177.82811715594238,177.45547881387262,486698595.40999997,485678719.81000006,1019875.5999999046,273690462.0,212.67646464520288,212.67646464520288,130586775.51,130586775.51,0.0,61401611.0,184.21365966481696,183.90930283808893,617285370.92,616265495.32,1019875.5999999046,335092073.0,ok
2010-01-18,177.97254441832305,177.5988313980914,491167174.0500001,490135803.9100001,1031370.1399999857,275979183.0,213.03267424472673,213.03267424472673,131858439.89,131858439.89,0.0,61895876.0,184.3952660441859,184.09001411376744,623025613.94,621994243.8000001,1031370.1399999857,337875059.0,ok
2010-01-19,175.02740747729712,174.65061226357247,482168449.58000004,481130447.78,1038001.8000000715,275481684.0,209.95785480958108,209.95785480958108,130639625.78999999,130639625.78999999,0.0,62221833.0,181.46333826011056,181.1559675198763,612808075.37,611770073.5699999,1038001.8000000715,337703517.0,ok
2010-01-20,173.90095118818795,173.5304861640583,480392717.39,479369326.21000004,1023391.1799999475,276245020.0,209.1191076128705,209.1191076128705,131204213.96000001,131204213.96000001,0.0,62741380.0,180.41931220544544,180.11741479009189,611596931.35,610573540.1700001,1023391.1799999475,338986400.0,ok
2010-01-21,170.78291920653172,170.43147786941293,469706279.64,468739706.38,966573.2599999905,275031181.0,205.39157597667784,205.39157597667784,128485631.29,128485631.29,0.0,62556427.0,177.19605126323236,176.90973350834608,598191910.93,597225337.67,966573.2599999905,337587608.0,ok
2010-01-22,167.5912921550267,167.24908112117112,460383284.75,459443210.61,940074.1399999857,274705970.0,201.3911225201265,201.3911225201265,125065089.39,125065089.39,0.0,62100597.0,173.82332516693475,173.54421120892218,585448374.14,584508300.0,940074.1399999857,336806567.0,ok
2010-01-25,166.04681935526702,165.6954351640228,454702033.94000006,453739804.69,962229.2500000596,273839653.0,197.81588336411625,197.81588336411625,122018852.44,122018852.44,0.0,61683041.0,171.88729605872803,171.60051091208751,576720886.3800001,575758657.13,962229.2500001192,335522694.0,ok
2010-01-26,158.49489247518196,158.12948739202835,423441213.7,422464983.05,976230.6499999762,267163949.0,187.64094279531835,187.64094279531835,112170513.42,112170513.42,0.0,59779338.0,163.82404790589874,163.52545463641835,535611727.12,534635496.47,976230.6499999762,326943287.0,ok
2010-01-27,156.75504157764223,156.37868941824843,414368955.85,413374100.12,994855.7300000191,264341709.0,182.68144146349584,182.68144146349584,108025091.68,108025091.68,0.0,59133041.0,161.49453629069967,161.186983466252,522394047.53000003,521399191.8,994855.7300000191,323474750.0,ok
2010-01-28,161.8908552966391,161.5105933905133,429325124.58000004,428316692.14,1008432.4400000572,265194179.0,189.7821001126119,189.7821001126119,112689333.50999999,112689333.50999999,0.0,59378273.0,166.99336457858107,166.68266894382026,542014458.09,541006025.65,1008432.4400000572,324572452.0,ok
2010-01-29,160.29454922948656,159.90996733227104,424209491.6999999,423191719.78,1017771.9199999571,264643741.0,187.49951200210805,187.49951200210805,110932567.53,110932567.53,0.0,59164190.0,165.26527240310241,164.95095894053316,535142059.2299999,534124287.30999994,1017771.9199999571,323807931.0,ok
2010-02-01,158.3543335062217,157.97828653083155,421350969.90999997,420350379.93999994,1000589.9700000286,266081111.0,186.33827538811957,186.33827538811957,110242262.91999999,110242262.91999999,0.0,59162436.0,163.44466715276596,163.13702385615662,531593232.8299999,530592642.8599999,1000589.9700000286,325243547.0,ok
2010-02-02,155.36974265862108,154.98575352593352,408278269.89,407269229.03,1009040.8600000143,262778494.0,182.26096830840513,182.26096830840513,106655602.84,106655602.84,0.0,58518071.0,160.26746900639912,159.95341620599027,514933872.73,513924831.87,1009040.8600000143,321296565.0,ok
2010-02-03,158.25829995327925,157.86626374566777,415411165.46,414382112.21,1029053.25,262489339.0,186.2958024033735,186.2958024033735,109047884.66,109047884.66,0.0,58534805.0,163.37059374574642,163.05004051969374,524459050.12,523429996.87,1029053.25,321024144.0,ok
2010-02-04,158.83207025619052,158.43759364114777,417801545.71000004,416763890.41,1037655.3000000119,263046087.0,188.3021818324284,188.3021818324284,110160576.30999999,110160576.30999999,0.0,58502018.0,164.19382164295448,163.87111555827704,527962122.02000004,526924466.72,1037655.3000000119,321548105.0,ok
2010-02-05,151.14750619272218,150.74490370624892,387967145.0,386933740.34000003,1033404.6599999666,256681142.0,179.08192751738292,179.08192751738292,102515958.0,102515958.0,0.0,57245284.0,156.24141912793286,155.91223223112794,490483103.0,489449698.34000003,1033404.6599999666,313926426.0,ok
2010-02-08,151.40491525473303,150.98088297728822,379439496.38,378376818.9,1062677.480000019,250612403.0,177.48311854750526,177.48311854750526,99661390.95,99661390.95,0.0,56152603.0,156.17846819529345,155.8320540153136,479100887.33,478038209.84999996,1062677.480000019,306765006.0,ok
2010-02-09,156.4180217770107,156.00920908089296,389556604.01,388538462.46999997,1018141.5400000215,249048415.0,182.84185775173543,182.84185775173543,102221863.66,102221863.66,0.0,55907255.0,161.26228040619804,160.92841498241367,491778467.66999996,490760326.13,1018141.5399999619,304955670.0,ok
2010-02-10,159.00319147739853,158.56681871167933,391802780.41,390727506.0,1075274.4100000262,246411897.0,186.37815583707732,186.37815583707732,102953999.82,102953999.82,0.0,55239306.0,164.01618004818633,163.6597172198249,494756780.23,493681505.82,1075274.4100000262,301651203.0,ok
2010-02-11,,,,,,,,,,,,,,,,,,,data unavailable: TWSE MI_MARGN total 20100211: missing tables (keys=stat; stat='很抱歉，沒有符合條件的資料')
2010-02-12,,,,,,,,,,,,,,,,,,,data unavailable: TWSE MI_MARGN total 20100212: missing tables (keys=stat; stat='很抱歉，沒有符合條件的資料')
2010-02-15,,,,,,,,,,,,,,,,,,,data unavailable: TWSE MI_MARGN total 20100215: missing tables (keys=stat; stat='很抱歉，沒有符合條件的資料')
2010-02-16,,,,,,,,,,,,,,,,,,,data unavailable: TWSE MI_MARGN total 20100216: missing tables (keys=stat; stat='很抱歉，沒有符合條件的資料')
2010-02-17,,,,,,,,,,,,,,,,,,,data unavailable: TWSE MI_MARGN total 20100217: missing tables (keys=stat; stat='很抱歉，沒有符合條件的資料')
2010-02-18,,,,,,,,,,,,,,,,,,,data unavailable: TWSE MI_MARGN total 20100218: missing tables (keys=stat; stat='很抱歉，沒有符合條件的資料')
2010-02-19,,,,,,,,,,,,,,,,,,,data unavailable: TWSE MI_MARGN total 20100219: missing tables (keys=stat; stat='很抱歉，沒有符合條件的資料')
2010-02-22,160.72807147580937,160.29969846976272,396588062.07000005,395531074.21000004,1056987.8600000143,246744740.0,187.54264271532253,187.54264271532253,104021573.27,104021573.27,0.0,55465558.0,165.64942976893528,165.29967733925469,500609635.34000003,499552647.48,1056987.8600000143,302210298.0,ok
2010-02-23,161.59631033757915,161.17178181827836,401713940.39,400658600.55,1055339.8399999738,248591035.0,189.14172903758612,189.14172903758612,105737270.16999999,105737270.16999999,0.0,55903724.0,166.65351227276787,166.30692507912755,507451210.55999994,506395870.72,1055339.8399999142,304494759.0,ok
2010-02-24,160.76087353710173,160.3385483733747,402767374.75,401709288.95,1058085.800000012,250538185.0,189.2458857154639,189.2458857154639,106558326.97999999,106558326.97999999,0.0,56306813.0,165.98794344042068,165.64311598457274,509325701.73,508267615.92999995,1058085.8000000715,306844998.0,ok
2010-02-25,158.64770052630092,158.24260891726198,399315827.53,398296213.06,1019614.469999969,251699726.0,187.08854674260618,187.08854674260618,105716946.44999999,105716946.44999999,0.0,56506370.0,163.86203275486153,163.5312104631441,505032773.97999996,504013159.51,1019614.469999969,308206096.0,ok
2010-02-26,158.63374267946097,158.21022794908055,400748238.63,399678335.22,1069903.4099999666,252624840.0,186.9381429923774,186.9381429923774,105846619.82,105846619.82,0.0,56621200.0,163.81611821124693,163.47014663146535,506594858.45,505524955.04,1069903.4099999666,309246040.0,ok
2010-03-01,162.5239590082411,162.09411241420034,410777757.53999996,409691324.37,1086433.169999957,252749047.0,190.7016154039747,190.7016154039747,108698118.65,108698118.65,0.0,56999055.0,167.70913940580013,167.3583920846753,519475876.18999994,518389443.02,1086433.169999957,309748102.0,ok
2010-03-02,162.80347563785267,162.38691047223443,411796311.14,410742648.14,1053663.0,252940737.0,192.1816625351416,192.1816625351416,109822522.38999999,109822522.38999999,0.0,57145162.0,168.21752785669239,167.8777307219636,521618833.53,520565170.53,1053663.0,310085899.0,ok
2010-03-03,163.46558601381963,163.056185663526,414136836.99,413099629.28,1037207.7100000381,253348027.0,192.6197392475674,192.6197392475674,110849391.18,110849391.18,0.0,57548303.0,168.86215034124078,168.52853182924352,524986228.17,523949020.46,1037207.7100000381,310896330.0,ok
2010-03-04,162.66397868406034,162.27116260193745,413455214.9,412456764.85,998450.0499999523,254177488.0,191.96563432033827,191.96563432033827,110882776.97,110882776.97,0.0,57761785.0,168.08976530185092,167.76968696083358,524337991.87,523339541.82000005,998450.0499999523,311939273.0,ok
2010-03-05,164.45256789185882,164.0665701385726,417682220.03000003,416701849.82,980370.2100000381,253983398.0,194.2199458196989,194.2199458196989,112783877.96000001,112783877.96000001,0.0,58070183.0,169.99199185283504,169.6778245848747,530466097.99,529485727.78,980370.2100000381,312053581.0,ok
2010-03-08,166.0341751954323,165.6426098829741,418540004.81,417552944.47999996,987060.3300000429,252080636.0,197.7187868920319,197.7187868920319,115198413.31,115198413.31,0.0,58263767.0,171.98261446332577,171.66456125519363,533738418.12,532751357.78999996,987060.3300000429,310344403.0,ok
2010-03-09,166.05151651581792,165.66636820479664,417902414.53,416933110.46999997,969304.0600000024,251670339.0,197.9751732538917,197.9751732538917,115715746.36,115715746.36,0.0,58449625.0,172.06830350657464,171.75574573135188,533618160.89,532648856.83,969304.0600000024,310119964.0,ok
2010-03-10,165.85039506698502,165.46323105180278,417142094.06,416168310.38,973783.6800000072,251517094.0,198.14326284222966,198.14326284222966,116437865.99,116437865.99,0.0,58764484.0,171.9663679324204,171.6525292294343,533579960.05,532606176.37,973783.6800000072,310281578.0,ok
2010-03-11,165.4274346991793,165.04638018995564,416782406.73,415822367.57,960039.1600000262,251942737.0,197.45328782330878,197.45328782330878,116363890.31,116363890.31,0.0,58932364.0,171.49855209536386,171.18973380888423,533146297.04,532186257.88,960039.1600000262,310875101.0,ok
2010-03-12,165.39872809315773,165.0380770189297,417403857.40999997,416493710.45,910146.9599999785,252362193.0,197.52797399992673,197.52797399992673,116776993.56,116776993.56,0.0,59119218.0,171.4968637309788,171.2046642841232,534180850.96999997,533270704.01,910146.9599999785,311481411.0,ok
2010-03-15,162.86724676126846,162.512591162377,411372446.93,410476652.69,895794.2400000095,252581446.0,194.89652203449486,194.89652203449486,115353435.68,115353435.68,0.0,59187016.0,168.94777593315388,168.66044916692056,526725882.61,525830088.37,895794.2400000095,311768462.0,ok
2010-03-16,164.33812593317526,163.97519563410597,417079360.03,416158266.79,921093.2399999499,253793426.0,196.19151447983748,196.19151447983748,116383521.68,116383521.68,0.0,59321384.0,170.37293180415196,170.07876071719508,533462881.71,532541788.47,921093.2399999499,313114810.0,ok
2010-03-17,167.2775873675189,166.90484969871528,423165774.47,422222851.83,942922.6400000453,252972189.0,199.50117260085366,199.50117260085366,119328019.41,119328019.41,0.0,59813192.0,173.4396256454198,173.13816569963032,542493793.88,541550871.24,942922.6399999857,312785381.0,ok
2010-03-18,168.63201384146248,168.24621034547135,428350233.91,427370236.02,979997.8900000453,254014777.0,202.563016538681,202.563016538681,122054440.82000001,122054440.82000001,0.0,60255047.0,175.13761509918305,174.82578182243805,550404674.73,549424676.84,979997.8899999857,314269824.0,ok
2010-03-19,169.79341643393246,169.40663530077984,433755915.40999997,432767840.56,988074.8499999642,255460974.0,203.77862375575657,203.77862375575657,123747750.26,123747750.26,0.0,60726561.0,176.3205705341926,176.00807407540594,557503665.67,556515590.82,988074.8499999046,316187535.0,ok
2010-03-22,169.69709979813595,169.30979316585976,437561075.1,436562411.56,998663.5400000215,257848293.0,204.13658984563452,204.13658984563452,124584093.31,124584093.31,0.0,61029771.0,176.28844121745547,175.975260835126,562145168.4100001,561146504.87,998663.5400000811,318878064.0,ok
2010-03-23,168.69768362311933,168.3296561224944,436352959.48,435401020.57000005,951938.9099999666,258659722.0,203.11646616199758,203.11646616199758,124376982.8,124376982.8,0.0,61234318.0,175.28614858845134,174.9885691430825,560729942.28,559778003.37,951938.9099999666,319894040.0,ok
2010-03-24,168.57350204312178,168.18914610682737,437582228.45,436584519.29,997709.1599999666,259579485.0,202.4798613625925,202.4798613625925,124825969.44,124825969.44,0.0,61648585.0,175.0806515414422,174.77005939424907,562408197.89,561410488.73,997709.1599999666,321228070.0,ok
2010-03-25,168.8491204899863,168.46701077325346,440352628.6,439356099.76,996528.8400000334,260796519.0,202.52059318955352,202.52059318955352,125910485.50999999,125910485.50999999,0.0,62171695.0,175.33091170080286,175.02235847580963,566263114.11,565266585.27,996528.8400000334,322968214.0,ok
2010-03-26,169.47443368075807,169.10786441601803,441900194.74,440944374.88,955819.8600000143,260747409.0,202.60847159504758,202.60847159504758,126749375.85000001,126749375.85000001,0.0,62558774.0,175.8857703596717,175.59013114512567,568649570.59,567693750.73,955819.8600000143,323306183.0,ok
2010-03-29,170.99508086191713,170.60841313386217,445896003.17,444887707.53,1008295.6400000453,260765398.0,203.73841821986792,203.73841821986792,128016105.33,128016105.33,0.0,62833562.0,177.35289028741008,177.04130225264012,573912108.5,572903812.86,1008295.6399999857,323598960.0,ok
2010-03-30,170.66123589601648,170.28014449477996,444846412.02000004,443853057.31,993354.7100000381,260660489.0,202.5911354057421,202.5911354057421,127478462.24999999,127478462.24999999,0.0,62924008.0,176.87030113497678,176.5633164928788,572324874.27,571331519.56,993354.7100000381,323584497.0,ok
2010-03-31,170.36254614706857,169.99083951742497,443830007.82000005,442861634.43000007,968373.3899999857,260520882.0,202.86079789016145,202.86079789016145,128357830.88,128357830.88,0.0,63273847.0,176.71314183128658,176.41407167872705,572187838.7,571219465.3100001,968373.3899999857,323794729.0,ok
2010-04-01,172.01985378609822,171.64351416234814,448707714.58000004,447726045.96000004,981668.6200000048,260846469.0,203.11119549236844,203.11119549236844,129625814.78999999,129625814.78999999,0.0,63820123.0,178.1315181852773,177.8291561177936,578333529.37,577351860.75,981668.6200000048,324666592.0,ok
2010-04-02,172.59917420114647,172.2169912859527,450100312.03999996,449103663.88,996648.1599999666,260777790.0,204.9659696770236,204.9659696770236,131242807.42000002,131242807.42000002,0.0,64031511.0,178.9798252913946,178.67298427516397,581343119.46,580346471.3,996648.1600000858,324809301.0,ok
2010-04-05,,,,,,,,,,,,,,,,,,,data unavailable: TWSE MI_MARGN total 20100405: missing tables (keys=stat; stat='很抱歉，沒有符合條件的資料')
2010-04-06,172.9141594074499,172.55111473206017,448293784.48,447352562.13,941222.3500000238,259257996.0,204.71798807676112,204.71798807676112,131309458.55,131309458.55,0.0,64141632.0,179.22198816814964,178.93094814567937,579603243.03,578662020.68,941222.3500000238,323399628.0,ok
2010-04-07,173.74767652753548,173.3719562505032,450968055.71,449992860.84,975194.8700000048,259553431.0,205.25893500071612,205.25893500071612,131470806.86999999,131470806.86999999,0.0,64051198.0,179.9847129442638,179.6833591369918,582438862.5799999,581463667.7099999,975194.8700000048,323604629.0,ok
2010-04-08,171.58354738257958,171.21114100195322,447076047.5,446105709.87,970337.6299999952,260558809.0,203.04098591623307,203.04098591623307,130213215.67,130213215.67,0.0,64131493.0,177.79689125731878,177.4980410532865,577289263.17,576318925.54,970337.6299999952,324690302.0,ok
2010-04-09,172.1375588729792,171.76997063598623,449458552.64,448498763.98,959788.6599999666,261104291.0,203.70840735148664,203.70840735148664,130764547.7,130764547.7,0.0,64192023.0,178.36756070343915,178.07251012380055,580223100.34,579263311.6800001,959788.6599999666,325296314.0,ok
2010-04-12,172.41301470384528,172.03870777701803,446218347.51,445249611.95000005,968735.5599999428,258807810.0,204.0242379602261,204.0242379602261,129952238.65,129952238.65,0.0,63694510.0,178.6562608789915,178.35587992049173,576170586.16,575201850.6,968735.5599999428,322502320.0,ok
2010-04-13,170.06560955097052,169.67844543530887,433899231.33,432911434.84000003,987796.4899999499,255136375.0,200.72249027491327,200.72249027491327,125962300.82000001,125962300.82000001,0.0,62754453.0,176.11754817600462,175.80681367126456,559861532.15,558873735.6600001,987796.4899998903,317890828.0,ok
2010-04-14,172.02088785470042,171.6289664680692,438535254.26,437536123.59000003,999130.6699999571,254931398.0,203.52762636711896,203.52762636711896,126658127.91,126658127.91,0.0,62231418.0,178.20291460963696,177.88789323273002,565193382.17,564194251.5,999130.6699999571,317162816.0,ok
2010-04-15,172.97424002494108,172.60008837689554,446257117.09000003,445291841.36,965275.7300000191,257990506.0,204.169882150655,204.169882150655,129115949.33,129115949.33,0.0,63239469.0,179.11562157921287,178.81512791264268,575373066.4200001,574407790.69,965275.7300000191,321229975.0,ok
2010-04-16,172.00282219078608,171.63944853143147,449889836.9499999,448939398.38,950438.5699999332,261559567.0,203.48740352611628,203.48740352611628,130116381.83000001,130116381.83000001,0.0,63943212.0,178.18779322311102,177.89580229974013,580006218.78,579055780.21,950438.5699999332,325502779.0,ok
2010-04-19,164.61863428333504,164.261495790716,425129348.24,424207034.34,922313.9000000358,258251048.0,193.7729419378748,193.7729419378748,122666197.56,122666197.56,0.0,63304090.0,170.35820021634981,170.07137105674238,547795545.8,546873231.9,922313.8999999762,321555138.0,ok
2010-04-20,166.2909935499864,165.92463035776223,430723186.62,429774240.93,948945.6899999976,259017748.0,196.70554067121654,196.70554067121654,124145922.05,124145922.05,0.0,63112570.0,172.2498869758667,171.95530256795016,554869108.67,553920162.98,948945.689999938,322130318.0,ok
2010-04-21,169.04383526826558,168.6820169793347,438535010.11,437596377.90999997,938632.2000000477,259420883.0,200.21702984906983,200.21702984906983,126295270.66,126295270.66,0.0,63079185.0,175.14113540279934,174.8500867199817,564830280.77,563891648.5699999,938632.2000000477,322500068.0,ok
2010-04-22,169.00194115163092,168.6354863168991,440156029.09000003,439201618.13,954410.9600000381,260444363.0,201.50335273407597,201.50335273407597,127920302.88999999,127920302.88999999,0.0,63482965.0,175.37153641448865,175.07689904446715,568076331.98,567121921.02,954410.9600000381,323927328.0,ok
2010-04-23,169.64517672945817,169.2862401622085,445368333.97,444426020.23,942313.7400000095,262529323.0,202.23524023776864,202.23524023776864,129922238.18,129922238.18,0.0,64243125.0,176.05234947776262,175.76397946806094,575290572.1500001,574348258.4100001,942313.7400000095,326772448.0,ok
2010-04-26,171.0911002734614,170.73042442567598,447782659.37,446838692.15000004,943967.219999969,261721772.0,202.58892261119536,202.58892261119536,130506323.28,130506323.28,0.0,64419279.0,177.31254034929813,177.0231050828373,578288982.65,577345015.4300001,943967.2199999094,326141051.0,ok
2010-04-27,170.3705999583874,169.99916247323978,447021896.62,446047311.28,974585.3400000334,262382064.0,201.61801959353735,201.61801959353735,130378752.10999998,130378752.10999998,0.0,64666220.0,176.54905314531476,176.25105881613493,577400648.73,576426063.39,974585.3400000334,327048284.0,ok
2010-04-28,169.4365530293899,169.05411330916726,446309418.66,445302041.88,1007376.780000031,263407990.0,200.34706684327531,200.34706684327531,129633097.05,129633097.05,0.0,64704265.0,175.53215612443373,175.225134132829,575942515.71,574935138.93,1007376.7800000906,328112255.0,ok
2010-04-29,169.3575818748527,168.97785442439363,450430285.43000007,449420346.92,1009938.5100000501,265964051.0,201.3972939373466,201.3972939373466,131401026.0,131401026.0,0.0,65244683.0,175.6690726126806,175.36414752879074,581831311.4300001,580821372.9200001,1009938.5099999905,331208734.0,ok
2010-04-30,166.31128840649717,165.91942989463672,438457660.67,437424577.66,1033083.0099999905,263636741.0,196.51048286737137,196.51048286737137,126563500.09,126563500.09,0.0,64405470.0,172.24038304021795,171.92545923609813,565021160.76,563988077.75,1033083.0099999905,328042211.0,ok
2010-05-03,165.02868259903585,164.63169778261505,435252822.86,434205800.25,1047022.6100000143,263743742.0,194.46464854727935,194.46464854727935,124933093.94,124933093.94,0.0,64244630.0,170.79444413962332,170.47521861232326,560185916.8,559138894.19,1047022.6099998951,327988372.0,ok
2010-05-04,164.64366217217838,164.25172344899948,434044488.70000005,433011233.97,1033254.7300000191,263626600.0,194.33762452291555,194.33762452291555,125258372.50999999,125258372.50999999,0.0,64454000.0,170.47727333161427,170.1623340362094,559302861.21,558269606.48,1033254.7300000191,328080600.0,ok
2010-05-05,159.5305999405362,159.11155422465993,418127882.20000005,417029568.15999997,1098314.040000081,262098859.0,187.46223547113007,187.46223547113007,119227320.24,119227320.24,0.0,63600714.0,164.9849269037881,164.6477099925458,537355202.44,536256888.4,1098314.040000081,325699573.0,ok
2010-05-06,156.67250334936554,156.267842793868,409777372.76,408718981.94,1058390.8199999928,261550281.0,183.82658333494447,183.82658333494447,116378595.17,116378595.17,0.0,63308904.0,161.96431938041093,161.63851950499722,526155967.93,525097577.11,1058390.8199999928,324859185.0,ok
2010-05-07,157.00796145140558,156.58384897261877,405875206.51,404778849.75,1096356.7599999905,258506131.0,183.74564926346463,183.74564926346463,114894019.36,114894019.36,0.0,62528838.0,162.2157322898989,161.874225330886,520769225.87,519672869.11,1096356.7599999905,321034969.0,ok
2010-05-10,159.79617482864498,159.38482562049873,414547266.8,413480134.31,1067132.4900000095,259422522.0,187.58596789172648,187.58596789172648,117414915.78,117414915.78,0.0,62592590.0,165.19789374978154,164.8665016969763,531962182.58000004,530895050.09000003,1067132.4900000095,322015112.0,ok
2010-05-11,158.53939143002626,158.1098348996993,411984648.01,410868391.07,1116256.9399999976,259862640.0,187.13533541885266,187.13533541885266,116806781.15,116806781.15,0.0,62418346.0,164.07776199369079,163.73140059215285,528791429.15999997,527675172.22,1116256.939999938,322280986.0,ok
2010-05-12,158.34006613737316,157.9046747218116,412295698.71,411161999.5,1133699.2099999785,260386211.0,187.34793273298655,187.34793273298655,117423434.31,117423434.31,0.0,62676664.0,163.96781370189933,163.61689154471867,529719133.02,528585433.81,1133699.2099999785,323062875.0,ok
2010-05-13,161.88192269059743,161.44312365997973,422364235.33,421219369.9,1144865.4300000072,260908833.0,190.9781690224166,190.9781690224166,120415222.83000001,120415222.83000001,0.0,63051826.0,167.54486789706152,167.1914714588848,542779458.16,541634592.73,1144865.4299999475,323960659.0,ok
2010-05-14,162.45063885300752,162.02743357142947,423912545.94000006,422808198.0,1104347.9400000572,260948525.0,192.22074743405724,192.22074743405724,121906892.03,121906892.03,0.0,63420257.0,168.27126044762224,167.93079983572525,545819437.97,544715090.03,1104347.9400000572,324368782.0,ok
2010-05-17,158.16137423499907,157.7208461815999,412066478.14,410918746.30999994,1147731.830000043,260535469.0,187.32128662597333,187.32128662597333,118444705.02000001,118444705.02000001,0.0,63230777.0,163.8562356991346,163.5017417257264,530511183.15999997,529363451.3299999,1147731.830000043,323766246.0,ok
2010-05-18,157.10754785732067,156.6631490849871,407807928.39,406654391.56,1153536.8299999833,259572461.0,185.9841042118342,185.9841042118342,117427664.77,117427664.77,0.0,63138549.0,162.75725862591423,162.39980666603225,525235593.15999997,524082056.33,1153536.8299999833,322711010.0,ok
2010-05-19,157.7016648662168,157.2426617949395,411210912.25,410014050.62,1196861.6299999952,260752423.0,186.38229075328937,186.38229075328937,118147676.33,118147676.33,0.0,63389969.0,163.31050848171688,162.9412690179691,529358588.58,528161726.95,1196861.6299999952,324142392.0,ok
2010-05-20,154.2498332894042,153.79018542439516,400783510.27,399589218.64,1194291.6299999952,259827516.0,183.15958600087546,183.15958600087546,116218099.97999999,116218099.97999999,0.0,63451825.0,159.92411041508524,159.55468017982628,517001610.25,515807318.62,1194291.6299999952,323279341.0,ok
2010-05-21,148.7286187302406,148.27994875562206,379230220.53999996,378086195.84000003,1144024.6999999285,254981337.0,175.5130361208846,175.5130361208846,109166386.25999999,109166386.25999999,0.0,62198449.0,153.98100016373678,153.62031365390985,488396606.79999995,487252582.1,1144024.6999999285,317179786.0,ok
2010-05-24,151.3036644146427,150.82354223403377,384279671.53,383060261.58000004,1219409.9499999285,253979091.0,177.67994852596456,177.67994852596456,110063874.32,110063874.32,0.0,61945017.0,156.4754108129032,156.08942888904193,494343545.84999996,493124135.90000004,1219409.9499999285,315924108.0,ok
2010-05-25,145.6381409204813,145.13885631356032,361620315.11,360380588.65,1239726.4600000381,248300557.0,170.2358805354133,170.2358805354133,103028111.67999999,103028111.67999999,0.0,60520797.0,150.45864567707324,150.05720761460037,464648426.79,463408700.33,1239726.4600000381,308821354.0,ok
2010-05-26,148.29758047131804,147.79838963136177,367487161.32,366250147.03999996,1237014.280000031,247803882.0,172.65562777386722,172.65562777386722,104206766.86,104206766.86,0.0,60355268.0,153.06828571535195,152.66686512472532,471693928.18,470456913.9,1237014.280000031,308159150.0,ok
2010-05-27,152.14506474650972,151.62914980358545,377494721.31,376214658.97,1280062.3399999738,248114996.0,179.05487270374618,179.05487270374618,108366128.97,108366128.97,0.0,60521184.0,157.42187136971432,157.00712338391438,485860850.28,484580787.94000006,1280062.3399999142,308636180.0,ok
2010-05-28,153.67658476339906,153.1609432048955,381211364.04,379932259.46999997,1279104.5700000525,248060799.0,181.75459171218765,181.75459171218765,109866295.85000001,109866295.85000001,0.0,60447604.0,159.17804997032772,158.76344065740082,491077659.89000005,489798555.32,1279104.5700000525,308508403.0,ok
2010-05-31,155.02429345237314,154.52149555239464,385235566.10999995,383986112.69,1249453.419999957,248500127.0,183.24554824807922,183.24554824807922,110994766.0,110994766.0,0.0,60571603.0,160.55506988943958,160.1508098751057,496230332.10999995,494980878.69,1249453.419999957,309071730.0,ok
2010-06-01,154.00882288677622,153.4999461314998,384246558.11,382976928.63,1269629.480000019,249496458.0,183.7224427554943,183.7224427554943,111852453.53999999,111852453.53999999,0.0,60881214.0,159.83721008449342,159.42815054363834,496099011.65,494829382.16999996,1269629.480000019,310377672.0,ok
2010-06-02,151.90568679473824,151.40110203842764,380132793.35,378870107.16,1262686.1899999976,250242635.0,181.35805689160952,181.35805689160952,110296433.34,110296433.34,0.0,60816947.0,157.66407951065787,157.2581488584396,490429226.69000006,489166540.5,1262686.1900000572,311059582.0,ok
2010-06-03,155.3780117022468,154.87808254972958,388316276.82,387066868.2,1249408.6200000048,249917136.0,185.41064722921593,185.41064722921593,113298982.47,113298982.47,0.0,61107053.0,161.27853621378625,160.87682835176525,501615259.28999996,500365850.66999996,1249408.6200000048,311024189.0,ok
2010-06-04,155.3630213771769,154.86470890016423,388325848.03,387080328.9,1245519.1299999952,249947410.0,186.07013718979977,186.07013718979977,114327171.15,114327171.15,0.0,61443052.0,161.42209878605723,161.02211250452493,502653019.17999995,501407500.04999995,1245519.1299999952,311390462.0,ok
2010-06-07,151.46117744992245,150.9535958512834,377902358.06999993,376635919.46000004,1266438.609999895,249504437.0,181.74201360896362,181.74201360896362,111015300.68,111015300.68,0.0,61084005.0,157.41656566537654,157.0088110812572,488917658.74999994,487651220.14000005,1266438.609999895,310588442.0,ok
2010-06-08,152.4033955042676,151.9024864853965,383346100.81,382086145.15999997,1259955.6500000358,251533832.0,181.9546112609915,181.9546112609915,111463304.2,111463304.2,0.0,61258851.0,158.1908503307285,157.7880417874097,494809405.01,493549449.35999995,1259955.6500000358,312792683.0,ok
2010-06-09,149.62998818708743,149.14027015450722,374714872.09,373488482.7,1226389.3899999857,250427656.0,176.9403290505251,176.9403290505251,107561373.12,107561373.12,0.0,60789631.0,154.96447830997252,154.57041620570388,482276245.21,481049855.82,1226389.3899999857,311217287.0,ok
2010-06-10,152.23187821691565,151.72505411880752,381413673.53,380143836.73,1269836.7999999523,250547834.0,178.69640516276658,178.69640516276658,108518168.59,108518168.59,0.0,60727673.0,157.39492221596478,156.9869759524639,489931842.12,488662005.32000005,1269836.7999999523,311275507.0,ok
2010-06-11,154.36060607728302,153.8497481997831,385382561.01,384107133.8,1275427.2099999785,249663804.0,181.51029653296527,181.51029653296527,110359458.26,110359458.26,0.0,60800660.0,159.67754018701476,159.26672756338388,495742019.27,494466592.06,1275427.2099999785,310464464.0,ok
2010-06-14,156.00190079405297,155.50313234149118,388875020.54,387631711.38,1243309.1600000262,249275822.0,182.94811612069674,182.94811612069674,111264053.39999999,111264053.39999999,0.0,60817272.0,161.28675021056742,160.88580314529673,500139073.94,498895764.78,1243309.1600000262,310093094.0,ok
2010-06-15,156.8798419504245,156.36895671290344,389780900.5,388511564.01,1269336.4900000095,248458244.0,183.75326211281313,183.75326211281313,111909442.93,111909442.93,0.0,60902017.0,162.1702612379164,161.75995110761818,501690343.43,500421006.94,1269336.4900000095,309360261.0,ok
2010-06-16,,,,,,,,,,,,,,,,,,,data unavailable: TWSE MI_MARGN total 20100616: missing tables (keys=stat; stat='很抱歉，沒有符合條件的資料')
2010-06-17,157.76876031417254,157.25874407605,390972676.53,389708786.18,1263890.3499999642,247813747.0,185.3708187858753,185.3708187858753,113003574.88,113003574.88,0.0,60960822.0,163.21818634293032,162.8088617168469,503976251.40999997,502712361.06,1263890.3499999642,308774569.0,ok
2010-06-18,157.38922448883835,156.88107554482758,390435441.32000005,389174876.26,1260565.060000062,248069995.0,185.43948950454038,185.43948950454038,113218263.00999999,113218263.00999999,0.0,61054020.0,162.92933576512976,162.52154956967675,503653704.33000004,502393139.27,1260565.060000062,309124015.0,ok
2010-06-21,160.44976682269575,159.94183000451977,396915461.87,395658944.14,1256517.730000019,247376777.0,187.65224758071665,187.65224758071665,114478120.59,114478120.59,0.0,61005462.0,165.83107513529663,165.42362049910403,511393582.46000004,510137064.73,1256517.730000019,308382239.0,ok
2010-06-22,160.5257326343998,160.01847713719258,398330305.9,397071596.57,1258709.3299999833,248141092.0,188.25267289266583,188.25267289266583,115136309.89,115136309.89,0.0,61160518.0,166.00838766729987,165.60143558903556,513466615.78999996,512207906.46,1258709.3299999833,309301610.0,ok
2010-06-23,160.30609345212378,159.82519285423245,399651111.09000003,398452201.84,1198909.2500000596,249305003.0,187.6511812930105,187.6511812930105,114928172.58,114928172.58,0.0,61245643.0,165.69898993866528,165.3129307674987,514579283.67,513380374.41999996,1198909.2500000596,310550646.0,ok
2010-06-24,161.03751553023358,160.544465824292,404426986.76,403188749.78,1238236.980000019,251138367.0,187.8037489627769,187.8037489627769,115170277.19999999,115170277.19999999,0.0,61324802.0,166.2907233588225,165.89444081967943,519597263.96,518359026.97999996,1238236.980000019,312463169.0,ok
2010-06-25,158.03608495605312,157.5609924881195,397307186.84000003,396112790.94,1194395.9000000358,251402828.0,184.933464400123,184.933464400123,113311618.6,113311618.6,0.0,61271560.0,163.3068857050102,162.92489218528507,510618805.44000006,509424409.53999996,1194395.9000000954,312674388.0,ok
2010-06-28,157.6937289387034,157.20975469516375,398222814.64,397000638.03999996,1222176.6000000238,252529265.0,183.49470301277137,183.49470301277137,111959751.77999999,111959751.77999999,0.0,61015250.0,162.7145563110871,162.32476266408293,510182566.41999996,508960389.81999993,1222176.6000000238,313544515.0,ok
2010-06-29,155.94791167730867,155.46109562626705,393371140.41999996,392143170.24,1227970.1799999475,252245212.0,181.17707443684688,181.17707443684688,110070781.60999998,110070781.60999998,0.0,60753151.0,160.84490577032187,160.45258097723664,503441922.03,502213951.85,1227970.1799999475,312998363.0,ok
2010-06-30,154.1748662019224,153.6993871580781,390134849.01,388931663.63,1203185.3799999952,253046984.0,179.48004349706258,179.48004349706258,108632783.92,108632783.92,0.0,60526386.0,159.05930817084374,158.67560678063955,498767632.93,497564447.55,1203185.3799999952,313573370.0,ok
2010-07-01,153.37867290226882,152.9021482028671,390303934.43,389091318.22,1212616.2099999785,254470799.0,179.1296859816523,179.1296859816523,108306318.63,108306318.63,0.0,60462518.0,158.32248483890956,157.93744580221724,498610253.06,497397636.85,1212616.2099999785,314933317.0,ok
2010-07-02,154.9441235620596,154.46573433587685,396783567.36,395558500.03,1225067.330000043,256081714.0,180.69373513841148,180.69373513841148,109513350.20000002,109513350.20000002,0.0,60607165.0,159.87202302737003,159.48518679432377,506296917.56000006,505071850.23,1225067.330000043,316688879.0,ok
2010-07-05,157.53102857290665,157.0422622275695,404147662.26,402893726.5899999,1253935.6700000763,256551148.0,183.82372389291578,183.82372389291578,112109701.33,112109701.33,0.0,60987613.0,162.580896254741,162.1860040954181,516257363.59,515003427.9199999,1253935.6700000763,317538761.0,ok
2010-07-06,160.1206787940493,159.61391195472703,410409787.19000006,409110878.94,1298908.2500000596,256312795.0,186.80768873581403,186.80768873581403,114355015.98,114355015.98,0.0,61215369.0,165.2655929979175,164.85652432393368,524764803.1700001,523465894.92,1298908.2500000596,317528164.0,ok
2010-07-07,160.05920068527223,159.55281310489528,410866860.66999996,409566979.91,1299880.7599999309,256696809.0,186.32849579145378,186.32849579145378,114348920.25999999,114348920.25999999,0.0,61369529.0,165.1277479511208,164.7190656717656,525215780.92999995,523915900.17,1299880.7599999309,318066338.0,ok
2010-07-08,161.83032006360548,161.32428533453023,414935881.09999996,413638398.86,1297482.23999995,256401817.0,188.02164962892218,188.02164962892218,115682281.0,115682281.0,0.0,61526043.0,166.89891917619298,166.49081331217715,530618162.09999996,529320679.86,1297482.23999995,317927860.0,ok
2010-07-09,162.0353930301812,161.51725047446376,413837390.79999995,412514057.92,1323332.8799999356,255399381.0,189.3542854018645,189.3542854018645,116992013.15,116992013.15,0.0,61784719.0,167.35687695253324,166.93966408467514,530829403.9499999,529506071.07000005,1323332.879999876,317184100.0,ok
2010-07-12,162.48988345122754,161.96103756114283,414470399.13,413121447.65999997,1348951.4700000286,255074587.0,188.93531727733904,188.93531727733904,116875409.94,116875409.94,0.0,61860012.0,167.65156305007898,167.2259384971724,531345809.07,529996857.59999996,1348951.4700000286,316934599.0,ok
2010-07-13,161.48907642534226,160.96838809363263,412937097.89,411605667.1,1331430.7899999619,255705901.0,187.85431604109007,187.85431604109007,116606366.25999999,116606366.25999999,0.0,62072764.0,166.639086406257,166.22010585890027,529543464.15,528212033.36,1331430.7899999619,317778665.0,ok
2010-07-14,163.28999613784538,162.76407718403755,416309402.93999994,414968567.55,1340835.389999926,254950954.0,189.7554927277586,189.7554927277586,118047377.80000001,118047377.80000001,0.0,62210256.0,168.48112691334478,168.05836544450062,534356780.73999995,533015945.35,1340835.389999926,317161210.0,ok
2010-07-15,163.47150266670363,162.9566364788428,418209272.78,416892090.21,1317182.5699999928,255830078.0,190.01314465270667,190.01314465270667,118868396.42999999,118868396.42999999,0.0,62557986.0,168.68649611500507,168.27279261323062,537077669.2099999,535760486.64,1317182.5699999332,318388064.0,ok
2010-07-16,161.83165038864675,161.31495815605737,414782158.4,413457851.82,1324306.5799999833,256304720.0,187.95812588475138,187.95812588475138,117521444.11,117521444.11,0.0,62525333.0,166.95527836894345,166.539913955351,532303602.51,530979295.93,1324306.5799999833,318830053.0,ok
2010-07-19,161.42662931741873,160.9081971313118,415978219.66999996,414642278.39,1335941.2799999714,257688723.0,186.60158151978158,186.60158151978158,116569841.89999999,116569841.89999999,0.0,62469911.0,166.33880989447246,165.92153510062764,532548061.56999993,531212120.28999996,1335941.2799999714,320158634.0,ok
2010-07-20,162.83990672859207,162.3238523429834,420615397.65999997,419282429.43999994,1332968.2200000286,258299950.0,188.44431645144232,188.44431645144232,118099864.07,118099864.07,0.0,62670961.0,167.8392786597412,167.42398612876167,538715261.73,537382293.51,1332968.2200000286,320970911.0,ok
2010-07-21,162.50208372428986,162.00054004568642,419653210.35999995,418357999.8,1295210.5599999428,258244818.0,189.47359462263844,189.47359462263844,118811018.56,118811018.56,0.0,62705845.0,167.77165184419636,167.3680974324705,538464228.92,537169018.36,1295210.5599999428,320950663.0,ok
2010-07-22,162.26034565637738,161.75510902643012,421115027.97,419803785.0,1311242.9700000286,259530464.0,189.91151215750406,189.91151215750406,119241583.28,119241583.28,0.0,62787970.0,167.64682197792013,167.24000597496075,540356611.25,539045368.28,1311242.9700000286,322318434.0,ok
2010-07-23,163.7692375026742,163.28194261249888,423984514.32000005,422722949.63,1261564.6900000572,258891426.0,191.4263325462267,191.4263325462267,120609812.83,120609812.83,0.0,63005863.0,169.18263861178403,168.7907233229293,544594327.1500001,543332762.46,1261564.6900000572,321897289.0,ok
2010-07-26,164.0322447887188,163.53972528826745,423191924.18,421921257.7,1270666.480000019,257993131.0,190.6685632158996,190.6685632158996,119862886.59,119862886.59,0.0,62864525.0,169.25100605048365,168.85498418339125,543054810.77,541784144.29,1270666.480000019,320857656.0,ok
2010-07-27,163.41009291841868,162.91931379053304,419716962.42,418456401.82000005,1260560.5999999642,256848861.0,189.6667492031512,189.6667492031512,119655540.03,119655540.03,0.0,63087252.0,168.58756499614037,168.19356114700312,539372502.45,538111941.85,1260560.6000000238,319936113.0,ok
2010-07-28,163.8024129730566,163.30911608541382,424753699.61999995,423474538.5,1279161.1199999452,259308573.0,189.97123088371814,189.97123088371814,120116945.67,120116945.67,0.0,63229019.0,168.93244657509564,168.53585369670645,544870645.29,543591484.17,1279161.1200000048,322537592.0,ok
2010-07-29,163.51531117491098,163.03323062508258,426029038.02,424773006.94,1256031.0799999833,260543820.0,188.67656482464483,188.67656482464483,119245828.56,119245828.56,0.0,63201187.0,168.42726676553806,168.03929751416985,545274866.5799999,544018835.5,1256031.0799999237,323745007.0,ok
2010-07-30,162.60358146621343,162.11629856765734,424756433.27,423483542.81999993,1272890.4500000477,261222065.0,188.0628232607865,188.0628232607865,118805051.46000001,118805051.46000001,0.0,63173066.0,167.5615423247521,167.16915343590654,543561484.73,542288594.28,1272890.4500000477,324395131.0,ok
2010-08-02,165.48320276442595,164.99912104077373,433682122.39,432413488.55999994,1268633.830000043,262070177.0,190.17693178937392,190.17693178937392,120733334.49000001,120733334.49000001,0.0,63484742.0,170.29859618862034,169.90891268025962,554415456.88,553146823.05,1268633.830000043,325554919.0,ok
2010-08-03,166.2133313451329,165.7378864935541,435410501.42,434165031.64000005,1245469.7799999714,261958832.0,190.35799474412107,190.35799474412107,121098143.84,121098143.84,0.0,63616001.0,170.93110058049234,170.54855572328592,556508645.26,555263175.48,1245469.7799999714,325574833.0,ok
2010-08-04,166.2855633445454,165.80458484835953,439868477.78999996,438596164.82000005,1272312.9699999094,264525957.0,190.8010010618033,190.8010010618033,121978925.42999999,121978925.42999999,0.0,63929919.0,171.0571934538933,170.66983153925977,561847403.2199999,560575090.25,1272312.9699999094,328455876.0,ok
2010-08-05,164.31836463043263,163.85249513521978,434900106.04999995,433667092.96999997,1233013.0799999833,264669203.0,187.945335246265,187.945335246265,120286691.03,120286691.03,0.0,64000892.0,168.9191701727533,168.54401797644533,555186797.0799999,553953784.0,1233013.0799999237,328670095.0,ok
2010-08-06,165.25109384087662,164.78061839740317,440174966.12,438921773.13,1253192.9900000095,266367354.0,189.0483199484815,189.0483199484815,121499317.29,121499317.29,0.0,64268922.0,169.8767873280789,169.49776267743832,561674283.41,560421090.42,1253192.9900000095,330636276.0,ok
2010-08-09,166.62174440815025,166.16516087464157,444219117.42999995,443001850.53,1217266.8999999762,266603329.0,189.55403982868003,189.55403982868003,122403330.82000001,122403330.82000001,0.0,64574372.0,171.09317642433902,170.725619400927,566622448.25,565405181.35,1217266.8999999762,331177701.0,ok
2010-08-10,164.82969368761454,164.38013599821198,440115854.53999996,438915479.4,1200375.1399999857,267012481.0,187.85580033977953,187.85580033977953,121391557.79999998,121391557.79999998,0.0,64619542.0,169.31640293977276,168.95444297910876,561507412.3399999,560307037.1999999,1200375.1399999857,331632023.0,ok
2010-08-11,163.09711782621358,162.64365268603507,435500144.63000005,434289306.96000004,1210837.6700000167,267018909.0,186.43257042135158,186.43257042135158,120072435.77,120072435.77,0.0,64405289.0,167.63186989744185,167.26652612432363,555572580.4000001,554361742.73,1210837.6700000763,331424198.0,ok
2010-08-12,162.94066384166618,162.49009414965195,439481756.39,438266484.8,1215271.5899999738,269718894.0,186.71850748865717,186.71850748865717,120570723.97999999,120570723.97999999,0.0,64573526.0,167.5337060798447,167.17017058897116,560052480.37,558837208.78,1215271.5900000334,334292420.0,ok
2010-08-13,165.05084236095377,164.6007101873139,449276325.25,448051043.84000003,1225281.4099999666,272204806.0,190.82252948456156,190.82252948456156,124110915.92999999,124110915.92999999,0.0,65039970.0,170.02108912726342,169.6577680331511,573387241.18,572161959.77,1225281.4099999666,337244776.0,ok
2010-08-16,166.17979526162543,165.71730997571436,455826989.01,454558403.53,1268585.480000019,274297479.0,191.2805955820907,191.2805955820907,125193253.1,125193253.1,0.0,65450054.0,171.01529390943364,170.641903271745,581020242.11,579751656.63,1268585.480000019,339747533.0,ok
2010-08-17,166.02955436353113,165.57468676410997,457472310.29,456218983.24,1253327.050000012,275536673.0,191.70222511599627,191.70222511599627,125933008.47,125933008.47,0.0,65691991.0,170.97195526340658,170.60465697278,583405318.76,582151991.71,1253327.0499999523,341228664.0,ok
2010-08-18,165.5580505885584,165.1109566246106,459523570.89,458282615.14,1240955.75,277560390.0,192.3843223585357,192.3843223585357,127401730.96,127401730.96,0.0,66222512.0,170.72556501079276,170.36459425198524,586925301.85,585684346.1,1240955.75,343782902.0,ok
2010-08-19,165.52203880643302,165.0742434213273,461680199.91999996,460431192.45,1249007.469999969,278923703.0,192.20630989012574,192.20630989012574,127750214.10000001,127750214.10000001,0.0,66465151.0,170.65704558607442,170.29542202598117,589430414.02,588181406.55,1249007.4700000286,345388854.0,ok
2010-08-20,165.4297323007255,164.9862619556376,463324700.68,462082658.14,1242042.5400000215,280073415.0,191.3629553947294,191.3629553947294,127018841.81,127018841.81,0.0,66375878.0,170.39825290969782,170.03974661019154,590343542.49,589101499.95,1242042.5399999619,346449293.0,ok
2010-08-23,165.9465765901462,165.50540420303457,464677943.33,463442587.46000004,1235355.8699999452,280016589.0,191.3159849650424,191.3159849650424,127447471.7,127447471.7,0.0,66616217.0,170.82209322968697,170.46570576473368,592125415.03,590890059.1600001,1235355.8699998856,346632806.0,ok
2010-08-24,165.4260751717242,164.98514382350868,466114610.32000005,464872215.22999996,1242395.090000093,281766106.0,191.28149214353465,191.28149214353465,127432650.13,127432650.13,0.0,66620481.0,170.37029627377706,170.01368234650204,593547260.45,592304865.3599999,1242395.0900001526,348386587.0,ok
2010-08-25,159.76328698760943,159.331300606171,448123993.02,446912303.74,1211689.2799999714,280492472.0,186.80818712117048,186.80818712117048,124219239.82000001,124219239.82000001,0.0,66495608.0,164.94607908144857,164.59687709157043,572343232.84,571131543.5600001,1211689.2799999714,346988080.0,ok
2010-08-26,157.6983124860873,157.26360921906218,441109054.97,439893115.85,1215939.1200000048,279717042.0,183.11218809434152,183.11218809434152,120999501.14000002,120999501.14000002,0.0,66079436.0,162.55473721453,162.20310288701089,562108556.11,560892616.99,1215939.1200000048,345796478.0,ok
2010-08-27,158.49780047741945,158.0649264838557,443570582.91999996,442359145.48,1211437.439999938,279859141.0,183.3738865842817,183.3738865842817,121048278.57,121048278.57,0.0,66011732.0,163.2455651997039,162.8953080561947,564618861.49,563407424.05,1211437.4400000572,345870873.0,ok
2010-08-30,157.9109961970324,157.47972790826924,440215844.3299999,439013577.62,1202266.709999919,278774661.0,181.65380009230253,181.65380009230253,119600872.88,119600872.88,0.0,65840006.0,162.44715353627126,162.09828077340654,559816717.2099999,558614450.5,1202266.709999919,344614667.0,ok
2010-08-31,153.9543719189836,153.53099842580815,424051529.43000007,422885390.56,1166138.8700000644,275439745.0,174.0734859978428,174.0734859978428,111933949.74,111933949.74,0.0,64302699.0,157.76229571422053,157.41905368173545,535985479.1700001,534819340.3,1166138.8700000644,339742444.0,ok
2010-09-01,156.48901017234792,156.06640454551882,434524751.23,433351297.54999995,1173453.6800000668,277671097.0,177.08148835243554,177.08148835243554,114351515.05,114351515.05,0.0,64575646.0,160.37443087661464,160.03156313455403,548876266.28,547702812.5999999,1173453.6800000668,342246743.0,ok
2010-09-02,157.54684508739786,157.11621003939445,436847007.49,435652939.58,1194067.9100000262,277280708.0,177.64710216667146,177.64710216667146,114640833.9,114640833.9,0.0,64532904.0,161.34168506724066,160.9923520190296,551487841.39,550293773.48,1194067.9099999666,341813612.0,ok
2010-09-03,160.87098008650597,160.45767673785957,448606435.03999996,447453893.15999997,1152541.8799999952,278861007.0,183.2684736953184,183.2684736953184,119070421.71,119070421.71,0.0,64970488.0,165.10321625713783,164.76801081587945,567676856.75,566524314.87,1152541.8799999952,343831495.0,ok
2010-09-06,162.70194007279903,162.2840096394211,455444933.52,454275037.83,1169895.6899999976,279925939.0,186.2932900255735,186.2932900255735,122108498.47999999,122108498.47999999,0.0,65546375.0,167.17792094911547,166.83928435145165,577553432.0,576383536.31,1169895.6900000572,345472314.0,ok
2010-09-07,161.85747148988,161.44247829724404,454432098.74,453266961.13,1165137.6100000143,280760656.0,185.5274868113337,185.5274868113337,121904517.93,121904517.93,0.0,65706985.0,166.3464486918708,166.0101582358163,576336616.6700001,575171479.06,1165137.6100001335,346467641.0,ok
2010-09-08,161.24145046543833,160.8330795095016,453959847.18,452810117.9,1149729.280000031,281540414.0,184.79165112040369,184.79165112040369,121787754.45,121787754.45,0.0,65905442.0,165.7085821250952,165.3776732193922,575747601.63,574597872.35,1149729.2799999714,347445856.0,ok
2010-09-09,160.67283388352735,160.27097514971297,452799394.86,451666898.54999995,1132496.310000062,281814532.0,182.96199865554442,182.96199865554442,119878430.50999999,119878430.50999999,0.0,65520945.0,164.87743501364244,164.55138242616084,572677825.37,571545329.06,1132496.310000062,347335477.0,ok
2010-09-10,161.39192423813748,160.9967693526457,454673842.19,453560610.59000003,1113231.5999999642,281720318.0,182.70144758620143,182.70144758620143,119466253.1,119466253.1,0.0,65388783.0,165.40623499526163,165.0855198089433,574140095.29,573026863.69,1113231.5999999046,347109101.0,ok
2010-09-13,164.19492984019718,163.78728937543502,464425002.75,463271992.58000004,1153010.169999957,282849783.0,184.88954202733555,184.88954202733555,121244153.38999999,121244153.38999999,0.0,65576534.0,168.0898162867531,167.7588969176516,585669156.14,584516145.97,1153010.169999957,348426317.0,ok
2010-09-14,165.38456708165302,164.97600440862593,468932230.08000004,467773789.43,1158440.6500000358,283540501.0,186.6963707982571,186.6963707982571,122654291.85,122654291.85,0.0,65697202.0,169.3936584876691,169.0619529930879,591586521.9300001,590428081.28,1158440.6500000954,349237703.0,ok
2010-09-15,166.02268105238807,165.62002855263387,474890382.02,473738636.98,1151745.0399999619,286039461.0,187.6076933959415,187.6076933959415,123566752.89999998,123566752.89999998,0.0,65864438.0,170.06266103348858,169.73537138331054,598457134.92,597305389.88,1151745.0399999619,351903899.0,ok
2010-09-16,164.30397193224468,163.8996317307502,470099842.25,468942960.51,1156881.7400000095,286115933.0,185.6182483703961,185.6182483703961,122055436.10000001,122055436.10000001,0.0,65756162.0,168.2870812333101,167.9583021807967,592155278.35,590998396.61,1156881.7400000095,351872095.0,ok
2010-09-17,165.76027340949867,165.3504543108889,477361361.76,476181152.54,1180209.219999969,287982972.0,186.55970121066193,186.55970121066193,122936490.73999998,122936490.73999998,0.0,65896595.0,169.63337487637426,169.29986898056762,600297852.5,599117643.28,1180209.2200000286,353879567.0,ok
2010-09-20,165.99116740282992,165.58231719170698,478976362.53,477796603.45,1179759.0799999833,288555331.0,186.84668249884785,186.84668249884785,123394660.86,123394660.86,0.0,66040595.0,169.87533674879276,169.54263155014362,602371023.39,601191264.31,1179759.080000043,354595926.0,ok
2010-09-21,166.21530477949557,165.81294218543746,480519763.03,479356553.78999996,1163209.2400000095,289094776.0,187.9256645073792,187.9256645073792,124118573.95,124118573.95,0.0,66046633.0,170.25284060299487,169.92530649671437,604638336.98,603475127.74,1163209.2400000095,355141409.0,ok
2010-09-22,,,,,,,,,,,,,,,,,,,data unavailable: TWSE MI_MARGN total 20100922: missing tables (keys=stat; stat='很抱歉，沒有符合條件的資料')
2010-09-23,166.53961432948861,166.14201687943685,484222387.21,483066352.42999995,1156034.780000031,290755079.0,189.07934699228613,189.07934699228613,125723134.79,125723134.79,0.0,66492262.0,170.73479687564702,170.4112018065377,609945522.0,608789487.2199999,1156034.7800000906,357247341.0,ok
2010-09-24,165.1116608430132,164.71101355137478,480042145.66999996,478877312.22,1164833.4499999285,290737882.0,188.25261412305088,188.25261412305088,125314420.73000002,125314420.73000002,0.0,66567161.0,169.42290019679348,169.09689487645997,605356566.4,604191732.95,1164833.4499999285,357305043.0,ok
2010-09-27,164.50291810300925,164.09983775278093,478452644.47,477280295.3,1172349.1700000167,290847512.0,185.4404560797482,185.4404560797482,122795901.38999999,122795901.38999999,0.0,66218507.0,168.38582051124837,168.0574921048424,601248545.86,600076196.69,1172349.169999957,357066019.0,ok
2010-09-28,164.29347147830003,163.89265787669905,478278436.2099999,477111618.68,1166817.5299999118,291112259.0,185.64288826133904,185.64288826133904,123050661.39000002,123050661.39000002,0.0,66283531.0,168.25298854247833,167.92651084949827,601329097.5999999,600162280.07,1166817.5299998522,357395790.0,ok
2010-09-29,165.3936009654797,164.9948743483403,483160254.51,481995464.26,1164790.25,292127538.0,186.68741718741632,186.68741718741632,123925095.74999999,123925095.74999999,0.0,66381065.0,169.33634093572923,169.01144210756917,607085350.26,605920560.01,1164790.25,358508603.0,ok
2010-09-30,165.28634021778547,164.8927507189971,484722541.09000003,483568291.43,1154249.6600000262,293262311.0,187.07852459928682,187.07852459928682,124686394.27000001,124686394.27000001,0.0,66649229.0,169.32186596739857,169.0011622578148,609408935.36,608254685.7,1154249.6599999666,359911540.0,ok
2010-10-01,165.63167336275134,165.24335962261316,486966048.89,485824385.55999994,1141663.330000043,294005391.0,187.49780051502015,187.49780051502015,125482449.24999999,125482449.24999999,0.0,66924758.0,169.68615668069336,169.3698452467045,612448498.14,611306834.81,1141663.330000043,360930149.0,ok
2010-10-04,163.96467355880492,163.57123106566942,482033782.03999996,480877114.76,1156667.2799999714,293986364.0,183.98096645082305,183.98096645082305,122215494.57000001,122215494.57000001,0.0,66428336.0,167.65389330956813,167.33296653271913,604249276.61,603092609.33,1156667.2799999714,360414700.0,ok
2010-10-05,163.39001132389066,162.9926386333266,480768639.71,479599386.3,1169253.4099999666,294246041.0,183.414946922039,183.414946922039,121676026.81,121676026.81,0.0,66339210.0,167.07412875298107,166.749863296544,602444666.52,601275413.11,1169253.4099999666,360585251.0,ok
2010-10-06,164.9101006269171,164.51212279268046,487428752.15999997,486252439.5,1176312.6599999666,295572406.0,183.64377978615002,183.64377978615002,121930199.44,121930199.44,0.0,66394952.0,168.34638210664286,168.02140455438527,609358951.5999999,608182638.94,1176312.6599998474,361967358.0,ok
2010-10-07,164.75937899173258,164.36606092538673,488873251.68,487706200.16999996,1167051.51000005,296719528.0,184.18221846981788,184.18221846981788,122674564.77000001,122674564.77000001,0.0,66604999.0,168.31999245952366,167.99877783643268,611547816.45,610380764.9399999,1167051.5100001097,363324527.0,ok
2010-10-08,163.51660098138555,163.11822806719306,484940341.42,483758888.91999996,1181452.5000000596,296569485.0,182.54480783619172,182.54480783619172,121253004.57000001,121253004.57000001,0.0,66423694.0,166.99855012702594,166.67307500287768,606193345.99,605011893.49,1181452.5,362993179.0,ok
2010-10-11,162.13900234594814,161.75542204211732,477516136.80999994,476386453.13,1129683.6799999475,294510346.0,180.58293352929036,180.58293352929036,119702359.05,119702359.05,0.0,66286640.0,165.52757340938538,165.2144655609734,597218495.8599999,596088812.18,1129683.6799999475,360796986.0,ok
2010-10-12,161.0529285394559,160.6833965363122,474688353.4,473599192.59000003,1089160.8099999428,294740591.0,180.20787971781184,180.20787971781184,119269916.62,119269916.62,0.0,66184629.0,164.5654659488744,164.26369684279754,593958270.02,592869109.21,1089160.8099999428,360925220.0,ok
2010-10-13,161.32351343906723,160.95616950974565,476301959.35,475217389.40999997,1084569.9400000572,295246458.0,181.3914888814797,181.3914888814797,120276930.59,120276930.59,0.0,66307924.0,165.00391632371367,164.70394210296143,596578889.94,595494320.0,1084569.9400000572,361554382.0,ok
2010-10-14,162.59661972896936,162.22891855721738,480123846.43999994,479038079.09000003,1085767.3499999046,295285257.0,182.08428662794535,182.08428662794535,120827381.67,120827381.67,0.0,66357940.0,166.17241333313396,165.87218167966807,600951228.1099999,599865460.76,1085767.3499999046,361643197.0,ok
2010-10-15,161.26285543836468,160.89534361325414,474749999.35999995,473668062.43,1081936.9299999475,294395134.0,179.2474710529214,179.2474710529214,118390506.11,118390506.11,0.0,66048634.0,164.55840220547242,164.25823418314724,593140505.4699999,592058568.54,1081936.9299999475,360443768.0,ok
2010-10-18,158.44247421152326,158.07468294416134,465970960.4,464889305.68,1081654.719999969,294094726.0,175.4140272869938,175.4140272869938,114960852.5,114960852.5,0.0,65536864.0,161.535256927791,161.2344894896469,580931812.9,579850158.1800001,1081654.7199999094,359631590.0,ok
2010-10-19,158.4626617770805,158.09030725736486,465638783.99,464544629.04,1094154.949999988,293847635.0,176.3096581505686,176.3096581505686,115267150.01,115267150.01,0.0,65377672.0,161.71074884765844,161.40616146790575,580905934.0,579811779.0500001,1094154.9499999285,359225307.0,ok
2010-10-20,160.85280814081372,160.46966365298215,474672739.36,473542089.26,1130650.1000000238,295097577.0,180.1897167443789,180.1897167443789,117966292.03,117966292.03,0.0,65467827.0,164.3638088445113,164.05023186583924,592639031.39,591508381.29,1130650.1000000238,360565404.0,ok
2010-10-21,160.65219719062696,160.27967679651056,475498130.65999997,474395545.36,1102585.2999999523,295979849.0,179.5240774944374,179.5240774944374,117342116.32,117342116.32,0.0,65362885.0,164.06591061548787,163.7607750208698,592840246.98,591737661.6800001,1102585.2999999523,361342734.0,ok
2010-10-22,161.11668043155802,160.74713951222117,477358996.48,476264114.91999996,1094881.560000062,296281549.0,180.5718051086061,180.5718051086061,118162660.89,118162660.89,0.0,65438046.0,164.636272295395,164.3335843638772,595521657.37,594426775.81,1094881.560000062,361719595.0,ok
2010-10-25,163.20099668808655,162.8153036686101,485559797.98,484412274.2,1147523.780000031,297522569.0,182.2684423367825,182.2684423367825,119332528.97,119332528.97,0.0,65470757.0,166.64006845955072,166.3239403938793,604892326.95,603744803.17,1147523.7800000906,362993326.0,ok
2010-10-26,163.58730743707747,163.18098791573854,487935426.46000004,486723488.37,1211938.0900000334,298272179.0,183.26247067756128,183.26247067756128,120608332.50999998,120608332.50999998,0.0,65811801.0,167.14378890551572,166.81091567939902,608543758.97,607331820.88,1211938.0900000334,364083980.0,ok
2010-10-27,162.26313787131298,161.86817494520025,484573632.58000004,483394137.21000004,1179495.3700000048,298634452.0,182.2462093104504,182.2462093104504,120113741.79999998,120113741.79999998,0.0,65907402.0,165.87598042445902,165.55242488287777,604687374.38,603507879.01,1179495.3700000048,364541854.0,ok
2010-10-28,163.33958297330483,162.94718152810336,488694535.31999993,487520512.23,1174023.0899999142,299189288.0,183.36466408845297,183.36466408845297,121315519.50999999,121315519.50999999,0.0,66160795.0,166.96590016376155,166.64455821130878,610010054.8299999,608836031.74,1174023.0899999142,365350083.0,ok
2010-10-29,161.78512466961064,161.3887863472807,482389478.95,481207729.78,1181749.1700000167,298166769.0,182.00218557418475,182.00218557418475,119957478.53,119957478.53,0.0,65909911.0,165.44508082198507,165.12049283409195,602346957.48,601165208.31,1181749.1700000763,364076680.0,ok
2010-11-01,162.18230365127943,161.7824247628403,482134952.21999997,480946193.73999995,1188758.480000019,297279630.0,180.56152910952616,180.56152910952616,118562779.52,118562779.52,0.0,65663367.0,165.5074589412728,165.1799258328161,600697731.74,599508973.26,1188758.480000019,362942997.0,ok
2010-11-02,160.5961946527275,160.19308911820195,473433456.12,472245111.35999995,1188344.76000005,294797431.0,177.62488546195848,177.62488546195848,116080793.46,116080793.46,0.0,65351650.0,163.68617349880174,163.3562143727919,589514249.58,588325904.8199999,1188344.7600001097,360149081.0,ok
2010-11-03,157.83259673722662,157.4251343278703,459065083.5500001,457879955.96,1185127.590000093,290855687.0,172.6950282197418,172.6950282197418,111138712.62,111138712.62,0.0,64355479.0,160.5253017778163,160.19166148059657,570203796.1700001,569018668.5799999,1185127.5900001526,355211166.0,ok
2010-11-04,159.72298553983074,159.3065938389248,464510980.17999995,463300017.86,1210962.3199999332,290822876.0,174.83104943907847,174.83104943907847,112601180.44,112601180.44,0.0,64405711.0,162.46219525682483,162.12129861609364,577112160.6199999,575901198.3,1210962.3199999332,355228587.0,ok
2010-11-05,161.29725766974695,160.86015239877077,470978032.28999996,469701711.89,1276320.3999999762,291993825.0,176.8184727409552,176.8184727409552,113929282.10000001,113929282.10000001,0.0,64432907.0,164.10309942465258,163.74501169289402,584907314.39,583630993.99,1276320.3999999762,356426732.0,ok
2010-11-08,160.1990753341953,159.776938251906,468973932.43,467738149.47,1235782.9599999785,292744469.0,173.61948335159198,173.61948335159198,111284097.22,111284097.22,0.0,64096549.0,162.609677806154,162.26336589197828,580258029.65,579022246.69,1235782.959999919,356841018.0,ok
2010-11-09,160.5631565334115,160.14298502363476,470456371.62,469225252.5500001,1231119.0699999332,293003938.0,175.03653570924615,175.03653570924615,112347128.68,112347128.68,0.0,64184959.0,163.16394635861258,162.81927745083297,582803500.3,581572381.23,1231119.0699999332,357188897.0,ok
2010-11-10,160.5290344633868,160.12257801977762,470914972.65,469722624.95000005,1192347.6999999285,293351900.0,175.23004027669515,175.23004027669515,112471415.37,112471415.37,0.0,64185008.0,163.16815829821968,162.83466889521796,583386388.02,582194040.32,1192347.6999999285,357536908.0,ok
2010-11-11,161.52159095128374,161.10350966487528,475477067.43,474246346.12,1230721.3100000024,294373690.0,178.19251510547724,178.19251510547724,114749169.21000001,114749169.21000001,0.0,64396178.0,164.51388181796804,164.17084261100769,590226236.64,588995515.33,1230721.3099999428,358769868.0,ok
2010-11-12,159.33309985681302,158.9051252637381,468227096.23,466969420.95,1257675.280000031,293866809.0,177.37864407072095,177.37864407072095,114321213.69,114321213.69,0.0,64450382.0,162.57894528984517,162.22795033018664,582548309.9200001,581290634.64,1257675.2800000906,358317191.0,ok
2010-11-15,157.7413654682572,157.32247454862596,461550643.83000004,460324970.57,1225673.26000005,292599625.0,176.7819605261822,176.7819605261822,113857351.55000001,113857351.55000001,0.0,64405526.0,161.17638464549776,160.83306375599048,575407995.3800001,574182322.12,1225673.2600001097,357005151.0,ok
2010-11-16,158.61422632827006,158.19286045139415,464129503.73,462896522.68,1232981.050000012,292615306.0,177.27551401245236,177.27551401245236,113864339.20000002,113864339.20000002,0.0,64230156.0,161.9731521007825,161.62762968805808,577993842.9300001,576760861.88,1232981.0500000715,356845462.0,ok
2010-11-17,158.1694345248058,157.7530769828134,465460368.17,464235112.89,1225255.280000031,294279593.0,177.66077002546282,177.66077002546282,114365823.32000001,114365823.32000001,0.0,64373144.0,161.6678563058059,161.32622911225687,579826191.49,578600936.21,1225255.2799999714,358652737.0,ok
2010-11-18,158.78534318119904,158.35794893538974,467110025.70000005,465852729.95000005,1257295.75,294177042.0,177.45210436288866,177.45210436288866,114163021.67999999,114163021.67999999,0.0,64334555.0,162.13507519534994,161.7843764284144,581273047.38,580015751.63,1257295.75,358511597.0,ok
2010-11-19,158.96144918767007,158.5389296872355,466877916.67999995,465636955.27,1240961.4099999666,293705121.0,177.33716685340355,177.33716685340355,113692104.35,113692104.35,0.0,64110703.0,162.2538697533958,161.90705406589285,580570021.03,579329059.62,1240961.4099999666,357815824.0,ok
2010-11-22,160.47158229746816,160.048408028291,470945994.88,469704078.87,1241916.0099999905,293476258.0,177.98719103321326,177.98719103321326,114127617.07,114127617.07,0.0,64121253.0,163.6123278134338,163.26503344705887,585073611.95,583831695.94,1241916.0099999905,357597511.0,ok
2010-11-23,160.02954138127402,159.6196972754836,468688196.42999995,467487861.21000004,1200335.2199999094,292876048.0,177.8495901516217,177.8495901516217,114074788.4,114074788.4,0.0,64141159.0,163.23106377054816,162.89485162265584,582762984.8299999,581562649.61,1200335.2199999094,357017207.0,ok
2010-11-24,159.25068169716138,158.8385427382703,467114306.58,465905420.05,1208886.5299999714,293320130.0,176.86054487421825,176.86054487421825,113096455.52,113096455.52,0.0,63946685.0,162.4026463526986,162.06427556670778,580210762.1,579001875.57,1208886.5299999714,357266815.0,ok
2010-11-25,160.57953714317753,160.15836862965293,471377761.16,470141430.09000003,1236331.0699999928,293547839.0,178.84665419778983,178.84665419778983,114754256.87,114754256.87,0.0,64163491.0,163.85615127986023,163.5105287159901,586132018.03,584895686.96,1236331.0699999332,357711330.0,ok
2010-11-26,159.7681526088972,159.35385768176081,467760058.47,466547109.47999996,1212948.9900000691,292774280.0,178.58481297678043,178.58481297678043,114273644.83,114273644.83,0.0,63988445.0,163.1430815256835,162.80309393589255,582033703.3000001,580820754.31,1212948.9900001287,356762725.0,ok
2010-11-29,161.6444766738491,161.22917383052348,476624567.7,475400006.59999996,1224561.1000000238,294859792.0,181.22913355225424,181.22913355225424,116537946.31,116537946.31,0.0,64304201.0,165.15088526983828,164.80993764594882,593162514.01,591937952.91,1224561.1000000238,359163993.0,ok
2010-11-30,162.53256365103528,162.12342154257988,479081644.5,477875655.55999994,1205988.9400000572,294760406.0,182.7180115589987,182.7180115589987,117298685.23,117298685.23,0.0,64196564.0,166.14256848947662,165.8065981529764,596380329.73,595174340.79,1205988.9400000572,358956970.0,ok
2010-12-01,164.54494390246302,164.14606715290648,491215208.17999995,490024443.39,1190764.7899999619,298529506.0,184.45569443318885,184.45569443318885,118766923.03999999,118766923.03999999,0.0,64387778.0,168.07745404046392,167.74934489755523,609982131.2199999,608791366.43,1190764.7899999619,362917284.0,ok
2010-12-02,164.92156270248043,164.51643328290072,494420572.67,493206029.73,1214542.9399999976,299791346.0,185.0625785523552,185.0625785523552,119443357.79,119443357.79,0.0,64542145.0,168.48956948072612,168.15620925719398,613863930.46,612649387.52,1214542.9400000572,364333491.0,ok
2010-12-03,165.4712108501696,165.06826905780864,498817292.18,497602613.60999995,1214678.5700000525,301452615.0,186.4685643736919,186.4685643736919,121432244.96000001,121432244.96000001,0.0,65122100.0,169.20139653931125,168.87003746835074,620249537.14,619034858.5699999,1214678.5700000525,366574715.0,ok
2010-12-06,166.4333054172384,166.03383042186783,505148841.9599999,503936378.31999993,1212463.6399999857,303514276.0,187.6664359623665,187.6664359623665,122871637.57,122871637.57,0.0,65473422.0,170.20092619185368,169.87233430476044,628020479.53,626808015.8899999,1212463.640000105,368987698.0,ok
2010-12-07,166.70338767388208,166.30172864714658,509618010.71999997,508390125.21,1227885.5099999905,305703452.0,188.59169810273258,188.59169810273258,124057753.87,124057753.87,0.0,65781132.0,170.5792896617212,170.24875494698856,633675764.5899999,632447879.0799999,1227885.5099999905,371484584.0,ok
2010-12-08,166.88745554347273,166.4792727046522,511341570.01,510090901.69,1250668.3199999928,306399045.0,188.18111061622827,188.18111061622827,124520464.6,124520464.6,0.0,66170544.0,170.66933356442038,170.33364639162752,635862034.61,634611366.29,1250668.3200000525,372569589.0,ok
2010-12-09,167.6110390124911,167.19794200221392,517452483.72999996,516177161.56,1275322.169999957,308722198.0,189.7756207625096,189.7756207625096,126675234.44999999,126675234.44999999,0.0,66750004.0,171.551373110705,171.21171489813779,644127718.18,642852396.01,1275322.169999957,375472202.0,ok
2010-12-10,166.91043245113076,166.4755614534211,515416022.12,514073149.32,1342872.800000012,308797967.0,190.5139312740725,190.5139312740725,127665480.99999999,127665480.99999999,0.0,67011100.0,171.11920908496867,170.76188061210345,643081503.12,641738630.3199999,1342872.8000000715,375809067.0,ok
2010-12-13,167.99436026878521,167.55070302837814,521096872.91999996,519720705.29,1376167.6299999356,310187123.0,192.61067730834088,192.61067730834088,129606592.21,129606592.21,0.0,67289412.0,172.38249395555144,172.01792357768676,650703465.13,649327297.5,1376167.6299999952,377476535.0,ok
2010-12-14,167.40140744174158,166.9443572474332,518797900.23,517381444.51,1416455.7200000286,309912508.0,191.1768213253444,191.1768213253444,129445837.18999998,129445837.18999998,0.0,67710006.0,171.66448328343049,171.28938495971136,648243737.42,646827281.6999999,1416455.7200000286,377622514.0,ok
2010-12-15,166.4133386938206,165.9645155130956,516434649.34000003,515041805.21000004,1392844.1299999952,310332485.0,188.98589055887447,188.98589055887447,128011067.05999999,128011067.05999999,0.0,67735780.0,170.45750094893577,170.08909019909407,644445716.4,643052872.27,1392844.1299999952,378068265.0,ok
2010-12-16,166.92996869094543,166.4778187925941,521954749.81000006,520540972.59,1413777.2200000882,312678876.0,189.31016213258997,189.31016213258997,128517046.56,128517046.56,0.0,67887030.0,170.9222466108144,170.55075321171833,650471796.3700001,649058019.15,1413777.2200001478,380565906.0,ok
2010-12-17,166.68741911539126,166.2298731578674,522208027.81,520774601.26,1433426.550000012,313285808.0,189.80788416697916,189.80788416697916,129268661.41,129268661.41,0.0,68105001.0,170.81604324135665,170.4402013185378,651476689.22,650043262.67,1433426.5500000715,381390809.0,ok
2010-12-20,166.1016615739343,165.644707374743,521767532.08000004,520332122.81,1435409.2700000405,314125414.0,189.05762356410358,189.05762356410358,128669017.05,128669017.05,0.0,68058095.0,170.18959055347415,169.81400938992374,650436549.13,649001139.86,1435409.269999981,382183509.0,ok
2010-12-21,167.4005807471863,166.9352513210139,527503332.27,526037012.25,1466320.019999981,315114398.0,190.33825706883886,190.33825706883886,130281887.0,130281887.0,0.0,68447557.0,171.4938644709953,171.1115742044854,657785219.27,656318899.25,1466320.019999981,383561955.0,ok
2010-12-22,168.52571449290826,168.05992588090137,532874694.35,531401880.75,1472813.6000000238,316197855.0,192.44515331567905,192.44515331567905,132739183.06,132739183.06,0.0,68975072.0,172.80910228926865,172.42672505121314,665613877.4100001,664141063.81,1472813.600000143,385172927.0,ok
2010-12-23,168.9750159463276,168.50610117480974,535821843.82,534334909.34000003,1486934.4799999595,317101224.0,192.91895694680497,192.91895694680497,133648546.83,133648546.83,0.0,69277042.0,173.2681285572103,172.88328949900097,669470390.65,667983456.1700001,1486934.4799998999,386378266.0,ok
2010-12-24,168.01477631434284,167.5509925356627,532780850.46,531310175.55,1470674.9099999666,317103568.0,191.79695835532596,191.79695835532596,133103847.73,133103847.73,0.0,69398310.0,172.2849838752918,171.90447475134906,665884698.1899999,664414023.28,1470674.9099999666,386501878.0,ok
2010-12-27,167.80638873882634,167.32805608023114,532786918.67999995,531268207.83000004,1518710.8499999046,317500974.0,190.83617331448238,190.83617331448238,132758685.81,132758685.81,0.0,69566835.0,171.9454806147416,171.55311761924384,665545604.49,664026893.6400001,1518710.8499999046,387067809.0,ok
2010-12-28,166.86327496969545,166.37631414520632,528293099.90000004,526751370.3399999,1541729.5600001216,316602380.0,188.85368171193804,188.85368171193804,131117823.26999998,131117823.26999998,0.0,69428259.0,170.81828656869905,170.41890646664447,659410923.1700001,657869193.6099999,1541729.5600001812,386030639.0,ok
2010-12-29,165.6109224053261,165.12959733308824,526524785.15,524994514.22,1530270.9299999475,317928780.0,185.28910110354906,185.28910110354906,127812901.84,127812901.84,0.0,68980259.0,169.11925569927044,168.72374389268276,654337686.99,652807416.0600001,1530270.9299999475,386909039.0,ok
2010-12-30,166.47160902120672,165.98642635545693,531323494.13,529774948.1,1548546.0299999714,319167633.0,186.23807197372753,186.23807197372753,127623425.04,127623425.04,0.0,68527033.0,169.9654333572905,169.56600923160494,658946919.17,657398373.14,1548546.0299999714,387694666.0,ok
2010-12-31,167.5095314325805,167.02243964178186,539841002.38,538271228.3,1569774.080000043,322274797.0,187.83676257184084,187.83676257184084,128640153.36,128640153.36,0.0,68485078.0,171.072108091958,170.6703846345534,668481155.74,666911381.66,1569774.080000043,390759875.0,ok
2011-01-03,168.09766994053652,167.60382320002032,544461455.8900001,542861906.56,1599549.3300001621,323895897.0,187.08996559437963,187.08996559437963,128250972.16,128250972.16,0.0,68550428.0,171.4151427077321,171.0075584782199,672712428.0500001,671112878.7199999,1599549.3300001621,392446325.0,ok
2011-01-04,168.1515467990436,167.6564961866566,546077540.8499999,544469848.11,1607692.7399998903,324753207.0,188.1079880946017,188.1079880946017,129348236.87000002,129348236.87000002,0.0,68762756.0,171.6387240229947,171.23017827360664,675425777.7199999,673818084.98,1607692.7399998903,393515963.0,ok
2011-01-05,165.71433214865073,165.2196480102023,537994555.55,536388554.61,1606000.939999938,324651796.0,185.8924656699594,185.8924656699594,127788464.78,127788464.78,0.0,68743219.0,169.24032967982575,168.83208837559874,665783020.3299999,664177019.39,1606000.939999938,393395015.0,ok
2011-01-06,166.49619324009936,166.00526942030228,543309988.1800001,541708006.72,1601981.4600000381,326319766.0,187.45591391310688,187.45591391310688,128853427.36000001,128853427.36000001,0.0,68737990.0,170.14307536845322,169.73756973398088,672163415.5400001,670561434.08,1601981.4600000381,395057756.0,ok
2011-01-07,164.10997445934476,163.62163028307293,531278596.56,529697663.96000004,1580932.5999999642,323733276.0,185.5634666630136,185.5634666630136,127059065.14,127059065.14,0.0,68472026.0,167.85537022138473,167.4522821978577,658337661.7,656756729.1,1580932.6000000238,392205302.0,ok
2011-01-10,164.19147160143385,163.70390236474202,531049261.14,529472301.75,1576959.3899999857,323432914.0,185.57949630797214,185.57949630797214,126947079.69999999,126947079.69999999,0.0,68405768.0,167.9253149488697,167.52286377127004,657996340.8399999,656419381.45,1576959.3899998665,391838682.0,ok
2011-01-11,166.1168771733067,165.63127152207588,537048656.09,535478714.09,1569942.0000000596,323295661.0,188.1912363746633,188.1912363746633,128929392.60999998,128929392.60999998,0.0,68509775.0,169.97672505493264,169.5760307674751,665978048.7,664408106.6999999,1569942.0000001192,391805436.0,ok
2011-01-12,166.9725253036259,166.49035580068997,540666172.0,539104880.77,1561291.230000019,323805471.0,189.26856038161182,189.26856038161182,129740573.63,129740573.63,0.0,68548402.0,170.8678801878426,170.46995083440913,670406745.63,668845454.4,1561291.230000019,392353873.0,ok
2011-01-13,166.6175592875633,166.15069853609413,538765997.23,537256380.24,1509616.9900000095,323354873.0,189.0808358412818,189.0808358412818,129638258.78,129638258.78,0.0,68562347.0,170.54730486453235,170.16211714810592,668404256.01,666894639.02,1509616.9900000095,391917220.0,ok
2011-01-14,166.36334018861479,165.90007220327755,537976647.8,536478557.19,1498090.6099999547,323374517.0,188.8978535855758,188.8978535855758,129173792.53999999,129173792.53999999,0.0,68382880.0,170.29683305252303,169.9144304172513,667150440.3399999,665652349.73,1498090.609999895,391757397.0,ok
2011-01-17,165.28643175896278,164.81868813496052,533934079.36,532423100.76000005,1510978.5999999642,323035638.0,189.03111125339967,189.03111125339967,129366866.22999999,129366866.22999999,0.0,68436812.0,169.43745226260495,169.0514790989762,663300945.59,661789966.99,1510978.6000000238,391472450.0,ok
2011-01-18,165.9955966401977,165.5200995180606,536723995.44000006,535186540.71000004,1537454.730000019,323336285.0,189.03695969130584,189.03695969130584,128453016.77,128453016.77,0.0,67951271.0,169.99697588389446,169.60405392498606,665177012.21,663639557.48,1537454.730000019,391287556.0,ok
2011-01-19,167.36993114870072,166.8865627049178,542868773.51,541300955.25,1567818.2599999905,324352630.0,190.6112694826644,190.6112694826644,129556968.32,129556968.32,0.0,67969207.0,171.39646035813192,170.9968348180425,672425741.8299999,670857923.5699999,1567818.2599999905,392321837.0,ok
2011-01-20,166.2500536596041,165.77571020833616,539890653.62,538350241.51,1540412.1100000143,324746153.0,190.80697031657994,190.80697031657994,128945709.6,128945709.6,0.0,67579140.0,170.4800519246665,170.08741547285356,668836363.22,667295951.11,1540412.1100000143,392325293.0,ok
2011-01-21,165.5666128089242,165.07776972187878,537203074.43,535616957.49,1586116.939999938,324463408.0,190.5515367034839,190.5515367034839,128747111.86999999,128747111.86999999,0.0,67565507.0,169.87272132720105,169.4681295026414,665950186.3,664364069.36,1586116.939999938,392028915.0,ok
2011-01-24,164.9399307456269,164.4481688559701,534187290.39,532594632.08000004,1592658.3099999428,323867779.0,189.14452258715642,189.14452258715642,127547231.26,127547231.26,0.0,67433743.0,169.11115455615325,168.70413893764513,661734521.65,660141863.34,1592658.3099999428,391301522.0,ok
2011-01-25,165.57869443439094,165.07705177084975,534956951.11999995,533336227.93000007,1620723.1899998784,323083204.0,188.41747490473125,188.41747490473125,126540744.66999999,126540744.66999999,0.0,67159771.0,169.50918739536567,169.0938760909149,661497695.79,659876972.6,1620723.189999938,390242975.0,ok
2011-01-26,166.65596534239322,166.14428351810574,536213790.27,534567459.46000004,1646330.8099999428,321748933.0,189.41465011050414,189.41465011050414,126770196.35999998,126770196.35999998,0.0,66927345.0,170.57485217299524,170.15127839111398,662983986.63,661337655.82,1646330.8099999428,388676278.0,ok
2011-01-27,167.0472302241347,166.51781418292606,534753915.35,533059141.36,1694773.9900000095,320121390.0,190.4688150683128,190.46834321399507,126220512.44000001,126220199.75000001,312.6899999976158,66268335.0,171.06418339411073,170.62548469941845,660974427.7900001,659279341.11,1695086.6800000668,386389725.0,ok
2011-01-28,166.51513417263075,165.99315282999615,526354232.54999995,524704249.85999995,1649982.6899999976,316099936.0,190.2669034824869,190.2663131164134,124686127.68,124685740.8,386.8800000101328,65532221.0,170.5936851201981,170.16123477770768,651040360.23,649389990.66,1650369.5700000525,381632157.0,ok
2011-01-31,,,,,,,,,,,,,,,,,,,data unavailable: TWSE MI_MARGN total 20110131: missing tables (keys=stat; stat='很抱歉，沒有符合條件的資料')
2011-02-01,,,,,,,,,,,,,,,,,,,data unavailable: TWSE MI_MARGN total 20110201: missing tables (keys=stat; stat='很抱歉，沒有符合條件的資料')
2011-02-02,,,,,,,,,,,,,,,,,,,data unavailable: TWSE MI_MARGN total 20110202: missing tables (keys=stat; stat='很抱歉，沒有符合條件的資料')
2011-02-03,,,,,,,,,,,,,,,,,,,data unavailable: TWSE MI_MARGN total 20110203: missing tables (keys=stat; stat='很抱歉，沒有符合條件的資料')
2011-02-04,,,,,,,,,,,,,,,,,,,data unavailable: TWSE MI_MARGN total 20110204: missing tables (keys=stat; stat='很抱歉，沒有符合條件的資料')
2011-02-07,,,,,,,,,,,,,,,,,,,data unavailable: TWSE MI_MARGN total 20110207: missing tables (keys=stat; stat='很抱歉，沒有符合條件的資料')
2011-02-08,165.41779933923192,164.89655055865603,525437678.24,523781969.17999995,1655709.060000062,317642769.0,188.97999854171573,188.97900497462814,123525800.91000001,123525151.47000001,649.4399999976158,65364484.0,169.4389529354422,169.0064915428638,648963479.15,647307120.65,1656358.5,383007253.0,ok
2011-02-09,163.83909368354176,163.30926606759755,521887183.58000004,520199489.66,1687693.9200000167,318536420.0,186.98511435339222,186.98390727633497,122212608.74,122211819.8,788.9399999976158,65359539.0,167.7797791875168,167.33995094228123,644099792.32,642411309.46,1688482.8600000143,383895959.0,ok
2011-02-10,162.34391310975553,161.79560527160243,520277202.83,518519994.55,1757208.2799999714,320478417.0,186.15054044707134,186.14909661874438,121598862.50999999,121597919.36000001,943.1499999761581,65322863.0,166.37478894315745,165.9190746878808,641876065.3399999,640117913.9100001,1758151.4299998283,385801280.0,ok
2011-02-11,157.55709737299455,156.97476882245618,502143443.78,500287529.52,1855914.2599999905,318705696.0,181.830225976086,181.82839517307542,117798142.77000001,117796956.69000001,1186.0799999982119,64784687.0,161.65766184285252,161.17339928443525,619941586.55,618084486.21,1857100.3399999142,383490383.0,ok
2011-02-14,159.31322123087443,158.72121710411494,506620090.07,504737501.90999997,1882588.1600000262,318002540.0,184.11050613192444,184.10857237677246,119308050.56,119306797.44,1253.1200000047684,64802413.0,163.5109827406021,163.01886756151765,625928140.63,624044299.3499999,1883841.2800000906,382804953.0,ok
2011-02-15,160.36039669692718,159.76305155934844,510663250.91999996,508761021.84000003,1902229.0799999237,318447236.0,186.579244357914,186.5770198858889,121452076.17,121450628.17,1448.0,65094098.0,164.81022279856802,164.31388070679233,632115327.0899999,630211650.01,1903677.0799999237,383541334.0,ok
2011-02-16,160.47722309772007,159.88725889660054,512235108.58000004,510351972.95,1883135.6300000548,319194898.0,187.3134752276861,187.31117745022985,122085107.07,122083609.44999999,1497.6200000047684,65176895.0,165.0277744626282,164.5374592822944,634320215.6500001,632435582.4,1884633.2500001192,384371793.0,ok
2011-02-17,159.90188536401115,159.31722321288225,510486972.1,508620437.44000006,1866534.6599999666,319250127.0,186.6786155659419,186.67660843563598,121877317.64,121876007.24,1310.4000000059605,65287241.0,164.4480725056609,163.96233426136106,632364289.74,630496444.6800001,1867845.0599999428,384537368.0,ok
2011-02-18,162.28924227153612,161.7125763164656,517841384.97,516001327.7199999,1840057.2500001192,319085466.0,188.5529173990981,188.55071456105978,123550187.21,123548743.79,1443.419999986887,65525471.0,166.76373718930412,166.28494147840624,641391572.1800001,639550071.5099999,1841500.6700001955,384610937.0,ok
2011-02-21,162.1404675883548,161.56942890109488,517753066.77,515929604.46000004,1823462.3099999428,319323778.0,190.14106860560065,190.13884502687114,124613881.57000001,124612424.29,1457.280000001192,65537594.0,166.90865726581674,166.43448143972216,642366948.34,640542028.75,1824919.5900000334,384861372.0,ok
2011-02-22,158.90486382109032,158.33464245483245,504666891.37,502855921.98,1810969.3899999857,317590588.0,187.42217621751507,187.41894045526632,122874805.26,122872683.88000001,2121.3799999952316,65560441.0,163.7844215811828,163.3112163350082,627541696.63,625728605.86,1813090.769999981,383151029.0,ok
2011-02-23,155.80217263294293,155.22513293016794,490690663.38,488873307.5,1817355.8799999952,314944686.0,182.47786906946612,182.47415188959172,119054052.54,119051627.34,2425.2000000029802,65243009.0,160.37991863992335,159.9012653052856,609744715.92,607924934.84,1819781.0799999237,380187695.0,ok
2011-02-24,156.5701816014181,155.98432647270587,492440758.7,490598141.28000003,1842617.419999957,314517588.0,183.12830067403343,183.12243248289778,119769747.00999999,119765909.08999999,3837.920000001788,65402096.0,161.14208647057097,160.65607444809308,612210505.71,610364050.37,1846455.3400000334,379919684.0,ok
2011-02-25,158.05710983322868,157.46350339108827,496894424.12,495028264.90999997,1866159.2100000381,314376509.0,185.52202426448594,185.51602609148404,121390629.92,121386705.2,3924.719999998808,65431924.0,162.78865878683635,162.29628321865093,618285054.04,616414970.11,1870083.9299999475,379808433.0,ok
2011-02-28,,,,,,,,,,,,,,,,,,,data unavailable: TWSE MI_MARGN total 20110228: missing tables (keys=stat; stat='很抱歉，沒有符合條件的資料')
2011-03-01,160.42040459530443,159.8096113191926,504791380.34999996,502869410.5,1921969.8499999642,314667814.0,188.28016183963615,188.27429636439228,123467111.05000001,123463264.69,3846.360000014305,65576272.0,165.22505267839983,164.71858425958533,628258491.4,626332675.19,1925816.209999919,380244086.0,ok
2011-03-02,159.77362749666239,159.16343623570708,504318350.06,502392308.48,1926041.5799999833,315645553.0,188.431395291701,188.42558798701492,123940923.61,123937103.85000001,3819.7599999904633,65775092.0,164.71559206502835,164.20962539403183,628259273.67,626329412.33,1929861.3399999142,381420645.0,ok
2011-03-03,161.7084553164928,161.10473279459092,511911613.16,510000441.78999996,1911171.3700000644,316564531.0,190.56114513012983,190.5554286413022,125795269.75,125791496.12,3773.6299999952316,66013074.0,166.68693477497203,166.18639711281585,637706882.9100001,635791937.91,1914945.0000001192,382577605.0,ok
2011-03-04,161.03568769076352,160.43951272273625,508478921.67999995,506596466.87,1882454.8099999428,315755426.0,189.09865743811716,189.09265303231928,125233176.53999999,125229200.03999999,3976.5,66226370.0,165.901125356246,165.4072716360546,633712098.2199999,631825666.91,1886431.3099999428,381981796.0,ok
2011-03-07,160.5997139050812,159.9964862604416,508659369.99,506748797.51,1910572.480000019,316724954.0,189.41710008950247,189.41117069477662,126328226.9,126324272.4,3954.5,66693148.0,165.6123155317273,165.1129841308327,634987596.89,633073069.91,1914526.980000019,383418102.0,ok
2011-03-08,161.00696549423904,160.40024821879683,510786728.01,508861947.11,1924780.8999999762,317245112.0,189.95992252743235,189.95382208481772,127528592.9,127524497.39999999,4095.500000014901,67134473.0,166.06379366115397,165.56197814459892,638315320.91,636386444.51,1928876.3999999762,384379585.0,ok
2011-03-09,161.50788396359587,160.9085080243657,513665659.64,511759382.19,1906277.449999988,318043706.0,190.54972369161572,190.54366090734092,128107526.27,128103450.23,4076.0399999916553,67230497.0,166.5756961957819,166.0798536308957,641773185.91,639862832.42,1910353.4900000095,385274203.0,ok
2011-03-10,160.1318054467815,159.53203747904303,509842608.09999996,507933010.79,1909597.3099999428,318389346.0,188.6081999380468,188.60222193300763,127370057.82000002,127366020.78,4037.0400000214577,67531559.0,165.11483510332252,164.61897330231437,637212665.92,635299031.57,1913634.3499999046,385920905.0,ok
2011-03-11,158.95924922230301,158.35333392049557,507229557.06,505296117.19,1933439.8700000048,319094082.0,187.67811951302912,187.67369197121576,126898035.00999999,126895041.34,2993.669999986887,67614720.0,163.98064610642092,163.4798988956036,634127592.0699999,632191158.53,1936433.5399999619,386708802.0,ok
2011-03-14,155.56920908665194,154.97522968353218,491437355.22,489560996.34000003,1876358.8799999952,315896287.0,182.3638480020674,182.35932550711055,122390170.27,122387135.08,3035.189999997616,67113176.0,160.2643236754701,159.77363238672777,613827525.49,611948131.4200001,1879394.0699999332,383009463.0,ok
2011-03-15,148.74946609330726,148.16557541256202,456239874.63,454448982.75,1790891.8799999952,306716983.0,173.7224019805236,173.71773940942583,113340914.55,113337872.57,3041.9800000041723,65242544.0,153.12977564357425,152.64748288595388,569580789.18,567786855.3199999,1793933.8600000143,371959527.0,ok
2011-03-16,151.72043905384388,151.11590226248885,461081928.13,459244726.82000005,1837201.3099999428,303902316.0,176.1058766772193,176.10087782947753,114252123.32,114248880.22,3243.0999999940395,64876951.0,156.0104113580767,155.51134739903912,575334051.45,573493607.0400001,1840444.4099999666,368779267.0,ok
2011-03-17,151.2492348056178,150.66116391943072,455893683.01,454121126.59000003,1772556.419999957,301418836.0,174.21907790497798,174.2142053770335,112441724.6,112438579.85,3144.75,64540420.0,155.30018664427496,154.81496837451218,568335407.61,566559706.44,1775701.169999957,365959256.0,ok
2011-03-18,154.28343150758852,153.6966642243738,464729946.53999996,462962496.04,1767450.4999999404,301218311.0,178.25193303177613,178.24683335758905,114838280.23,114834994.78,3285.4500000029802,64424704.0,158.50657690534578,158.0222969171174,579568226.77,577797490.82,1770735.9499999285,365643015.0,ok
2011-03-21,155.85250156552587,155.27361672457212,469453723.12,467710025.45000005,1743697.669999957,301216675.0,180.65486695978174,180.65025172704912,116326864.61999999,116323892.78999999,2971.829999998212,64391769.0,160.2207490973595,159.74300589184423,585780587.74,584033918.24,1746669.5,365608444.0,ok
2011-03-22,157.24924600286133,156.66454158463264,475244374.7,473477259.8,1767114.8999999762,302223627.0,183.57567329732794,183.57079690175948,118278496.54999998,118275354.66999999,3141.8799999952316,64430376.0,161.8754647143454,161.392650735631,593522871.25,591752614.47,1770256.7799999714,366654003.0,ok
2011-03-23,157.80802311077136,157.22073830759393,478308825.74,476528792.64,1780033.1000000238,303095379.0,184.4858389373472,184.48069085465934,119053809.21000001,119050487.00999999,3322.2000000178814,64532763.0,162.49099747918646,162.0058998774909,597362634.95,595579279.65,1783355.3000000715,367628142.0,ok
2011-03-24,158.47162565314588,157.88890038912425,480626183.09,478858844.5,1767338.5899999738,303288479.0,185.2531371442036,185.2480360831205,119625390.41999999,119622096.46000001,3293.9599999785423,64574016.0,163.1728109466555,162.69148094588985,600251573.51,598480940.96,1770632.5499999523,367862495.0,ok
2011-03-25,157.84459786750156,157.2716513691892,476169795.22999996,474441387.54,1728407.689999938,301669998.0,184.00928913072855,184.00431461367688,119007308.50999999,119004091.25999999,3217.25,64674620.0,162.46372254334577,161.9910460374226,595177103.74,593445478.8,1731624.9400000572,366344618.0,ok
2011-03-28,156.44156659066192,155.8680710437634,470949522.22,469223079.17999995,1726443.040000081,301038613.0,182.20216947598914,182.1973504996018,117497722.43,117494614.78999999,3107.640000015497,64487554.0,160.98635276363132,160.51318535835492,588447244.6500001,586717693.9699999,1729550.680000186,365526167.0,ok
2011-03-29,156.52398956604975,155.94612990089973,471307771.22,469567783.93999994,1739987.2800000906,301108969.0,182.5567226511177,182.5518450386319,117710159.54,117707014.52,3145.020000010729,64478677.0,161.11538155203417,160.63857870623997,589017930.76,587274798.4599999,1743132.3000000715,365587646.0,ok
2011-03-30,157.29066449349273,156.72753794848998,473543320.03999996,471847956.78,1695363.2599999905,301062572.0,183.41225280849488,183.40728891012404,118218341.86999999,118215142.39,3199.479999989271,64454986.0,161.8969182076884,161.4322174832433,591761661.91,590063099.17,1698562.7400000095,365517558.0,ok
2011-03-31,158.09270889311364,157.52214320261393,474781980.78999996,473068465.28,1713515.5099999905,300318708.0,183.8383769998856,183.8334102215078,118409486.05999999,118406286.97999999,3199.079999998212,64409558.0,162.63929126074365,162.16860808369594,593191466.8499999,591474752.26,1716714.5899999142,364728266.0,ok
2011-04-01,158.38560329690094,157.8195373280562,473008484.99,471317965.14,1690519.8500000238,298643611.0,184.9335869372092,184.9263478189139,118438331.96000001,118433695.76000002,4636.199999988079,64043711.0,163.07347433280285,162.6060866004023,591446816.95,589751660.9,1695156.0500000715,362687322.0,ok
2011-04-04,,,,,,,,,,,,,,,,,,,data unavailable: TWSE MI_MARGN total 20110404: missing tables (keys=stat; stat='很抱歉，沒有符合條件的資料')
2011-04-05,,,,,,,,,,,,,,,,,,,data unavailable: TWSE MI_MARGN total 20110405: missing tables (keys=stat; stat='很抱歉，沒有符合條件的資料')
2011-04-06,160.01883468963706,159.4337172220967,472932647.97,471203344.33000004,1729303.6399999857,295548114.0,186.41271675556564,186.40753176875015,118467829.76,118464534.63,3295.130000010133,63551367.0,164.68987258993005,164.20738824738098,591400477.73,589667878.96,1732598.769999981,359099481.0,ok
2011-04-07,161.58359295953636,160.99059422985547,477164952.72,475413795.90000004,1751156.8199999928,295305324.0,188.47741959591923,188.4723631424775,120145443.78,120142220.53000002,3223.249999985099,63745272.0,166.35828018511353,165.8696637924534,597310396.5,595556016.4300001,1754380.0699999332,359050596.0,ok
2011-04-08,161.50270832243723,160.91280605279968,477548335.33,475804049.73999995,1744285.5900000334,295690605.0,187.7375290922464,187.7325420067794,119757324.87000002,119754143.62000002,3181.25,63789763.0,166.15807520259355,165.67196608633716,597305660.2,595558193.36,1747466.8400000334,359480368.0,ok
2011-04-11,161.10550393169035,160.49694219159122,475047075.83000004,473252627.66999996,1794448.1600000858,294867068.0,186.8281963801036,186.82324716707788,118884660.84,118881511.5,3149.3400000035763,63633147.0,165.6712358373342,165.16981424125504,593931736.6700001,592134139.17,1797597.5000001192,358500215.0,ok
2011-04-12,158.26351483509328,157.64630246143435,463946869.73,462137521.89,1809347.8400000334,293148342.0,183.69634863889414,183.69155037005075,115706136.22,115703113.9,3022.3199999928474,62987717.0,162.761672484841,162.25277423817394,579653005.95,577840635.79,1812370.1600000858,356136059.0,ok
2011-04-13,159.12050612827463,158.5114089968941,465843225.71000004,464060025.17,1783200.5400000215,292761277.0,184.1235466865242,184.11656896700572,115252568.58000001,115248200.86,4367.720000013709,62595236.0,163.5247344657505,163.02169928991844,581095794.2900001,579308226.03,1787568.2600001097,355356513.0,ok
2011-04-14,159.7705922320854,159.15798622003487,470652891.22,468848273.82000005,1804617.3999999762,294580426.0,186.1234477088715,186.1160246291044,117043637.02999999,117038969.02999999,4668.0,62884950.0,164.4065601055583,163.90041726726562,587696528.25,585887242.85,1809285.3999999762,357465376.0,ok
2011-04-15,158.31166569278975,157.69985158741534,467387292.11,465581018.79,1806273.3199999928,295232376.0,183.86980892625132,183.86249877322877,115951760.1,115947150.17999999,4609.920000001788,63061881.0,162.81004811360958,162.30463023302102,583339052.21,581528168.97,1810883.2400000095,358294257.0,ok
2011-04-18,157.2842058973112,156.67232011297793,462422367.88,460623397.21000004,1798970.669999957,294004325.0,181.83561126587006,181.82789087988212,114189174.44,114184326.19,4848.25,62798026.0,161.60530913093675,161.0997578320329,576611542.3199999,574807723.4000001,1803818.9199998379,356802351.0,ok
2011-04-19,156.00116248836858,155.3994277091973,457930058.72,456163710.07,1766348.6500000358,293542722.0,180.9795350011254,180.97184724822623,113210951.81,113206142.77000001,4809.039999991655,62554560.0,160.38903956868728,159.89165927978075,571141010.53,569369852.84,1771157.689999938,356097282.0,ok
2011-04-20,158.46410029669647,157.85688423661875,464576683.93000007,462796479.94,1780203.9900000691,293174721.0,182.62895218257586,182.62120185906087,114233764.91,114228917.11000001,4847.799999982119,62549647.0,162.71318495673032,162.21137739149768,578810448.84,577025397.05,1785051.790000081,355724368.0,ok
2011-04-21,160.2192635979769,159.60374591326624,470883513.68,469074510.67,1809003.0099999905,293899437.0,183.57329539701212,183.56551352665323,114938801.57,114933929.19,4872.379999995232,62611940.0,164.32079115668728,163.81200644264433,585822315.25,584008439.86,1813875.3899999857,356511377.0,ok
2011-04-22,160.7435055073617,160.13574652250583,475648108.55,473849719.18,1798389.3700000048,295905024.0,184.96226543214613,184.95437957789505,116473496.33,116468530.49000001,4965.839999988675,62971491.0,164.9931327715886,164.49063257037037,592121604.88,590318249.6700001,1803355.209999919,358876515.0,ok
2011-04-25,160.39761201994236,159.78494199103216,476154631.58000004,474335865.9,1818765.6800000668,296858928.0,184.2031761506544,184.19512899942734,115878948.51,115873886.19,5062.320000007749,62908225.0,164.56020933350746,164.053262552849,592033580.09,590209752.0899999,1823828.0000001192,359767153.0,ok
2011-04-26,160.6886873847795,160.07925654189944,477756401.2,475944453.57,1811947.6299999952,297318006.0,184.66702253637104,184.66225401574806,116268658.34,116265656.02000001,3002.3199999928474,62961246.0,164.87906429316112,164.37530229745232,594025059.54,592210109.59,1814949.9499999285,360279252.0,ok
2011-04-27,161.46985112890766,160.86106445365672,479635151.47,477826792.28,1808359.1900000572,297043162.0,184.7947796581005,184.7900904032899,116287490.78,116284539.93,2950.8499999940395,62927909.0,165.54737040243992,165.04418828978623,595922642.25,594111332.21,1811310.0399999619,359971071.0,ok
2011-04-28,160.3215598567623,159.70831912419945,476476097.53999996,474653544.47,1822553.0699999332,297200263.0,183.35180099767263,183.3470693983099,115453601.94999999,115450622.53999999,2979.4099999964237,62968349.0,164.34794142750007,163.84108646591335,591929699.49,590104167.01,1825532.480000019,360168612.0,ok
2011-04-29,158.66021797197084,158.03873232942263,469684445.28999996,467844651.15,1839794.1399999857,296031640.0,180.38143760122355,180.37653032061013,113245643.73,113242562.88,3080.8500000089407,62781207.0,162.46076301164322,161.9471596093659,582930089.02,581087214.03,1842874.9900000095,358812847.0,ok
2011-05-02,,,,,,,,,,,,,,,,,,,data unavailable: TWSE MI_MARGN total 20110502: missing tables (keys=stat; stat='很抱歉，沒有符合條件的資料')
2011-05-03,156.92069446418702,156.29924436116934,461876149.35,460046989.84000003,1829159.5099999905,294337309.0,177.43743932679084,177.43247579006024,110704270.60000001,110701173.82000001,3096.780000001192,62390593.0,160.5090088944038,159.99538036136016,572580419.95,570748163.6600001,1832256.2899999619,356727902.0,ok
2011-05-04,158.7295401155733,158.11697277566154,469890968.7,468077570.51,1813398.1899999976,296032464.0,180.77226910383203,180.7672792854486,113110318.72,113107196.56,3122.1599999964237,62570614.0,162.57565068083434,162.06909609124992,583001287.42,581184767.0699999,1816520.3500000238,358603078.0,ok
2011-05-05,159.7541892281186,159.14264696991472,475024226.74,473205824.41999996,1818402.3200000525,297346961.0,181.91974351085608,181.91474649855965,114481372.37,114478227.77,3144.6000000089407,62929603.0,163.62585247426753,163.12025563505705,589505599.11,587684052.1899999,1821546.9200000763,360276564.0,ok
2011-05-06,159.3298291165137,158.72961024192415,476449312.81,474654458.25,1794854.5600000024,299033342.0,182.17885117747997,182.17403862875108,114932208.44,114929172.32,3036.1200000047684,63087569.0,163.31051405368854,162.81402500116872,591381521.25,589583630.5699999,1797890.6800000668,362120911.0,ok
2011-05-09,159.88968048557598,159.29501822667694,476994539.59000003,475220499.83000004,1774039.7599999905,298327283.0,182.3577490823342,182.3529511783106,114896421.86,114893398.89000002,3022.9699999839067,63006054.0,163.80745999365126,163.3156529700441,591890961.45,590113898.72,1777062.730000019,361333337.0,ok
2011-05-10,159.26790990000694,158.687967267799,474669953.6,472941536.73,1728416.8700000048,298032387.0,182.13692628595933,182.132099078606,114974136.89,114971089.71000001,3047.1799999922514,63125111.0,163.26508344844055,162.785662680607,589644090.49,587912626.44,1731464.0499999523,361157498.0,ok
2011-05-11,158.66728341027277,158.08276525501316,471850220.79999995,470111960.62,1738260.1799999475,297383437.0,180.74034188379133,180.73546141215022,114018358.36999999,114015279.57,3078.7999999970198,63084067.0,162.53020665352403,162.0471287170452,585868579.17,584127240.19,1741338.9799998999,360467504.0,ok
2011-05-12,159.1087248382052,158.52567225179,474879819.0,473139625.89000005,1740193.1099999547,298462463.0,181.66121375246004,181.65637996074977,115119319.72,115116256.53,3063.189999997616,63370335.0,163.05850160106272,162.5767165584586,589999138.72,588255882.4200001,1743256.2999999523,361832798.0,ok
2011-05-13,159.34263878603193,158.77011042782158,476020380.76,474310008.89000005,1710371.8699999452,298740114.0,183.35181295069688,183.3469492305379,116400418.07,116397330.35,3087.719999998808,63484738.0,163.55056688103772,163.07752932424415,592420798.8299999,590707339.24,1713459.5899999142,362224852.0,ok
2011-05-16,157.6055886784493,157.0340472198834,471604147.06,469893920.13,1710226.9300000072,299230599.0,181.97514826038937,181.97036005487593,115639711.07,115636668.30999999,3042.7600000053644,63546980.0,161.87435280557955,161.4020883137323,587243858.13,585530588.4399999,1713269.6900000572,362777579.0,ok
2011-05-17,156.56161498246883,155.97966371825441,468200507.76,466460171.36,1740336.3999999762,299051915.0,180.81180317784924,180.80703388777135,114685867.42,114682842.33999999,3025.080000013113,63428308.0,160.80501450695698,160.3240609626308,582886375.18,581143013.7,1743361.4799998999,362480223.0,ok
2011-05-18,157.64932313401007,157.06104320306616,470409599.32,468654231.64,1755367.6800000072,298389863.0,182.43216843942676,182.427379912509,116335713.14,116332659.53,3053.609999999404,63769298.0,162.01310794951837,161.5275696891732,586745312.46,584986891.17,1758421.290000081,362159161.0,ok
2011-05-19,156.25945250631577,155.67306993502373,463740137.12,461999895.94,1740241.1800000072,296775734.0,181.76832323116662,181.76356676922188,115566064.16,115563040.06,3024.0999999940395,63578770.0,160.76008343161988,160.276319454578,579306201.28,577562936.0,1743265.2799999714,360354504.0,ok
2011-05-20,154.83443700941135,154.24264636729475,456792299.03999996,455046399.27,1745899.769999981,295019834.0,179.6853982996232,179.68104904914165,113906710.34,113903953.25,2757.0900000035763,63392302.0,159.2298228930507,158.74193292383382,570699009.38,568950352.52,1748656.8600000143,358412136.0,ok
2011-05-23,153.02033299901467,152.43619950855322,449335014.39,447619741.49,1715272.8999999762,293643992.0,178.35623936085722,178.35210019135,112651978.51,112649364.16,2614.3500000089407,63161221.0,157.50526405565716,157.02380044822942,561986992.9,560269105.65,1717887.25,356805213.0,ok
2011-05-24,153.4056346534426,152.83110790743666,448473495.53000003,446793896.09000003,1679599.4399999976,292344865.0,177.9496832438469,177.94604947702734,111994046.07000001,111991759.13000001,2286.939999997616,62935794.0,157.75346262234896,157.28006607305917,560467541.6,558785655.22,1681886.3799999952,355280659.0,ok
2011-05-25,153.31795413175476,152.74557881632663,449043250.83,447366857.0,1676393.8299999833,292883670.0,178.3396964430665,178.33609201169887,112253976.24000001,112251707.47,2268.770000010729,62943909.0,157.74416042945336,157.27239750294905,561297227.0699999,559618564.47,1678662.5999999046,355827579.0,ok
2011-05-26,154.86452850956425,154.28920557933617,453600655.51,451915525.53999996,1685129.9700000286,292901583.0,180.78949768690265,180.78575528581683,113868751.91,113866394.78999999,2357.1200000047684,62984163.0,159.45269339896518,158.97852799364432,567469407.42,565781920.3299999,1687487.0900000334,355885746.0,ok
2011-05-27,155.42270347984996,154.84466581758792,454739186.90000004,453047951.51,1691235.3900000453,292582214.0,181.73883410636537,181.73511148402656,114658423.43,114656074.84,2348.5900000035763,63089666.0,160.0907022309439,159.6145375198062,569397610.33,567704026.35,1693583.980000019,355671880.0,ok
2011-05-30,156.27981313253628,155.71021876112098,457850285.21000004,456181554.36,1668730.8500000238,292968283.0,182.33087559943078,182.32709855797125,114933808.13000001,114931427.24000001,2380.890000000596,63035845.0,160.8925426111913,160.42313464410168,572784093.34,571112981.6,1671111.7400000095,356004128.0,ok
2011-05-31,159.2551285599043,158.67866290053414,465555511.55999994,463870311.42,1685200.139999926,292333136.0,185.01989826092154,185.01615872145513,116945491.94,116943128.28999999,2363.6500000059605,63206981.0,163.83552112629812,163.36087320070268,582501003.5,580813439.71,1687563.7899999619,355540117.0,ok
2011-06-01,160.17975512157915,159.59909852077382,466435361.03999996,464744518.33000004,1690842.709999919,291194952.0,185.83008864654428,185.82641164849028,117906398.22,117904065.22,2333.0,63448497.0,164.7688011459645,164.29137072541837,584341759.26,582648583.5500001,1693175.709999919,354643449.0,ok
2011-06-02,158.99480105467265,158.42876751482004,464520474.77,462866746.67999995,1653728.0900000334,292160795.0,184.42524185732728,184.42152609107856,117580969.50000001,117578600.50000001,2369.0,63755356.0,163.550162765724,163.0848573601258,582101444.27,580445347.18,1656097.0900000334,355916151.0,ok
2011-06-03,159.50592962074205,158.91829182347442,466818175.67,465098364.9699999,1719810.7000001073,292665092.0,185.64925017549206,185.6456464481346,118741568.59,118739263.64,2304.9500000029802,63960166.0,164.19469208207346,163.71179985518577,585559744.26,583837628.6099999,1722115.6500000954,356625258.0,ok
2011-06-06,,,,,,,,,,,,,,,,,,,data unavailable: TWSE MI_MARGN total 20110606: missing tables (keys=stat; stat='很抱歉，沒有符合條件的資料')
2011-06-07,159.84137772323928,159.2514957055633,469063288.63,467332247.5,1731041.1299999952,293455484.0,185.8857846600136,185.88215353748464,118592254.95999998,118589938.35999998,2316.5999999940395,63798453.0,164.4923911895196,164.0072019304297,587655543.5899999,585922185.86,1733357.7299998999,357253937.0,ok
2011-06-08,159.0592271778282,158.46980808714147,466386185.78999996,464657918.11,1728267.6799999475,293215423.0,185.6414035353705,185.6381499754217,118771792.03,118769710.43,2081.5999999940395,63979150.0,163.8205118586726,163.33608420752796,585157977.8199999,583427628.54,1730349.2799999714,357194573.0,ok
2011-06-09,158.65151861546957,158.06585901224196,465459967.31,463741729.11,1718238.199999988,293385132.0,185.3339248404179,185.3286874950998,118807597.13,118804239.75,3357.3799999952316,64104614.0,163.4361743175705,162.95459530746933,584267564.44,582545968.86,1721595.580000043,357489746.0,ok
2011-06-10,156.0474044980543,155.47436863190129,459268751.05,457582228.5,1686522.550000012,294313611.0,182.5504416057428,182.54526074008555,116745813.96000001,116742500.66,3313.300000011921,63952633.0,160.7783525957863,160.30668218912635,576014565.01,574324729.16,1689835.8500000238,358266244.0,ok
2011-06-13,153.7699839950373,153.20802664958535,452550776.99,450896915.64,1653861.3500000238,294303716.0,180.15068427728406,180.14512277102256,114371180.41999999,114367649.62,3530.7999999821186,63486398.0,158.4509843136694,157.98775403280146,566921957.41,565264565.26,1657392.1499999762,357790114.0,ok
2011-06-14,155.6553870223851,155.07529662950304,458333415.24,456625316.24,1708099.0,294453937.0,182.11081299071395,182.10532549851075,115548189.03999999,115544707.26,3481.779999986291,63449384.0,160.3454258754978,159.86720153960238,573881604.28,572170023.5,1711580.7799999714,357903321.0,ok
2011-06-15,155.21045071150579,154.62720347997106,457514256.87,455795017.4599999,1719239.4100000858,294770265.0,182.02123989660254,182.01628674328555,115283165.03,115280027.94999999,3137.080000013113,63335007.0,159.95224496443603,159.4712756448891,572797421.9,571075045.4099998,1722376.4900001287,358105272.0,ok
2011-06-16,152.068035600979,151.50708652544884,448349850.54999995,446695976.13,1653874.419999957,294835038.0,178.95824888855697,178.95367946476014,112873056.76999998,112870174.72999999,2882.0399999916553,63072285.0,156.80676847173643,156.34386750449363,561222907.3199999,559566150.86,1656756.459999919,357907323.0,ok
2011-06-17,151.65660858211132,151.08962002986428,444452608.2800001,442790962.65,1661645.6300001144,293065111.0,177.15423889171967,177.14857842663255,110949531.45,110945986.37000002,3545.0799999833107,62628776.0,156.1461020357654,155.67794928676972,555402139.7300001,553736949.02,1665190.7100001574,355693887.0,ok
2011-06-20,148.15376375549315,147.59100885091704,428195341.39000005,426568862.1,1626479.2900000215,289020900.0,171.68915744055778,171.683668096423,105987090.58000001,105983701.9,3388.6800000071526,61731965.0,152.29595686125046,151.83127983858378,534182431.97,532552564.0,1629867.9700000286,350752865.0,ok
2011-06-21,149.41127233153145,148.83550003802685,426916024.34000003,425270857.84999996,1645166.4900000691,285732139.0,172.25420248833365,172.24885463117155,105611588.85000001,105608310.0,3278.8500000089407,61311473.0,153.4468852836859,152.97188868873343,532527613.19000006,530879167.84999996,1648445.340000093,347043612.0,ok
2011-06-22,151.44084434298898,150.85215777199716,431101560.15,429425765.88,1675794.269999981,284666638.0,174.8073602332372,174.8019620110615,106959049.12,106955746.12,3303.0,61186811.0,155.57474150561384,155.0892476425759,538060609.27,536381512.0,1679097.269999981,345853449.0,ok
2011-06-23,150.71459713442508,150.13001690202466,429255091.0799999,427590129.32,1664961.7599999309,284813216.0,174.54313131600335,174.53781479914434,106874621.67999999,106871366.32,3255.359999999404,61231067.0,154.93095511131446,154.4488731345404,536129712.75999993,534461495.64,1668217.1199999452,346044283.0,ok
2011-06-24,151.06593546691218,150.4413173728708,430794244.76,429013023.34000003,1781221.419999957,285169680.0,174.8484535708952,174.84188418856627,106747698.05000001,106743687.34,4010.7100000083447,61051554.0,155.25966925818304,154.74403591317568,537541942.81,535756710.68000007,1785232.129999876,346221234.0,ok
2011-06-27,151.19010395013458,150.5348481401077,430886875.02,429019417.28999996,1867457.730000019,284996745.0,175.66293127769828,175.65607899732015,107397644.35,107393454.97,4189.379999995232,61138479.0,155.5127828799071,154.97205573622867,538284519.37,536412872.26,1871647.1100000143,346135224.0,ok
2011-06-28,151.0128751019941,150.35633225405132,429923036.19000006,428053904.87,1869131.3200000525,284692968.0,176.07307159366675,176.0669917878449,107383677.32,107379969.36000001,3707.9599999785423,60988132.0,155.43421769659955,154.892435319721,537306713.51,535433874.23,1872839.2799999714,345681100.0,ok
2011-06-29,152.64307295750112,152.00119731290457,435712042.5,433879840.47,1832202.0299999714,285445015.0,177.2611214783557,177.25503083858706,108273340.67000002,108269620.43,3720.2400000095367,61081268.0,156.98243101808242,156.45262350850314,543985383.1700001,542149460.9000001,1835922.269999981,346526283.0,ok
2011-06-30,153.3355306468193,152.68394378076766,436847382.20000005,434991034.78,1856347.4200000763,284896384.0,177.9501238518787,177.94563312306707,108564452.18,108561712.46,2739.720000013709,61008360.0,157.6768875942332,157.13943120710712,545411834.3800001,543552747.24,1859087.140000105,345904744.0,ok
2011-07-01,154.84377436768594,154.18341578794454,440071005.11,438194244.71000004,1876760.3999999762,284203228.0,180.2681013961711,180.26420005790305,110147613.61,110145229.81,2383.7999999970198,61102110.0,159.34263336525657,158.79843552259248,550218618.72,548339474.52,1879144.2000000477,345305338.0,ok
2011-07-04,155.1869785695091,154.5262620653683,439783450.55,437911050.0,1872400.550000012,283389402.0,180.0182935693009,180.01368705306254,109943836.16,109941022.78999999,2813.3700000047684,61073702.0,159.58959909680198,159.04521164333465,549727286.71,547852072.79,1875213.9200000763,344463104.0,ok
2011-07-05,154.94995110994859,154.29581158042453,438092080.85,436242623.36,1849457.4900000095,282731345.0,179.87118359740916,179.86677742841837,109694353.18,109691666.08,2687.1000000089407,60984951.0,159.37167961044244,158.83282107753195,547786434.03,545934289.44,1852144.5899999142,343716296.0,ok
2011-07-06,155.6710270303564,155.027648529035,440471323.53999996,438650883.44000006,1820440.0999999046,282950098.0,181.43918202139008,181.4348831312777,111045812.52000001,111043181.48,2631.0400000065565,61202774.0,160.25353292998233,159.7238057975585,551517136.06,549694064.9200001,1823071.1399998665,344152872.0,ok
2011-07-07,155.61145601729885,154.9645584340458,440182878.01,438352979.06,1829898.949999988,282873054.0,181.30199902616963,181.29764508167372,110926257.69999999,110923593.82,2663.8799999952316,61183141.0,160.1799774917583,159.6473427487623,551109135.71,549276572.88,1832562.830000043,344056195.0,ok
2011-07-08,154.39482321748773,153.76254910917058,438110569.71999997,436316429.45,1794140.269999981,283759883.0,179.9745864222781,179.9702212369488,109489168.42,109486512.82,2655.6000000089407,60835905.0,158.9107462160855,158.38932490666426,547599738.14,545802942.27,1796795.8700000048,344595788.0,ok
2011-07-11,152.45305846284057,151.81163579312962,431025423.49,429211950.66999996,1813472.8200000525,282726649.0,176.2169623647144,176.21257882925644,106786575.2,106783918.80000001,2656.3999999910593,60599487.0,156.64755528253755,156.11857451772912,537811998.69,535995869.46999997,1816129.2200000882,343326136.0,ok
2011-07-12,148.58678223578974,147.90525964095343,413714237.1700001,411816655.19,1897581.9800000787,278432732.0,171.0423148753212,171.03748787322328,102083196.75999999,102080315.86,2880.8999999910593,59683007.0,152.5505542733697,151.98847961644282,515797433.93000007,513896971.05,1900462.8800000548,338115739.0,ok
2011-07-13,148.17885745003707,147.45205515479626,408306838.74,406304135.03,2002703.7100000381,275549998.0,169.65062991938856,169.64568237535693,99797230.74,99794320.33999999,2910.4000000059605,58825146.0,151.95629178704743,151.3564822180682,508104069.48,506098455.36999995,2005614.110000074,334375144.0,ok
2011-07-14,148.5555652624879,147.8031900255955,404248489.09000003,402201130.22999996,2047358.860000074,272119384.0,167.7484547365069,167.74284330972083,97036789.36000001,97033543.34,3246.020000010729,57846607.0,151.92028636975502,151.29882690546734,501285278.45000005,499234673.56999993,2050604.8800001144,329965991.0,ok
2011-07-15,151.4599722197059,150.69764591831608,413354858.20000005,411274366.07000005,2080492.1299999952,272913597.0,171.2498493310768,171.2440016341173,98756073.7,98752701.46000001,3372.2399999946356,57667831.0,154.91219062070238,154.2818272083936,512110931.90000004,510027067.5300001,2083864.3699999452,330581428.0,ok
2011-07-18,150.5085761896367,149.74319167494596,410184100.59000003,408098182.52,2085918.0700000525,272532045.0,170.1531058549107,170.14735832250773,97700933.3,97697633.1,3300.2000000029802,57419424.0,153.92719281695335,153.2940032523389,507885033.89000005,505795815.62,2089218.2700000405,329951469.0,ok
2011-07-19,151.28267125918958,150.5236181910325,412667419.86,410596882.18,2070537.6800000072,272779041.0,171.38880456109766,171.38314523126166,98612624.33,98609368.1,3256.2300000041723,57537378.0,154.78493189586194,154.1571114816427,511280044.19,509206250.28,2073793.9100000262,330316419.0,ok
2011-07-20,153.9741657650279,153.23857690495714,419299416.46000004,417296275.36,2003141.1000000238,272318031.0,174.09492036359953,174.09035447330342,100143207.39,100140580.99000001,2626.3999999910593,57522188.0,157.48310664625166,156.875003878772,519442623.85,517436856.35,2005767.5,329840219.0,ok
2011-07-21,154.58858005058232,153.87035458173804,421747562.36,419788104.29,1959458.0699999928,272819352.0,174.3647250278187,174.36074134781109,100526011.92999999,100523715.22999999,2296.7000000029802,57652723.0,158.03864041765104,157.44501846941228,522273574.29,520311819.52,1961754.7700000405,330472075.0,ok
2011-07-22,155.74323985151682,155.03141640266375,425441789.87,423497310.98,1944478.8899999857,273168704.0,176.06454949031914,176.06043182334074,101593784.0,101591408.0,2376.0,57702578.0,159.28719189053103,158.69878939206333,527035573.87,525088718.98,1946854.8899999857,330871282.0,ok
2011-07-25,153.36950235546377,152.67202425552392,417827798.97,415927644.53999996,1900154.4300000668,272432128.0,173.4939498350676,173.4889825908172,99969793.75,99966931.55,2862.2000000029802,57621487.0,156.8828727175129,156.30629468791003,517797592.72,515894576.09,1903016.6300000548,330053615.0,ok
2011-07-26,155.36881969860286,154.67019844687445,424134590.12,422227454.32,1907135.800000012,272985655.0,175.63637601834577,175.6326010208895,101602106.21000001,101599922.45,2183.7600000053644,57847986.0,158.91270752903876,158.3355837654974,525736696.33000004,523827376.77,1909319.560000062,330833641.0,ok
2011-07-27,156.78655795067579,156.08469719621803,428985110.72,427064743.1999999,1920367.5200001001,273610899.0,178.3478922757195,178.3438664772544,103731369.91,103729028.41,2341.5,58162375.0,160.56642363242315,159.98689864633278,532716480.63,530793771.6099999,1922709.0200001001,331773274.0,ok
2011-07-28,155.18054369603396,154.49064308837654,426741901.82,424844695.57000005,1897206.2499999404,274997040.0,177.6142617351429,177.61072454889418,103113282.94,103111229.44,2053.5,58054619.0,159.09099097446622,158.52073116681277,529855184.76,527955925.01000005,1899259.7499999404,333051659.0,ok
2011-07-29,152.04874206021023,151.36385938534164,418616447.23,416730846.94,1885600.2900000215,275317271.0,175.1588098007279,175.15501398756152,101550964.88,101548764.19999999,2200.6800000071526,57976510.0,156.06874228175295,155.5023347825383,520167412.11,518279611.14,1887800.9700000286,333293781.0,ok
2011-08-01,154.24733723832676,153.52044669597217,426758267.4,424747169.15999997,2011098.2400000095,276671400.0,175.3340445596666,175.33044300662618,101252154.78,101250074.94999999,2079.830000013113,57748143.0,157.88862619790135,157.28663444468614,528010422.17999995,525997244.10999995,2013178.0699999928,334419543.0,ok
2011-08-02,153.49963392235796,152.78569055196135,425556659.54999995,423577349.58000004,1979309.9699999094,277236270.0,174.09353494455274,174.08926935556318,100280355.22,100277898.18,2457.0399999916553,57601424.0,157.04235938561922,156.45050039079533,525837014.77,523855247.76000005,1981767.0099999309,334837694.0,ok
2011-08-03,151.36683566010097,150.62233837558324,419823720.15,417758818.56,2064901.5899999738,277355154.0,171.6738547739668,171.66956766420284,98306493.88,98304038.93,2454.949999988079,57263521.0,154.84198962595258,154.22416501111303,518130214.03,516062857.49,2067356.5399999619,334618675.0,ok
2011-08-04,148.15960362234057,147.3891581513186,409700092.2,407569608.77,2130483.430000007,276526180.0,169.10363619791286,169.09925225002985,96325415.25999999,96322918.06,2497.199999988079,56962356.0,151.73700227584433,151.09740588803928,506025507.46,503892526.83,2132980.629999995,333488536.0,ok
2011-08-05,140.14602176229462,139.34328057804544,369410818.88,367294873.85,2115945.0299999714,263589943.0,158.990881567538,158.98616426934822,87329245.86,87326654.78,2591.079999998212,54927204.0,143.39575405653122,142.73062939057405,456740064.74,454621528.63,2118536.1100000143,318517147.0,ok
2011-08-08,136.23313949238116,135.37246821310083,346600265.14,344410571.1,2189694.039999962,254416999.0,152.44914004790866,152.44385129751564,80911393.21000001,80908586.24000001,2806.969999998808,53074352.0,139.03209210915335,138.3190635953855,427511658.35,425319157.34000003,2192501.0099999905,307491351.0,ok
2011-08-09,138.34395855083443,137.30360498491535,336673692.9,334141889.70000005,2531803.1999999285,243359881.0,152.43130287385702,152.42673103808292,77567047.92,77564721.47,2326.4500000029802,50886561.0,140.7802038333568,139.91897688604848,414240740.82,411706611.1700001,2534129.6499999166,294246442.0,ok
2011-08-10,144.7556227324921,143.77274770066697,353927859.47,351524727.56,2403131.910000026,244500250.0,159.8306335882681,159.82629756368075,80846712.23,80844518.95,2193.280000001192,50582739.0,147.33976132388983,146.52462616542087,434774571.70000005,432369246.51,2405325.190000057,295082989.0,ok
2011-08-11,144.7949125428884,143.8477178664187,355272987.78,352948923.51,2324064.269999981,245362894.0,159.32913350204902,159.32478253399208,80249594.65,80247403.19,2191.4600000083447,50367182.0,147.27030416412566,146.48368964000807,435522582.42999995,433196326.7,2326255.7299999595,295730076.0,ok
2011-08-12,144.43025629661867,143.49080127155028,357898895.80999994,355570921.57,2327974.23999995,247800499.0,160.9383407029244,160.93419078782009,80978461.34,80976373.25,2088.0900000035763,50316451.0,147.2165058544977,146.43491247981706,438877357.15,436547294.82,2330062.3299999833,298116950.0,ok
2011-08-15,147.83971656080237,146.93753789661088,366611404.9,364374191.54999995,2237213.350000024,247978969.0,163.91037646053465,163.90620647135773,82511990.14,82509890.98,2099.1599999964237,50339699.0,150.551555506409,149.80091106132184,449123395.03999996,446884082.53,2239312.5099999905,298318668.0,ok
2011-08-16,148.05624673433758,147.1761589029663,368039528.42999995,365851798.30999994,2187730.120000005,248580885.0,165.55136193123673,165.54729546447402,83435474.32999998,83433424.88999999,2049.439999997616,50398543.0,151.0053737744123,150.27295563626535,451475002.75999993,449285223.1999999,2189779.5600000024,298979428.0,ok
2011-08-17,146.2855762732495,145.41483564070074,366577321.08,364395330.37,2181990.7099999785,250590202.0,163.6837426799207,163.6796688283356,82296867.95,82294819.69999999,2048.250000014901,50277973.0,149.19297763214735,148.46706537506003,448874189.03,446690150.07,2184038.9599999785,300868175.0,ok
2011-08-18,143.7020292353312,142.8338231646536,360993791.48,358812771.47,2181020.0099999905,251209947.0,159.73647064002313,159.7324555548319,79905131.25,79903122.78,2008.469999998808,50023098.0,146.36472659564956,145.64002905126162,440898922.73,438715894.25,2183028.480000019,301233045.0,ok
2011-08-19,137.2805780571499,136.39226176717187,337340743.7,335157876.45000005,2182867.2499999404,245730859.0,152.01242575118778,152.00870037928988,74602698.87,74600870.58,1828.2900000065565,49076711.0,139.73299348113756,138.9919353258127,411943442.57,409758747.03000003,2184695.539999962,294807570.0,ok
2011-08-22,136.58856782772247,135.65316893944177,330444726.93,328181743.76,2262983.1700000167,241927075.0,149.33376911159561,149.33033391991083,71943995.33,71942340.37,1654.9599999934435,48176642.0,138.70512464340467,137.9244941318694,402388722.26,400124084.13,2264638.129999995,290103717.0,ok
2011-08-23,141.9631582022969,140.99368137340227,343803233.47,341455375.95,2347857.5200000405,242177786.0,155.3150773929577,155.31120499014233,74840683.88,74838817.91,1865.969999998808,48186361.0,144.17892900186467,143.36969566011882,418643917.35,416294193.86,2349723.4900000095,290364147.0,ok
2011-08-24,141.55812380295495,140.5962099084792,341782902.79999995,339460424.13,2322478.669999957,241443510.0,155.3447091585247,155.34084108916778,74626372.61,74624514.42,1858.1899999976158,48039211.0,143.8459863758155,143.04305870815688,416409275.40999997,414084938.55,2324336.8599999547,289482721.0,ok
2011-08-25,138.90271942871934,137.95485266191668,333043258.33,330770584.05999994,2272674.2700000405,239767270.0,152.11531096024729,152.11184673263367,72623262.92,72621609.02,1653.9000000059605,47742244.0,141.09672949814106,140.3056850076968,405666521.25,403392193.0799999,2274328.1700000763,287509514.0,ok
2011-08-26,139.74673940740337,138.77964946254252,333101570.4,330796406.21000004,2305164.189999938,238360889.0,151.8697532715721,151.86574688874427,72095228.08,72093326.17999999,1901.9000000059605,47471749.0,141.76015773258194,140.9530189446035,405196798.47999996,402889732.39000005,2307066.089999914,285832638.0,ok
2011-08-29,142.3093271306679,141.36153236269854,337574187.71999997,335325908.88,2248278.839999974,237211569.0,155.35325948957413,155.34896453457833,73669685.46000001,73667648.75999999,2036.7000000178814,47420753.0,144.4824924626796,143.6918881053853,411243873.17999995,408993557.64,2250315.539999962,284632322.0,ok
2011-08-30,144.39429509083848,143.46253107162045,343420457.63,341204394.83000004,2216062.7999999523,237835198.0,159.0521190707018,159.04785063068584,75482348.68,75480322.97999999,2025.7000000178814,47457619.0,146.83258089529818,146.05510303121304,418902806.31,416684717.81000006,2218088.4999999404,285292817.0,ok
2011-08-31,146.20512548374572,145.30588604126078,345903625.84000003,343776134.19,2127491.6500000358,236587893.0,160.86552211631604,160.86170001320477,76054678.79,76052871.76,1807.030000001192,47278421.0,148.64683966340579,147.89673351308602,421958304.63000005,419829005.95,2129298.6800000668,283866314.0,ok
2011-09-01,146.39396904222423,145.55333492966497,345256584.77,343274027.26,1982557.5099999905,235840716.0,161.64533701886558,161.64175079708625,76403123.35,76401428.28999999,1695.0600000023842,47265900.0,148.9402522899712,148.2393670199498,421659708.12,419675455.54999995,1984252.5700000525,283106616.0,ok
2011-09-02,147.14465047481724,146.31302524915938,349669055.95,347692812.8,1976243.1499999762,237636268.0,162.59692035219464,162.59305209516415,76853465.24,76851636.86,1828.3799999952316,47266249.0,149.70823202309583,149.01393435565893,426522521.19,424544449.66,1978071.5299999714,284902517.0,ok
2011-09-05,143.85583759246015,143.03072610986686,344318835.07000005,342343931.38,1974903.6900000572,239349922.0,160.07665391725513,160.07272734388107,75672668.43,75670812.23,1856.2000000029802,47272770.0,146.53114188879366,145.8414686894365,419991503.50000006,418014743.61,1976759.8900000453,286622692.0,ok
2011-09-06,140.19126754696524,139.34337814188305,335276865.23,333249080.57000005,2027784.6599999666,239156740.0,156.13048247143178,156.12648481890284,73666561.53999999,73664675.33999999,1886.2000000029802,47182690.0,142.8177134982772,142.10887962932662,408943426.77,406913755.91,2029670.8599999547,286339430.0,ok
2011-09-07,143.49507472494295,142.62309300060764,343974903.48,341884658.71000004,2090244.769999981,239711993.0,158.90530443733275,158.90124035065958,75004519.32000001,75002601.04,1918.280000001192,47200765.0,146.03025174642113,145.30105341289845,418979422.8,416887259.75000006,2092163.0499999523,286912758.0,ok
2011-09-08,144.0798193018211,143.22033414417825,344280403.87,342226654.09000003,2053749.7799999714,238951163.0,159.2838340813735,159.27993763737672,75074801.93,75072965.43,1836.5,47132719.0,146.58470196513903,145.86617624267276,419355205.8,417299619.52000004,2055586.2799999714,286083882.0,ok
2011-09-09,145.23763752307462,144.37197805076488,345379594.23,343321029.23,2058565.0,237803093.0,159.97088465012675,159.9670396090229,75287442.97999999,75285633.38,1809.5999999940395,47063216.0,147.67174071469435,146.948462975311,420667037.21000004,418606662.61,2060374.6000000238,284866309.0,ok
2011-09-12,,,,,,,,,,,,,,,,,,,data unavailable: TWSE MI_MARGN total 20110912: missing tables (keys=stat; stat='很抱歉，沒有符合條件的資料')
2011-09-13,141.41224976699317,140.5331898130623,336231161.89,334141050.53000003,2090111.3599999547,237766645.0,155.97833450256104,155.97422891169958,72940245.27000001,72938325.37,1919.9000000059605,46763062.0,143.80621674769444,143.07095740270103,409171407.15999997,407079375.90000004,2092031.2599999309,284529707.0,ok
2011-09-14,137.83286809374195,136.89356152002046,322162836.89,319967354.24,2195482.649999976,233734407.0,152.6543612537624,152.6502501888722,70351347.05,70349452.44999999,1894.6000000089407,46085383.0,140.2739184172785,139.48863541424285,392514183.94,390316806.69,2197377.25,279819790.0,ok
2011-09-15,141.57540923623304,140.63456953544164,331622709.12,329418909.65999997,2203799.460000038,234237507.0,155.66691936495417,155.6628318992356,72070103.69999999,72068211.3,1892.3999999910593,46297636.0,143.9009774329771,143.11473303007887,403692812.82,401487120.96,2205691.8600000143,280535143.0,ok
2011-09-16,145.91987512154887,145.0275701469101,342553258.74,340458533.96999997,2094724.7700000405,234754353.0,160.13464274970244,160.1304731402541,74325564.05000001,74323628.75,1935.300000011921,46414419.0,148.26640235495285,147.520707854427,416878822.79,414782162.71999997,2096660.0700000525,281168772.0,ok
2011-09-19,143.5419992073669,142.7316462730106,337539605.4,335634057.12,1905548.2799999714,235150414.0,158.56950006733572,158.5654632643277,73590915.71000001,73589042.26,1873.4500000029802,46409250.0,146.0189699295848,145.34152142616566,411130521.11,409223099.38,1907421.730000019,281559664.0,ok
2011-09-20,145.37018572365753,144.47872960129538,344710365.59000003,342596492.21,2113873.380000055,237125903.0,160.62034875448953,160.61613102672672,74768304.94,74766341.6,1963.3400000035763,46549709.0,147.87265904620662,147.12679418137643,419478670.53000003,417362833.80999994,2115836.720000088,283675612.0,ok
2011-09-21,146.61018504807163,145.7205189974135,348331603.40999997,346217843.02,2113760.3899999857,237590317.0,161.84591168356454,161.8417864873918,75121964.62,75120049.88,1914.7400000095367,46415732.0,149.1001932955308,148.3552531305416,423453568.03,421337892.9,2115675.129999995,284006049.0,ok
2011-09-22,143.2926166933302,142.37226985581125,342392811.28000003,340193673.96000004,2199137.319999993,238946583.0,158.85744419992602,158.85342236537272,73418304.63,73416445.88,1858.75,46216471.0,145.81521346380305,145.04337572426195,415811115.91,413610119.84000003,2200996.069999993,285163054.0,ok
2011-09-23,137.89816435971795,136.91451663910135,327439803.54,325104127.66,2335675.879999995,237450444.0,152.97430215262455,152.97036929457298,69770935.19,69769141.43,1793.7599999904633,45609579.0,140.3273887001698,139.50160284202337,397210738.73,394873269.09000003,2337469.6399999857,283060023.0,ok
2011-09-26,133.00706230062283,132.00419771114997,309613775.78,307279308.07,2334467.7099999785,232779952.0,146.85509711721306,146.851381380349,65615203.97,65613543.769999996,1660.2000000029802,44680236.0,135.23705236947364,134.39508367953675,375228979.75,372892851.84,2336127.910000026,277460188.0,ok
2011-09-27,137.19645319733783,136.18489600312898,316344039.37,314011616.90999997,2332422.460000038,230577418.0,149.48279982993037,149.47881416189213,66181464.7,66179700.1,1764.6000000014901,44273632.0,139.17556584557346,138.3263105634852,382525504.07,380191317.01,2334187.0600000024,274851050.0,ok
2011-09-28,138.89620906057468,137.9173767259624,319087391.68999994,316838712.2,2248679.48999995,229730814.0,151.24877548172398,151.24520882758196,66957926.68,66956347.72000001,1578.959999985993,44270062.0,140.89200151681266,140.0707419344163,386045318.36999995,383795059.92,2250258.4499999285,274000876.0,ok
2011-09-29,140.3854109005459,139.42160795829435,322148575.14,319936894.15,2211680.9900000095,229474397.0,153.503852176703,153.50035950632127,67837262.02,67835718.52,1543.5,44192547.0,142.50381557225998,141.6950863711183,389985837.15999997,387772612.66999996,2213224.4900000095,273666944.0,ok
2011-09-30,141.6056365219481,140.6417294748574,325697273.05999994,323480257.52,2217015.539999962,230003043.0,154.46383865189475,154.45999010055758,68270620.94999999,68268919.94999999,1701.0,44198449.0,143.6782459265393,142.86909039502964,393967894.00999993,391749177.46999997,2218716.539999962,274201492.0,ok
2011-10-03,138.03791861267655,137.08114980746612,318279470.40000004,316073410.85,2206059.550000012,230573942.0,151.8599944231838,151.8558933075443,67063496.54,67061685.43,1811.109999999404,44161398.0,140.25970118733179,139.45606571036694,385342966.94000006,383135096.28000003,2207870.660000026,274735340.0,ok
2011-10-04,139.2364022624158,138.28010213632407,320995763.29,318791107.87,2204655.4200000167,230540116.0,152.23783724369366,152.23340135160075,67104680.31,67102725.019999996,1955.2900000065565,44078845.0,141.32325101907296,140.51973377395453,388100443.6,385893832.89,2206610.710000038,274618961.0,ok
2011-10-05,138.1442677460188,137.18264070238217,318152914.08000004,315938240.6,2214673.480000019,230304825.0,151.60995008531947,151.60550922393554,66651398.470000006,66649446.160000004,1952.3100000023842,43962417.0,140.3026878981049,139.49448864914027,384804312.5500001,382587686.76000005,2216625.7900000215,274267242.0,ok
2011-10-06,140.4153807800302,139.4597410700879,322580545.36,320385125.05,2195420.3100000024,229733056.0,152.34696575193686,152.34254649992334,66819243.589999996,66817305.309999995,1938.280000001192,43859911.0,142.3281428685263,141.52499408363812,389399788.95,387202430.36,2197358.589999974,273592967.0,ok
2011-10-07,141.05222123887847,140.12114927688174,322167839.16999996,320041240.67,2126598.4999999404,228403237.0,153.32238215168368,153.31752080058206,67045706.67,67043580.87,2125.8000000044703,43728584.0,143.02390084693548,142.24166072074314,389213545.84,387084821.54,2128724.2999999523,272131821.0,ok
2011-10-10,,,,,,,,,,,,,,,,,,,data unavailable: TWSE MI_MARGN total 20111010: missing tables (keys=stat; stat='很抱歉，沒有符合條件的資料')
2011-10-11,145.34649143382146,144.43293399345083,330901217.65999997,328821378.88,2079838.7799999714,227663712.0,157.35892118001513,157.35429296592446,68742403.65,68740381.81,2021.8400000035763,43685101.0,147.28040152141736,146.5131747932135,399643621.30999994,397561760.69,2081860.6199999452,271348813.0,ok
2011-10-12,145.94200723992884,145.03286823068296,331015045.0,328953002.03,2062042.9700000286,226812726.0,158.87772137361983,158.87352205671675,69430643.02,69428807.88999999,1835.1300000101328,43700679.0,148.03173544024554,147.26878689061638,400445688.02,398381809.91999996,2063878.1000000238,270513405.0,ok
2011-10-13,147.28619093609666,146.3800546211924,332858446.28,330810629.54999995,2047816.730000019,225994334.0,161.11533976603346,161.11153060232166,70428359.75,70426694.65,1665.0999999940395,43713007.0,149.52755995989,148.76766895269637,403286806.03,401237324.1999999,2049481.830000043,269707341.0,ok
2011-10-14,146.51089654031634,145.6433906794996,332005922.28999996,330040081.59,1965840.699999988,226608348.0,161.40289330709118,161.39906090836584,70664538.33,70662860.45,1677.8799999952316,43781457.0,148.9222053398056,148.19454529359933,402670460.61999995,400702942.03999996,1967518.5799999833,270389805.0,ok
2011-10-17,148.13372127555238,147.26252501631993,335174460.77,333203250.34000003,1971210.4299999475,226264795.0,163.521131295497,163.51708272274428,71740401.16,71738624.96000001,1776.199999988079,43872251.0,150.63275028557172,149.90238521376298,406914861.92999995,404941875.3000001,1972986.629999876,270137046.0,ok
2011-10-18,146.07213797074442,145.19832736069108,331671849.3,329687772.22,1984077.0799999833,227060310.0,162.1297135408528,162.12573996562915,71174963.7,71173219.3,1744.4000000059605,43900012.0,148.6737283254336,147.94084556778762,402846813.0,400860991.52000004,1985821.4799999595,270960322.0,ok
2011-10-19,145.2244541983473,144.35400322598727,330055164.89,328076869.70000005,1978295.189999938,227272443.0,161.91502395480498,161.91093851532315,70909962.6,70908173.39999999,1789.2000000029802,43794554.0,147.92104237241392,147.1905645156795,400965127.49,398985043.1,1980084.3899999857,271066997.0,ok
2011-10-20,143.61623788765462,142.74971115669027,328251625.75,326271078.06,1980547.6899999976,228561638.0,159.98511684529143,159.98115081987382,69846004.74000001,69844273.25999999,1731.4800000190735,43657814.0,146.24143409487138,145.51324249965796,398097630.49,396115351.32,1982279.1700000167,272219452.0,ok
2011-10-21,143.94387102957242,143.0866265445464,330116076.16999996,328150100.24,1965975.9299999475,229336667.0,160.04716710190337,160.0431564471843,69580819.59,69579075.95,1743.640000000596,43475196.0,146.51008624210743,145.78881277974338,399696895.76,397729176.19,1967719.5699999928,272811863.0,ok
2011-10-24,147.818773743945,146.98069457415502,339273010.92,337349455.23,1923555.6899999976,229519568.0,163.14555991222605,163.14197525859007,71025466.82,71023906.24000001,1560.5799999833107,43535029.0,150.26243185350953,149.55740205684947,410298477.74,408373361.47,1925116.269999981,273054597.0,ok
2011-10-25,148.12418835638772,147.31188342775292,339286265.5,337425638.22,1860627.2799999714,229055274.0,162.85710621030157,162.853359665011,70766892.79,70765264.79,1628.0,43453365.0,150.4734528030871,149.79007803492058,410053158.29,408190903.01000005,1862255.2799999714,272508639.0,ok
2011-10-26,149.1834042396809,148.3429203838479,343914459.08,341976880.62,1937578.4599999785,230531312.0,163.63997344228355,163.63638592731334,71248661.16,71247099.16,1562.0,43539888.0,151.48002425647059,150.77249261505767,415163120.24,413223979.78,1939140.4600000381,274071200.0,ok
2011-10-27,149.83004962822886,148.98411304960445,345533769.32000005,343582894.61,1950874.7100000381,230617136.0,163.94840590987104,163.94451489914863,71376981.31,71375287.31,1694.0,43536246.0,152.072080084717,151.3598624583081,416910750.63000005,414958181.92,1952568.7100000381,274153382.0,ok
2011-10-28,149.31018225591217,148.44728999852245,340578626.52,338610357.14,1968269.3799999952,228101407.0,162.78205362113536,162.7781196101366,70529037.78999999,70527333.28999999,1704.5,43327281.0,151.46065338163515,150.73487384281205,411107664.30999994,409137690.42999995,1969973.8799999952,271428688.0,ok
2011-10-31,148.314148741603,147.45345368644215,340174288.18,338200192.45,1974095.730000019,229360645.0,161.5506556922058,161.546971301429,69714605.5,69713015.56,1589.9399999976158,43153403.0,150.41018864466028,149.68520375507396,409888893.68,407913208.01,1975685.6700000167,272514048.0,ok
2011-11-01,149.4275955829599,148.57147641923063,344901603.6,342925550.44,1976053.1600000262,230815200.0,163.14716711265856,163.1434966694921,70346609.62,70345026.97999999,1582.6400000154972,43118499.0,151.58712299212226,150.8651834106763,415248213.22,413270577.41999996,1977635.8000000715,273933699.0,ok
2011-11-02,149.4325489525708,148.55449614104225,346988577.13,344949702.08,2038875.050000012,232204148.0,163.03585247487266,163.0320745455782,70376877.78,70375246.98,1630.7999999970198,43166504.0,151.5649732020099,150.82396981796012,417365454.90999997,415324949.06,2040505.8499999642,275370652.0,ok
2011-11-03,146.14531597984111,145.22290283670588,339329585.94,337187867.83000004,2141718.1099999547,232186426.0,161.20932610226834,161.20542083428802,69338783.05,69337103.33,1679.719999998808,43011645.0,148.499721493324,147.7208650783021,408668368.99,406524971.16,2143397.8299999833,275198071.0,ok
2011-11-04,149.51106943305285,148.59585953446094,348704819.74,346570274.76,2134544.980000019,233230102.0,164.5887236822408,164.5849636211889,70938339.00999999,70936718.41,1620.5999999940395,43100364.0,151.86279125299197,151.08974381782426,419643158.75,417506993.16999996,2136165.580000043,276330466.0,ok
2011-11-07,150.4194737993142,149.50561992513278,350811658.66999996,348680348.24,2131310.4299999475,233222235.0,166.93264118805521,166.92859979852938,72198327.25,72196579.35,1747.9000000059605,43249976.0,153.00271386768776,152.2311866598412,423009985.91999996,420876927.59000003,2133058.3299999237,276472211.0,ok
2011-11-08,149.79064390066662,148.9617527929793,349856797.83,347920807.83000004,1935989.9999999404,233563852.0,166.6519791541499,166.64800150272993,72146771.5,72145049.5,1722.0,43291878.0,152.42724769684196,151.72734814988297,422003569.33,420065857.33000004,1937711.9999999404,276855730.0,ok
2011-11-09,148.74478083136614,147.85349104827873,347348239.53,345266903.05999994,2081336.4700000286,233519615.0,165.5770519395243,165.5733818565182,71611583.2,71609995.9,1587.2999999970198,43249703.0,151.3750966897277,150.6225119071905,418959822.72999996,416876898.9599999,2082923.7700000405,276769318.0,ok
2011-11-10,142.81929769017813,141.84347269393513,332333926.03999996,330063226.23,2270699.809999943,232695393.0,159.7172940381691,159.71340594742557,68453366.02,68451699.62,1666.3999999910593,42859082.0,145.44757150469064,144.62291924310065,400787292.05999994,398514925.85,2272366.209999919,275554475.0,ok
2011-11-11,144.05894136652566,143.06638965059932,334848446.75,332541374.4,2307072.350000024,232438503.0,159.4555312920527,159.45162173731225,67908873.83000001,67907208.83000001,1665.0,42587970.0,146.44311007108033,145.60365002753755,402757320.58000004,400448583.23,2308737.350000024,275026473.0,ok
2011-11-14,147.47209711378767,146.52679269124738,342889456.78,340691516.11,2197940.669999957,232511413.0,163.00360421885435,162.9996748662511,69671668.83000001,69669989.33,1679.5000000149012,42742410.0,149.8838857580554,149.08476146396703,412561125.61,410361505.44,2199620.1700000167,275253823.0,ok
2011-11-15,146.228834404662,145.3069838412774,338791936.15,336656136.2,2135799.949999988,231686136.0,161.79034647010272,161.7864461460377,69236366.72,69234697.61999999,1669.1000000089407,42793880.0,148.65501278242422,147.8762788399138,408028302.87,405890833.82,2137469.050000012,274480016.0,ok
2011-11-16,144.23298638940844,143.30160228301497,334251404.48,332092976.97,2158427.5099999905,231744078.0,160.24771884371674,160.24381729589112,68277465.08,68275802.72999999,1662.3500000089407,42607449.0,146.7201126822961,145.93276883784213,402528869.56,400368779.70000005,2160089.8599999547,274351527.0,ok
2011-11-17,144.8626728256571,143.9085525178388,337050655.37,334830712.38,2219942.9900000095,232669085.0,160.9293302417179,160.9254367107805,68580108.11,68578448.88,1659.2300000041723,42615046.0,147.3498534065518,146.54283187140925,405630763.48,403409161.26,2221602.2200000286,275284131.0,ok
2011-11-18,142.13267711231634,141.21680209762778,330389049.58,328260087.53,2128962.050000012,232451155.0,158.0819715180323,158.07810682944108,67031338.72,67029699.980000004,1638.7399999946356,42402899.0,144.59324231033534,143.81806699129132,397420388.29999995,395289787.51,2130600.789999962,274854054.0,ok
2011-11-21,137.16975064577827,136.12674466531047,312743441.74,310365415.4,2378026.3400000334,227997383.0,151.56724553308638,151.56352752588512,62969994.45,62968449.77000001,1544.6799999922514,41545912.0,139.38890084058667,138.50608495752044,375713436.19,373333865.16999996,2379571.0200000405,269543295.0,ok
2011-11-22,135.53172613849435,134.44264566701622,304368534.81,301922747.12,2445787.6899999976,224573643.0,147.6091846914069,147.60540595395133,59622003.71,59620477.41,1526.3000000044703,40391798.0,137.37283516909662,136.44920000340724,363990538.52,361543224.53,2447313.9900000095,264965441.0,ok
2011-11-23,132.03674946394216,130.88835573735165,289405746.19000006,286888630.73,2517115.460000038,219185755.0,144.22457216882404,144.22069302040904,56864097.04000001,56862567.59,1529.4500000029802,39427468.0,133.89487173670162,132.9209675871833,346269843.2300001,343751198.32000005,2518644.910000026,258613223.0,ok
2011-11-24,133.9081808031028,132.71619580763763,289656880.97,287078497.38,2578383.5900000334,216310071.0,145.30448044604597,145.30056261929994,56234727.25000001,56233211.00000001,1516.25,38701303.0,135.63771795527833,134.62603765273622,345891608.22,343311708.38,2579899.8400000334,255011374.0,ok
2011-11-25,133.28076379617238,132.11580829702285,287176220.6,284666124.56,2510096.0400000215,215467118.0,144.52051053301716,144.51516347629803,55436690.56,55434639.48,2051.0800000056624,38359047.0,134.97935138404665,133.98963973631325,342612911.16,340100764.04,2512147.120000005,253826165.0,ok
2011-11-28,135.8673800987225,134.6865438102853,291534098.02,289000347.52,2533750.5,214572547.0,148.03909680048278,148.03271522815243,56682220.489999995,56679777.07000001,2443.419999986887,38288683.0,137.71044240748176,136.70744407515537,348216318.51,345680124.59,2536193.9200000167,252861230.0,ok
2011-11-29,138.84603169221995,137.65625355978415,297052477.74,294507021.18,2545456.5600000024,213943801.0,151.88956348373975,151.8831218035059,57958341.64,57955883.61,2458.030000001192,38158212.0,140.82030331903778,139.80963523286107,355010819.38,352462904.79,2547914.589999974,252102013.0,ok
2011-11-30,135.90612538125833,134.7416150709119,288884203.35,286408901.87,2475301.480000019,212561577.0,148.63544050874978,148.62893242237098,56330211.51,56327745.059999995,2466.4500000029802,37898237.0,137.83225713806527,136.8429695192539,345214414.86,342736646.93,2477767.930000007,250459814.0,ok
2011-12-01,142.4656489223013,141.36039128093526,304425148.97,302063399.14,2361749.830000043,213683194.0,154.19122784815747,154.18459651933915,58008927.89,58006433.09,2494.7999999970198,37621419.0,144.2210202723179,143.28023187938854,362434076.86,360069832.23,2364244.629999995,251304613.0,ok
2011-12-02,141.85444597724998,140.77050365405177,302398996.83,300088296.81,2310700.019999981,213175551.0,153.8543760703324,153.8475382192151,57901175.87,57898602.53,2573.3399999961257,37633753.0,143.65502672899245,142.73270314565366,360300172.7,357986899.34000003,2313273.3599999547,250809304.0,ok
2011-12-05,140.31500468090888,139.23080598732244,298433731.4,296127766.6,2305964.7999999523,212688395.0,152.85555363543153,152.84875922065842,57370201.9,57367651.8,2550.10000000149,37532298.0,142.196046631523,141.2734551094861,355803933.29999995,353495418.40000004,2308514.8999999166,250220693.0,ok
2011-12-06,136.98270033750762,135.89860290591466,288892649.36,286606318.47,2286330.8899999857,210897178.0,149.0655244034563,149.05883544365457,55573316.410000004,55570822.69,2493.7200000062585,37281133.0,138.79777180448295,137.87552174936027,344465965.77000004,342177141.16,2288824.6100000143,248178311.0,ok
2011-12-07,137.44434040370606,136.36056890299227,288037175.42999995,285765954.36,2271221.0699999332,209566414.0,148.64717971055933,148.64025135182467,55092083.01,55089515.199999996,2567.810000002384,37062313.0,139.12785530454443,138.20590719750177,343129258.43999994,340855469.56,2273788.8799999356,246628727.0,ok
2011-12-08,135.77970031597593,134.70967034048581,282758697.69,280530380.19,2228317.5,208248138.0,146.1368517492626,146.13036207551306,53681984.19,53679600.27,2383.9199999943376,36734050.0,137.33271166636817,136.42215509153667,336440681.88,334209980.46,2230701.4200000167,244982188.0,ok
2011-12-09,135.11027656124696,134.0363190577939,279883808.99,277659083.20000005,2224725.789999962,207152125.0,145.57650544271127,145.5698396610383,53186521.84,53184086.49,2435.35000000149,36535100.0,136.67943850154643,135.76549599183954,333070330.83000004,330843169.69000006,2227161.1399999857,243687225.0,ok
2011-12-12,135.70636006961936,134.63203901207913,279786068.53999996,277571138.71000004,2214929.8299999237,206170196.0,146.095975188259,146.0889138361234,53117028.26,53114460.919999994,2567.3400000035763,36357626.0,137.26387927567333,136.34955235362648,332903096.79999995,330685599.63000005,2217497.1699998975,242527822.0,ok
2011-12-13,135.2508141074579,134.15463194892797,277614248.07,275364237.32,2250010.75,205258837.0,145.33362137840774,145.32678191715846,52530555.5,52528083.39,2472.109999999404,36144806.0,136.76048938913485,135.82741197903133,330144803.57,327892320.71,2252482.8600000143,241403643.0,ok
2011-12-14,137.08373284522835,135.9922770685252,281143959.81,278905501.65999997,2238458.1500000358,205089221.0,148.18473365459573,148.17806138386973,53413631.8,53411226.76,2405.039999999106,36045300.0,138.74313400775992,137.81383397195125,334557591.61,332316728.41999996,2240863.190000057,241134521.0,ok
2011-12-15,134.0754161628142,132.99071626012108,273206533.37,270996231.82,2210301.550000012,203770789.0,145.33341382409117,145.3266796319489,52151495.989999995,52149079.49,2416.4999999925494,35884037.0,135.76110057554195,134.8378068172097,325358029.36,323145311.31,2212718.050000012,239654826.0,ok
2011-12-16,134.42709494368486,133.32711848465019,272709071.0,270477574.75,2231496.25,202867637.0,145.58795159130256,145.58104228375248,51990221.849999994,51987754.5,2467.3499999940395,35710525.0,136.09765878320414,135.16129328299544,324699292.85,322465329.25,2233963.600000024,238578162.0,ok
2011-12-19,130.3472018202638,129.22486795641356,258462527.16000003,256237076.65,2225450.5100000203,198287745.0,140.82297815995582,140.8160420248588,49392656.93000001,49390224.13000001,2432.7999999970198,35074288.0,131.92170985671865,130.9670201493317,307855184.09000003,305627300.78000003,2227883.3100000024,233362033.0,ok
2011-12-20,132.58813621196168,131.4719231398005,261524400.04000002,259322717.73,2201682.310000032,197245702.0,142.6116750992686,142.60457062497528,49771845.4,49769365.92,2479.4799999967217,34900260.0,134.09505069918038,133.1455783193851,311296245.44,309092083.65,2204161.7900000215,232145962.0,ok
2011-12-21,140.60663207380816,139.39011149951932,278277865.89,275870221.64,2407644.25,197912333.0,150.81725444244069,150.80896502352095,52690582.28999999,52687686.239999995,2896.0499999970198,34936707.0,142.13863547816214,141.10339809861358,330968448.17999995,328557907.88,2410540.2999999523,232849040.0,ok
2011-12-22,140.4793802283269,139.33074701991134,277162754.74,274896526.46000004,2266228.2799999714,197297820.0,151.22651702510558,151.21833084384127,52774040.89,52771184.13,2856.759999997914,34897346.0,142.0946014138813,141.11736959674693,329936795.63,327667710.59000003,2269085.039999962,232195166.0,ok
2011-12-23,145.02702713245276,143.8934057389544,287395614.59000003,285149151.82000005,2246462.769999981,198166935.0,156.8748643982591,156.8663792908546,54815839.480000004,54812874.58,2964.9000000059605,34942398.0,146.8029828175091,145.83801601800303,342211454.07000005,339962026.40000004,2249427.6700000167,233109333.0,ok
2011-12-26,145.0744686211501,143.95724381259205,287223115.98,285011198.24,2211917.7400000095,197983228.0,157.54729264773175,157.53872339992438,55107783.739999995,55104786.339999996,2997.39999999851,34978566.0,146.94722848846195,145.9964652315478,342330899.72,340115984.58,2214915.1400000453,232961794.0,ok
2011-12-27,144.30268724260856,143.16109680705932,284835251.77,282581896.65,2253355.120000005,197387351.0,157.31872921731562,157.31010718480246,55091818.63,55088799.260000005,3019.369999997318,35019237.0,146.2639563384494,145.2930826169179,339927070.4,337670695.90999997,2256374.4900000095,232406588.0,ok
2011-12-28,143.5474039639444,142.44275486456937,282833781.24,280657273.18,2176508.0600000024,197031624.0,155.98208746323738,155.97368341512242,54547945.19,54545006.24,2938.9499999955297,34970647.0,145.42173444069434,144.48232682170598,337381726.43,335202279.42,2179447.0099999905,232002271.0,ok
2011-12-29,144.208434282036,143.10495765108348,284043910.75,281870419.17,2173491.5799999833,196967613.0,156.6278537776231,156.61940088024312,54749446.41,54746491.69,2954.719999998808,34955115.0,146.08027427135127,145.14183830228146,338793357.15999997,336616910.86,2176446.2999999523,231922728.0,ok
2011-12-30,143.8021593893869,142.690695135721,281542091.41,279366018.59000003,2176072.819999993,195784328.0,156.37306560375913,156.36273118681348,54438449.31,54434851.57000001,3597.7399999946356,34813188.0,145.69998261386303,144.75475536345328,335980540.72,333800870.16,2179670.5600000024,230597516.0,ok
