Date,TWSEMarginMaintenanceRate_IncludeETF,TWSEMarginMaintenanceRate_ExcludeETF,TWSEMarginMarketValueK_IncludeETF,TWSEMarginMarketValueK_ExcludeETF,TWSEETFMarginMarketValueK,TWSETotalMarginAmountK,TPEXMarginMaintenanceRate_IncludeETF,TPEXMarginMaintenanceRate_ExcludeETF,TPEXMarginMarketValueK_IncludeETF,TPEXMarginMarketValueK_ExcludeETF,TPEXETFMarginMarketValueK,TPEXTotalMarginAmountK,CombinedMarginMaintenanceRate_IncludeETF,CombinedMarginMaintenanceRate_ExcludeETF,CombinedMarginMarketValueK_IncludeETF,CombinedMarginMarketValueK_ExcludeETF,CombinedETFMarginMarketValueK,CombinedTotalMarginAmountK,Status
2012-01-02,140.91981520304077,139.81616483085577,275023575.69,272869656.65999997,2153919.030000031,195163168.0,152.99076306260162,152.98082126571333,52971402.47,52967960.23,3442.240000002086,34623922.0,142.73864478635417,141.7997925340366,327994978.15999997,325837616.89,2157361.269999981,229787090.0,ok
2012-01-03,143.4780959103324,142.39290349956067,278236289.02,276131856.93000007,2104432.089999914,193922485.0,155.18444639513942,155.17435235856783,53650823.050000004,53647333.31,3489.740000002086,34572294.0,145.24931970983897,144.32679454789644,331887112.07,329779190.24000007,2107921.8299999237,228494779.0,ok
2012-01-04,144.11254361818777,143.0453059381547,277742874.03,275686025.59000003,2056848.439999938,192726370.0,156.63505911584997,156.624685112453,53995593.14,53992016.99,3576.14999999851,34472227.0,146.01255093577888,145.10566831537258,331738467.16999996,329678042.58000004,2060424.5899999142,227198597.0,ok
2012-01-05,145.42164257377232,144.37148969730762,279327210.03,277310066.86,2017143.169999957,192080907.0,158.15046425187964,158.14044860170063,54488022.269999996,54484571.55,3450.719999998808,34453280.0,147.3575519530745,146.46559214923263,333815232.29999995,331794638.41,2020593.889999926,226534187.0,ok
2012-01-06,145.3626462097802,144.32616007438733,278579390.05,276593022.28,1986367.7700000405,191644413.0,159.2052017649708,159.1950859574509,54837131.64,54833647.32,3484.320000000298,34444309.0,147.47154070338811,146.59142069014834,333416521.69,331426669.59999996,1989852.0900000334,226088722.0,ok
2012-01-09,144.0392555387717,142.97950330554454,274998628.92999995,272975358.19,2023270.73999995,190919224.0,157.16836782763082,157.15808736607386,53932166.68000001,53928638.95,3527.7300000041723,34314899.0,146.03950379667825,145.13964082609277,328930795.60999995,326903997.14,2026798.469999969,225234123.0,ok
2012-01-10,145.58861392710975,144.5568845608335,276358128.27,274399686.68,1958441.5899999738,189821251.0,157.63379327281007,157.62363378135484,53964348.06,53960870.06,3478.0,34233997.0,147.42902890183584,146.55338791260982,330322476.33,328360556.74,1961919.5899999738,224055248.0,ok
2012-01-11,146.15268825565462,145.1050116923669,274942679.76,272971788.87,1970890.8899999857,188120166.0,159.1691809645806,159.15993930094916,54275703.86,54272552.51,3151.35000000149,34099380.0,148.15005680013405,147.2617270939794,329218383.62,327244341.38,1974042.2400000095,222219546.0,ok
2012-01-12,145.16789179503022,144.1466784954142,269439517.37,267544089.83999997,1895427.530000031,185605449.0,158.2521086513388,158.24462642422762,53422107.5,53419581.68,2525.820000000298,33757596.0,147.18141101205083,146.31619994151703,322861624.87,320963671.52,1897953.3500000238,219363045.0,ok
2012-01-13,143.94805882259217,142.93568281902307,260561031.92,258728525.54,1832506.3799999952,181010452.0,156.65799120761181,156.6535734510434,52237574.27,52236101.17,1473.1000000014901,33344979.0,145.92520690086923,145.06962816818017,312798606.19,310964626.71,1833979.480000019,214355431.0,ok
2012-01-16,144.0285717578765,143.00073090994837,261173115.98000002,259309288.58999997,1863827.3900000453,181334240.0,158.06384772718215,158.05982375823456,52463147.150000006,52461811.550000004,1335.6000000014901,33191111.0,146.20009321415816,145.33065611439088,313636263.13,311771100.14,1865162.9900000095,214525351.0,ok
2012-01-17,148.20143978247472,147.17785842398183,267030788.79000002,265186489.99,1844298.800000012,180180968.0,163.36312696913484,163.35908666118536,54093737.940000005,54092400.09,1337.8500000014901,33112575.0,150.55520303772158,149.6898994640452,321124526.73,319278890.08000004,1845636.6499999762,213293543.0,ok
2012-01-18,148.0225660987407,147.01794442113092,260222414.48999998,258456298.11,1766116.3799999654,175799151.0,164.64760849035753,164.64364053772596,53750119.0,53748823.64,1295.359999999404,32645551.0,150.6262958364852,149.77839146518582,313972533.49,312205121.75,1767411.7400000095,208444702.0,ok
2012-01-19,,,,,,,,,,,,,,,,,,,data unavailable: TWSE MI_MARGN total 20120119: missing tables (keys=stat; stat='很抱歉，沒有符合條件的資料')
2012-01-20,,,,,,,,,,,,,,,,,,,data unavailable: TWSE MI_MARGN total 20120120: missing tables (keys=stat; stat='很抱歉，沒有符合條件的資料')
2012-01-23,,,,,,,,,,,,,,,,,,,data unavailable: TWSE MI_MARGN total 20120123: missing tables (keys=stat; stat='很抱歉，沒有符合條件的資料')
2012-01-24,,,,,,,,,,,,,,,,,,,data unavailable: TWSE MI_MARGN total 20120124: missing tables (keys=stat; stat='很抱歉，沒有符合條件的資料')
2012-01-25,,,,,,,,,,,,,,,,,,,data unavailable: TWSE MI_MARGN total 20120125: missing tables (keys=stat; stat='很抱歉，沒有符合條件的資料')
2012-01-26,,,,,,,,,,,,,,,,,,,data unavailable: TWSE MI_MARGN total 20120126: missing tables (keys=stat; stat='很抱歉，沒有符合條件的資料')
2012-01-27,,,,,,,,,,,,,,,,,,,data unavailable: TWSE MI_MARGN total 20120127: missing tables (keys=stat; stat='很抱歉，沒有符合條件的資料')
2012-01-30,153.0928078537932,152.1315921883188,269250206.06,267559679.12,1690526.9399999976,175873844.0,170.11360868679677,170.1085774634102,55826298.64,55824647.54,1651.1000000014901,32817068.0,155.7693632102197,154.95850948219538,325076504.7,323384326.66,1692178.0399999619,208690912.0,ok
2012-01-31,156.1608303876066,155.22644419937913,279267197.75,277596206.29999995,1670991.4500000477,178833064.0,175.41990803215091,175.4143251077125,58176224.97,58174373.45,1851.5199999958277,33163981.0,159.1736444816955,158.3845566102112,337443422.72,335770579.74999994,1672842.9700000882,211997045.0,ok
2012-02-01,159.2280188681453,158.31455252577632,289178742.1,287519768.7,1658973.4000000358,181612975.0,180.97270409916422,180.96594755245127,60777373.45999999,60775104.35999999,2269.10000000149,33583724.0,162.62150729365973,161.84954261775178,349956115.56,348294873.06,1661242.5,215196699.0,ok
2012-02-02,161.99711584903008,161.10843222260195,297540097.82000005,295907852.63,1632245.1900000572,183669997.0,184.96697811751307,184.95913272614598,62807832.86,62805168.86,2664.0,33956241.0,165.58110547313697,164.82985911377102,360347930.68000007,358713021.49,1634909.1900000572,217626238.0,ok
2012-02-03,162.97802049876137,162.13566665320843,304483440.7,302909714.4,1573726.300000012,186824849.0,187.48779450869375,187.4797629986947,64703342.8,64700571.07000001,2771.729999989271,34510696.0,166.79959086553404,166.08732477650616,369186783.5,367610285.46999997,1576498.030000031,221335545.0,ok
2012-02-06,161.24728295615643,160.44683698753076,307852119.39,306323913.87,1528205.519999981,190919260.0,187.24966294214605,187.24015962060957,65977510.49,65974161.99,3348.5,35235049.0,165.2984776336939,164.62126125573846,373829629.88,372298075.86,1531554.019999981,226154309.0,ok
2012-02-07,161.37999803202754,160.5716855704031,309676803.43,308125708.98,1551094.449999988,191892928.0,187.23499614674216,187.22535119969456,66232438.26,66229026.46,3411.7999999970198,35373963.0,165.40431386021822,164.72031354536372,375909241.69,374354735.44,1554506.25,227266891.0,ok
2012-02-08,165.62000480073021,164.81109730803263,321840420.13,320268513.84000003,1571906.2899999619,194324605.0,192.0445405429402,192.03470205338203,68696133.53,68692614.21000001,3519.3199999928474,35770938.0,169.72799584388298,169.04331260775444,390536553.65999997,388961128.0500001,1575425.609999895,230095543.0,ok
2012-02-09,166.53858983638025,165.73743812230848,327036611.85,325463367.22,1573244.6299999952,196372872.0,194.80268830932368,194.7929417983665,70195245.51,70191733.45,3512.060000002384,36034023.0,170.92085730072682,170.24241069525928,397231857.36,395655100.67,1576756.6899999976,232406895.0,ok
2012-02-10,165.6477682238185,164.88186446323712,329575850.89,328051994.65999997,1523856.230000019,198961842.0,194.6181050352189,194.61133124113596,70965652.85999998,70963182.86,2469.999999985099,36464055.0,170.1348529851837,169.4865274400972,400541503.75,399015177.52,1526326.230000019,235425897.0,ok
2012-02-13,167.2087305159584,166.4671900150777,339412015.90999997,337906784.96,1505230.949999988,202987018.0,195.73196164922376,195.72507521028263,71721271.95,71718748.58000001,2523.369999989867,36642596.0,171.57031678897582,170.9411147905951,411133287.85999995,409625533.53999996,1507754.3199999928,239629614.0,ok
2012-02-14,166.14593044702025,165.41918094464233,336967302.08000004,335493351.93000007,1473950.1499999762,202814057.0,194.60318170441485,194.59649411411948,71663927.45,71661464.7,2462.75,36825671.0,170.51898403506783,169.9028871498302,408631229.53000003,407154816.63000005,1476412.8999999762,239639728.0,ok
2012-02-15,168.764793197276,168.01646649167856,346013865.09000003,344479591.2,1534273.8900000453,205027280.0,197.40291632051458,197.39662678409468,73976938.32,73974581.31,2357.0099999904633,37475099.0,173.19038482917318,172.55672881873048,419990803.41,418454172.51,1536630.9000000358,242502379.0,ok
2012-02-16,163.25100975354027,162.50672548052125,332386620.90999997,330871223.64000005,1515397.2699999213,203604634.0,191.32262816941568,191.31700208019643,71914879.44,71912764.69,2114.75,37588277.0,167.62578082155989,166.99661140952855,404301500.34999996,402783988.33000004,1517512.0199999213,241192911.0,ok
2012-02-17,163.129128848006,162.37000526526793,333475979.40999997,331924144.48,1551834.9299999475,204424545.0,190.54475566177067,190.53916057042994,71797930.84,71795822.59,2108.25,37680350.0,167.3960000891349,166.75415301702182,405273910.25,403719967.07000005,1553943.1799999475,242104895.0,ok
2012-02-20,165.17995341770265,164.4059361700095,340448951.38,338853640.6,1595310.7799999714,206107911.0,194.5606160886273,194.55469174473203,73967494.69,73965242.39,2252.2999999970198,38017712.0,169.75540747314344,169.10100542375267,414416446.07,412818882.99,1597563.0799999833,244125623.0,ok
2012-02-21,164.7113128287674,163.96794673953877,341220249.68,339680273.11,1539976.5699999928,207162607.0,194.91902939747774,194.9135682668036,74459357.71000001,74457271.55000001,2086.1599999964237,38200148.0,169.41430552081957,168.78582271380188,415679607.39,414137544.66,1542062.7299999595,245362755.0,ok
2012-02-22,167.18418807295126,166.43226968947812,349110024.15999997,347539886.16999996,1570137.9900000095,208817609.0,197.21197285052813,197.2072322246874,76100459.78999999,76098630.47,1829.3199999928474,38588154.0,171.86765530195024,171.23227507032647,425210483.9499999,423638516.64,1571967.3099999428,247405763.0,ok
2012-02-23,165.6449383567267,164.90016777061717,346989177.22,345429049.05999994,1560128.1600000858,209477682.0,195.83343829279576,195.82873972371982,75844798.4,75842978.67999999,1819.720000013709,38729238.0,170.35543393391288,169.7261412937238,422833975.62,421272027.73999995,1561947.8800000548,248206920.0,ok
2012-02-24,165.0750396606444,164.3401754342983,344437667.36,342904334.88,1533332.480000019,208655208.0,193.99237801558743,193.98995209083392,75103607.91000001,75102668.72000001,939.1899999976158,38714721.0,169.6007582514203,168.98052454872152,419541275.27000004,418007003.6,1534271.6700000167,247369929.0,ok
2012-02-27,,,,,,,,,,,,,,,,,,,data unavailable: TWSE MI_MARGN total 20120227: missing tables (keys=stat; stat='很抱歉，沒有符合條件的資料')
2012-02-28,,,,,,,,,,,,,,,,,,,data unavailable: TWSE MI_MARGN total 20120228: missing tables (keys=stat; stat='很抱歉，沒有符合條件的資料')
2012-02-29,167.0205267354613,166.28105689950672,347624098.02,346085020.52,1539077.5,208132560.0,194.49366250269776,194.4916046993609,75338053.74,75337256.64,797.0999999940395,38735480.0,171.3312714598455,170.70750720101313,422962151.76,421422277.15999997,1539874.6000000238,246868040.0,ok
2012-03-01,167.94734372448613,167.21082863581904,351335418.58,349794674.73,1540743.8499999642,209193793.0,196.14918143870733,196.14710444334844,76796778.66,76795965.47,813.1899999976158,39152230.0,172.39341788855626,171.7726883832563,428132197.24,426590640.20000005,1541557.0399999619,248346023.0,ok
2012-03-02,168.91068969454216,168.19069537041986,357077035.86,355554968.55,1522067.3100000024,211399904.0,199.49161946025694,199.48989893646157,79000139.59,78999458.25,681.3400000035763,39600731.0,173.73548694408683,173.12881570996822,436077175.45000005,434554426.8,1522748.6500000358,251000635.0,ok
2012-03-05,165.27793166522696,164.54889473921938,352014260.81,350461534.49000007,1552726.3199999332,212983220.0,195.7369841272449,195.73505323456683,77450668.12,77449904.09,764.0300000011921,39568745.0,170.05012371612312,169.4350066054723,429464928.93,427911438.58000004,1553490.3499999642,252551965.0,ok
2012-03-06,162.5462321678468,161.81366919196495,345386354.91999996,343829768.51,1556586.4099999666,212484996.0,190.5240638946098,190.5220714417781,74687201.10999998,74686420.05,781.059999987483,39200928.0,166.90387342837653,166.2850992652255,420073556.03,418516188.56,1557367.469999969,251685924.0,ok
2012-03-07,162.17242797356928,161.4352043107872,345140427.48,343571445.05,1568982.4300000072,212823124.0,190.4024725039324,190.40017466199885,74662293.06,74661392.01,901.0499999970198,39212880.0,166.56458358227263,165.94170294018787,419802720.54,418232837.06,1569883.480000019,252036004.0,ok
2012-03-08,163.78872362143932,163.0649013838473,349277633.42999995,347734090.55,1543542.8799999356,213248889.0,192.58951002831216,192.5872713434859,75845699.06,75844817.42,881.640000000596,39382051.0,168.27841138144043,167.66707512943586,425123332.48999995,423578907.97,1544424.5199999213,252630940.0,ok
2012-03-09,165.10843457028705,164.37840246002534,353297804.84000003,351735687.54,1562117.300000012,213979259.0,195.75368960517415,195.7513881979216,77491474.47999999,77490563.44,911.0399999916553,39586214.0,169.89272010231457,169.27630008206992,430789279.32000005,429226250.98,1563028.3400000334,253565473.0,ok
2012-03-12,162.5664689648204,161.87711387768445,347326554.53999996,345853733.43,1472821.1099999547,213652026.0,193.61730499427426,193.61530333060216,76898911.45,76898116.44999999,795.0000000149012,39716962.0,167.4338557921698,166.85224707926764,424225465.98999995,422751849.88,1473616.1099999547,253368988.0,ok
2012-03-13,163.3629652236462,162.6659392056426,348744909.0,347256907.88,1488001.1200000048,213478562.0,192.70496367516128,192.7027641331029,76469860.08,76468987.25,872.8299999982119,39682351.0,167.96225137645953,167.37413770110712,425214769.08,423725895.13,1488873.949999988,253160913.0,ok
2012-03-14,164.9969430401025,164.30023501503743,350490057.14,349010094.96000004,1479962.1799999475,212422152.0,194.81620811823427,194.81375997351228,77527174.31,77526200.07000001,974.2399999946356,39795033.0,169.70185098608565,169.11468385074556,428017231.45,426536295.03000003,1480936.419999957,252217185.0,ok
2012-03-15,165.01868737892286,164.32280266766915,352380119.53999996,350894130.64,1485988.8999999762,213539524.0,195.57660198773308,195.57416226885488,78267712.34,78266735.99000001,976.3499999940395,40018955.0,169.84162137997365,169.25518260030265,430647831.88,429160866.63,1486965.25,253558479.0,ok
2012-03-16,164.7841754819334,164.09122700283544,352496925.38,351014609.45000005,1482315.9299999475,213914306.0,196.42900685159194,196.4270906688594,79092039.42999999,79091267.88,771.5499999970198,40264949.0,169.79708466373467,169.2136037341049,431588964.81,430105877.33000004,1483087.4799999595,254179255.0,ok
2012-03-19,163.60318517489952,162.9611899439666,350732305.51,349355996.93,1376308.5799999833,214379876.0,194.47928273645653,194.4774544173282,78338707.47,78337971.0,736.4699999988079,40281261.0,168.48704047842213,167.94630424115323,429071012.98,427693967.93,1377045.050000012,254661137.0,ok
2012-03-20,162.1333307810155,161.4653008922787,347433701.88,346002188.1,1431513.7799999714,214288882.0,192.34892934666667,192.3470966267494,77162284.86999999,77161549.66,735.2099999934435,40115786.0,166.89787576932355,166.33489514429823,424595986.75,423163737.76,1432248.9900000095,254404668.0,ok
2012-03-21,161.60076549656952,160.90893838428988,346080514.89,344598913.72,1481601.169999957,214157720.0,190.7986318195467,190.7968191345148,76656906.82000001,76656178.53999999,728.2800000160933,40176864.0,166.21310993631914,165.6302833986588,422737421.71,421255092.26,1482329.449999988,254334584.0,ok
2012-03-22,163.0160029218557,162.3129402463783,349003146.7,347497950.39,1505196.3100000024,214091341.0,192.39253379062217,192.39033702149447,77350452.4,77349569.2,883.2000000029802,40204498.0,167.66047009522637,167.06821521763084,426353599.1,424847519.59,1506079.51000005,254295839.0,ok
2012-03-23,163.60796840732203,162.9014495718254,350826952.06,349311953.41999996,1514998.6400000453,214431458.0,193.34219049673175,193.34008657827212,77862763.09,77861915.80000001,847.2899999916553,40271998.0,168.30934369025601,167.71420220540705,428689715.15,427173869.21999997,1515845.9300000072,254703456.0,ok
2012-03-26,162.3155521883773,161.6704350252267,349762044.75,348371928.43,1390116.3199999928,215482768.0,193.32249823434424,193.32066913348856,77639699.48,77638964.9,734.5799999982119,40160716.0,167.18663724282524,166.64257843160988,427401744.23,426010893.33000004,1390850.8999999762,255643484.0,ok
2012-03-27,161.8531749751998,161.1389395618839,345768899.36,344243069.59000003,1525829.769999981,213631212.0,191.50375433961543,191.5014967226535,76361717.97,76360817.75,900.2199999988079,39874789.0,166.5170116939362,165.91476559957255,422130617.33000004,420603887.34000003,1526729.9900000095,253506001.0,ok
2012-03-28,161.59534427648447,160.91080754701122,345118666.13,343656703.2,1461962.9300000072,213569684.0,191.81233256455602,191.81067353080175,76511793.08,76511131.31,661.7699999958277,39888881.0,166.35084287248293,165.77377628173662,421630459.21,420167834.51,1462624.699999988,253458565.0,ok
2012-03-29,155.32929877919668,154.635492730589,322994238.46999997,321551527.03,1442711.4399999976,207941606.0,183.5549140579825,183.55300605733572,71305480.18,71304738.97999999,741.2000000178814,38846947.0,159.7722884051271,159.18739391855019,394299718.65,392856266.01,1443452.6399999857,246788553.0,ok
2012-03-30,157.3061360000564,156.6079983334636,326321218.95000005,324872978.34,1448240.610000074,207443414.0,185.6372613968877,185.63546044632966,71737731.98,71737036.02,695.9600000083447,38644037.0,161.75507906333675,161.1662897674534,398058950.93000007,396610014.35999995,1448936.570000112,246087451.0,ok
2012-04-02,155.35304708860065,154.6795123237577,321671589.58000004,320276979.03,1394610.5500000715,207058436.0,183.80958009965497,183.80770281109636,70726926.65,70726204.3,722.3500000089407,38478368.0,159.81250461743406,159.24422610387973,392398516.23,391003183.33,1395332.9000000358,245536804.0,ok
2012-04-03,151.06636922039957,150.3798391152338,305818644.54999995,304428833.52,1389811.0299999714,202439925.0,176.86950474417586,176.8675727035046,66805281.59,66804551.84,729.75,37770944.0,155.1236743329878,154.54479096031247,372623926.14,371233385.36,1390540.7799999714,240210869.0,ok
2012-04-04,,,,,,,,,,,,,,,,,,,data unavailable: TWSE MI_MARGN total 20120404: missing tables (keys=stat; stat='很抱歉，沒有符合條件的資料')
2012-04-05,149.54893096829173,148.83088477703495,299499993.03,298061969.84999996,1438023.1800000072,200268896.0,173.77146738080106,173.76941672285545,64739185.75,64738421.77,763.9799999967217,37255360.0,153.34820321676958,152.742459961647,364239178.78,362800391.61999995,1438787.1600000262,237524256.0,ok
2012-04-06,153.3914627990128,152.66302828099253,307126606.84,305668105.71000004,1458501.1299999356,200224055.0,180.40757422330017,180.40582869450316,67076816.989999995,67076167.99000001,648.9999999850988,37180710.0,157.62254132936212,157.00791586891697,374203423.83,372744273.70000005,1459150.1299999356,237404765.0,ok
2012-04-09,150.72627723111694,149.9958961606995,298771453.53000003,297323683.32,1447770.2100000381,198221212.0,178.55359376225144,178.55183326848726,66152794.120000005,66152141.870000005,652.25,37049265.0,155.10838941768287,154.49274801699832,364924247.65000004,363475825.19,1448422.4600000381,235270477.0,ok
2012-04-10,151.73241013983093,151.00447609386052,299009292.13,297574799.37,1434492.7599999905,197063562.0,180.3928113163229,180.3910254095841,66701351.39999999,66700691.05,660.3499999940395,36975615.0,156.2604381957812,155.64722756651977,365710643.53,364275490.42,1435153.1099999547,234039177.0,ok
2012-04-11,152.49269384669375,151.73691942765512,300010243.40999997,298523352.06000006,1486891.3499999046,196737454.0,181.60956396134475,181.60780212950647,67218445.08,67217792.97999999,652.1000000089407,37012613.0,157.10313721107937,156.46675516888732,367228688.48999995,365741145.0400001,1487543.4499998689,233750067.0,ok
2012-04-12,153.29521555146002,152.57517250830392,303389729.71,301964677.64000005,1425052.0699999332,197912067.0,182.80250945135987,182.8010309363999,67550314.84,67549768.49,546.3500000089407,36952619.0,157.93776870738242,157.3307815760774,370940044.54999995,369514446.13000005,1425598.4199998975,234864686.0,ok
2012-04-13,156.21718981712954,155.4918997042942,309336736.48,307900538.09000003,1436198.3899999857,198017092.0,186.8238253628291,186.82211159252796,69238733.08,69238097.94,635.140000000596,37060976.0,161.04244550793229,160.43123003290975,378575469.56,377138636.03000003,1436833.5299999714,235078068.0,ok
2012-04-16,154.55106988994888,153.89272649655584,305670551.19,304368481.99,1302069.199999988,197779641.0,184.42723328306792,184.42554783829527,67740794.1,67740175.02999999,619.0700000077486,36730364.0,159.23045385206484,158.67496016641164,373411345.28999996,372108657.02,1302688.269999981,234510005.0,ok
2012-04-17,150.44068747341342,149.71532233882905,294808625.98,293387176.09,1421449.8900000453,195963360.0,179.4582386250922,179.45681516948352,64952418.59,64951903.39,515.2000000029802,36193612.0,154.96456620307748,154.35206463668035,359761044.57000005,358339079.47999996,1421965.090000093,232156972.0,ok
2012-04-18,150.0626750242256,149.3203804236127,293479285.76,292027571.74,1451714.019999981,195571141.0,178.2694660460172,178.26806743119815,63909168.60000001,63908667.2,501.40000000596046,35849756.0,154.43223105301507,153.80470975358807,357388454.36,355936238.94,1452215.4200000167,231420897.0,ok
2012-04-19,150.1516527183777,149.41190564800434,293221148.98,291776546.26,1444602.7200000286,195283331.0,177.2949553275679,177.29355432666713,63509770.92999999,63509269.06999999,501.85999999940395,35821533.0,154.35889740079205,153.7335948628065,356730919.91,355285815.33,1445104.580000043,231104864.0,ok
2012-04-20,147.2130754664873,146.47685175045052,285383537.71999997,283956313.08,1427224.6399999857,193857466.0,174.40144051729,174.399763049816,62063164.580000006,62062567.63,596.9500000029802,35586383.0,151.42994846638925,150.80765172746032,347446702.29999995,346018880.71,1427821.5899999738,229443849.0,ok
2012-04-23,145.77306400888276,145.02735225355886,279976073.28,278543837.15000004,1432236.1299999356,192062968.0,170.99807405735254,170.99641002248129,60281723.62,60281137.0,586.6199999973178,35252867.0,149.6850392758604,149.0547168216416,340257796.9,338824974.15000004,1432822.7499999404,227315835.0,ok
2012-04-24,146.37483717235787,145.61580616326836,280070772.31,278618457.11,1452315.199999988,191338059.0,171.54968971053685,171.54802148517118,60343809.35,60343222.54,586.8100000023842,35175703.0,150.28428235631884,149.64286348747325,340414581.66,338961679.65000004,1452902.0099999905,226513762.0,ok
2012-04-25,148.50252266928607,147.74632447626848,283944848.42,282498956.61,1445891.8100000024,191205404.0,175.34343613194275,175.34196350055845,61724908.39,61724389.99,518.3999999985099,35202292.0,152.67579809212845,152.03694604091552,345669756.81,344223346.6,1446410.2099999785,226407696.0,ok
2012-04-26,147.01937522138078,146.26848629007836,281135090.70000005,279699217.18,1435873.5200000405,191223157.0,173.92983141684053,173.92840892889382,61081984.41,61081484.849999994,499.5600000023842,35118751.0,151.19474697986553,150.56014374059265,342217075.11,340780702.03,1436373.080000043,226341908.0,ok
2012-04-27,144.65440734393616,143.88347682594477,274579459.22,273116097.76,1463361.4600000381,189817555.0,171.31842938208595,171.31660049466657,59834935.05,59834296.29,638.7599999979138,34926152.0,148.7981126296898,148.14670385854228,334414394.27000004,332950394.05,1464000.2200000286,224743707.0,ok
2012-04-30,145.9897793484288,145.21824732412327,275392589.76,273937185.12,1455404.6399999857,188638267.0,171.9390253192345,171.9371941689314,59948367.17,59947728.72,638.4500000029802,34866062.0,150.03779051187865,149.38632971176145,335340956.93,333884913.84000003,1456043.0899999738,223504329.0,ok
2012-05-01,,,,,,,,,,,,,,,,,,,data unavailable: TWSE MI_MARGN total 20120501: missing tables (keys=stat; stat='很抱歉，沒有符合條件的資料')
2012-05-02,152.0006755196248,151.21426741601718,290133970.69,288632900.35,1501070.3399999738,190876764.0,179.22452589924802,179.22307957001505,63157927.17000001,63157417.49000001,509.679999999702,35239556.0,156.24343163730953,155.5793574917547,353291897.86,351790317.84000003,1501580.019999981,226116320.0,ok
2012-05-03,151.32075534613304,150.56410804939907,289072342.5,287626897.65,1445444.8500000238,191032844.0,178.84840136671372,178.84670949618706,63056285.77,63055689.27,596.5,35256835.0,155.60967244555596,154.97065021688417,352128628.27,350682586.91999996,1446041.3500000238,226289679.0,ok
2012-05-04,153.16975553775086,152.393768135037,292760247.92999995,291277068.28,1483179.6499999762,191134501.0,181.05695451910165,181.05548841415512,64195285.83,64194766.00999999,519.8200000077486,35455852.0,157.53342056888008,156.87862681868012,356955533.75999993,355471834.28999996,1483699.469999969,226590353.0,ok
2012-05-07,150.59555152201247,149.85251289046712,290281682.69000006,288849432.52,1432250.1700000763,192755815.0,178.76614449449858,178.7644393744015,63554489.2,63553883.0,606.2000000029802,35551748.0,154.9822385384579,154.3546393686485,353836171.89000005,352403315.52,1432856.3700000644,228307563.0,ok
2012-05-08,150.64862926544055,149.89100104607365,290725620.53,289263530.0,1462090.5299999714,192982586.0,179.1947953129931,179.19293081552487,64080607.13999999,64079940.38999999,666.75,35760306.0,155.11136742557227,154.47189082054624,354806227.66999996,353343470.39,1462757.2799999714,228742892.0,ok
2012-05-09,149.5239299561068,148.77757551590233,289110266.27,287667161.27,1443105.0,193353844.0,177.973573604906,177.97193911359912,63692992.09,63692407.14,584.9500000029802,35787893.0,153.9672619135291,153.3372195786401,352803258.36,351359568.40999997,1443689.9500000477,229141737.0,ok
2012-05-10,148.87235175231953,148.15040615069688,286908950.48,285517606.47,1391344.0099999905,192721447.0,176.57103674709725,176.56946296039115,63125408.120000005,63124845.480000004,562.640000000596,35750715.0,153.2065681594942,152.59734441957968,350034358.6,348642451.95000005,1391906.6499999762,228472162.0,ok
2012-05-11,146.5468637513756,145.85336126509466,280716347.15,279387915.54999995,1328431.6000000238,191553978.0,174.1688228514279,174.1674091326425,61885350.89,61884848.56999999,502.3200000077486,35531819.0,150.86883572907908,150.28362347117638,342601698.03999996,341272764.11999995,1328933.9200000167,227085797.0,ok
2012-05-14,145.78111764060026,145.01105950028094,278230034.55,276760342.82,1469691.730000019,190854645.0,172.37950283876503,172.37781817605838,60836055.2,60835460.64999999,594.5500000119209,35291931.0,149.9320023974186,149.28185491077255,339066089.75,337595803.46999997,1470286.280000031,226146576.0,ok
2012-05-15,147.12249872432852,146.38705163387988,281372162.79999995,279965618.32000005,1406544.4799998999,191250261.0,174.16614756653595,174.1644691165776,61299802.93,61299212.18000001,590.7499999925494,35196164.0,151.3258448350421,150.70444609580395,342671965.72999996,341264830.50000006,1407135.2299998999,226446425.0,ok
2012-05-16,143.76226986422333,143.0043412834748,274007034.97,272562443.4,1444591.5700000525,190597321.0,171.00415906471935,171.00249447352007,59876427.41,59875844.559999995,582.8500000014901,35014603.0,147.99016668108376,147.3496090392811,333883462.38,332438287.96,1445174.4200000167,225611924.0,ok
2012-05-17,147.0391469116889,146.28278044516745,281109194.04,279663173.9,1446020.1400000453,191179832.0,173.09776984430425,173.09576179776127,60766425.62,60765720.690000005,704.9299999922514,35105262.0,151.0818117166834,150.4424743902928,341875619.66,340428894.59,1446725.0700000525,226285094.0,ok
2012-05-18,142.29903671323078,141.58440199598303,269367518.65999997,268014738.02999997,1352780.6299999952,189296797.0,167.12193329065707,167.1195977337944,57931330.78999999,57930521.19,809.5999999940395,34664110.0,146.14106266769133,145.53667583601987,327298849.4499999,325945259.21999997,1353590.2299999595,223960907.0,ok
2012-05-21,143.3393773775976,142.60013623231401,270649355.86,269253541.65,1395814.2100000381,188817170.0,168.2123310273745,168.21002965623813,58054228.6,58053434.339999996,794.2600000053644,34512469.0,147.18314413251704,146.55778671186584,328703584.46000004,327306975.98999995,1396608.4700000882,223329639.0,ok
2012-05-22,146.29748108358075,145.5537155307368,276281186.67999995,274876593.59999996,1404593.0799999833,188848902.0,172.07422540614144,172.07200524955616,59521081.99000001,59520314.03,767.9600000083447,34590353.0,150.2879467934137,149.65897896052329,335802268.66999996,334396907.63,1405361.0399999619,223439255.0,ok
2012-05-23,143.92855365400197,143.2435146575565,271165996.48,269875361.11,1290635.3700000048,188403197.0,170.13109794336037,170.1290060450481,58626512.84,58625791.980000004,720.859999999404,34459610.0,147.98005721968676,147.4006172281587,329792509.32000005,328501153.09000003,1291356.230000019,222862807.0,ok
2012-05-24,143.0345672806008,142.29612708258998,268751026.94,267363554.21,1387472.7299999893,187892362.0,168.12289869992324,168.12076833448333,57857501.65,57856768.50999999,733.1400000080466,34413814.0,146.918333294528,146.2938765677837,326608528.59,325220322.72,1388205.8699999452,222306176.0,ok
2012-05-25,141.6639601911329,140.92128788807435,265435070.89,264043529.42000002,1391541.469999969,187369512.0,165.6430666368908,165.64019565774947,56750038.489999995,56749054.879999995,983.609999999404,34260437.0,145.3707456206652,144.74243474197615,322185109.38,320792584.3,1392525.0799999833,221629949.0,ok
2012-05-28,143.49920688623178,142.78289840634423,268850532.58000004,267508504.83999997,1342027.7400000691,187353323.0,167.62065058064178,167.61758181506207,57333481.919999994,57332432.269999996,1049.6499999985099,34204307.0,147.22310150185308,146.61690374192932,326184014.50000006,324840937.10999995,1343077.390000105,221557630.0,ok
2012-05-29,149.6337719503484,148.89443665508665,281397009.96000004,280006637.06,1390372.9000000358,188057152.0,175.0278102732798,175.02545508636987,60032375.58,60031567.78,807.7999999970198,34298764.0,153.55084392717487,152.92518901993145,341429385.54,340038204.84000003,1391180.699999988,222355916.0,ok
2012-05-30,148.4872522768538,147.74860002449745,280700175.49,279303827.9,1396347.5900000334,189039915.0,174.2011016425883,174.19919863632748,59762773.02,59762120.16,652.8600000068545,34306771.0,152.43698243635458,151.81149724334836,340462948.51,339065948.05999994,1397000.4500000477,223346686.0,ok
2012-05-31,149.38110331051763,148.6471628544872,284340191.57,282943169.02,1397022.550000012,190345489.0,175.5020360243235,175.49995777511575,60371203.36,60370488.46,714.8999999985099,34399147.0,153.37914224124128,152.7572197451689,344711394.93,343313657.47999996,1397737.4500000477,224744636.0,ok
2012-06-01,144.97560337106088,144.24979775697446,275368164.44,273989561.73,1378602.7099999785,189941037.0,170.35765937958095,170.35560081240487,58362455.74000001,58361750.5,705.2400000095367,34258780.0,148.8541001708311,148.2388864884756,333730620.18,332351312.23,1379307.949999988,224199817.0,ok
2012-06-04,138.95087047118162,138.25378114261719,257763435.65999997,256470286.94,1293148.719999969,185506888.0,162.60181302980644,162.59975240945712,54526226.94,54525535.94,691.0,33533591.0,142.57166713007413,141.98098191704557,312289662.59999996,310995822.88,1293839.719999969,219040479.0,ok
2012-06-05,142.2897427930039,141.53945124955328,264331524.27999997,262937708.37,1393815.9099999666,185769908.0,165.8426277427145,165.84063274608386,55671676.88,55671007.18000001,669.6999999955297,33568979.0,145.89442188607438,145.25865427136958,320003201.15999997,318608715.55,1394485.6099999547,219338887.0,ok
2012-06-06,144.64684258446223,143.9209951231815,268572942.52,267225225.66000003,1347716.8599999547,185674943.0,168.68769487328942,168.68602179886457,56784628.550000004,56784065.35,563.2000000029802,33662579.0,148.3364852959358,147.72177968254792,325357571.07,324009291.01000005,1348280.0599999428,219337522.0,ok
2012-06-07,144.21312923562886,143.45474182175218,266603166.31,265201154.67,1402011.6400000155,184867472.0,168.7609843560074,168.75866517047308,56602810.49,56602032.63,777.859999999404,33540223.0,147.982870658472,147.34059040364855,323205976.8,321803187.3,1402789.5,218407695.0,ok
2012-06-08,143.22216553075648,142.47931054876977,264948962.68,263574743.43,1374219.25,184991591.0,167.92306387146397,167.92139623368772,56086200.9,56085643.91,556.9900000020862,33399939.0,146.99982347300738,146.37032275931216,321035163.58,319660387.34000003,1374776.23999995,218391530.0,ok
2012-06-11,145.63808638295185,144.8963373989209,269483464.79,268110959.21,1372505.580000013,185036395.0,169.73905425595063,169.73783138488412,56687439.63,56687031.230000004,408.3999999985099,33396816.0,149.32294541053102,148.69441737044284,326170904.42,324797990.44,1372913.980000019,218433211.0,ok
2012-06-12,145.08263043944183,144.31495518102165,268606446.26,267185169.83000004,1421276.4299999475,185140320.0,168.68877789184904,168.68764117292662,56225688.61,56225309.73,378.8800000026822,33331019.0,148.68409575225792,148.0333672326694,324832134.87,323410479.56000006,1421655.3099999428,218471339.0,ok
2012-06-13,145.88072170093278,145.13796585200103,269593289.31,268220647.39999998,1372641.9100000262,184803918.0,170.5593734186119,170.55771872439846,56765021.46,56764470.75,550.7100000008941,33281678.0,149.6468894580273,149.01723181663039,326358310.77,324985118.15,1373192.6200000048,218085596.0,ok
2012-06-14,146.05434130075741,145.30811958816454,269713687.01,268335664.23,1378022.7800000012,184666669.0,170.3452046923419,170.34389710963458,56630498.449999996,56630063.74999999,434.70000000298023,33244551.0,149.76015712270345,149.12757956198857,326344185.46,324965727.97999996,1378457.480000019,217911220.0,ok
2012-06-15,148.31783872627983,147.58697676724577,272293314.74,270951542.04999995,1341772.6900000572,183587704.0,172.90688478808568,172.9053513600169,57627431.89999999,57626920.83,511.06999999284744,33328593.0,152.09587808886485,151.4770754545934,329920746.64,328578462.87999994,1342283.76000005,216916297.0,ok
2012-06-18,150.7896857892314,150.05040803026483,275668555.6,274317033.24,1351522.3600000143,182816586.0,176.18557008659377,176.183495626042,58742379.77,58741688.120000005,691.6499999985099,33341198.0,154.70686698472076,154.08129894595885,334410935.37,333058721.36,1352214.0099999905,216157784.0,ok
2012-06-19,150.29539171936392,149.56568477362188,274187687.09000003,272856464.24,1331222.8500000238,182432531.0,175.39051393329774,175.3884441556361,58569776.68,58569085.5,691.179999999702,33393925.0,154.178255037464,153.56113234792682,332757463.77000004,331425549.74,1331914.030000031,215826456.0,ok
2012-06-20,151.5157616952717,150.79571768058446,276674600.58,275359767.8,1314832.7799999714,182604501.0,176.81582166501337,176.814261064318,59125525.71,59125003.86,521.8500000014901,33439047.0,155.43168467590615,154.82284694750524,335800126.28999996,334484771.66,1315354.6299999356,216043548.0,ok
2012-06-21,150.93876679856862,150.21481808165055,276224183.05,274899326.97,1324856.0799999833,183004134.0,176.73515774194732,176.7337842419437,59092721.97,59092262.730000004,459.2399999946356,33435748.0,154.92380698119212,154.3114820678012,335316905.02,333991589.70000005,1325315.3199999332,216439882.0,ok
2012-06-22,150.85655237560982,150.15350027573328,277795326.37,276500688.62,1294637.75,184145350.0,177.1841895228555,177.18205215681743,59222605.18000001,59221890.78,714.4000000059605,33424317.0,154.90115703950588,154.30578353553298,337017931.55,335722579.4,1295352.1500000358,217569667.0,ok
2012-06-25,149.935948292853,149.23957046335502,276601417.59,275316741.72,1284675.8699999452,184479720.0,176.51573208377297,176.51387221702,58977561.730000004,58976940.31,621.4200000017881,33412071.0,154.0117586715325,153.42187995967228,335578979.32,334293682.03000003,1285297.2899999619,217891791.0,ok
2012-06-26,148.42156011010843,147.724924894971,274593119.47,273304282.21,1288837.26000005,185008916.0,174.28553497637924,174.28419630974835,57962093.31,57961648.11,445.20000000298023,33256973.0,152.36243020090052,151.7717366821345,332555212.78000003,331265930.32,1289282.4600000381,218265889.0,ok
2012-06-27,149.3933341682663,148.67986332672893,275728875.37,274412052.81000006,1316822.5599999428,184565715.0,174.60959218104534,174.6075435049552,58180012.150000006,58179329.53,682.6200000047684,33320055.0,153.24951579903544,152.64483877951278,333908887.52,332591382.34000003,1317505.1799999475,217885770.0,ok
2012-06-28,148.69809749605963,148.00756921206184,275409096.53,274130144.25,1278952.2799999714,185213598.0,175.09606773607894,175.09397395768303,58170828.85,58170133.25,695.6000000014901,33222236.0,152.71300467120244,152.12718143122984,333579925.38,332300277.5,1279647.8799999952,218435834.0,ok
2012-06-29,151.19220848480458,150.4840431024393,279063694.64,277756595.22,1307099.419999957,184575447.0,176.88436812691936,176.882836314853,58642283.53,58641775.69,507.8400000035763,33152892.0,155.10428257572843,154.50371433274933,337705978.16999996,336398370.91,1307607.2599999309,217728339.0,ok
2012-07-02,151.92547893305832,151.2268471244356,280048103.34000003,278760297.53999996,1287805.8000000715,184332546.0,178.6342224822832,178.63281779237806,59423933.480000004,59423466.2,467.2800000011921,33265705.0,156.0086238101243,155.41658179044828,339472036.82000005,338183763.73999995,1288273.0800001025,217598251.0,ok
2012-07-03,153.23936415408025,152.56062934028765,281574999.33000004,280327834.44,1247164.8900000453,183748478.0,180.28619139364807,180.28418857771285,60130925.53,60130257.53,668.0,33353040.0,157.39453505801833,156.8197657512464,341705924.86,340458091.97,1247832.8899999857,217101518.0,ok
2012-07-04,154.44178799560873,153.76116961941483,283674432.13,282424291.0,1250141.1299999952,183677252.0,181.54346991808217,181.54145175436943,60683493.629999995,60682819.03,674.5999999940395,33426426.0,158.61450572016565,158.03836820765423,344357925.76,343107110.03,1250815.730000019,217103678.0,ok
2012-07-05,153.1211205636974,152.4653391757723,283278822.86,282065606.95,1213215.9100000262,185003102.0,181.0324807720399,181.0310467890569,60602415.16,60601935.120000005,480.03999999165535,33475990.0,157.39777883185272,156.84225842077373,343881238.02,342667542.07,1213695.949999988,218479092.0,ok
2012-07-06,151.9119255357548,151.24590067668908,281358793.47,280125236.91999996,1233556.5500000715,185211788.0,179.3845034356909,179.3830155751861,59896892.89999999,59896396.099999994,496.79999999701977,33390227.0,156.10820713157653,155.54368655750955,341255686.37,340021633.02,1234053.3500000238,218602015.0,ok
2012-07-09,150.96209602571145,150.27573357558305,280501736.17,279226410.35,1275325.8199999928,185809381.0,177.88991000043814,177.8872101004303,59400299.64,59399398.099999994,901.5400000065565,33391607.0,155.06409843827893,154.48188055156032,339902035.81,338625808.45000005,1276227.3599999547,219200988.0,ok
2012-07-10,149.26182737440223,148.5726144989056,277010177.4,275731089.61,1279087.7899999619,185586752.0,175.55872976631153,175.5565987265206,58286716.660000004,58286009.14,707.5200000032783,33200694.0,153.25234614238332,152.6673969904105,335296894.06,334017098.75,1279795.3100000024,218787446.0,ok
2012-07-11,150.14177967465235,149.46573253557963,279338638.45000005,278080853.39,1257785.060000062,186049905.0,175.82412207906611,175.82134428445215,58307918.879999995,58306997.69,921.1899999976158,33162639.0,154.02702380480565,153.45282935998407,337646557.33000004,336387851.08,1258706.2500000596,219212544.0,ok
2012-07-12,148.00929990704884,147.2888673070447,276153737.36,274809564.02,1344173.3400000334,186578639.0,172.17329240802684,172.1703627374503,56829452.120000005,56828485.120000005,967.0,33007124.0,151.6415203475646,151.02893949458826,332983189.48,331638049.14,1345140.3400000334,219585763.0,ok
2012-07-13,146.56971738893566,145.85934919628832,272052203.29999995,270733668.78,1318534.519999981,185612832.0,169.85954640244316,169.85538754178236,55718575.18,55717210.96000001,1364.2199999913573,32802734.0,150.0674995297725,149.4631933604952,327770778.47999996,326450879.74,1319898.73999995,218415566.0,ok
2012-07-16,145.0543169641322,144.34150227203625,268031456.82,266714317.39000002,1317139.4299999774,184780062.0,167.69458820062536,167.68800846613388,54607435.17,54605292.57,2142.60000000149,32563624.0,148.4464066694811,147.8394039751401,322638891.99,321319609.96000004,1319282.0299999714,217343686.0,ok
2012-07-17,146.39072918280206,145.65069069734338,269977271.25,268612474.64,1364796.6100000143,184422383.0,169.58215339086854,169.57538584972755,55094131.5,55091932.85,2198.64999999851,32488166.0,149.86426628333322,149.23405476697218,325071402.75,323704407.49,1366995.2599999905,216910549.0,ok
2012-07-18,145.03816175099146,144.3125887331766,267764647.66000003,266425118.8,1339528.8600000143,184616686.0,168.24882451882095,168.24206759135453,54406930.28,54404745.28,2185.0,32337183.0,148.49773337759652,147.87930058993325,322171577.94000006,320829864.08000004,1341713.8600000143,216953869.0,ok
2012-07-19,146.96610710190862,146.23325144127426,270411555.61,269063131.52,1348424.0900000334,183995862.0,170.33931692511638,170.3360409307754,54960002.75,54958945.75,1057.0,32265013.0,150.45327008872965,149.8292639711182,325371558.36,324022077.27,1349481.0900000334,216260875.0,ok
2012-07-20,147.29836216129243,146.58079432589633,270497363.02000004,269179628.02,1317735.0000000596,183639084.0,170.99353807641927,170.99054428844522,54897725.05,54896763.89,961.1599999964237,32105146.0,150.824468431902,150.21323717904295,325395088.07000005,324076391.90999997,1318696.1600000858,215744230.0,ok
2012-07-23,144.24560068747334,143.56473134163335,264678595.25,263429257.03,1249338.2199999988,183491624.0,167.55186631564632,167.54889334574798,53610940.67,53609989.42,951.25,31996624.0,147.70621547769974,147.1260031080674,318289535.92,317039246.45,1250289.4700000286,215488248.0,ok
2012-07-24,144.09978859889085,143.36573183374378,263624885.71,262281957.78,1342927.9300000072,182946060.0,166.36278277421098,166.35982047670694,53017897.38,53016953.33,944.0500000044703,31868845.0,147.40261300304093,146.77701768878654,316642783.09000003,315298911.11,1343871.980000019,214814905.0,ok
2012-07-25,143.54376456317897,142.78541677604443,262664833.69,261277164.25,1387669.4399999976,182985889.0,166.33011226946178,166.32717650777562,52957438.599999994,52956503.89,934.7099999934435,31838756.0,146.9208862372378,146.27449664352986,315622272.28999996,314233668.14,1388604.1499999762,214824645.0,ok
2012-07-26,143.83671698342897,143.07754557234566,263438995.39,262048562.14,1390433.25,183151424.0,166.36394557587138,166.3609216137007,52751894.32,52750935.46,958.859999999404,31708730.0,147.16125061978684,146.5136702824852,316190889.71,314799497.59999996,1391392.1100000143,214860154.0,ok
2012-07-27,146.49898528866365,145.73108274570686,267368128.39000002,265966667.04,1401461.3500000238,182505106.0,169.69195792551832,169.68891221940902,53758429.239999995,53757464.36,964.8799999952316,31680010.0,149.92944590510203,149.27467294225988,321126557.63,319724131.4,1402426.230000019,214185116.0,ok
2012-07-30,146.88872258111198,146.14621167386258,268125380.33,266770027.68,1355352.650000006,182536396.0,169.78642149474098,169.783097228754,53814516.0,53813462.36,1053.640000000596,31695418.0,150.27641801604688,149.6432691551592,321939896.33000004,320583490.04,1356406.2900000215,214231814.0,ok
2012-07-31,148.18819897558552,147.4742656095782,269681068.92999995,268381813.56,1299255.3699999452,181985523.0,170.4898985404171,170.48618368839175,53945336.2,53944160.77,1175.429999999702,31641368.0,151.49141740306464,150.88267812220323,323626405.12999994,322325974.33,1300430.7999999523,213626891.0,ok
2012-08-01,149.0974820489675,148.38018154051483,272496106.11,271185141.01,1310965.1000000238,182763721.0,172.1863042029998,172.18294443954827,54783187.129999995,54782118.18,1068.9499999955297,31816228.0,152.5209110940743,151.9094681069199,327279293.24,325967259.19,1312034.050000012,214579949.0,ok
2012-08-02,,,,,,,,,,,,,,,,,,,data unavailable: TWSE MI_MARGN total 20120802: missing tables (keys=stat; stat='很抱歉，沒有符合條件的資料')
2012-08-03,148.0024885647847,147.29082133274795,270767622.38,269465641.27,1301981.1100000143,182948020.0,170.89740112951796,170.89407575029338,54454807.71,54453748.11,1059.6000000014901,31864035.0,151.3985935705517,150.7919978606415,325222430.09,323919389.38,1303040.7099999785,214812055.0,ok
2012-08-06,147.91892515911002,147.18232152150642,268671431.8,267333507.29999998,1337924.5000000298,181634251.0,169.6845416138396,169.6808264631344,53786219.12,53785041.5,1177.6199999973178,31697772.0,151.15295227852408,150.525244304274,322457650.92,321118548.79999995,1339102.1200000644,213332023.0,ok
2012-08-07,147.29737180447222,146.56775467208882,265508868.41,264193707.0,1315161.4099999964,180253636.0,168.4777515269437,168.47401159495698,53090377.16,53089198.64,1178.5199999958277,31511803.0,150.44912289488371,149.82752007989367,318599245.57,317282905.64,1316339.9300000072,211765439.0,ok
2012-08-08,148.28493586503475,147.55562943836827,265585666.17,264279442.23,1306223.9399999976,179104954.0,169.7769848000106,169.7730838429943,53244668.510000005,53243445.11,1223.4000000059605,31361535.0,151.48745826229847,150.8662442409062,318830334.68,317522887.34,1307447.3400000334,210466489.0,ok
2012-08-09,150.98244011836383,150.24565741861363,268143525.76999998,266835005.98000002,1308519.7899999619,177599147.0,173.25114549462066,173.24674769952537,54566804.83,54565419.71,1385.1199999973178,31495783.0,154.3367553675261,153.710291153401,322710330.59999996,321400425.69,1309904.9099999666,209094930.0,ok
2012-08-10,151.46808400580397,150.7354368400272,269629469.32,268325278.62,1304190.699999988,178010748.0,175.22932295779765,175.22525268016287,55072929.05,55071649.8,1279.25,31429060.0,155.03375479125725,154.41043969062463,324702398.37,323396928.42,1305469.949999988,209439808.0,ok
2012-08-13,151.76021687099876,151.05397502218855,270411430.79999995,269153025.45000005,1258405.3499999046,178183345.0,174.75974625420184,174.7551789158176,55283810.95,55282366.11,1444.8400000035763,31634179.0,155.22785491930594,154.62740450602212,325695241.74999994,324435391.56000006,1259850.1899998784,209817524.0,ok
2012-08-14,152.70958771445999,152.00772376247173,272281817.95000005,271030391.66,1251426.2900000215,178300408.0,175.6832712158156,175.67874640985855,55700779.94,55699345.34,1434.5999999940395,31705227.0,156.17799869513027,155.58141427966922,327982597.89000005,326729737.0,1252860.8900000453,210005635.0,ok
2012-08-15,152.15982100759325,151.44203586805455,271631254.17999995,270349885.18,1281368.9999999404,178517070.0,175.53497005101718,175.53148387604708,55739374.38999999,55738267.38999999,1107.0,31754000.0,155.68980962050554,155.0798940481922,327370628.56999993,326088152.57,1282475.9999999404,210271070.0,ok
2012-08-16,153.80487578899934,153.09072073918546,274953254.37,273676576.66999996,1276677.7000000477,178767580.0,177.8227096684173,177.81883345191437,56584466.54,56583233.1,1233.4399999976158,31820720.0,157.43406490768956,156.8272357818549,331537720.91,330259809.77,1277911.1400000453,210588300.0,ok
2012-08-17,153.74829708413122,153.01849431893314,275044509.07000005,273738945.06,1305564.01000005,178892719.0,178.2093064657056,178.20606693070002,56898736.870000005,56897702.550000004,1034.320000000298,31928039.0,157.45282821722898,156.83306081747418,331943245.94000006,330636647.61,1306598.330000043,210820758.0,ok
2012-08-20,152.39573564205858,151.6718793342258,272574704.93,271280017.0,1294687.9300000072,178859798.0,176.86267323529955,176.8594401502303,56513057.32,56512024.25,1033.070000000298,31953072.0,156.10420855709617,155.4895776761637,329087762.25,327792041.25,1295721.0,210812870.0,ok
2012-08-21,153.3135874934294,152.58932798464787,274242129.58,272946598.81000006,1295530.7699999213,178876598.0,178.09317718756446,178.09017820473846,57015084.56,57014124.46,960.1000000014901,32014188.0,157.07524279415412,156.46047393934035,331257214.14,329960723.27000004,1296490.8699999452,210890786.0,ok
2012-08-22,154.1644026796118,153.4423192671093,276870590.84000003,275573769.66999996,1296821.1700000763,179594372.0,178.52322072862742,178.5208475228608,57326335.849999994,57325573.78,762.0699999928474,32111417.0,157.85913473060486,157.24621656425273,334196926.69000006,332899343.4499999,1297583.2400001287,211705789.0,ok
2012-08-23,154.64906711264956,153.92464696140874,278353114.16,277049229.12,1303885.0400000215,179990167.0,178.39992808681285,178.39744887488624,57608392.769999996,57607592.19,800.5799999982119,32291713.0,158.26198021705858,157.64737965859356,335961506.93,334656821.31,1304685.6200000048,212281880.0,ok
2012-08-24,155.49937057450978,154.80582960116337,281074605.55,279820987.9,1253617.6500000358,180756105.0,179.08074173662038,179.07829546174383,58123691.94,58122897.95999999,793.9800000041723,32456696.0,159.08908653660058,158.50074867690518,339198297.49,337943885.85999995,1254411.6300000548,213212801.0,ok
2012-08-27,155.05997101015515,154.32189492527456,281102392.74,279764362.35,1338030.3899999857,181286241.0,178.28655448388062,178.28449735251488,58193799.31999999,58193127.86,671.4599999934435,32640599.0,158.60384422076257,157.97806867525367,339296192.06,337957490.21000004,1338701.8499999642,213926840.0,ok
2012-08-28,151.66930223101102,150.93842059617253,274744827.71999997,273420855.46,1323972.2599999905,181147288.0,174.97789735046982,174.97556245003605,56992019.45,56991258.95,760.5,32570982.0,155.22156677105795,154.60171674139042,331736847.16999996,330412114.40999997,1324732.7599999905,213718270.0,ok
2012-08-29,152.7633946842643,152.0162054305775,277640870.46000004,276282886.27,1357984.1900000572,181745680.0,176.2154233919886,176.21338912967076,57519900.17,57519236.15,664.0200000032783,32641808.0,156.33410967994553,155.7003748371733,335160770.63000005,333802122.41999996,1358648.2100000978,214387488.0,ok
2012-08-30,152.77060134146495,152.0569574846094,279470109.74,278164609.04,1305500.699999988,182934483.0,176.37214366505268,176.36955679566643,57573719.72,57572875.28,844.4399999976158,32643318.0,156.34440461705984,155.73843074872076,337043829.46000004,335737484.32000005,1306345.1399999857,215577801.0,ok
2012-08-31,153.27796269433318,152.55085628878948,280386708.31,279056634.71000004,1330073.5999999642,182926954.0,176.1879227633672,176.18547680617755,57341312.64,57340516.59,796.0499999970198,32545541.0,156.73834423739325,156.12069248095915,337728020.95,336397151.3000001,1330869.6499999166,215472495.0,ok
2012-09-03,155.08911226310607,154.36643279133105,284371960.77,283046853.05999994,1325107.7100000381,183360364.0,178.57733303679584,178.57527568566343,58390116.31999999,58389443.620000005,672.6999999880791,32697384.0,158.64373310509558,158.0301099315355,342762077.09,341436296.67999995,1325780.4100000262,216057748.0,ok
2012-09-04,155.2397700528023,154.52055697856326,285537450.34000003,284214578.84000003,1322871.5,183933183.0,179.49867837842456,179.49620979167085,58919452.14,58918641.84,810.2999999970198,32824449.0,158.9133906389972,158.30271696269503,344456902.48,343133220.68000007,1323681.7999999523,216757632.0,ok
2012-09-05,154.60766862873706,153.88138310803166,286861008.70000005,285513449.42999995,1347559.2700001001,185541255.0,178.80368056457218,178.80148692004605,58816707.230000004,58815985.64,721.5900000035763,32894573.0,158.25138169641295,157.63413823761545,345677715.93000007,344329435.06999993,1348280.8600001335,218435828.0,ok
2012-09-06,153.6591207871203,152.93601578240362,285453218.64,284109903.32,1343315.3199999928,185770436.0,178.2985133275238,178.29639493495577,58592780.169999994,58592084.019999996,696.1499999985099,32862181.0,157.36261292156604,156.74787780635674,344045998.81,342701987.34,1344011.4700000286,218632617.0,ok
2012-09-07,155.27921502606767,154.51301088601656,288774967.36,287350046.61,1424920.75,185971424.0,179.14553502958952,179.1432284257139,58876540.17,58875782.1,758.070000000298,32865201.0,158.86349349886018,158.2120125961548,347651507.53000003,346225828.71000004,1425678.8199999928,218836625.0,ok
2012-09-10,156.67263733056652,155.91335775592214,292484035.69,291066575.96000004,1417459.7299999595,186684823.0,179.38879517739798,179.3866823711297,58958353.75,58957659.35,694.3999999985099,32866241.0,160.07318891426553,159.42725529674502,351442389.44,350024235.31000006,1418154.1299999356,219551064.0,ok
2012-09-11,156.42401424116812,155.7076876051224,292335138.56,290996421.82000005,1338716.73999995,186886355.0,179.24880182617886,179.24669522976205,58977091.449999996,58976398.33,693.1199999973178,32902363.0,159.84088410306848,159.2314761806837,351312230.01,349972820.15000004,1339409.8599999547,219788718.0,ok
2012-09-12,158.82429284125146,158.1056846216926,298007812.98,296659462.17,1348350.8100000024,187633647.0,181.0448931198717,181.0424737403642,59599998.730000004,59599202.269999996,796.4600000083447,32920011.0,162.14095696839453,161.52924765364807,357607811.71000004,356258664.44,1349147.2700000405,220553658.0,ok
2012-09-13,158.33378288019614,157.62889555630966,296800575.77,295479247.12,1321328.6499999762,187452463.0,181.25739690372666,181.25490626243783,59635795.230000004,59634975.78,819.4500000029802,32901165.0,161.75652483470796,161.15651288482528,356436371.0,355114222.9,1322148.1000000238,220353628.0,ok
2012-09-14,160.85283325069506,160.11788723874128,301044186.02,299668697.51,1375488.5099999905,187155041.0,182.24142258783752,182.23919666522949,59987840.48,59987107.78,732.6999999955297,32916688.0,164.0519789345591,163.42662772918004,361032026.5,359655805.28999996,1376221.2100000381,220071729.0,ok
2012-09-17,161.99822904962593,161.2789136152462,304642958.97,303290262.81,1352696.1600000262,188053265.0,182.68665378563043,182.68457524652848,60378187.53,60377500.57,686.9600000008941,33050136.0,165.09069731586808,164.47859315379776,365021146.5,363667763.38,1353383.1200000048,221103401.0,ok
2012-09-18,162.10665699110461,161.41692409452355,307268233.79999995,305960866.09,1307367.7099999785,189546956.0,183.19518603331204,183.1928627461399,60818330.46000001,60817559.16,771.3000000119209,33198651.0,165.2497524945576,164.66247311894236,368086564.26,366778425.25,1308139.0099999905,222745607.0,ok
2012-09-19,162.40695634438757,161.7075369672554,309550124.13,308217020.18,1333103.949999988,190601518.0,184.43479461408714,184.4323910855835,61691114.92000001,61690310.970000006,803.9500000029802,33448740.0,165.69551955168916,165.1001585322879,371241239.05,369907331.15000004,1333907.8999999762,224050258.0,ok
2012-09-20,161.2661146045912,160.59178285598534,308687254.28,307396483.33,1290770.949999988,191414827.0,183.18623076698037,183.1841319192152,61364419.69,61363716.61,703.0799999982119,33498380.0,164.53087789104353,163.95666793368875,370051673.96999997,368760199.94,1291474.0299999714,224913207.0,ok
2012-09-21,162.20318638953904,161.50885723133567,311270076.84999996,309937649.94,1332426.9099999666,191901333.0,183.818992473067,183.81658371098564,61477462.42,61476656.82,805.6000000014901,33444565.0,165.4112822013738,164.81964395908372,372747539.27,371414306.76,1333232.5099999905,225345898.0,ok
2012-09-24,162.6557443436311,161.96319162047828,313830920.94000006,312494697.25,1336223.6900000572,192941800.0,183.67039122719743,183.6679562743598,61536430.129999995,61535614.33,815.7999999970198,33503729.0,165.76496463747802,165.1745182303864,375367351.07000005,374030311.58,1337039.4900000691,226445529.0,ok
2012-09-25,161.18080440580502,160.5365557666691,310943019.06,309700162.52,1242856.5400000215,192915664.0,183.08017729252654,183.0776843676206,61482422.699999996,61481585.519999996,837.179999999702,33582239.0,164.42776592064078,163.87866868683548,372425441.76,371181748.03999996,1243693.7200000286,226497903.0,ok
2012-09-26,158.8355039282073,158.20243936518773,307458458.35,306233032.99,1225425.3600000143,193570361.0,180.7424458268811,180.74033395371805,60360647.800000004,60359942.52,705.2800000011921,33395945.0,162.0589032056591,161.5186773626214,367819106.15000004,366592975.51,1226130.6400000453,226966306.0,ok
2012-09-27,158.9804102553827,158.3101747954758,308170946.75,306871748.34000003,1299198.4099999666,193842088.0,181.38571212308878,181.38358597395197,60496337.7,60495628.58,709.1200000047684,33352317.0,162.26952615756537,161.69736966894058,368667284.45,367367376.92,1299907.5299999714,227194405.0,ok
2012-09-28,158.18406481145323,157.49628904297302,305551553.89,304223032.24,1328521.6499999762,193162032.0,181.93506731175262,181.9326306035456,60504200.45,60503390.1,810.3500000014901,33255931.0,161.672576455429,161.08546226078363,366055754.34,364726422.34000003,1329331.9999999404,226417963.0,ok
2012-10-01,158.12565366258886,157.44905142402078,305813273.22,304504731.94,1308541.280000031,193398899.0,182.3776714819461,182.37523959845586,60569986.489999995,60569178.83,807.6599999964237,33211295.0,161.6799550112031,161.10215711213766,366383259.71000004,365073910.77,1309348.9400000572,226610194.0,ok
2012-10-02,159.36680687214056,158.70540884325342,308249822.94,306970536.31,1279286.6299999952,193421597.0,183.47369788891555,183.47103807962654,61052146.28,61051261.21,885.070000000298,33275694.0,162.90532965389517,162.34062431738542,369301969.22,368021797.52,1280171.7000000477,226697291.0,ok
2012-10-03,158.99607767932406,158.29541983397903,307400795.40999997,306046153.32,1354642.0899999738,193338603.0,183.00144473169507,182.99886013506412,61083166.50999999,61082303.81,862.6999999880791,33378516.0,162.53027717770178,161.93239343783299,368483961.91999996,367128457.13,1355504.7899999619,226717119.0,ok
2012-10-04,158.26094781847777,157.5498823299844,306898696.27,305519802.27,1378894.0,193919410.0,182.44120788255324,182.43897672355763,60592985.13999999,60592244.11999999,741.0200000032783,33212335.0,161.79670587658276,161.18928967414925,367491681.40999997,366112046.39,1379635.019999981,227131745.0,ok
2012-10-05,158.62072629793957,157.88384935509413,307776143.03,306346360.5,1429782.5299999714,194032741.0,182.38738655216952,182.38502961797028,60711081.44,60710296.89,784.5499999970198,33286886.0,162.10092781385742,161.47160816430514,368487224.46999997,367056657.39,1430567.0799999833,227319627.0,ok
2012-10-08,156.28082775204666,155.5528811374857,302566562.01,301157225.32,1409336.6899999976,193604402.0,179.33131670589276,179.32863446533565,59510995.23,59510105.129999995,890.1000000014901,33184943.0,159.6536897445513,159.0318674142297,362077557.24,360667330.45,1410226.7900000215,226789345.0,ok
2012-10-09,154.3287333553499,153.60693356829657,297149208.56,295759433.43,1389775.1299999952,192543023.0,176.01209967257557,176.00941536822359,57997410.78,57996526.28,884.5,32950809.0,157.49726553052682,156.88054816062552,355146619.34000003,353755959.71000004,1390659.6299999952,225493832.0,ok
2012-10-10,,,,,,,,,,,,,,,,,,,data unavailable: TWSE MI_MARGN total 20121010: missing tables (keys=stat; stat='很抱歉，沒有符合條件的資料')
2012-10-11,151.79694489510544,151.05747082631996,291205111.16,289786514.57,1418596.5900000334,191838585.0,173.6648343315325,173.66223132954565,56945076.03,56944222.5,853.5300000011921,32790217.0,154.98911274521245,154.35720352103377,348150187.19000006,346730737.07,1419450.1200000644,224628802.0,ok
2012-10-12,151.7212576621985,150.9736014452379,290667291.09000003,289234932.76,1432358.330000043,191579806.0,173.36967016727988,173.3671353459947,56665443.27,56664614.77,828.5,32684750.0,154.87633915722287,154.23727837313712,347332734.36,345899547.53,1433186.830000043,224264556.0,ok
2012-10-15,151.007169873224,150.25393004428494,288319485.92,286881317.65,1438168.2700000405,190930991.0,172.17233131367527,172.16957100341358,56216680.03,56215778.75,901.2800000011921,32651402.0,154.09807602783823,153.4544343122761,344536165.95000005,343097096.4,1439069.5500000715,223582393.0,ok
2012-10-16,152.70346603893424,151.92848097512774,291974118.2,290492320.91999996,1481797.280000031,191203334.0,173.0425219392541,173.03986814790397,56449943.620000005,56449077.900000006,865.7199999988079,32622007.0,155.66783468901315,155.00541505709128,348424061.82,346941398.81999993,1482663.0000000596,223825341.0,ok
2012-10-17,153.49044102629276,152.687347980767,293954432.28,292416403.21000004,1538029.0699999332,191513185.0,174.3736491827977,174.3716304253648,57115743.53,57115082.29,661.2400000020862,32754802.0,156.54047664413199,155.85438215040475,351070175.80999994,349531485.50000006,1538690.3099998832,224267987.0,ok
2012-10-18,152.84393572936295,152.04766604754417,291955611.11,290434612.58000004,1520998.5299999714,191015502.0,174.16613903978185,174.16364544182522,56976317.11,56975501.36,815.75,32713774.0,155.9616758514876,155.2814723898718,348931928.22,347410113.94000006,1521814.2799999714,223729276.0,ok
2012-10-19,152.09683758897953,151.28415984936666,290610718.81,289057939.24,1552779.5699999928,191069534.0,172.85549091143866,172.85331165776867,56597833.11999999,56597119.56999999,713.5499999970198,32742861.0,155.13374580080784,154.43964075805542,347208551.93,345655058.81,1553493.1200000048,223812395.0,ok
2012-10-22,151.8928548389346,151.07968083508646,289329446.96000004,287780492.03999996,1548954.9200000763,190482592.0,172.81880270082854,172.81629858330137,56472656.870000005,56471838.59,818.2800000011921,32677380.0,154.9570475076059,154.26258013242625,345802103.83000004,344252330.63,1549773.2000000477,223159972.0,ok
2012-10-23,151.35138064362437,150.53706916325493,288185310.91,286634795.77,1550515.1400000453,190408115.0,172.61249723196113,172.61005193202078,56403833.13,56403034.09,799.0399999991059,32676564.0,154.46562515393538,153.7702326299154,344589144.04,343037829.86,1551314.1800000072,223084679.0,ok
2012-10-24,151.43370166349342,150.59883427584745,288362401.92999995,286772634.51,1589767.419999957,190421550.0,171.8611042378099,171.85865840473394,56092659.65,56091861.37,798.2800000011921,32638368.0,154.42266126001172,153.70959469284838,344455061.5799999,342864495.88,1590565.6999999285,223059918.0,ok
2012-10-25,148.64025408380263,147.7564479217142,280910899.68,279240620.08,1670279.6000000238,188987096.0,168.8391378110051,168.83589624068202,54599772.75,54598724.480000004,1048.2699999958277,32338339.0,151.5915567634601,150.836411802376,335510672.43,333839344.56,1671327.8700000048,221325435.0,ok
2012-10-26,143.95511128928467,143.0852258734761,265319616.16,263716354.81999996,1603261.3400000334,184307187.0,162.7826131950454,162.77991842988013,51263775.65,51262927.01,848.640000000596,31492169.0,146.70265828318782,145.95932428547192,316583391.81,314979281.83,1604109.980000019,215799356.0,ok
2012-10-29,141.24154876911854,140.3849530586601,254198344.64,252656693.38,1541651.2599999905,179974198.0,158.55204381564133,158.5487885873017,48654772.14,48653773.21,998.929999999702,30686941.0,143.76316306729927,143.03087319299075,302853116.78,301310466.59,1542650.1899999976,210661139.0,ok
2012-10-30,143.927810267801,143.037892278622,257236137.51999998,255645624.43,1590513.0899999738,178725805.0,161.12830423122472,161.1249085627462,49263762.50000001,49262724.300000004,1038.2000000029802,30574245.0,146.4404332535993,145.68001714763088,306499900.02,304908348.73,1591551.2899999619,209300050.0,ok
2012-10-31,144.3538646113922,143.4617677245312,255466553.54999998,253887787.94,1578765.6099999845,176972438.0,161.19072937690123,161.18710087059898,49313571.47,49312461.39,1110.0799999982119,30593305.0,146.8354655324795,146.07432081410465,304780125.02,303200249.33,1579875.6899999976,207565743.0,ok
2012-11-01,146.10069106107153,145.1527366353128,258331608.41,256655458.97,1676149.4399999976,176817513.0,164.1957847764677,164.19216298944593,50186477.74,50185370.74000001,1106.9999999925494,30565022.0,148.7676318307132,147.95885762993498,308518086.15,306840829.71000004,1677256.439999938,207382535.0,ok
2012-11-02,146.28665541306842,145.3465439441916,257294664.48,255641159.82999998,1653504.650000006,175883893.0,164.91863310116395,164.9150533799698,50308707.74,50307615.74,1092.0,30505169.0,149.04053986155526,148.23885171298468,307603372.21999997,305948775.57,1654596.6499999762,206389062.0,ok
2012-11-05,145.33109691127962,144.3830621028431,254434784.64000002,252775036.4,1659748.2400000095,175072500.0,162.6052543761047,162.60155137209742,49413852.21,49412726.910000004,1125.2999999970198,30388841.0,147.88603801140383,147.07767497244166,303848636.85,302187763.31,1660873.5400000215,205461341.0,ok
2012-11-06,147.21816157216276,146.26450264424432,257309282.23000002,255642468.21999997,1666814.01000005,174780937.0,164.74708220018525,164.74322743272725,50088271.22,50087099.25,1171.969999998808,30403131.0,149.8155078249058,149.00258604386377,307397553.45000005,305729567.46999997,1667985.9800000787,205184068.0,ok
2012-11-07,149.19229460521873,148.24319659205574,259932249.09,258278670.52,1653578.5699999928,174226323.0,167.27987429872215,167.27600379011733,51063359.28,51062177.78,1181.5,30525704.0,151.88890333671765,151.08072571120383,310995608.37,309340848.3,1654760.0699999928,204752027.0,ok
2012-11-08,148.81191003387244,147.8677505928694,259484226.35,257837889.82999998,1646336.5200000107,174370604.0,167.50285083078262,167.49899719536577,51414852.66,51413669.78999999,1182.8700000047684,30694912.0,151.60963436192753,150.8062231291974,310899079.01,309251559.62,1647519.3899999857,205065516.0,ok
2012-11-09,151.75275327573337,150.8392579393708,265302754.0,263705729.74,1597024.2599999905,174825661.0,170.47480039742518,170.47099305611297,52436338.74,52435167.64,1171.1000000014901,30758997.0,154.5538931898313,153.77650280693612,317739092.74,316140897.38,1598195.3600000143,205584658.0,ok
2012-11-12,151.37605495703423,150.46567959954905,264496665.14,262905982.61,1590682.5299999714,174728206.0,169.63886041859334,169.63507092844426,52187755.0,52186589.2,1165.7999999970198,30764033.0,154.11016089030983,153.33550957610618,316684420.14,315092571.81,1591848.3299999833,205492239.0,ok
2012-11-13,147.87020447357855,146.9115449419289,258485205.92000002,256809416.62,1675789.300000012,174805470.0,165.50754447935702,165.50380746232207,50618858.85,50617715.92,1142.929999999702,30584019.0,150.49653527790804,149.6800707946647,309104064.77000004,307427132.54,1676932.230000019,205389489.0,ok
2012-11-14,149.31736925174442,148.3583304195033,261277933.73999998,259599792.17,1678141.5699999928,174981608.0,166.01463531364269,166.01081838836333,50831831.93,50830663.230000004,1168.6999999955297,30618886.0,151.8039959913715,150.98721280309763,312109765.66999996,310430455.4,1679310.269999981,205600494.0,ok
2012-11-15,149.5245502236838,148.5488190725077,261648829.73000002,259941425.07,1707404.6600000262,174987204.0,165.34777235022514,165.34393839627694,50684833.10000001,50683657.86,1175.2400000095367,30653472.0,151.88321148584438,151.05235451083618,312333662.83000004,310625082.93,1708579.9000000358,205640676.0,ok
2012-11-16,149.79283582386398,148.82686099081351,261496902.09,259810576.94,1686325.150000006,174572369.0,165.45358366340946,165.44975128460496,50691055.129999995,50689880.98,1174.1499999985099,30637629.0,152.13096840437572,151.30864039090338,312187957.22,310500457.92,1687499.300000012,205209998.0,ok
2012-11-19,148.62599279401962,147.64818395522448,258022520.41000003,256324992.96999997,1697527.4400000572,173605246.0,161.86056962780222,161.8567818085731,49206166.730000004,49205015.22,1151.5100000053644,30400342.0,150.59817240888523,149.7655094575154,307228687.14000005,305530008.18999994,1698678.9500001073,204005588.0,ok
2012-11-20,148.25747609848213,147.28005541087006,256321672.89,254631814.73000002,1689858.1599999666,172889543.0,161.52180854728192,161.5184189107825,49049760.480000004,49048731.14,1029.3400000035763,30367268.0,150.23921307611187,149.40731598411233,305371433.37,303680545.87,1690887.5,203256811.0,ok
2012-11-21,147.47834985860527,146.49755795532687,254472196.68,252779851.53000003,1692345.1499999762,172548850.0,160.68649987748807,160.68324266237707,48627519.03,48626533.32,985.7100000008941,30262355.0,149.4491962167475,148.61426657861435,303099715.71000004,301406384.85,1693330.8600000143,202811205.0,ok
2012-11-22,147.8473529267566,146.85985617229386,254817943.64,253115972.73999998,1701970.900000006,172352050.0,161.58826973812208,161.58509706195576,48944393.690000005,48943432.7,960.9900000020862,30289571.0,149.90125712130973,149.06089082262127,303762337.33,302059405.44,1702931.8899999857,202641621.0,ok
2012-11-23,152.18719305380367,151.21566337782113,261540737.52999997,259871118.8,1669618.7299999595,171854630.0,166.2908650212939,166.28763384534167,50236560.120000005,50235583.98,976.1400000080466,30210054.0,154.29578859510153,153.46902617579627,311777297.65,310106702.78000003,1670594.8699999452,202064684.0,ok
2012-11-26,154.84562366522263,153.88677095305383,265781450.85,264135648.67000002,1645802.1799999774,171642856.0,169.30135425781913,169.29837286687538,51332299.28,51331395.32,903.9600000008941,30320076.0,157.01581819479625,156.20046751450408,317113750.13,315467043.99,1646706.1399999857,201962932.0,ok
2012-11-27,154.65592478225028,153.70014215076841,265665129.76,264023303.77,1641825.9899999797,171778178.0,170.76838495630852,170.76538002434674,51952840.14,51951925.95,914.1899999976158,30422985.0,157.0801894448055,156.26776079423442,317617969.9,315975229.72,1642740.1799999475,202201163.0,ok
2012-11-28,155.6709362161126,154.72353110603996,269020837.02,267383590.39000002,1637246.6299999654,172813785.0,171.520837522501,171.51784020683604,52314354.57,52313440.379999995,914.1900000050664,30500291.0,158.04866928642952,157.24294011497756,321335191.59,319697030.77,1638160.8199999928,203314076.0,ok
2012-11-29,156.38587125885246,155.41992404220505,268927682.71000004,267266599.49,1661083.2200000286,171964181.0,172.84131044656428,172.83828846298772,52659119.58,52658198.88,920.6999999955297,30466744.0,158.86248718667863,158.0414644501575,321586802.29,319924798.37,1662003.9200000167,202430925.0,ok
2012-11-30,157.65183412659587,156.64547415412446,269300987.6,267581922.7,1719064.9000000358,170820079.0,174.31398058855723,174.31098435222086,53523435.45,53522515.449999996,920.0000000074506,30705188.0,160.19054476677607,159.33706126785577,322824423.05,321104438.15,1719984.9000000358,201525267.0,ok
2012-12-03,158.67192145222054,157.68458529065185,271359887.03999996,269671349.92,1688537.1199999452,171019475.0,175.69550980367325,175.6927087727297,54105590.370000005,54104727.79000001,862.5799999982119,30795090.0,161.2695681354812,160.43246319213878,325465477.40999997,323776077.71000004,1689399.6999999285,201814565.0,ok
2012-12-04,160.8187636514022,159.85438854184775,277026780.19,275365545.36,1661234.8299999833,172260235.0,178.73280236918532,178.73034409230578,55402382.27,55401620.27,762.0,30997322.0,163.55070255026237,162.7330223348104,332429162.46,330767165.63,1661996.8299999833,203257557.0,ok
2012-12-05,162.0588396277055,161.03596303222284,280479740.59999996,278709419.63,1770320.969999969,173072781.0,180.19039052115215,180.18807125179995,56154758.54000001,56154035.760000005,722.7800000011921,31164125.0,164.8254988449541,163.9583471706137,336634499.14,334863455.39,1771043.75,204236906.0,ok
2012-12-06,160.5535400713197,159.48095508018946,278127870.41999996,276269824.94,1858045.4799999595,173230606.0,179.389471862788,179.38671190596585,56076336.269999996,56075473.519999996,862.75,31259547.0,163.43290950053714,162.5238641490967,334204206.68999994,332345298.46,1858908.2299999595,204490153.0,ok
2012-12-07,160.18150176829354,159.0259829470765,278268256.35,276260882.19,2007374.1600000262,173720594.0,179.2753892036076,179.27226447988016,56069677.72,56068700.44,977.2800000011921,31275725.0,163.09460369871326,162.11490247783425,334337934.07000005,332329582.63,2008351.4400000572,204996319.0,ok
2012-12-10,159.6327629965411,158.46538652210123,278363610.12,276327968.29,2035641.8299999833,174377493.0,178.06730694076907,178.06329570486778,55816889.0,55815631.64,1257.359999999404,31345950.0,162.4416227177376,161.4515074638334,334180499.12,332143599.93,2036899.1899999976,205723443.0,ok
2012-12-11,158.40368741213467,157.25000035282505,274986848.23,272984061.71999997,2002786.51000005,173598767.0,176.20990347877998,176.2064859617824,55170053.83,55168983.83,1070.0,31309281.0,161.12441911505596,160.1464894878116,330156902.06,328153045.54999995,2003856.51000005,204908048.0,ok
2012-12-12,160.85367613584535,159.69174962761954,280455807.74,278429935.25,2025872.4900000095,174354615.0,178.73300112419855,178.72956409413854,56198738.72,56197658.019999996,1080.7000000029802,31442844.0,163.58537568726737,162.60044943995155,336654546.46000004,334627593.27,2026953.1900000572,205797459.0,ok
2012-12-13,162.74850571216575,161.56440477949775,286652574.03,284566990.64,2085583.3899999857,176132231.0,180.91758423601456,180.9147480438449,57032381.46000001,57031487.38000001,894.0799999982119,31523957.0,165.50672474542392,164.50194974204186,343684955.49,341598478.02,2086477.4700000286,207656188.0,ok
2012-12-14,161.13590318120865,159.87355480313076,285171835.73,282937782.38,2234053.350000024,176975975.0,179.79139627840436,179.78849900052484,56631650.49000001,56630737.89,912.6000000089407,31498532.0,163.95457225856399,162.88251506453975,341803486.22,339568520.27,2234965.9500000477,208474507.0,ok
2012-12-17,159.36652019914857,158.06472344702362,284068989.54,281748551.79999995,2320437.740000069,178248850.0,177.86804245307079,177.86497895823837,55793818.31,55792857.35000001,960.9599999934435,31368096.0,162.13517768262878,161.02772967124517,339862807.85,337541409.15,2321398.7000000477,209616946.0,ok
2012-12-18,160.12691565028285,158.8245088339435,285978821.93,283652787.20000005,2326034.7299999595,178595098.0,179.42985707874888,179.42668093095816,56492918.120000005,56491918.120000005,1000.0,31484681.0,163.01984973527607,161.91215877088297,342471740.05,340144705.32000005,2327034.7299999595,210079779.0,ok
2012-12-19,160.70373665332872,159.40508199184154,287779745.55,285454183.52,2325562.030000031,179074707.0,180.2648905886754,180.26170011280297,56952949.02,56951941.02,1008.0,31594033.0,163.63732681460002,162.53295317568234,344732694.57,342406124.53999996,2326570.030000031,210668740.0,ok
2012-12-20,159.9417309078425,158.65997839987557,286868651.19,284569722.63,2298928.5600000024,179358226.0,179.51909034743804,179.51662299720357,56751120.5,56750340.5,780.0,31612861.0,162.8752909113086,161.78523227213594,343619771.69,341320063.13,2299708.5600000024,210971087.0,ok
2012-12-21,158.70988331564416,157.42818511552267,285512611.06999993,283206888.25,2305722.8199999332,179895924.0,179.1407571843369,179.13808879358012,56493580.18,56492738.68000001,841.4999999925494,31535861.0,161.75722645012902,160.6663004476834,342006191.24999994,339699626.93,2306564.3199999332,211431785.0,ok
2012-12-24,159.2580969878471,157.99558829663323,286553531.87,284281896.51,2271635.3600000143,179930275.0,181.21202088780697,181.20816155475848,57855127.0,57853894.84,1232.1599999964237,31926760.0,162.56654345700628,161.49371265863323,344408658.87,342135791.35,2272867.519999981,211857035.0,ok
2012-12-25,161.78108387570563,160.49098984011724,291295139.27,288972258.78999996,2322880.480000019,180055129.0,182.77542810932653,182.77139121648466,58488784.019999996,58487492.199999996,1291.820000000298,32000354.0,164.949247405218,163.85322655863607,349783923.28999996,347459750.98999995,2324172.300000012,212055483.0,ok
2012-12-26,161.39587987828955,160.10533600476322,290614860.35,288291063.56,2323796.7900000215,180063370.0,183.3584505020018,183.35447702972638,58814934.87,58813660.32000001,1274.5499999895692,32076479.0,164.71671723495948,163.62070846953415,349429795.22,347104723.88,2325071.3400000334,212139849.0,ok
2012-12-27,162.03051432669736,160.75328122087956,292448353.56999993,290143079.65,2305273.919999957,180489678.0,183.50684264189206,183.50292444059238,58885903.44,58884646.11999999,1257.3200000077486,32089214.0,165.27240955324947,164.1873859094157,351334257.00999993,349027725.77,2306531.23999995,212578892.0,ok
2012-12-28,162.48234067269735,161.197485720556,293012410.44000006,290695368.20000005,2317042.2400000095,180334927.0,184.7930130694278,184.78896772651885,59229248.58,59227951.980000004,1296.5999999940395,32051671.0,165.8492872605832,164.75772175605923,352241659.02000004,349923320.18000007,2318338.839999974,212386598.0,ok
2012-12-31,,,,,,,,,,,,,,,,,,,data unavailable: TWSE MI_MARGN total 20121231: missing tables (keys=stat; stat='很抱歉，沒有符合條件的資料')
2013-01-01,,,,,,,,,,,,,,,,,,,data unavailable: TWSE MI_MARGN total 20130101: missing tables (keys=stat; stat='很抱歉，沒有符合條件的資料')
2013-01-02,164.00137331611938,162.69736017599897,295691017.3,293339909.11,2351108.1899999976,180297891.0,186.2080720935811,186.2047194606776,59717518.99999999,59716443.8,1075.1999999955297,32070317.0,167.35486900186115,166.24727224236878,355408536.3,353056352.91,2352183.3899999857,212368208.0,ok
2013-01-03,164.57080961382712,163.2121807302308,297364840.73,294909918.97,2454921.7599999905,180691121.0,187.3045030176167,187.30120586338177,60150507.330000006,60149448.489999995,1058.8400000110269,32113754.0,168.00148401675477,166.84738423403132,357515348.06,355059367.46000004,2455980.5999999642,212804875.0,ok
2013-01-04,163.555326484019,162.22297202605122,297667380.57,295242522.45,2424858.120000005,181997974.0,187.32449220430502,187.32215731189802,60206539.5,60205789.06,750.4399999976158,32140239.0,167.1228666085861,165.99013624438902,357873920.07,355448311.51,2425608.5600000024,214138213.0,ok
2013-01-07,162.57423982392305,161.26012273823295,297831447.15,295424021.51,2407425.6399999857,183197195.0,188.83683861233433,188.83463356016793,60863113.92,60862403.22,710.7000000029802,32230530.0,166.50343453703556,165.385594973906,358694561.07,356286424.73,2408136.339999974,215427725.0,ok
2013-01-08,161.5154285674809,160.22703148621383,297854618.71000004,295478653.61,2375965.100000024,184412487.0,187.7133292041961,187.71103216619014,60544514.71000001,60543773.830000006,740.8800000026822,32253711.0,165.41534246149465,164.3183988671828,358399133.4200001,356022427.44,2376705.9800000787,216666198.0,ok
2013-01-09,162.239792595468,160.97683412929516,299520028.19,297188409.36,2331618.8299999833,184615638.0,189.1891521007635,189.1868332950575,61199945.57000001,61199195.47,750.1000000089407,32348549.0,166.25784132751826,165.1828395208837,360719973.76,358387604.83000004,2332368.9299999475,216964187.0,ok
2013-01-10,162.32144354993216,161.07156874017568,299134927.68,296831589.3,2303338.379999995,184285527.0,189.38264297672106,189.38015288166542,61184990.55,61184186.059999995,804.4900000020862,32307602.0,166.35796338211634,165.2941517641587,360319918.23,358015775.36,2304142.870000005,216593129.0,ok
2013-01-11,162.79641473070052,161.5640585619575,299811601.29,297542050.84,2269550.4500000477,184163516.0,190.03247180892868,190.03009362135856,61495986.33,61495216.730000004,769.5999999940395,32360778.0,166.86699720632734,165.8184681899944,361307587.62,359037267.57,2270320.050000012,216524294.0,ok
2013-01-14,163.65832823990115,162.4345659276956,302504980.32000005,300242986.09000003,2261994.230000019,184839344.0,191.30150229273866,191.2990603792461,61920583.13,61919792.73,790.4000000059605,32368059.0,167.77769008637338,166.7359278817951,364425563.45000005,362162778.82000005,2262784.629999995,217207403.0,ok
2013-01-15,162.14849354488348,160.9251999063839,301010872.74,298739962.43,2270910.3100000024,185639019.0,190.60364174822567,190.60096049997662,61803604.42,61802735.02,869.3999999985099,32425196.0,166.3796497559217,165.33785584672844,362814477.16,360542697.45,2271779.710000038,218064215.0,ok
2013-01-16,161.05307092209955,159.87831172948214,299663726.56999993,297477908.46999997,2185818.0999999642,186065205.0,189.44915849470934,189.44601712995873,61316866.45999999,61315849.730000004,1016.7299999892712,32365869.0,165.2606409974434,164.2594854429915,360980593.0299999,358793758.2,2186834.8299999237,218431074.0,ok
2013-01-17,157.18740713829246,156.02293151405547,288730911.72,286591935.61,2138976.1100000143,183685778.0,183.12607602554166,183.1238784479972,58475780.14,58475078.41,701.7300000041723,31931979.0,161.028802400537,160.03645470627913,347206691.86,345067014.02,2139677.8400000334,215617757.0,ok
2013-01-18,160.03939685452514,158.87690618864528,293859001.59000003,291724475.01,2134526.580000043,183616664.0,186.13089747693093,186.12868602881855,59410942.480000004,59410236.61,705.8700000047684,31918904.0,163.90331644473642,162.91265282953208,353269944.07000005,351134711.62,2135232.4500000477,215535568.0,ok
2013-01-21,160.56272732082576,159.42393274476584,294278141.53999996,292190967.53,2087174.0099999905,183279237.0,187.33184162953842,187.3296163789465,59829998.61999999,59829287.92,710.6999999880791,31937976.0,164.53523174282532,163.5651026899972,354108140.15999997,352020255.45,2087884.7099999785,215217213.0,ok
2013-01-22,161.44886398893078,160.30455502275862,295412870.34000003,293319058.16999996,2093812.1700000763,182976122.0,188.8784831667938,188.87624604494692,60411649.57,60410934.04000001,715.5299999937415,31984400.0,165.53017112137456,164.55579327724183,355824519.91,353729992.21,2094527.7000000477,214960522.0,ok
2013-01-23,161.03786875502388,159.90463346411585,293369442.65999997,291304980.38,2064462.2799999714,182174196.0,189.12430410207318,189.1220970345997,60425381.58999999,60424676.42999999,705.1599999964237,31950088.0,165.2287249446214,164.2642535631316,353794824.24999994,351729656.81,2065167.439999938,214124284.0,ok
2013-01-24,160.49684689895534,159.34403495488945,292785376.27000004,290682366.24,2103010.030000031,182424379.0,188.58182105501632,188.57971503435166,60240823.95999999,60240151.20999999,672.75,31944131.0,164.68193030310283,163.70059084237698,353026200.23,350922517.45,2103682.780000031,214368510.0,ok
2013-01-25,160.2157023256762,159.07231872672375,291708194.68999994,289626411.44,2081783.2499999404,182072163.0,187.9833748454213,187.98107502212792,59949234.800000004,59948501.370000005,733.429999999702,31890711.0,164.35441481777812,163.381107327059,351657429.48999995,349574912.81,2082516.6799999475,213962874.0,ok
2013-01-28,160.6432051057544,159.4859256638773,291828680.95,289726336.61,2102344.339999974,181662636.0,188.29368770843297,188.2913921820079,60044119.22,60043387.20999999,732.0100000053644,31888546.0,164.7721154594218,163.78730407589129,351872800.16999996,349769723.82,2103076.3499999642,213551182.0,ok
2013-01-29,163.14544232413436,162.01824945813783,294736847.97,292700473.14,2036374.830000043,180658953.0,190.7953322259776,190.79347465700465,60946445.56,60945852.19,593.3700000047684,31943363.0,167.2998207272587,166.34170877517627,355683293.53000003,353646325.33,2036968.2000000477,212602316.0,ok
2013-01-30,163.55127236860284,162.43131059975445,295172277.73,293151005.37,2021272.3600000143,180476907.0,191.74960085228312,191.74799330484916,61253094.589999996,61252581.06999999,513.5200000032783,31944314.0,167.79179153668454,166.84001003835675,356425372.32,354403586.44,2021785.8799999952,212421221.0,ok
2013-01-31,163.57111107247852,162.453015050471,293840925.21999997,291832365.35,2008559.8699999452,179641089.0,190.91082454971234,190.90921947007314,61020635.94000001,61020122.910000004,513.0300000086427,31962900.0,167.70078996951233,166.75134052411462,354861561.15999997,352852488.26000005,2009072.8999999166,211603989.0,ok
2013-02-01,163.4730753696287,162.3635342475875,292007751.64,290025806.86,1981944.7799999714,178627429.0,190.8076319521134,190.80601198930268,60946770.15,60946252.70999999,517.4400000050664,31941474.0,167.61949022928613,166.67801112588785,352954521.78999996,350972059.57,1982462.219999969,210568903.0,ok
2013-02-04,163.68277427413403,162.5809406153587,291131493.83,289171736.73,1959757.0999999642,177863245.0,190.66513581837035,190.6635669179941,60545189.550000004,60544691.35,498.20000000298023,31754725.0,167.7702934438302,166.83513731193943,351676683.38,349716428.08000004,1960255.2999999523,209617970.0,ok
2013-02-05,162.29479751443102,161.1815547038821,287066617.5,285097516.5,1969101.0,176879741.0,189.32634870297503,189.32473697241483,59767586.839999996,59767078.04,508.79999999701977,31568552.0,166.3886037867434,165.44371247981388,346834204.34,344864594.54,1969609.7999999523,208448293.0,ok
2013-02-06,162.30342588397485,161.17597371487287,281521510.04,279565901.06,1955608.980000019,173453831.0,188.0115136710727,188.00971202633048,58516295.53,58515734.79,560.7400000020862,31123783.0,166.21457202546125,165.2583727220516,340037805.57000005,338081635.85,1956169.7200000286,204577614.0,ok
2013-02-07,,,,,,,,,,,,,,,,,,,data unavailable: TWSE MI_MARGN total 20130207: missing tables (keys=stat; stat='很抱歉，沒有符合條件的資料')
2013-02-08,,,,,,,,,,,,,,,,,,,data unavailable: TWSE MI_MARGN total 20130208: missing tables (keys=stat; stat='很抱歉，沒有符合條件的資料')
2013-02-11,,,,,,,,,,,,,,,,,,,data unavailable: TWSE MI_MARGN total 20130211: missing tables (keys=stat; stat='很抱歉，沒有符合條件的資料')
2013-02-12,,,,,,,,,,,,,,,,,,,data unavailable: TWSE MI_MARGN total 20130212: missing tables (keys=stat; stat='很抱歉，沒有符合條件的資料')
2013-02-13,,,,,,,,,,,,,,,,,,,data unavailable: TWSE MI_MARGN total 20130213: missing tables (keys=stat; stat='很抱歉，沒有符合條件的資料')
2013-02-14,,,,,,,,,,,,,,,,,,,data unavailable: TWSE MI_MARGN total 20130214: missing tables (keys=stat; stat='很抱歉，沒有符合條件的資料')
2013-02-15,,,,,,,,,,,,,,,,,,,data unavailable: TWSE MI_MARGN total 20130215: missing tables (keys=stat; stat='很抱歉，沒有符合條件的資料')
2013-02-18,163.6491766969141,162.48843299968104,284133699.96,282118374.2,2015325.7599999905,173623666.0,190.21593451020038,190.2141406564382,59403319.78,59402759.57,560.2100000008941,31229413.0,167.69922200681202,166.71515773018965,343537019.74,341521133.77,2015885.9700000286,204853079.0,ok
2013-02-19,165.39159377921317,164.27616084545255,288328607.65000004,286384063.69,1944543.9600000381,174330872.0,192.78217371781045,192.78052024112455,60672151.24,60671630.86,520.3800000026822,31471868.0,169.580229539218,168.6351185363227,349000758.89000005,347055694.55,1945064.3400000334,205802740.0,ok
2013-02-20,166.12396155187054,164.99941228662146,290683462.06,288715727.42,1967734.6399999857,174979852.0,193.88394425159763,193.88192742323497,61256005.5,61255368.300000004,637.1999999955297,31594161.0,170.3696716004641,169.41680642085413,351939467.56,349971095.72,1968371.8399999738,206574013.0,ok
2013-02-21,164.84261917664483,163.73925976606887,289241309.44,287305298.46000004,1936010.9799999595,175465126.0,192.89540799520415,192.89368078968775,61399779.24000001,61399229.46000001,549.7800000011921,31830607.0,169.15017188511064,168.21596994473595,350641088.68,348704527.9200001,1936560.7599999309,207295733.0,ok
2013-02-22,164.67098716734023,163.56032420027918,289869042.75,287913951.47,1955091.2799999714,176029213.0,193.01184524791998,193.01037002036765,62000233.85,61999759.97,473.8800000026822,32122502.0,169.04462045868803,168.10513016431312,351869276.6,349913711.44000006,1955565.1599999666,208151715.0,ok
2013-02-25,165.4387880560216,164.32408341888828,292899653.07000005,290926134.01,1973519.060000062,177044124.0,194.81886535081316,194.81759886075145,63130114.29000001,63129703.89,410.40000000596046,32404518.0,169.98428061424244,169.0418398129313,356029767.3600001,354055837.9,1973929.4600000978,209448642.0,ok
2013-02-26,163.80397674715158,162.70178687912673,289282540.49,287336041.43999994,1946499.0500000715,176602880.0,193.50146065572847,193.50025398082917,62751774.84,62751383.519999996,391.3200000077486,32429613.0,168.41128873203462,167.47990704009828,352034315.33000004,350087424.9599999,1946890.370000124,209032493.0,ok
2013-02-27,164.13454390558604,163.05114467392622,289359861.65,287449890.45,1909971.199999988,176294310.0,194.11067926947297,194.10948915498994,63414262.39,63413873.589999996,388.80000000447035,32669126.0,168.82098169557278,167.90677391043664,352774124.03999996,350863764.03999996,1910360.0,208963436.0,ok
2013-02-28,,,,,,,,,,,,,,,,,,,data unavailable: TWSE MI_MARGN total 20130228: missing tables (keys=stat; stat='很抱歉，沒有符合條件的資料')
2013-03-01,165.49119529175223,164.40696401240672,291577048.73,289666754.01,1910294.7200000286,176188859.0,195.82892028538544,195.8277350048622,64414944.769999996,64414554.89,389.8799999952316,32893479.0,170.26401986187852,169.35017672320078,355991993.5,354081308.9,1910684.6000000238,209082338.0,ok
2013-03-04,163.86224484809884,162.77761214337687,288903313.39000005,286991012.09999996,1912301.290000081,176308651.0,193.2886998223599,193.28739674503817,63545637.41,63545209.01,428.3999999985099,32876023.0,168.48698523678655,167.57261151455097,352448950.8000001,350536221.10999995,1912729.6900001168,209184674.0,ok
2013-03-05,164.74786912357246,163.6766634033065,291172214.14,289278985.76,1893228.3799999952,176738076.0,195.15294100309194,195.15175084613483,64224725.550000004,64224333.870000005,391.679999999702,32909945.0,169.52077009589325,168.61753234961375,355396939.69,353503319.63,1893620.0600000024,209648021.0,ok
2013-03-06,164.03564797030052,162.959250330715,290592052.16999996,288685194.71,1906857.4599999785,177151769.0,196.1874403428065,196.18573353679523,64776800.22,64776236.67,563.5499999970198,33017812.0,169.08672068485495,168.17915784872787,355368852.39,353461431.38,1907421.0099999905,210169581.0,ok
2013-03-07,164.8741072484817,163.80158751642787,293387919.24,291479406.51,1908512.730000019,177946631.0,197.95107396866993,197.9493781768698,66378949.470000006,66378380.82,568.6500000059605,33533008.0,170.1189156607176,169.21618980539304,359766868.71000004,357857787.33,1909081.3800000548,211479639.0,ok
2013-03-08,165.0653674444753,163.9761640936435,294740066.45,292795189.26,1944877.1899999976,178559604.0,197.43431248955167,197.4322557732722,66361287.45,66360596.15,691.3000000044703,33611831.0,170.19319961709266,169.2762201518786,361101353.9,359155785.40999997,1945568.4900000095,212171435.0,ok
2013-03-11,165.51807176943157,164.43878590153386,297292045.42,295353507.22999996,1938538.1900000572,179613043.0,198.10071648500468,198.0986082724888,67054279.5,67053565.89999999,713.6000000089407,33848580.0,170.6846972300965,169.77621927385042,364346324.92,362407073.12999994,1939251.790000081,213461623.0,ok
2013-03-12,164.2954604257769,163.2008523143261,295159360.95000005,293192880.38,1966480.5700000525,179651562.0,196.88944995943194,196.88817487869858,66965968.84,66965535.160000004,433.679999999702,34011964.0,169.4839248276751,168.56335860524928,362125329.7900001,360158415.54,1966914.2500000596,213663526.0,ok
2013-03-13,163.6051481482815,162.51195731767035,294879806.88,292909453.84000003,1970353.0399999619,180238709.0,196.63646531425718,196.63508201798396,67542881.67,67542406.52,475.15000000596046,34349113.0,168.8924772953798,167.97405230199877,362422688.55,360451860.36,1970828.1899999976,214587822.0,ok
2013-03-14,162.78317714774616,161.6862076453524,294738391.56,292752197.21,1986194.3500000238,181061948.0,196.03408415554452,196.03269774715542,67428020.81,67427543.94,476.8700000047684,34396070.0,168.0914062664403,167.1693374390922,362166412.37,360179741.15,1986671.2200000286,215458018.0,ok
2013-03-15,161.92026535547652,160.80437805091822,292692588.28000003,290675472.37,2017115.9100000262,180763407.0,195.8346017629559,195.8331830966751,67297916.6,67297429.08000001,487.5199999809265,34364671.0,167.33775908135988,166.39989757636383,359990504.88,357972901.45000005,2017603.4299999475,215128078.0,ok
2013-03-18,159.8675171653799,158.75971680750797,288323743.39,286325806.9,1997936.4900000095,180351674.0,193.17675701305973,193.17550761314766,66028605.64,66028178.59,427.04999999701977,34180409.0,165.17452498235426,164.24302629364766,354352349.03,352353985.49,1998363.5399999619,214532083.0,ok
2013-03-19,161.59974102103848,160.49410019381168,292193570.82,290194426.89,1999143.9300000072,180813143.0,195.21661843335824,195.21533706986622,66973365.48,66972925.879999995,439.6000000014901,34307205.0,166.96093123650024,166.03141269090918,359166936.3,357167352.77,1999583.530000031,215120348.0,ok
2013-03-20,161.27361318620734,160.15993238642528,293335969.04999995,291310326.85,2025642.1999999285,181887144.0,195.5216261550195,195.52050732651932,67342098.12,67341712.77000001,385.34999999403954,34442276.0,166.72631358693607,165.78976619083988,360678067.16999996,358652039.62,2026027.5499999523,216329420.0,ok
2013-03-21,161.16911513984755,160.102498201916,293694133.40000004,291750466.11,1943667.2900000215,182227304.0,196.2242648362948,196.22271242233808,67819623.01,67819086.46000001,536.5499999970198,34562302.0,166.7578824835357,165.86106649873244,361513756.41,359569552.57000005,1944203.8399999738,216789606.0,ok
2013-03-22,161.30639815760418,160.21854332212772,294750809.95000005,292763002.28999996,1987807.6600000858,182727290.0,196.26932447129371,196.2679017507266,67914522.83,67914030.53,492.29999999701977,34602719.0,166.87310438569025,165.95822844695135,362665332.78000003,360677032.81999993,1988299.9600000978,217330009.0,ok
2013-03-25,162.58983149170382,161.51265959841635,296941667.51,294974402.92,1967264.5899999738,182632373.0,197.7239698303529,197.72285686453864,68708081.00999999,68707694.26,386.74999998509884,34749495.0,168.206185678743,167.30102677192932,365649748.52,363682097.18,1967651.3399999738,217381868.0,ok
2013-03-26,163.11677394428295,162.0561322489578,297760108.92999995,295823969.69,1936139.23999995,182544138.0,198.55543371812982,198.5542320284228,69129012.14999999,69128593.77,418.3799999952316,34815976.0,168.79321340436908,167.90226907039622,366889121.0799999,364952563.46,1936557.6199999452,217360114.0,ok
2013-03-27,163.5087682053364,162.44563358718565,297664210.15999997,295728796.36,1935413.7999999523,182047858.0,198.9369794886811,198.93586771901957,69391856.34999998,69391468.54999998,387.79999999701977,34881326.0,169.2054797523232,168.3131140667546,367056066.50999993,365120264.90999997,1935801.5999999642,216929184.0,ok
2013-03-28,162.8391072253501,161.8100148591214,296339767.70000005,294466992.8,1872774.9000000358,181983169.0,198.35001114141068,198.34874794848275,68799512.30000001,68799074.15,438.15000000596046,34685913.0,168.5239428853998,167.65939265390898,365139280.00000006,363266066.95000005,1873213.050000012,216669082.0,ok
2013-03-29,163.70652374768534,162.68832166552704,297961436.8,296108212.21,1853224.5900000334,182009507.0,199.96509042453536,199.96402828300882,69458841.99000001,69458473.05,368.940000012517,34735484.0,169.51731022471472,168.66211466912284,367420278.79,365566685.26,1853593.530000031,216744991.0,ok
2013-04-01,162.62308962900278,161.60907112812026,294873107.09000003,293034458.06,1838649.030000031,181323026.0,198.40918921132587,198.4079169560278,68699431.75999999,68698991.24,440.5199999958277,34625126.0,168.3610327214099,167.5093979503006,363572538.85,361733449.3,1839089.550000012,215948152.0,ok
2013-04-02,163.01869633088432,162.02440894638812,294121730.86,292327816.83,1793914.030000031,180422085.0,199.03383131497642,199.03277597950031,68896621.56,68896256.25,365.3100000023842,34615533.0,168.81620797157456,167.98180543461933,363018352.42,361224073.08,1794279.3400000334,215037618.0,ok
2013-04-03,164.05268889460953,163.04613497598964,294968594.99,293158799.63,1809795.3600000143,179801134.0,200.62034024341725,200.61927754643438,69400827.02000001,69400459.4,367.6200000047684,34593116.0,169.9529824190714,169.10866734065863,364369422.01,362559259.03,1810162.980000019,214394250.0,ok
2013-04-04,,,,,,,,,,,,,,,,,,,data unavailable: TWSE MI_MARGN total 20130404: missing tables (keys=stat; stat='很抱歉，沒有符合條件的資料')
2013-04-05,,,,,,,,,,,,,,,,,,,data unavailable: TWSE MI_MARGN total 20130405: missing tables (keys=stat; stat='很抱歉，沒有符合條件的資料')
2013-04-08,159.3018812919797,158.28121316346278,282920940.87,281108229.15,1812711.7200000286,177600502.0,194.90487400637272,194.90382199879744,66641424.29,66641064.59,359.69999999552965,34191769.0,165.0496325996712,164.1935714169664,349562365.16,347749293.74,1813071.4200000167,211792271.0,ok
2013-04-09,158.83042680906263,157.81056627738272,279658345.55,277862641.07,1795704.480000019,176073534.0,193.59739372078377,193.59633391035104,65707017.38,65706657.68,359.70000000298023,33940032.0,164.44907322320313,163.59385981284657,345365362.93,343569298.75,1796064.1800000072,210013566.0,ok
2013-04-10,159.7835014594236,158.76151587178197,280275154.98,278482497.0,1792657.980000019,175409321.0,193.8572487871308,193.85599665767703,65573331.02,65572907.480000004,423.53999999910593,33825576.0,165.29197134835496,164.43500076375884,345848486.0,344055404.48,1793081.519999981,209234897.0,ok
2013-04-11,161.5969009209781,160.563906643498,283665462.71000004,281852155.65999997,1813307.0500000715,175538925.0,194.479911209949,194.4786523296038,66395171.36,66394741.58,429.7800000011921,34139861.0,166.95090654998356,166.0858992382758,350060634.07000005,348246897.23999995,1813736.8300001025,209678786.0,ok
2013-04-12,160.6711929385527,159.658812647655,281282057.39,279509714.72,1772342.669999957,175066888.0,193.72304102252,193.72178956810387,66166993.85,66166566.41,427.4400000050664,34155459.0,166.06689305516682,165.21957911599185,347449051.24,345676281.13,1772770.1100000143,209222347.0,ok
2013-04-15,158.8502122392309,157.85020499107875,276360254.02,274620487.65000004,1739766.3699999452,173975376.0,191.39922262369524,191.39810266180896,65018136.010000005,65017755.56,380.45000000298023,33969906.0,164.1674130553248,163.33058386484578,341378390.03,339638243.21000004,1740146.8199999332,207945282.0,ok
2013-04-16,159.82028096692326,158.81501767944727,277116510.13,275373458.16999996,1743051.9600000381,173392581.0,192.14276473419324,192.14170564713865,65078249.08,65077890.370000005,358.7099999934435,33869737.0,165.10225424092766,164.2610928147585,342194759.21,340451348.53999996,1743410.6700000167,207262318.0,ok
2013-04-17,160.74188707961895,159.7293744382159,279010077.33,277252593.73,1757483.5999999642,173576460.0,193.3032319420968,193.30216900413782,65774217.9,65773856.22,361.679999999702,34026445.0,166.07874308406232,165.23200865132407,344784295.22999996,343026449.95000005,1757845.2799999118,207602905.0,ok
2013-04-18,161.07380429086032,160.0412841651693,280336629.39,278539607.13,1797022.2599999905,174042347.0,193.56197251978318,193.56091747548385,66355028.19,66354666.50999999,361.68000000715256,34281025.0,166.41995290859634,165.5571673638232,346691657.58,344894273.64,1797383.9399999976,208323372.0,ok
2013-04-19,162.4949163482444,161.47076417854566,285191241.41999996,283393774.5500001,1797466.8699998856,175507793.0,195.79558012781536,195.79451602538896,67460172.78,67459806.15,366.6299999952316,34454390.0,167.95949116227277,167.10322577471013,352651414.1999999,350853580.70000005,1797833.4999998808,209962183.0,ok
2013-04-22,162.32359697515818,161.28650165108752,285596717.28999996,283772022.51,1824694.7799999714,175942822.0,195.48201040371563,195.48062077773682,67384889.21000001,67384410.19,479.02000001072884,34471146.0,167.75578629836969,166.8883658427087,352981606.5,351156432.7,1825173.800000012,210413968.0,ok
2013-04-23,161.5933316236018,160.5770593355802,285381463.78,283586678.87,1794784.9099999666,176604728.0,195.4588214493872,195.4573862324038,67658022.18,67657525.38000001,496.79999999701977,34614975.0,167.14325460442484,166.29329520930156,353039485.96,351244204.25,1795281.7099999785,211219703.0,ok
2013-04-24,163.61283643769465,162.56642298216173,289468781.15,287617434.79999995,1851346.3500000238,176923026.0,196.56088217049552,196.559503229044,68343086.53999999,68342607.09,479.44999998807907,34769424.0,169.02438782771893,168.14961605385548,357811867.68999994,355960041.89,1851825.7999999523,211692450.0,ok
2013-04-25,162.99937695607753,161.96847236654312,289375442.65,287545260.97999996,1830181.6700000167,177531625.0,195.703685426846,195.70232129425537,68660354.16999999,68659875.58,478.5899999886751,35083833.0,168.3959389349762,167.53491957296913,358035796.81999993,356205136.55999994,1830660.2599999905,212615458.0,ok
2013-04-26,162.35886908890777,161.336147520422,288638993.23,286820815.23,1818178.0,177778396.0,195.07858980010116,195.07722498155255,68836878.68,68836397.08,481.6000000089407,35286742.0,167.77773936438163,166.92416959831317,357475871.91,355657212.31,1818659.6000000238,213065138.0,ok
2013-04-29,163.26832251128212,162.2631789750384,289274131.29,287493246.8,1780884.4900000095,177177132.0,194.87481348341157,194.87330205612847,68881858.57000001,68881324.33000001,534.2399999946356,35346722.0,168.52507759434855,167.68685699159212,358155989.86,356374571.13,1781418.730000019,212523854.0,ok
2013-04-30,164.83654878425114,163.81172628420262,291443634.84,289631670.22,1811964.6199999452,176807654.0,196.44785387351064,196.44633431844917,69749065.89999999,69748526.38,539.5199999958277,35505130.0,170.1229167340201,169.26922148974316,361192700.73999995,359380196.6,1812504.139999926,212312784.0,ok
2013-05-01,,,,,,,,,,,,,,,,,,,data unavailable: TWSE MI_MARGN total 20130501: missing tables (keys=stat; stat='很抱歉，沒有符合條件的資料')
2013-05-02,165.04920019680685,164.03458397383798,293180317.43000007,291378033.59000003,1802283.8400000334,177632074.0,197.18711031131042,197.1855854256845,70635781.00999999,70635234.77,546.2399999946356,35821703.0,170.4425677321231,169.5979679759895,363816098.44000006,362013268.36,1802830.080000043,213453777.0,ok
2013-05-03,164.4267133338577,163.40935528705532,291919906.53999996,290113709.36,1806197.1799999475,177538005.0,196.3404773790227,196.3389688062679,70655736.04,70655193.16,542.8800000101328,35986332.0,169.80530073253428,168.95914891425232,362575642.58,360768902.52,1806740.0600000024,213524337.0,ok
2013-05-06,165.3516693705692,164.34440295882058,294555509.36,292761176.88,1794332.480000019,178138818.0,196.4794859406336,196.4779911421878,70852563.69999999,70852024.66,539.0399999916553,36061049.0,170.59211015289753,169.7541677465187,365408073.06,363613201.53999996,1794871.5200000405,214199867.0,ok
2013-05-07,164.72788853311283,163.725128412251,293418251.9499999,291632105.57,1786146.3799999356,178122997.0,196.7424245141932,196.7409168287651,70967323.91999999,70966780.08,543.8399999886751,36071185.0,170.11926863167548,169.2851235567173,364385575.8699999,362598885.65,1786690.2199999094,214194182.0,ok
2013-05-08,165.81026655611984,164.79998564903423,294972211.17,293174947.34999996,1797263.8200000525,177897435.0,197.1379515459745,197.13643297850092,71098923.94,71098376.26,547.6799999922514,36065569.0,171.09085602013704,170.25061192821914,366071135.11,364273323.60999995,1797811.5000000596,213963004.0,ok
2013-05-09,166.41690204822595,165.40961588615417,295479130.70000005,293690658.28,1788472.4200000763,177553558.0,198.01209188740035,198.01066172062025,71649865.58,71649348.08,517.5,36184591.0,171.7657788268766,170.9287780722757,367128996.28000003,365340006.35999995,1788989.9200000763,213738149.0,ok
2013-05-10,165.89518924591056,164.88915950527218,295453882.39,293662176.47,1791705.919999957,178096715.0,197.71677887801533,197.7156307159583,71601945.16999999,71601529.37,415.7999999821186,36214400.0,171.27241746654153,170.43619312045485,367055827.55999994,365263705.84000003,1792121.7199999094,214311115.0,ok
2013-05-13,164.95596683401254,163.94969248664262,293976850.34000003,292183515.01,1793335.330000043,178215348.0,196.5075678916388,196.50642372981474,71227353.37,71226938.65,414.7199999988079,36246621.0,170.28856230915238,169.4521669061054,365204203.71000004,363410453.65999997,1793750.0500000715,214461969.0,ok
2013-05-14,164.5714896271312,163.590745639731,293778975.46000004,292028235.01,1750740.4500000477,178511464.0,196.57015324065577,196.56900681954318,71418259.25,71417842.73,416.5199999958277,36332199.0,169.98278171695483,169.1676974153992,365197234.71000004,363446077.74,1751156.9700000286,214843663.0,ok
2013-05-15,165.96117886291614,164.97797523270688,296474976.73,294718570.35,1756406.3799999952,178641161.0,197.96469788366448,197.96354820327852,72402901.87,72402481.39,420.4800000041723,36573643.0,171.39986271576376,170.5835495126999,368877878.6,367121051.74,1756826.8600000143,215214804.0,ok
2013-05-16,167.24291293441945,166.2415344942052,299502159.04999995,297708869.28,1793289.769999981,179082123.0,199.43740829788305,199.43623812907913,73198309.35999998,73197879.88,429.47999998927116,36702397.0,172.71881616438472,171.88756133201767,372700468.40999997,370906749.15999997,1793719.25,215784520.0,ok
2013-05-17,166.80354514538408,165.80837514642164,299628142.27,297840524.76,1787617.5099999905,179629361.0,200.1928216158508,200.19175054302855,74015842.54,74015446.54,396.0,36972276.0,172.5028443852435,171.67735962217128,373643984.81,371855971.3,1788013.5099999905,216601637.0,ok
2013-05-20,167.43466087666118,166.41674318664016,301672054.89,299838042.03000003,1834012.8599999547,180173002.0,200.59524434053162,200.59409203780208,74639428.3,74638999.54,428.75999999046326,37208972.0,173.11071210991946,172.26683274575473,376311483.19,374477041.57000005,1834441.6199999452,217381974.0,ok
2013-05-21,168.1278669732461,167.11874410069058,304619589.02000004,302791227.07,1828361.9500000477,181183283.0,201.14313738059755,201.1421479005133,75242667.39,75242297.25,370.14000000059605,37407524.0,173.77778215988747,172.94118152004444,379862256.41,378033524.32,1828732.0900000334,218590807.0,ok
2013-05-22,168.85787973316658,167.85402939483816,306839118.47,305014977.64,1824140.830000043,181714421.0,201.8192673680629,201.81828107193618,75929605.22999999,75929234.16,371.06999999284744,37622575.0,174.5117014824075,173.6798710419103,382768723.70000005,380944211.79999995,1824511.9000000954,219336996.0,ok
2013-05-23,166.2198004964796,165.23465061396067,304229190.3399999,302426087.76,1803102.5799999237,183028249.0,199.1683144687014,199.16734391688226,74748258.78999999,74747894.53999999,364.25,37530196.0,171.82631530159722,171.00863324458058,378977449.1299999,377173982.29999995,1803466.8299999237,220558445.0,ok
2013-05-24,165.3878132520183,164.41626085559153,302622638.15,300844914.96999997,1777723.1800000072,182977592.0,197.77599733071847,197.7751525960859,74277095.71000001,74276778.46000001,317.25,37556173.0,170.9034142050765,170.0971701226794,376899733.86,375121693.42999995,1778040.4300000668,220533765.0,ok
2013-05-27,166.76484842920317,165.7945034475336,306485653.18,304702322.83000004,1783330.3499999642,183783127.0,198.9344120489325,198.93326976297422,75133799.4,75133367.98,431.42000000178814,37768126.0,172.24883516230892,171.44371140613683,381619452.58000004,379835690.81000006,1783761.769999981,221551253.0,ok
2013-05-28,167.09466127590582,166.1421126232389,307758357.53999996,306003933.99,1754423.5499999523,184182041.0,200.0142812390354,200.01314149869464,75748976.56,75748544.91999999,431.6400000154972,37871784.0,172.7091772006179,171.9188934980066,383507334.09999996,381752478.90999997,1754855.1899999976,222053825.0,ok
2013-05-29,168.1548296474714,167.20725213411984,310836523.14,309084913.03,1751610.1100000143,184851380.0,201.59698082847348,201.59613123365938,76880673.83,76880349.83,324.0,38135826.0,173.8741894321955,173.08852367969484,387717196.96999997,385965262.85999995,1751934.1100000143,222987206.0,ok
2013-05-30,167.15307076535308,166.2219494304764,310879941.21000004,309148193.51,1731747.7000000477,185985181.0,201.24397107210984,201.24301143209604,77166169.57,77165801.60000001,367.96999998390675,38344587.0,172.98021312089088,172.20808390886404,388046110.78000003,386313995.11,1732115.6700000167,224329768.0,ok
2013-05-31,167.27510778392633,166.3463126807547,312915505.5,311178042.03000003,1737463.469999969,187066390.0,201.81988186249623,201.81862498799288,77948469.15,77947983.71000001,485.4399999976158,38622790.0,173.186846905997,172.4167838883548,390863974.65,389126025.74,1737948.9099999666,225689180.0,ok
2013-06-03,167.29645000773942,166.37907949180487,314719569.02,312993803.45,1725765.5699999928,188120889.0,203.0319867575062,203.03084755884302,79373623.36,79373178.0,445.35999999940395,39094147.0,173.44503221168864,172.68530655251178,394093192.38,392366981.45,1726210.9300000072,227215036.0,ok
2013-06-04,166.38075207433053,165.50870786497015,313291999.57,311649955.82,1642043.75,188298223.0,202.2606177301619,202.25943871133163,79616330.36,79615866.25999999,464.1000000089407,39363239.0,172.58447102918103,171.86300160015665,392908329.93,391265822.08,1642507.8500000238,227661462.0,ok
2013-06-05,165.91813720943838,165.0459936167156,313568448.59000003,311920185.67,1648262.9200000167,188989856.0,201.40033950026805,201.39921248104318,79722437.27,79721991.14999999,446.1200000047684,39584063.0,172.06288783104776,171.34158548508765,393290885.86,391642176.82,1648709.0400000215,228573919.0,ok
2013-06-06,164.52120720350436,163.64266623555136,312417669.81,310749363.78,1668306.030000031,189895075.0,201.21067737134965,201.20982756388904,80130773.97,80130435.53999999,338.43000000715256,39824315.0,170.8817195535823,170.15533574244643,392548443.78,390879799.31999993,1668644.4600000381,229719390.0,ok
2013-06-07,162.2970523559306,161.41755852053478,306769548.54,305107152.81,1662395.730000019,189017326.0,196.94660340938455,196.94568863356275,77753766.69,77753405.53999999,361.15000000596046,39479618.0,168.28378905146323,167.55609578305783,384523315.23,382860558.35,1662756.8799999952,228496944.0,ok
2013-06-10,163.76121796604127,162.88523044003728,309956998.29,308298983.85,1658014.4399999976,189273750.0,198.69974033151465,198.69878822554185,78536096.21000001,78535719.89,376.3200000077486,39525012.0,169.79685165429348,169.07202659601802,388493094.5,386834703.74,1658390.7599999905,228798762.0,ok
2013-06-11,162.9268559508529,162.0584568263367,308460220.78,306816129.73,1644091.0499999523,189324356.0,198.09309782689922,198.09214207863565,78329562.69,78329184.77000001,377.919999986887,39541793.0,169.0026179756273,168.28408927350807,386789783.46999997,385145314.5,1644468.969999969,228866149.0,ok
2013-06-12,,,,,,,,,,,,,,,,,,,data unavailable: TWSE MI_MARGN total 20130612: missing tables (keys=stat; stat='很抱歉，沒有符合條件的資料')
2013-06-13,159.6761489820806,158.79540276762683,302442252.08000004,300774032.56000006,1668219.519999981,189409786.0,193.59096934597818,193.59005393732386,76048344.36,76047984.76,359.59999999403954,39283002.0,165.501763195086,164.77214721786507,378490596.44000006,376822017.32000005,1668579.1200000048,228692788.0,ok
2013-06-14,158.27426825903387,157.37105675741347,298895642.34000003,297189957.74,1705684.6000000238,188846643.0,191.4427358695314,191.44158419919597,74554379.32,74553930.82,448.5,38943436.0,163.94481414618588,163.19582055195653,373450021.66,371743888.56,1706133.1000000238,227790079.0,ok
2013-06-17,159.77713365024314,158.87860126385146,302472423.64,300771421.36,1701002.2799999714,189308956.0,195.18604806315335,195.18487900304768,76183759.33000001,76183303.03,456.30000001192093,39031355.0,165.8297570462712,165.08461547553907,378656182.97,376954724.39,1701458.580000043,228340311.0,ok
2013-06-18,160.52231845596896,159.63200173834954,304469367.17,302780666.37,1688700.800000012,189674165.0,196.89007695448203,196.88891233831492,77339904.81,77339447.34,457.4699999988079,39280753.0,166.76176922305729,166.02400028375894,381809271.98,380120113.71000004,1689158.269999981,228954918.0,ok
2013-06-19,160.51812515487586,159.6633737112901,305131721.2,303506909.17999995,1624812.0200000405,190091755.0,197.06477220994762,197.06333484206132,77995466.11,77994897.22,568.890000000596,39578594.0,166.8161297172932,166.10842804092226,383127187.31,381501806.4,1625380.9100000262,229670349.0,ok
2013-06-20,158.103634269893,157.23093685668908,301144913.96000004,299482660.03000003,1662253.9300000072,190473113.0,194.32269196353997,194.3214731634348,77008411.65,77007928.65,483.0,39629140.0,164.34142676994998,163.6188189256887,378153325.61,376490588.68000007,1662736.9299999475,230102253.0,ok
2013-06-21,156.3413304782107,155.46189315430303,299347658.5,297663794.72,1683863.7799999714,191470584.0,191.89343412723485,191.89232934487336,75937029.22000001,75936592.03,437.190000012517,39572500.0,162.43060870846065,161.70161005555138,375284687.72,373600386.75,1684300.9700000286,231043084.0,ok
2013-06-24,155.09215774993126,154.19481867402206,298626083.29999995,296898279.28,1727804.019999981,192547507.0,191.37661589046215,191.37537370172092,75719394.37,75718902.89,491.4800000041723,39565646.0,161.27714988646073,160.53255808816658,374345477.66999996,372617182.16999996,1728295.5,232113153.0,ok
2013-06-25,152.7323420212474,151.81961352223445,292675951.42999995,290926919.90000004,1749031.5299999118,191626703.0,186.0112391020416,186.01013941228967,72828721.89,72828291.33,430.5600000023842,39152861.0,158.37826668222667,157.62020038741386,365504673.31999993,363755211.23,1749462.0899999142,230779564.0,ok
2013-06-26,155.53486176856717,154.57641495747112,297656918.1,295822677.72,1834240.3799999952,191376335.0,188.95661520587262,188.9554519439518,73791817.32,73791363.03999999,454.2800000011921,39052254.0,161.19906693522304,160.40285728608092,371448735.42,369614040.76,1834694.6600000262,230428589.0,ok
2013-06-27,156.75503273923994,155.78457922714662,300206502.55,298347956.45,1858546.1000000238,191513151.0,191.88838535074316,191.8872668445587,75204047.84,75203609.47999999,438.3600000143051,39191558.0,162.72340171001883,161.91761648436918,375410550.39,373551565.92999995,1858984.4600000381,230704709.0,ok
2013-06-28,157.5924754353578,156.64109144851543,300452683.05999994,298638853.62,1813829.439999938,190651668.0,191.7089273314853,191.70780251792098,74911814.28,74911374.75,439.5300000011921,39075809.0,163.39555992250763,162.6058115677647,375364497.3399999,373550228.37,1814268.9699999094,229727477.0,ok
2013-07-01,159.36204257676494,158.43170757322446,304469381.52,302691928.63,1777452.8899999857,191055145.0,195.22196522061824,195.22078629652052,76636592.35999998,76636129.56,462.7999999821186,39256132.0,165.47430019243043,164.7023381273684,381105973.88,379328058.19,1777915.6899999976,230311277.0,ok
2013-07-02,158.0480554545368,157.15591157692558,302677992.21,300969446.55999994,1708545.6500000358,191510102.0,194.6254540864008,194.62427265716474,76438103.9,76437639.9,464.0,39274464.0,164.27272528701076,163.532203648315,379116096.11,377407086.4599999,1709009.6500000954,230784566.0,ok
2013-07-03,155.91570305539543,154.98049240871438,298451191.34000003,296661027.0,1790164.3400000334,191418302.0,193.1350964741292,193.1339333682944,75852179.08,75851722.28,456.79999999701977,39274156.0,162.25210553697426,161.47591148385092,374303370.42,372512749.28,1790621.1400000453,230692458.0,ok
2013-07-04,154.4638031893623,153.52357445331896,296460292.2,294655723.88,1804568.3199999928,191928650.0,191.02688921194152,191.02581970672804,74743929.55,74743511.08,418.4699999988079,39127439.0,160.6554596143969,159.8742697319697,371204221.75,369399234.96,1804986.7900000215,231056089.0,ok
2013-07-05,156.16763715079915,155.2300413871613,298142920.28999996,296352936.5,1789983.7899999619,190912103.0,192.63908113032505,192.6380603887284,75631395.86,75630995.10999998,400.75000001490116,39260671.0,162.388587344392,161.61074359298465,373774316.15,371983931.61,1790384.5399999619,230172774.0,ok
2013-07-08,154.1281243297846,153.23682436597264,294430971.32,292728320.90999997,1702650.4100000262,191030010.0,191.13239946385823,191.13138444194203,74935464.1,74935066.15,397.94999998807907,39206050.0,160.42944594343734,159.68974932076233,369366435.41999996,367663387.05999994,1703048.3600000143,230236060.0,ok
2013-07-09,155.41647480451343,154.5018259178772,296414082.03,294669641.41999996,1744440.6100000143,190722433.0,191.9271880894144,191.9261689501701,75470374.69,75469973.94,400.75,39322399.0,161.65738368771525,160.89890485346785,371884456.71999997,370139615.35999995,1744841.3600000143,230044832.0,ok
2013-07-10,156.04989300725512,155.13292603254433,296705966.55,294962488.44,1743478.1100000143,190135322.0,191.6764712769554,191.6754510418768,75225073.82,75224673.41999999,400.40000000596046,39245857.0,162.14540442744868,161.38515089766804,371931040.37,370187161.86,1743878.5099999905,229381179.0,ok
2013-07-11,158.18372825393197,157.27677680959445,298227332.52,296517436.61,1709895.9099999666,188532244.0,193.55728444667776,193.55625394216645,76060824.07000001,76060419.12,404.95000000298023,39296286.0,164.28502461478374,163.53432808876045,374288156.59,372577855.73,1710300.8599999547,227828530.0,ok
2013-07-12,158.90708126925213,158.01294969418183,298541795.72,296861973.5,1679822.2200000286,187871927.0,194.47565307177604,194.47462166367902,77146682.94999999,77146273.8,409.1499999910593,39669070.0,165.1080392646781,164.369609095103,375688478.67,374008247.3,1680231.3700000048,227540997.0,ok
2013-07-15,160.19873264527732,159.30849109003415,299780534.0,298114621.39,1665912.6100000143,187130403.0,196.61870251528592,196.61767058643616,78557636.09,78557223.78999999,412.30000001192093,39954305.0,166.60662596884333,165.87283595511855,378338170.09000003,376671845.17999995,1666324.9100000858,227084708.0,ok
2013-07-16,160.48034301523126,159.59911589110132,300687509.21000004,299036378.71,1651130.5000000596,187367190.0,197.55759649821644,197.55656748746972,79223800.58,79223387.93,412.6499999910593,40101622.0,167.0168786875275,166.29082611993417,379911309.79,378259766.64,1651543.1500000358,227468812.0,ok
2013-07-17,159.79372039003607,158.9222827794855,300185295.24,298548229.93,1637065.3100000024,187858005.0,196.85694537741395,196.855932758108,79336152.22999999,79335744.13,408.09999999403954,40301424.0,166.34046163833975,165.62277338974232,379521447.47,377883974.06,1637473.4100000262,228159429.0,ok
2013-07-18,157.78649115011228,156.9163733266359,295300985.74,293672540.56,1628445.1800000072,187152261.0,194.59377595000407,194.5927776642529,78458492.2,78458089.7,402.5,40319117.0,164.31055248630005,163.5944853949933,373759477.94,372130630.26,1628847.6800000072,227471378.0,ok
2013-07-19,155.80520675617763,154.90585187841475,289873915.38,288200675.28,1673240.1000000238,186048927.0,192.13863820382127,192.13765902307728,77331828.45,77331434.35000001,394.09999999403954,40247932.0,162.26727381576248,161.52769916704855,367205743.83,365532109.63,1673634.199999988,226296859.0,ok
2013-07-22,156.9877091352987,156.06678833674218,292574742.3,290858441.28,1716301.0200000405,186367929.0,193.7406706485945,193.73968655386352,77725054.68,77724659.88,394.80000001192093,40118089.0,163.49786192099506,162.73989203165732,370299796.98,368583101.15999997,1716695.8200000525,226486018.0,ok
2013-07-23,159.06073379382323,158.1380110663578,296369751.59000003,294650489.4,1719262.1900000572,186324899.0,195.98356376342295,195.982544844461,79034397.59,79033986.69,410.90000000596046,40327054.0,165.63022917344995,164.87150061751288,375404149.18000007,373684476.09,1719673.090000093,226651953.0,ok
2013-07-24,159.02884247081408,158.11035183936107,298278200.72,296555458.29999995,1722742.4200000763,187562329.0,196.85682044466236,196.85567696626583,79673858.97,79673396.17,462.79999999701977,40472999.0,165.74276582705642,164.9870911537005,377952059.69000006,376228854.46999997,1723205.2200000882,228035328.0,ok
2013-07-25,159.39594758595643,158.47959313448413,299141307.72,297421568.46000004,1719739.2599999905,187671840.0,195.84141960824834,195.8402794242021,79217090.44999999,79216629.25,461.19999998807907,40449610.0,165.85831721216923,165.10424500194964,378358398.17,376638197.71000004,1720200.4599999785,228121450.0,ok
2013-07-26,159.12575258203796,158.20800947705186,298049954.62,296330978.99,1718975.6299999952,187304663.0,195.461460978682,195.46032406574327,78947032.64,78946573.44,459.20000000298023,40390076.0,165.57123318514618,164.81608405980782,376996987.26,375277552.43,1719434.8299999833,227694739.0,ok
2013-07-29,157.83755443371646,156.92343952469824,294957820.25,293249574.44,1708245.8100000024,186874297.0,193.88552733100252,193.88448247561342,78407396.44,78406973.9,422.53999999165535,40440046.0,164.25061954405578,163.4989431089265,373365216.69,371656548.34000003,1708668.3499999642,227314343.0,ok
2013-07-30,158.86298440277673,157.93752788769459,296863784.62,295134404.27,1729380.3500000238,186867813.0,195.1093571457144,195.10837063864483,79259518.03999999,79259117.28999999,400.75,40623125.0,165.33551005007502,164.57513642147802,376123302.65999997,374393521.55999994,1729781.1000000238,227490938.0,ok
2013-07-31,156.5646538469332,155.64042471263815,291209553.17999995,289490491.14,1719062.0399999619,185999551.0,193.23142966407087,193.23043588797327,78262750.16000001,78262347.66000001,402.5,40502081.0,163.12125439343413,162.3621143709905,369472303.34,367752838.8,1719464.5399999619,226501632.0,ok
2013-08-01,156.52373006556596,155.58512591181903,291449414.28,289701719.98,1747694.2999999523,186201424.0,193.6930506981097,193.69208552003914,78329868.71,78329478.39,390.31999999284744,40440206.0,163.15594049954544,162.38464150209296,369779282.98999995,368031198.37,1748084.6199999452,226641630.0,ok
2013-08-02,156.72805407018734,155.79668490565822,290844288.82000005,289115923.06,1728365.76000005,185572577.0,194.30875492394853,194.30779778618387,78824810.96000001,78824422.68,388.2800000011921,40566783.0,163.46959670355488,162.70513268455346,369669099.7800001,367940345.74,1728754.040000081,226139360.0,ok
2013-08-05,158.78351617444227,157.85116491417256,294677370.69,292947072.58000004,1730298.1099999547,185584359.0,196.22591960043138,196.2249894441976,79711301.21000001,79710923.36,377.8500000089407,40622208.0,165.50742839397762,164.74234187020753,374388671.9,372657995.94000006,1730675.959999919,226206567.0,ok
2013-08-06,157.73508003025353,156.78105825478278,293785829.63,292008938.40999997,1776891.2200000286,186252690.0,196.26738581896367,196.26642301621655,79843986.64,79843594.96,391.68000000715256,40681230.0,164.64256038497902,163.85938839376678,373629816.27,371852533.36999995,1777282.9000000358,226933920.0,ok
2013-08-07,155.22207010952386,154.31798144804725,288617064.18,286936018.34000003,1681045.8399999738,185938162.0,193.3492056039033,193.34827380252122,78609470.28,78609091.44,378.8400000035763,40656733.0,162.06302196702183,161.32098200182315,367226534.46000004,365545109.78000003,1681424.6800000072,226594895.0,ok
2013-08-08,156.043883825719,155.08804531296627,291696937.55,289910163.47,1786774.0799999833,186932631.0,194.42200738013838,194.4210795171593,79104563.80000001,79104186.28,377.52000001072884,40687042.0,162.903977702314,162.11882957498142,370801501.35,369014349.75,1787151.6000000238,227619673.0,ok
2013-08-09,156.13391570123815,155.21722067152763,292485718.92999995,290768473.80999994,1717245.1200000048,187330035.0,193.23486064455918,193.23388099295423,78702172.28999999,78701773.28999999,399.0,40728765.0,162.7597317972382,162.0065733486276,371187891.2199999,369470247.0999999,1717644.1200000048,228058800.0,ok
2013-08-12,156.71719941892624,155.75757056468248,292884254.27,291090831.58,1793422.6899999976,186887116.0,192.73444751045403,192.73335690863053,78226444.66,78226002.00999999,442.65000000596046,40587682.0,163.1436546786163,162.35505508175018,371110698.92999995,369316833.59,1793865.3399999738,227474798.0,ok
2013-08-13,158.31665844066745,157.3561960109758,294949646.74,293160270.58,1789376.1600000262,186303608.0,194.51377562549982,194.51258496145957,78905678.22,78905195.22,483.0,40565599.0,164.78892393713,163.99998515444184,373855324.96000004,372065465.79999995,1789859.1600000858,226869207.0,ok
2013-08-14,158.02615246228592,157.07964958081192,294790123.15,293024467.93,1765655.219999969,186545150.0,194.1495161614036,194.1481975829894,79042203.44,79041666.62,536.8199999928474,40712027.0,164.49747881449747,163.72030114146847,373832326.59,372066134.55,1766192.0399999619,227257177.0,ok
2013-08-15,157.76913385256861,156.82055061360484,294618296.7,292846911.06,1771385.6399999857,186740137.0,193.31799557068138,193.3163567497889,78748829.77000001,78748162.19,667.580000013113,40735385.0,164.13507844153887,163.3560701313612,373367126.47,371595073.25,1772053.2200000286,227475522.0,ok
2013-08-16,158.25792418598292,157.29255409078112,295310463.97,293509076.19,1801387.780000031,186600744.0,193.95484159441799,193.95302812994476,79059403.16,79058663.96000001,739.1999999880791,40761758.0,164.65770029659507,163.86507751836754,374369867.13,372567740.15,1802126.980000019,227362502.0,ok
2013-08-19,158.54086481274157,157.57265553396437,296763263.98,294950930.32,1812333.6600000262,187184083.0,194.39497355344153,194.39260183142224,79254743.24000001,79253776.29000002,966.9499999880791,40769955.0,164.95343119124743,164.15796354965207,376018007.22,374204706.61,1813300.6100000143,227954038.0,ok
2013-08-20,156.40142919456375,155.43920252075677,291827442.0,290032035.46000004,1795406.5399999619,186588731.0,190.41325811112947,190.41003560860105,77052754.7,77051450.68,1304.0199999958277,40466066.0,162.4630712823037,161.67175985275486,368880196.7,367083486.14000005,1796710.5599999428,227054797.0,ok
2013-08-21,,,,,,,,,,,,,,,,,,,data unavailable: TWSE MI_MARGN total 20130821: missing tables (keys=stat; stat='很抱歉，沒有符合條件的資料')
2013-08-22,157.2532667001837,156.2661200159563,294854070.58000004,293003144.21000004,1850926.3700000048,187502668.0,190.61736945412545,190.61321174171383,77032074.03999999,77030393.83000001,1680.2099999785423,40411886.0,163.16910793682794,162.35625656446672,371886144.62,370033538.0400001,1852606.5799999237,227914554.0,ok
2013-08-23,158.52889484961315,157.5527035360528,296868091.82,295040033.58,1828058.2400000095,187264342.0,191.98675189250628,191.9823606870122,77525615.44,77523842.24000001,1773.199999988079,40380711.0,164.46380113518217,163.6599921281839,374393707.26,372563875.82,1829831.4399999976,227645053.0,ok
2013-08-26,159.47829317386305,158.49849878012873,298795815.77,296960089.66999996,1835726.1000000238,187358298.0,192.4567623690894,192.45220188335202,77727370.19999999,77725528.35999998,1841.8400000035763,40386926.0,165.32649043388938,164.5196379749329,376523185.96999997,374685618.03,1837567.9399999976,227745224.0,ok
2013-08-27,156.81221039444046,155.83185967565342,293258179.36,291424802.57000005,1833376.7899999619,187012337.0,188.84371869186364,188.8389779645714,75889188.13,75887283.00999999,1905.1200000047684,40186239.0,162.47785262967494,161.67006503597102,369147367.49,367312085.58000004,1835281.9099999666,227198576.0,ok
2013-08-28,156.27935438945602,155.2915494353857,291561969.59000003,289719075.12,1842894.4700000286,186564611.0,188.1384901630993,188.1335157103647,75310951.47999999,75308960.22999999,1991.25,40029529.0,161.9075061120292,161.09332542756846,366872921.07000005,365028035.35,1844885.7200000286,226594140.0,ok
2013-08-29,157.92075555574823,156.99788157667712,294692957.77,292970799.96,1722157.8100000024,186608123.0,190.32270491099024,190.31737113364497,76001305.01,75999175.08,2129.9300000071526,39932863.0,163.63231630853764,162.87117909869076,370694262.78,368969975.03999996,1724287.7400000095,226540986.0,ok
2013-08-30,160.01031418518136,159.05183732503752,298704913.57000005,296915642.99,1789270.580000043,186678537.0,191.40379506237255,191.39808158403653,76214074.2,76211799.18,2275.0199999958277,39818476.0,165.52932985919776,164.73835006821923,374918987.77000004,373127442.17,1791545.6000000238,226497013.0,ok
2013-09-02,160.46324457480006,159.50964716270664,299604375.51,297823893.27000004,1780482.23999995,186712151.0,192.6429561419022,192.63718975617357,76905033.05000001,76902731.05,2302.000000014901,39921020.0,166.13164211517827,165.34500341082023,376509408.56,374726624.32000005,1782784.23999995,226633171.0,ok
2013-09-03,161.75800648845419,160.80629414931897,302412448.77,300633188.1,1779260.669999957,186953620.0,194.04741023690045,194.04155493088388,77490630.84,77488292.59,2338.25,39933865.0,167.44117887771554,166.65594432852922,379903079.61,378121480.69000006,1781598.919999957,226887485.0,ok
2013-09-04,161.24777360158123,160.2951768411242,301038305.97,299259874.5,1778431.4700000286,186693000.0,194.3158230184595,194.30957086848701,77817704.28,77815200.48,2503.7999999970198,40047024.0,167.088281798012,166.30282926140998,378856010.25,377075074.98,1780935.269999981,226740024.0,ok
2013-09-05,162.74120878440334,161.81913575267635,302989912.79,301273206.68,1716706.1100000143,186178974.0,195.92515404578523,195.91860887010796,78790330.87,78787698.76,2632.109999999404,40214505.0,168.63570688800627,167.87626000482106,381780243.66,380060905.44,1719338.2200000286,226393479.0,ok
2013-09-06,162.86362861841704,161.99225931348568,302367803.53,300750045.01,1617758.519999981,185657047.0,197.0177617959045,197.0112669497109,79508484.00999999,79505862.94999999,2621.060000002384,40355998.0,168.9620559468149,168.24511521447798,381876287.53999996,380255907.96,1620379.5799999833,226013045.0,ok
2013-09-09,161.49440198470688,160.59476769447494,298660838.3,296997093.13,1663745.1700000167,184935722.0,194.822783546088,194.81590039552427,78487833.99000001,78485060.99000001,2773.0,40286784.0,167.4560322537216,166.71608925264334,377148672.29,375482154.12,1666518.1700000167,225222506.0,ok
2013-09-10,160.83686149766655,159.9155519616306,296267028.45000005,294569944.61,1697083.8400000334,184203438.0,192.745191193436,192.73811199314287,77409005.31,77406162.21000001,2843.0999999940395,40161316.0,166.54845607345263,165.790793869522,373676033.76000005,371976106.82000005,1699926.9399999976,224364754.0,ok
2013-09-11,161.04073719933496,160.08986167793785,296234047.97,294484914.74,1749133.230000019,183949759.0,192.95941171269232,192.95189089234538,77447306.72,77444288.12,3018.5999999940395,40136579.0,166.7577586501503,165.9758493889083,373681354.69000006,371929202.86,1752151.830000043,224086338.0,ok
2013-09-12,161.8379157095471,160.90270258587174,298910432.24,297183117.86,1727314.3799999952,184697406.0,193.86963524809326,193.86232302935832,77815968.05000001,77813033.05000001,2935.0,40138296.0,167.55630753429008,166.78674586565438,376726400.29,374996150.91,1730249.3799999952,224835702.0,ok
2013-09-13,159.98312312324333,159.06413859965042,295776990.01,294077970.32,1699019.6899999976,184880120.0,193.4878836764299,193.48059583234013,77577610.61,77574688.6,2922.0100000053644,40094299.0,165.95424594473562,165.1977414018791,373354600.62,371652658.91999996,1701941.7000000477,224974419.0,ok
2013-09-16,160.99374300712694,160.06040011224914,295679999.16,293965828.03,1714171.1300000548,183659311.0,195.00180308922728,194.99461180538614,78470552.73,78467658.89,2893.8400000035763,40240937.0,167.10591222301818,166.33902384958498,374150551.89000005,372433486.91999996,1717064.9700000882,223900248.0,ok
2013-09-17,160.7494955319712,159.83138709234242,295394722.95,293707598.6,1687124.3499999642,183760902.0,194.69757377594544,194.69036641205884,78096609.89,78093718.89,2891.0,40111753.0,166.83204692417658,166.07714662159162,373491332.84,371801317.49,1690015.3499999642,223872655.0,ok
2013-09-18,161.13034869430126,160.20892001024075,295621537.28999996,293931016.75,1690520.5399999619,183467323.0,195.77583126037544,195.77212728226596,78321366.43,78319884.63000001,1481.7999999970198,40005636.0,167.33250653382183,166.5753669015498,373942903.71999997,372250901.38,1692002.3399999738,223472959.0,ok
2013-09-19,,,,,,,,,,,,,,,,,,,data unavailable: TWSE MI_MARGN total 20130919: missing tables (keys=stat; stat='很抱歉，沒有符合條件的資料')
2013-09-20,,,,,,,,,,,,,,,,,,,data unavailable: TWSE MI_MARGN total 20130920: missing tables (keys=stat; stat='很抱歉，沒有符合條件的資料')
2013-09-23,162.91306281891906,161.98514769554825,298816381.22,297114392.23,1701988.9900000095,183420762.0,197.68160170460868,197.67753043824717,79226243.24,79224611.57,1631.6700000017881,40077702.0,169.14775059035753,168.38549897148286,378042624.46000004,376339003.8,1703620.6600000262,223498464.0,ok
2013-09-24,163.51167426986046,162.58126395072375,299489205.65999997,297785059.15999997,1704146.5,183160748.0,198.147513500296,198.14285457802964,79794088.89,79792212.74000001,1876.1499999910593,40270043.0,169.75426388299363,168.99070634360328,379283294.54999995,377577271.9,1706022.6499999762,223430791.0,ok
2013-09-25,163.54106889529592,162.5996433947691,300004031.37,298277055.71,1726975.6600000262,183442626.0,199.11172891035835,199.10631779388487,80805755.86,80803559.86,2196.0,40583122.0,169.9848301499701,169.21296723892647,380809787.23,379080615.57,1729171.6600000262,224025748.0,ok
2013-09-26,161.45739198841062,160.50882935720006,295965722.4,294226922.95,1738799.449999988,183308871.0,197.09142260169384,197.0856561335989,79990884.23,79988543.87,2340.359999999404,40585675.0,167.91682215876756,167.1391614961447,375956606.63,374215466.82,1741139.8100000024,223894546.0,ok
2013-09-27,161.57447842358323,160.61522466697028,295737027.4,293981262.15,1755765.25,183034493.0,197.3751317785319,197.36887864311373,80005743.21000001,80003208.50999999,2534.7000000178814,40534865.0,168.0654155700532,167.2789482447769,375742770.61,373984470.65999997,1758299.9500000477,223569358.0,ok
2013-09-30,161.5220970956059,160.56680558066444,296295936.24,294543550.65999997,1752385.580000043,183439877.0,197.89776081949233,197.89081960258918,80408242.91,80405422.61,2820.2999999970198,40631204.0,168.11816030378324,167.33483481967045,376704179.15,374948973.27,1755205.8799999952,224071081.0,ok
2013-10-01,162.02513123397816,161.1214274638176,298345054.79,296681019.41,1664035.3799999952,184135049.0,198.99633630352074,198.98923739910714,81065678.78999999,81062786.89,2891.8999999910593,40737272.0,168.7227364812053,167.9814592655003,379410733.58000004,377743806.3,1666927.280000031,224872321.0,ok
2013-10-02,162.5148633581784,161.57369357821315,300166564.77,298428214.85,1738349.919999957,184700992.0,200.16164597070744,200.154275289061,82121145.16,82118121.16,3024.0,41027413.0,169.3573788066238,168.5859322888495,382287709.92999995,380546336.01,1741373.919999957,225728405.0,ok
2013-10-03,163.99642442865806,163.05708758005366,302653249.65,300919715.82,1733533.8299999833,184548688.0,201.30364017647526,201.29608244937697,83079238.24000001,83076119.12,3119.1200000047684,41270609.0,170.8146704087915,170.04562499368689,385732487.89,383995834.94,1736652.949999988,225819297.0,ok
2013-10-04,164.39976048489348,163.45395281899738,304436798.24,302685344.0,1751454.2400000095,185180804.0,202.81863452007732,202.81102865609273,84664827.81,84661652.81,3175.0,41744107.0,171.46712731331644,170.6939071180246,389101626.05,387346996.81,1754629.2400000095,226924911.0,ok
2013-10-07,163.30844336497702,162.35501109557836,303079226.09000003,301309779.83000004,1769446.2599999905,185586991.0,201.1501642120391,201.14197145204554,83822143.84,83818729.8,3414.0400000065565,41671427.0,170.24732167677067,169.46721402856903,386901369.93000007,385128509.63000005,1772860.300000012,227258418.0,ok
2013-10-08,163.7592259344871,162.79553987935927,304837851.48,303043949.58000004,1793901.8999999762,186150032.0,201.0530118559524,201.04478512896122,84146178.22999999,84142735.11999999,3443.109999999404,41852732.0,170.60496236352645,169.8166627050188,388984029.71000004,387186684.70000005,1797345.0099999905,228002764.0,ok
2013-10-09,162.3640599176978,161.39804250940605,301817118.92999995,300021397.69,1795721.23999995,185889118.0,198.88185987831844,198.8732149413409,83246871.08,83243252.53,3618.5499999970198,41857448.0,169.07565140191835,168.28558908765282,385063990.00999993,383264650.22,1799339.7899999022,227746566.0,ok
2013-10-10,,,,,,,,,,,,,,,,,,,data unavailable: TWSE MI_MARGN total 20131010: missing tables (keys=stat; stat='很抱歉，沒有符合條件的資料')
2013-10-11,161.9091313584067,160.9446393964401,300633171.4,298842300.96000004,1790870.439999938,185680183.0,198.1709700953629,198.16173401627026,82738460.81,82734604.65,3856.1599999964237,41751050.0,168.5659560268048,167.7768266814963,383371632.21,381576905.61,1794726.5999999642,227431233.0,ok
2013-10-14,159.49564710424505,158.51751900006673,293958469.94000006,292155730.83000004,1802739.1100000143,184305011.0,193.10917452568881,193.09971242075957,79704917.69,79701012.25,3905.439999997616,41274537.0,165.64595103719248,164.8450608119846,373663387.63000005,371856743.08000004,1806644.550000012,225579548.0,ok
2013-10-15,161.82588127110878,160.84597676302835,299089024.39,297277950.15999997,1811074.230000019,184821502.0,197.13304130414343,197.1229863789139,81869539.33,81865363.51,4175.819999992847,41530095.0,168.303899229834,167.50193888404505,380958563.71999997,379143313.66999996,1815250.050000012,226351597.0,ok
2013-10-16,160.93150728449663,159.9595742841906,297767499.58,295969156.52,1798343.0600000024,185027472.0,196.96386493488887,196.95386383638137,82066221.41,82062054.39,4167.019999995828,41665623.0,167.55416436040983,166.759032034037,379833720.99,378031210.90999997,1802510.080000043,226693095.0,ok
2013-10-17,162.05130103014943,161.07885649256622,300034580.78000003,298234120.14,1800460.6400000453,185147900.0,198.6150527042114,198.60489695564797,82959626.63,82955384.66999999,4241.960000008345,41769053.0,168.78166322372573,167.98634908957197,382994207.41,381189504.80999994,1804702.6000000834,226916953.0,ok
2013-10-18,164.07940392581855,163.1105005796429,304137279.57,302341322.12,1795957.449999988,185359815.0,200.64101991660132,200.63023801980674,84344657.35000001,84340124.9,4532.45000000298,42037594.0,170.8383304050751,170.04654921991656,388481936.92,386681447.02,1800489.9000000358,227397409.0,ok
2013-10-21,163.34145656170003,162.37638275306944,303422841.43,301630121.78999996,1792719.6400000453,185759848.0,201.22498406592294,201.2146154301674,85189335.5,85184945.9,4389.5999999940395,42335367.0,170.37278792981257,169.5849111477415,388612176.93,386815067.68999994,1797109.2400000691,228095215.0,ok
2013-10-22,163.64388796295307,162.68745998066677,304279145.81,302500765.37,1778380.4399999976,185939817.0,200.60981183667116,200.59946593982835,85184204.15,85179811.00999999,4393.140000015497,42462631.0,170.516276585617,169.7357360985903,389463349.96000004,387680576.38,1782773.580000043,228402448.0,ok
2013-10-23,162.474710542277,161.52624369912158,302768414.21999997,301000964.99,1767449.2299999595,186348025.0,199.9668652680499,199.95657934148497,85199790.3,85195407.78,4382.519999995828,42606954.0,169.4517438382504,168.6778660402052,387968204.52,386196372.77,1771831.75,228954979.0,ok
2013-10-24,163.9729160321733,163.02665471451104,306402562.03999996,304634362.15,1768199.8899999857,186861690.0,201.03743618928033,201.02725634930917,86268929.30000001,86264560.94,4368.360000014305,42911873.0,170.89498296198678,170.12354162345474,392671491.34,390898923.09,1772568.25,229773563.0,ok
2013-10-25,163.16668051882635,162.2189307229212,305747495.53,303971568.45000005,1775927.0799999237,187383536.0,200.81517127403959,200.80499380584934,86263482.32,86259110.42,4371.899999991059,42956656.0,170.18783150532408,169.41493166333737,392010977.84999996,390230678.87000006,1780298.9799998999,230340192.0,ok
2013-10-28,163.1148853578021,162.16259123910842,305823733.18,304038279.07,1785454.1100000143,187489776.0,200.17214254799964,200.16207085164223,86257078.72,86252738.67999999,4340.0400000065565,43091450.0,170.04021476579362,169.26400493247442,392080811.9,390291017.75,1789794.1499999762,230581226.0,ok
2013-10-29,163.59586900149623,162.6360517951886,308110337.91999996,306302654.11,1807683.8099999428,188336258.0,200.0303457291558,200.02021420154801,86311629.96,86307258.28,4371.679999992251,43149268.0,170.38731306250222,169.60451876805462,394421967.87999994,392609912.39,1812055.48999995,231485526.0,ok
2013-10-30,164.06642764253564,163.09741344678378,309505122.24,307677113.53999996,1828008.7000000477,188646225.0,201.1835948237223,201.17350162854999,87280857.05,87276478.25,4378.79999999702,43383685.0,171.0063927922051,170.21667240658755,396785979.29,394953591.78999996,1832387.5000000596,232029910.0,ok
2013-10-31,163.44406612918186,162.52410016879156,307718192.89,305986161.44,1732031.449999988,188271254.0,199.9335694019658,199.92348166543366,86856042.91999999,86851660.56,4382.359999984503,43442451.0,170.2852387647938,169.53585978006782,394574235.80999994,392837822.0,1736413.8099999428,231713705.0,ok
2013-11-01,162.23828249476415,161.26352189036155,304839919.81000006,303008379.56,1831540.2500000596,187896417.0,198.6995160213522,198.68941144455988,86248837.25,86244451.19,4386.060000002384,43406667.0,169.0806496380308,168.2869177611138,391088757.06000006,389252830.75,1835926.310000062,231303084.0,ok
2013-11-04,162.09832852001452,161.1062004400251,303899359.22,302039333.33000004,1860025.8899999857,187478404.0,196.71632104072768,196.70650670998015,85429812.43,85425550.27000001,4262.159999996424,43427923.0,168.6091397790066,167.80176127438898,389329171.65000004,387464883.6,1864288.050000012,230906327.0,ok
2013-11-05,160.25463300454078,159.26451125941657,300644729.90000004,298787218.02,1857511.8800000548,187604392.0,194.3792207679983,194.36935665178822,84128321.97,84124052.73,4269.239999994636,43280512.0,166.65145499075157,165.8450873643952,384773051.87,382911270.75,1861781.1200000048,230884904.0,ok
2013-11-06,160.277950890464,159.2811510197086,300008172.31,298142362.90999997,1865809.4000000358,187179940.0,193.99728472876637,193.9875010656036,83881333.6,83877103.30000001,4230.299999982119,43238406.0,166.60544291468872,165.79385836317041,383889505.90999997,382019466.21,1870039.699999988,230418346.0,ok
2013-11-07,160.47481170177008,159.49193284147563,300818316.64,298975859.49,1842457.1499999762,187455161.0,194.3566270055397,194.3467308108495,84193493.02,84189206.08,4286.939999997616,43319075.0,166.83483231637692,166.03459390068136,385011809.65999997,383165065.57,1846744.0899999738,230774236.0,ok
2013-11-08,159.2126061949117,158.27340198546693,297621149.51,295865465.44,1755684.0699999928,186933156.0,192.01465643410432,192.0047566831235,83080431.11,83076147.71000001,4283.399999991059,43267755.0,165.37796439041895,164.61342898421455,380701580.62,378941613.15,1759967.4700000286,230200911.0,ok
2013-11-11,158.48100768799168,157.47205943082693,296152428.94000006,294267013.89,1885415.0500000715,186869350.0,191.1283020297718,191.11844564870592,82374354.4,82370106.4,4248.0,43098983.0,164.59952481370556,163.77781904867743,378526783.34000003,376637120.28999996,1889663.0500000715,229968333.0,ok
2013-11-12,157.30359698997563,156.26798347221523,290620276.78999996,288706968.43,1913308.3599999547,184751196.0,188.17138459574255,188.16147747880834,80147869.83,80143650.09,4219.739999994636,42593017.0,163.086687682699,162.24324061417826,370768146.61999995,368850618.52,1917528.0999999642,227344213.0,ok
2013-11-13,156.43169992211992,155.38888261965363,288586955.17999995,286663154.12,1923801.0599999428,184481122.0,187.2165111102117,187.2066041562313,79607543.98,79603331.38,4212.600000008941,42521647.0,162.19824136154037,161.3489064972595,368194499.15999997,366266485.5,1928013.6599999666,227002769.0,ok
2013-11-14,158.04411910602838,156.96163789570556,291954096.78,289954434.75,1999662.0299999714,184729491.0,189.44560549976052,189.435781704422,80479997.96000001,80475824.63,4173.330000013113,42481850.0,163.9152751358481,163.0333493696514,372434094.74,370430259.38,2003835.3600000143,227211341.0,ok
2013-11-15,158.84061967176547,157.73502932640596,293697255.64,291653012.48,2044243.1599999666,184900598.0,190.1776235264086,190.167461972637,80893233.17,80888910.89,4322.280000001192,42535621.0,164.7013349311791,163.8006140833708,374590488.81,372541923.37,2048565.4399999976,227436219.0,ok
2013-11-18,158.15064516352956,157.05083678216107,291846229.90999997,289816678.09,2029551.8199999928,184536857.0,189.17654970735046,189.16648922947917,80372521.68,80368247.44,4274.240000009537,42485457.0,163.956901430403,163.0610308773436,372218751.59,370184925.53,2033826.0600000024,227022314.0,ok
2013-11-19,159.87168235662733,158.7546124246589,295314509.62,293251061.27,2063448.3500000238,184719711.0,191.21844254855947,191.20843518428032,81516624.75,81512358.6,4266.1500000059605,42630106.0,165.74947776184047,164.83999187472403,376831134.37,374763419.87,2067714.5,227349817.0,ok
2013-11-20,159.56612127607232,158.45580938264146,296115630.58000004,294055163.71,2060466.8700000644,185575502.0,191.016489252769,191.00650544277542,81622646.68,81618380.53,4266.1500000059605,42730681.0,165.4524955462989,164.54812537424797,377738277.26000005,375673544.24,2064733.0200000405,228306183.0,ok
2013-11-21,157.87228608141137,156.79542917420198,294012504.75,292007026.75,2005478.0,186234400.0,189.64209141535363,189.63223370530474,81316488.25,81312261.37,4226.879999995232,42878924.0,163.81805581939878,162.9408895136976,375328993.0,373319288.12,2009704.8799999952,229113324.0,ok
2013-11-22,157.8099032431659,156.67514072963257,293621325.33,291509984.62,2111340.7099999785,186060139.0,189.11512930228005,189.10531593332135,81112944.60000001,81108735.57000001,4209.030000001192,42890775.0,163.67450270585073,162.75048379584106,374734269.93,372618720.19,2115549.7400000095,228950914.0,ok
2013-11-25,159.43371087420334,158.28555340955862,297025577.32,294886555.83,2139021.4900000095,186300360.0,190.5468523563388,190.5370254951301,81674339.32,81670127.22,4212.0999999940395,42863127.0,165.2531655882859,164.31792340897655,378699916.64,376556683.04999995,2143233.5900000334,229163487.0,ok
2013-11-26,161.01149015607123,159.8612799867982,299967198.1,297824336.61,2142861.4900000095,186301734.0,193.47930873583837,193.46942231081724,83145949.05,83141700.45,4248.5999999940395,42974078.0,167.09706261993307,166.16058786872816,383113147.15000004,380966037.06,2147110.0900000334,229275812.0,ok
2013-11-27,161.80885576879655,160.6526694038266,301296065.0,299143189.0,2152876.0,186204929.0,195.13246993110502,195.1221444888502,83800372.91,83795938.61,4434.29999999702,42945376.0,168.05408044732908,167.11264146473644,385096437.90999997,382939127.61,2157310.2999999523,229150305.0,ok
2013-11-28,162.9278146278717,161.78664418610003,303581176.28999996,301454848.96,2126327.3299999833,186328637.0,196.44246952629848,196.43243634704265,84685299.61,84680974.36,4325.25,43109466.0,169.22493292232284,168.29629354109503,388266475.9,386135823.32,2130652.5799999833,229438103.0,ok
2013-11-29,163.8550285064957,162.74628758768966,305562529.82000005,303494911.37,2067618.4500000477,186483462.0,197.254363702523,197.24429812086123,85119206.97,85114863.47,4343.5,43152002.0,170.13127240224537,169.22898931673726,390681736.7900001,388609774.84000003,2071961.9500000477,229635464.0,ok
2013-12-02,164.46735592450125,163.3664540989939,307626776.79,305567602.93,2059173.8600000143,187044277.0,198.59229389828246,198.5821933888936,85974329.62,85969956.92,4372.70000000298,43291876.0,170.88116706108224,169.98528227134193,393601106.41,391537559.85,2063546.5600000024,230336153.0,ok
2013-12-03,164.94633570443287,163.84734313232195,309422671.15,307361072.04999995,2061599.1000000238,187589903.0,198.63012291903593,198.62025232740405,86377794.91,86373502.50999999,4292.4000000059605,43486755.0,171.2853515736756,170.39132293491969,395800466.05999994,393734574.55999994,2065891.5,231076658.0,ok
2013-12-04,164.6395309440807,163.54655486704678,309774503.13,307718033.95,2056469.1800000072,188153174.0,198.81424644578075,198.80436071188427,87059494.06,87055165.16,4328.9000000059605,43789364.0,171.09151284271968,170.20301774485196,396833997.19,394773199.11,2060798.0799999833,231942538.0,ok
2013-12-05,163.5681266418434,162.47847608187783,309004005.11,306945496.56,2058508.550000012,188914559.0,198.56261942564302,198.55277072728904,87202687.99000001,87198362.74000001,4325.25,43916971.0,170.1688311286706,169.28285413062397,396206693.1,394143859.3,2062833.800000012,232831530.0,ok
2013-12-06,163.9356770135362,162.83167532380727,310382933.71000004,308292703.63,2090230.080000043,189332145.0,199.97060338488012,199.96074614703096,88337322.0,88332967.55,4354.45000000298,44175154.0,170.7528019113441,169.85579160846703,398720255.71000004,396625671.18,2094584.530000031,233507299.0,ok
2013-12-09,163.62026762350848,162.51564925887118,310045031.75,307951883.75,2093148.0,189490603.0,198.77378598885483,198.7639222260365,87897648.9,87893287.15,4361.75,44219940.0,170.27159987814497,169.3741180088739,397942680.65,395845170.9,2097509.75,233710543.0,ok
2013-12-10,163.67275593691656,162.56991093589005,310798860.76,308704663.91,2094196.8499999642,189890406.0,197.95712741790726,197.9474658564876,87498891.32,87494620.82,4270.5,44200930.0,170.14630224503483,169.24987122547756,398297752.08,396199284.73,2098467.3499999642,234091336.0,ok
2013-12-11,162.18433180272015,161.08552053041035,307944129.82,305857784.75,2086345.0699999928,189872922.0,196.68909233946422,196.67944532183006,86920639.13,86916375.93,4263.199999988079,44191896.0,168.6988981616195,167.80572323346775,394864768.95,392774160.68,2090608.269999981,234064818.0,ok
2013-12-12,161.90043622695444,160.80199438502456,308289190.04,306197548.08,2091641.9600000381,190418999.0,196.62406982541071,196.61446629292783,87061162.38,87056910.13,4252.25,44277978.0,168.4514037946045,167.55838240302515,395350352.42,393254458.21,2095894.2100000381,234696977.0,ok
2013-12-13,162.57917228182325,161.47794737538982,310495122.54,308391993.6,2103128.9399999976,190980873.0,197.41127580665372,197.40176255202937,87873369.28999999,87869134.67,4234.619999989867,44512842.0,169.16310986473675,168.2682394602336,398368491.83000004,396261128.27000004,2107363.5600000024,235493715.0,ok
2013-12-16,161.64362527910055,160.5570933503766,308920552.65,306844058.49,2076494.1599999666,191112116.0,196.70207480867802,196.6922048712783,88235888.92,88231461.5,4427.420000001788,44857630.0,168.30820403985177,167.42634455774683,397156441.57,395075519.99,2080921.5799999833,235969746.0,ok
2013-12-17,162.55000073632567,161.46554204842417,311048434.93,308973263.13,2075171.800000012,191355542.0,198.09373865765238,198.0840939836557,89191408.69,89187066.19,4342.5,45024850.0,169.32023855007398,168.44050640207078,400239843.62,398160329.32,2079514.300000012,236380392.0,ok
2013-12-18,163.31381728898685,162.2200827602964,313589822.20000005,311489669.12,2100153.080000043,192016712.0,199.1081660693203,199.098603459156,89702270.71000001,89697962.56,4308.1500000059605,45052030.0,170.11609776458852,169.22839691788639,403292092.9100001,401187631.68,2104461.2300000787,237068742.0,ok
2013-12-19,163.63401408787553,162.52641132140496,314661883.0,312532005.70000005,2129877.2999999523,192296134.0,199.39614548029496,199.38775796848444,89905604.41,89901822.57000001,3781.839999988675,45088938.0,170.42667594953062,169.52785820921378,404567487.40999997,402433828.27000004,2133659.139999926,237385072.0,ok
2013-12-20,163.96084909091527,162.84601112035404,315928342.46,313780214.33,2148128.129999995,192685232.0,199.65358343045287,199.64852299062542,90226896.38,90224609.47999999,2286.9000000059605,45191724.0,170.74173373901758,169.8377306501265,406155238.84,404004823.80999994,2150415.030000031,237876956.0,ok
2013-12-23,164.37139900545523,163.24868307769066,317881461.42,315710216.41,2171245.0099999905,193392198.0,200.1420383867042,200.13689697948277,90763317.63,90760986.03,2331.5999999940395,45349452.0,171.16610321240555,170.25567279106937,408644779.05,406471202.44000006,2173576.6099999547,238741650.0,ok
2013-12-24,164.98660484922567,163.84699649401728,319495827.75,317288981.23,2206846.519999981,193649556.0,201.72917946348727,201.72413357868226,92219445.4,92217138.69999999,2306.7000000178814,45714480.0,172.00381478778206,171.08088866365873,411715273.15,409506119.93,2209153.219999969,239364036.0,ok
2013-12-25,165.09097532061125,163.95424906459476,320534408.79999995,318327383.99,2207024.809999943,194156227.0,202.92740220813695,202.9224636847922,93427934.25999999,93425660.56,2273.699999988079,46040078.0,172.343343524789,171.4235548086387,413962343.05999994,411753044.55,2209298.509999931,240196305.0,ok
2013-12-26,165.4809434042783,164.34742200121525,321499423.34999996,319297197.1,2202226.2499999404,194281841.0,203.80252458153473,203.79759104802204,94409065.73,94406780.33,2285.4000000059605,46323796.0,172.85899626699103,171.94276185225036,415908489.08,413703977.43,2204511.649999976,240605637.0,ok
2013-12-27,166.4211987738464,165.31543498796944,323456235.28,321307072.83,2149162.449999988,194359996.0,205.2395949127416,205.23464567363519,95241665.94,95239369.24000001,2296.699999988079,46405113.0,173.90306384468687,173.0094712643766,418697901.21999997,416546442.07,2151459.149999976,240765109.0,ok
2013-12-30,167.65793122249667,166.56200885554085,326213820.65999997,324081472.85,2132347.809999943,194571064.0,206.9818794743195,206.9782475659379,96816620.67999999,96814921.84,1698.8399999886751,46775409.0,175.27931362808852,174.39508829698127,423030441.34,420896394.69000006,2134046.6499999166,241346473.0,ok
2013-12-31,167.6980726594119,166.61877977802283,326132601.05,324033634.79999995,2098966.2500000596,194476058.0,206.9039808778012,206.90028220089357,97026808.7,97025074.22,1734.4800000041723,46894607.0,175.31517748853202,174.4448560142965,423159409.75,421058709.02,2100700.730000019,241370665.0,ok
2014-01-01,,,,,,,,,,,,,,,,,,,data unavailable: TWSE MI_MARGN total 20140101: missing tables (keys=stat; stat='很抱歉，沒有符合條件的資料')
2014-01-02,168.2158141529766,167.13541013554968,327952395.63,325846047.38,2106348.25,194959313.0,208.61792117621962,208.6142289811931,98314195.28,98312455.28,1740.0,47126438.0,176.08082638040102,175.21002409596588,426266590.90999997,424158502.65999997,2108088.25,242085751.0,ok
2014-01-03,167.88049931280412,166.79070362398042,328547665.46000004,326414899.41,2132766.050000012,195703293.0,208.8977710164977,208.8940964871259,99180878.53999999,99179133.94,1744.5999999940395,47478189.0,175.88861638732837,175.0108724767127,427728544.0,425594033.35,2134510.649999976,243181482.0,ok
2014-01-06,165.92139719534072,164.80535445513055,325114585.5,322927756.2,2186829.300000012,195944942.0,207.0123886328952,207.00878911648087,98606921.13,98605206.56,1714.5699999928474,47633343.0,173.9570120669829,173.05851494931085,423721506.63,421532962.76,2188543.870000005,243578285.0,ok
2014-01-07,167.1257580426542,166.00982272687816,329563702.08000004,327363133.01,2200569.0700000525,197195038.0,208.77378394517282,208.77013956120734,99761471.21000001,99759729.75999999,1741.4500000178814,47784482.0,175.24941402856862,174.3504366283353,429325173.2900001,427122862.77,2202310.5200001,244979520.0,ok
2014-01-08,167.99015535978182,166.8613251086389,332739484.96,330503601.58,2235883.379999995,198070824.0,209.58751336258632,209.58389265658934,100987590.85,100985846.25,1744.5999999940395,48183973.0,176.12939162764815,175.2207279154038,433727075.80999994,431489447.83,2237627.9799999595,246254797.0,ok
2014-01-09,166.98632217752782,165.85352418912345,331570674.69,329321373.14,2249301.550000012,198561577.0,206.91303848937022,206.90946143575118,99341064.43,99339347.05000001,1717.3799999952316,48011022.0,174.76059418913778,173.8476707989763,430911739.12,428660720.19,2251018.930000007,246572599.0,ok
2014-01-10,167.58870593192364,166.45084912251457,334357247.82,332087102.77,2270145.050000012,199510609.0,206.98550793793734,206.9819914610714,99593852.82,99592160.82,1692.0,48116341.0,175.2438903116159,174.32644693560212,433951100.64,431679263.59,2271837.050000012,247626950.0,ok
2014-01-13,167.0906214916507,165.9206199673393,333137389.44000006,330804695.66,2332693.780000031,199375277.0,205.78009591235053,205.77660650929866,99366329.27,99364644.32,1684.9500000029802,48287629.0,174.6340320782637,173.69146915364064,432503718.71000004,430169339.98,2334378.730000019,247662906.0,ok
2014-01-14,166.5596252085547,165.36830826997212,333004908.9,330623092.85,2381816.0499999523,199931351.0,205.45682439913335,205.45338198093043,99722786.37,99721115.52,1670.8500000089407,48537101.0,174.15800347562836,173.1987320346005,432727695.27,430344208.37,2383486.899999976,248468452.0,ok
2014-01-15,167.84272088777536,166.657608702015,335466678.93,333097999.21000004,2368679.719999969,199869662.0,206.21975159259068,206.21633255833856,100485131.42,100483465.42,1666.0,48727210.0,175.3649620941329,174.41147233340894,435951810.35,433581464.63000005,2370345.719999969,248596872.0,ok
2014-01-16,167.4383128295149,166.24814559413286,333575584.76,331204498.21,2371086.550000012,199222973.0,205.16706740087076,205.16362823730975,100222239.25,100220559.25,1680.0,48849087.0,174.86766708431412,173.91118429862678,433797824.01,431425057.46,2372766.550000012,248072060.0,ok
2014-01-17,167.23539132385892,166.0387178291137,333505202.28999996,331118764.63,2386437.6599999666,199422622.0,205.8642582859844,205.86082920159282,100858396.71,100856716.71000001,1679.9999999850988,48992670.0,174.85380851674782,173.89246767465508,434363598.99999994,431975481.34000003,2388117.659999907,248415292.0,ok
2014-01-20,167.97109115571945,166.7795296447293,334330684.46000004,331958993.16,2371691.300000012,199040610.0,206.87617000630624,206.87275639152628,101813469.89,101811789.88999999,1680.0000000149012,49214692.0,175.68372189287624,174.7277015054446,436144154.35,433770783.05,2373371.300000012,248255302.0,ok
2014-01-21,167.72625299957974,166.5286704938768,334031696.91,331646676.62,2385020.2900000215,199152900.0,206.09459141216848,206.09120609373542,101594771.94,101593103.13999999,1668.800000011921,49295215.0,175.33901146724338,174.37837262721837,435626468.85,433239779.76,2386689.0900000334,248448115.0,ok
2014-01-22,167.64436278716397,166.41888525935448,332369998.65999997,329940379.45,2429619.2099999785,198258977.0,205.93607466656567,205.93267059538712,101804342.0,101802659.19999999,1682.800000011921,49434924.0,175.28664973466584,174.305074491923,434174340.65999997,431743038.65,2431302.0099999905,247693901.0,ok
2014-01-23,166.9027997931529,165.6712693384436,330505251.94,328066543.4,2438708.5400000215,198022593.0,205.4861960209117,205.48496378899878,101376345.62,101375737.69999999,607.9200000166893,49334869.0,174.59816820080408,173.61201785778346,431881597.56,429442281.09999996,2439316.460000038,247357462.0,ok
2014-01-24,166.06004303923137,164.83522669395893,327104772.21000004,324692131.19,2412641.0200000405,196979819.0,204.10711685726434,204.10594749999774,100203605.0,100203030.91999999,574.080000013113,49093636.0,173.65074067416174,172.67005175751282,427308377.21000004,424895162.11,2413215.100000024,246073455.0,ok
2014-01-27,163.48966682905575,162.26086563464696,318685342.64,316290078.53999996,2395264.100000024,194926902.0,200.88711798377884,200.88597837296217,97348945.16999999,97348392.91999999,552.25,48459526.0,170.93569728957934,169.95133001417807,416034287.80999994,413638471.4599999,2395816.350000024,243386428.0,ok
2014-01-28,,,,,,,,,,,,,,,,,,,data unavailable: TWSE MI_MARGN total 20140128: missing tables (keys=stat; stat='很抱歉，沒有符合條件的資料')
2014-01-29,,,,,,,,,,,,,,,,,,,data unavailable: TWSE MI_MARGN total 20140129: missing tables (keys=stat; stat='很抱歉，沒有符合條件的資料')
2014-01-30,,,,,,,,,,,,,,,,,,,data unavailable: TWSE MI_MARGN total 20140130: missing tables (keys=stat; stat='很抱歉，沒有符合條件的資料')
2014-01-31,,,,,,,,,,,,,,,,,,,data unavailable: TWSE MI_MARGN total 20140131: missing tables (keys=stat; stat='很抱歉，沒有符合條件的資料')
2014-02-03,,,,,,,,,,,,,,,,,,,data unavailable: TWSE MI_MARGN total 20140203: missing tables (keys=stat; stat='很抱歉，沒有符合條件的資料')
2014-02-04,,,,,,,,,,,,,,,,,,,data unavailable: TWSE MI_MARGN total 20140204: missing tables (keys=stat; stat='很抱歉，沒有符合條件的資料')
2014-02-05,162.34384650801877,161.10795963215153,320435815.14,317996409.97,2439405.169999957,197380943.0,202.4578717262126,202.45691622370953,98569497.85,98569032.65,465.19999998807907,48686424.0,170.2807316949102,169.28918600571689,419005312.99,416565442.62,2439870.370000005,246067367.0,ok
2014-02-06,163.89289040053097,162.65644882254463,326059277.37,323599419.31,2459858.0600000024,198946566.0,205.69220109954776,205.69126185240805,100782368.07,100781907.87,460.19999998807907,48996689.0,172.15295711109383,171.16066625002563,426841645.44,424381327.18,2460318.2599999905,247943255.0,ok
2014-02-07,164.8877952006606,163.66160659887834,328654447.38,326210407.56000006,2444039.8199999332,199320057.0,206.78553910210695,206.78458686089022,101629325.22,101628857.22,468.0,49147211.0,173.17523393061174,172.19139898137414,430283772.6,427839264.7800001,2444507.8199999332,248467268.0,ok
2014-02-10,164.6369807269187,163.4094691063031,328576116.33,326126296.13,2449820.199999988,199576131.0,206.70572424535965,206.7047694293577,101738298.18,101737828.23,469.95000000298023,49218907.0,172.9594038406827,171.97454089096425,430314414.51,427864124.36,2450290.149999976,248795038.0,ok
2014-02-11,165.62977502526158,164.41351740225352,330717639.24,328289103.37,2428535.870000005,199672818.0,207.4828038451109,207.48185706844447,102560567.49000001,102560099.49000001,468.0,49430876.0,173.9348781917301,172.95978070080326,433278206.73,430849202.86,2429003.870000005,249103694.0,ok
2014-02-12,166.69140148600366,165.48840168001806,332954157.70000005,330551251.59,2402906.110000074,199742851.0,209.46470502892632,209.46368369288658,104398463.68,104397954.63999999,509.0400000214577,49840599.0,175.23302181294474,174.27005125139505,437352621.38000005,434949206.22999996,2403415.1500000954,249583450.0,ok
2014-02-13,165.81201380803722,164.6260491029548,332092900.88,329717617.87,2375283.0099999905,200282774.0,209.31374354526034,209.31280085710156,105040093.84,105039620.77000001,473.06999999284744,50183085.0,174.5279761741899,173.57944127626592,437132994.72,434757238.64,2375756.080000043,250465859.0,ok
2014-02-14,165.47660055528013,164.29688083929085,331059812.72,328699613.23,2360199.4900000095,200064427.0,207.6536403011901,207.65254146167672,103747496.46000001,103746947.46000001,549.0,49961800.0,173.9046796798642,172.96047933803362,434807309.18000007,432446560.69000006,2360748.4900000095,250026227.0,ok
2014-02-17,165.3670044360085,164.19349250538164,331109512.68999994,328759824.1,2349688.589999914,200227073.0,208.65874162233044,208.65765561571098,105049237.21000001,105048690.46000001,546.75,50344997.0,174.06519006687375,173.127242218177,436158749.9,433808514.56000006,2350235.339999914,250572070.0,ok
2014-02-18,166.33430928967294,165.17320861548862,333633375.87,331304440.01,2328935.8600000143,200580011.0,210.25322403493743,210.2524070929549,106405466.74000001,106405053.3,413.440000012517,50608245.0,175.18288857023634,174.25555648190814,440038842.61,437709493.31,2329349.300000012,251188256.0,ok
2014-02-19,166.6521304831166,165.49279261330557,334607823.92999995,332280079.78,2327744.149999976,200782206.0,211.42538630378357,211.42459305323254,107832869.03999999,107832464.46000001,404.5799999833107,51002801.0,175.7216199016965,174.79696248950995,442440692.9699999,440112544.24,2328148.7299999,251785007.0,ok
2014-02-20,166.37328686343497,165.20968231090473,334429536.02,332090556.38,2338979.6399999857,201011558.0,210.41254876487008,210.41173992510917,107995019.18,107994604.04,415.14000000059605,51325370.0,175.33087951360017,174.40378778804822,442424555.2,440085160.42,2339394.7799999714,252336928.0,ok
2014-02-21,167.67399958403578,166.52976562973774,337239132.17,334937758.87,2301373.300000012,201127863.0,212.5029510137762,212.50217737529113,109959862.38,109959462.06,400.31999999284744,51745099.0,176.84729557998375,175.93704657518902,447198994.55,444897220.93,2301773.620000005,252872962.0,ok
2014-02-24,167.4582460990957,166.34234113622404,337132602.81000006,334886025.21000004,2246577.600000024,201323381.0,214.17048363555296,214.16949568932702,111457091.05000001,111456576.91,514.1400000154972,52041294.0,177.0529746737583,176.1660745011119,448589693.8600001,446342602.12,2247091.740000069,253364675.0,ok
2014-02-25,167.91833514055924,166.81392509364866,338902696.2,336673710.65,2228985.550000012,201825903.0,214.77516787095064,214.77415544713173,112839166.18,112838634.27,531.9100000113249,52538274.0,177.5964948004451,176.71998872702895,451741862.38,449512344.91999996,2229517.460000038,254364177.0,ok
2014-02-26,168.97812922665477,167.86967160639165,341586983.37,339346251.41,2240731.9599999785,202148636.0,215.41040997951137,215.4094295548481,113953283.02,113952764.37,518.6499999910593,52900546.0,178.60879333853345,177.73004101616763,455540266.39,453299015.78000003,2241250.6099999547,255049182.0,ok
2014-02-27,169.16427339847982,168.01167018566014,341095703.84000003,338771643.34999996,2324060.490000069,201635781.0,214.84782659729382,214.84684870120114,114399949.18,114399428.48,520.7000000029802,53246966.0,178.70791898676455,177.7958991590749,455495653.02000004,453171071.83,2324581.190000057,254882747.0,ok
2014-02-28,,,,,,,,,,,,,,,,,,,data unavailable: TWSE MI_MARGN total 20140228: missing tables (keys=stat; stat='很抱歉，沒有符合條件的資料')
2014-03-03,168.64871141803326,167.48737449262384,340805913.05,338459079.28,2346833.7700000405,202080354.0,214.78685463441778,214.7858785787156,114673350.68,114672829.57000001,521.109999999404,53389371.0,178.29089679021655,177.37205801979079,455479263.73,453131908.84999996,2347354.880000055,255469725.0,ok
2014-03-04,167.69376478934916,166.5322375442131,339910178.43,337555797.90999997,2354380.5200000405,202696969.0,214.7053674608572,214.70461924339395,114931551.32,114931150.8,400.5199999958277,53529892.0,177.51524097623786,176.59621904746356,454841729.75,452486948.71,2354781.0400000215,256226861.0,ok
2014-03-05,168.88976540640954,167.7313291357909,343478541.99,341122579.21000004,2355962.7799999714,203374397.0,216.7200932211951,216.71934775056272,117158468.46000001,117158065.46000001,403.0,54059809.0,178.9338789150654,178.01855153234766,460637010.45000005,458280644.6700001,2356365.7799999714,257434206.0,ok
2014-03-06,169.84692444659453,168.71240978275495,346184516.84000003,343872132.25,2312384.5900000334,203821481.0,219.16119202606845,219.16044325700832,119135771.94999999,119135364.91999999,407.0300000011921,54359885.0,180.2300049764242,179.33420383638375,465320288.79,463007497.16999996,2312791.6200000644,258181366.0,ok
2014-03-07,167.89321634159472,166.75239113538916,340551860.01,338237828.78000003,2314031.2299999595,202838368.0,213.98884605433472,213.98770867696837,115955890.72,115955274.4,616.3199999928474,54187820.0,177.6113766002708,176.71082729515487,456507750.73,454193103.18000007,2314647.5499999523,257026188.0,ok
2014-03-10,167.55537943228143,166.41674720592567,340474387.52,338160674.22,2313713.2999999523,203201108.0,214.82835306012075,214.8273088148701,116860572.35,116860004.31,568.0399999916553,54397183.0,177.53804114717516,176.63963404555352,457334959.87,455020678.53000003,2314281.339999974,257598291.0,ok
2014-03-11,168.45043363474474,167.31135488646868,343438679.59000003,341116312.75,2322366.8400000334,203881149.0,216.1240325376557,216.12301121854185,118291464.98,118290905.98,559.0,54733138.0,178.540076005159,177.641855776514,461730144.57000005,459407218.73,2322925.8400000334,258614287.0,ok
2014-03-12,168.39655668291755,167.24592387872843,343849361.87,341499881.78999996,2349480.080000043,204190257.0,215.98460626705557,215.98356790088334,118520837.78,118520267.97999999,569.8000000119209,54874669.0,178.47657218175493,177.56944441410025,462370199.65,460020149.77,2350049.879999995,259064926.0,ok
2014-03-13,168.95109960924663,167.796977517823,346403614.12,344037295.91,2366318.2099999785,205031879.0,217.4895458257838,217.48852818231708,120847298.4,120846732.94999999,565.4500000178814,55564647.0,179.30051474285577,178.3922587133798,467250912.52,464884028.86,2366883.6599999666,260596526.0,ok
2014-03-14,168.23600480139316,167.0811518373588,345274285.61,342904156.62,2370128.9900000095,205232100.0,216.54669838365064,216.54559469111882,120801580.47,120800964.77000001,615.6999999880791,55785464.0,178.56111249279763,177.65284231600597,466075866.08000004,463705121.39,2370744.690000057,261017564.0,ok
2014-03-17,169.43027312558917,168.27364704144492,348866617.0,346485057.78,2381559.2200000286,205905716.0,217.07197996109818,217.07090327270055,121861615.53999999,121861011.1,604.4399999976158,56138805.0,179.63673910968737,178.72767081438045,470728232.53999996,468346068.88,2382163.6599999666,262044521.0,ok
2014-03-18,169.5506797221287,168.39403655785142,349106629.83000004,346725089.40999997,2381540.4200000763,205901050.0,217.66280743446148,217.66175379340075,122616481.22999999,122615887.68,593.5499999821186,56333226.0,179.88613779077457,178.9777386271198,471723111.06000006,469340977.09,2382133.970000088,262234276.0,ok
2014-03-19,168.0895519258773,166.95335222272357,345379266.96,343044679.14,2334587.819999993,205473370.0,214.0647954448288,214.06375415583332,120262391.98,120261806.98,585.0,56180369.0,177.9610185276198,177.06855170145303,465641658.94,463306486.12,2335172.819999993,261653739.0,ok
2014-03-20,166.40002458395887,165.2617068528087,341708139.70000005,339370565.31999993,2337574.3800001144,205353419.0,211.65621904912615,211.65526220675724,118918629.71000001,118918092.11000001,537.5999999940395,56184803.0,176.12216137570903,175.2281765645711,460626769.4100001,458288657.42999995,2338111.9800001383,261538222.0,ok
2014-03-21,166.2378675099851,165.0848243347045,340875395.34000003,338511048.07,2364347.2700000405,205052796.0,209.99450267939577,209.99346639366127,117451017.32,117450437.72,579.5999999940395,55930520.0,175.61521544158785,174.70905526773214,458326412.66,455961485.78999996,2364926.8700000644,260983316.0,ok
2014-03-24,165.7043259538448,164.54724486153756,338152242.98,335790991.61,2361251.370000005,204069653.0,207.8220357914429,207.82101837492957,115358354.4,115357789.65,564.75,55508240.0,174.71079379629603,173.80092582075162,453510597.38,451148781.26,2361816.120000005,259577893.0,ok
2014-03-25,167.8195881419328,166.6693465665323,343529930.80999994,341175364.14,2354566.669999957,204701927.0,212.99692228952244,212.99596005010542,118814741.93,118814205.17,536.7600000053644,55782375.0,177.49425558089865,176.5901306828079,462344672.73999995,459989569.31,2355103.4299999475,260484302.0,ok
2014-03-26,168.9789016012151,167.83366043030435,345616111.21000004,343273725.28999996,2342385.9200000763,204532109.0,213.21007939434722,213.20901133683807,119343305.74000001,119342707.9,597.8400000035763,55974514.0,178.4827623941062,177.5833673103965,464959416.95000005,462616433.18999994,2342983.7600001097,260506623.0,ok
2014-03-27,168.95281756295583,167.81771128197576,347231957.37,344899086.09000003,2332871.2799999714,205520075.0,213.33725152187034,213.33606506937096,120056231.63999999,120055563.96,667.6799999922514,56275325.0,178.49365917430177,177.6022993719523,467288189.01,464954650.05,2333538.9599999785,261795400.0,ok
2014-03-28,167.30395464338807,166.16809077909247,342183981.11,339860817.74,2323163.370000005,204528328.0,210.12186497438864,210.12081674940757,117861485.06,117860897.09,587.9699999988079,56091966.0,176.519433352339,175.62781002388098,460045466.17,457721714.83000004,2323751.339999974,260620294.0,ok
2014-03-31,169.35157611680611,168.2215846138243,345411103.81,343106362.27,2304741.5400000215,203960962.0,213.1683875270368,213.16731952252658,119419699.75,119419101.44,598.3100000023842,56021299.0,178.7932768074511,177.90654713553707,464830803.56,462525463.71,2305339.850000024,259982261.0,ok
2014-04-01,169.85539289558739,168.7243067560828,345453802.15,343153386.47999996,2300415.6700000167,203381121.0,213.55716523092633,213.5560779972367,119644876.47,119644267.35,609.1200000047684,56024754.0,179.29381075891206,178.40677426060606,465098678.62,462797653.8299999,2301024.790000081,259405875.0,ok
2014-04-02,170.80389163145483,169.67145853827452,345964971.75,343671217.32,2293754.430000007,202550989.0,215.7235472615894,215.72317187349137,121185998.93,121185788.05000001,210.87999999523163,56176528.0,180.557126700984,179.6704930191094,467150970.68,464857005.37,2293965.3100000024,258727517.0,ok
2014-04-03,171.0152897372525,169.90339863866097,347345180.59000003,345086844.41999996,2258336.1700000763,203107676.0,215.81919217133049,215.8189374950485,122859758.42,122859613.44,144.98000000417233,56927170.0,180.82381890079458,179.95528870772958,470204939.01000005,467946457.85999995,2258481.1500000954,260034846.0,ok
2014-04-04,,,,,,,,,,,,,,,,,,,data unavailable: TWSE MI_MARGN total 20140404: missing tables (keys=stat; stat='很抱歉，沒有符合條件的資料')
2014-04-07,171.52160762169902,170.40715731519137,347245096.7,344988894.64,2256202.0600000024,202449768.0,215.48561579860902,215.48536078650238,122601269.45,122601124.35999998,145.09000001847744,56895338.0,181.16646710503184,180.29644985859113,469846366.15,467590019.0,2256347.149999976,259345106.0,ok
2014-04-08,170.99136505294697,169.8717031061851,345044472.41999996,342785100.05,2259372.369999945,201790583.0,214.0950353035711,214.09477784277743,121474816.87,121474670.78999999,146.08000001311302,56738736.0,180.4512119145759,179.57722266695794,466519289.28999996,464259770.84000003,2259518.4499999285,258529319.0,ok
2014-04-09,172.38867730609292,171.26981768937983,347930436.61,345672252.83,2258183.780000031,201829054.0,215.73944065168206,215.73893232820058,123062991.37,123062701.41,289.96000000834465,57042417.0,181.94103280697163,181.06860227946865,470993427.98,468734954.24,2258473.7400000095,258871471.0,ok
2014-04-10,171.16371880215638,170.03682306539685,347388707.69,345101594.17999995,2287113.51000005,202956976.0,213.73673957062817,213.73648597333346,122562808.50000001,122562663.08000001,145.42000000178814,57342883.0,180.5423629484179,179.6636613852334,469951516.19,467664257.26,2287258.930000007,260299859.0,ok
2014-04-11,169.32529601680008,168.19993431678182,342330719.87,340055537.78,2275182.0900000334,202173407.0,210.75875323353358,210.7585047443313,120353990.46999998,120353848.57,141.8999999910593,57105097.0,178.45085620364424,177.573296377088,462684710.34,460409386.34999996,2275323.9900000095,259278504.0,ok
2014-04-14,166.87312106342796,165.74462221989396,334543166.41,332280779.42999995,2262386.9800000787,200477563.0,204.78875949800454,204.78851081126015,115040267.91,115040128.21000001,139.69999998807907,56175089.0,175.17194185080933,174.29038981447968,449583434.32000005,447320907.64,2262526.6800000668,256652652.0,ok
2014-04-15,168.16049956950425,167.02365029839922,335431737.83000004,333164051.14,2267686.690000057,199471183.0,207.420252789219,207.4199087105539,115742975.57999998,115742783.57999998,192.0,55801193.0,176.74247424641044,175.85405900715242,451174713.41,448906834.71999997,2267878.690000057,255272376.0,ok
2014-04-16,169.27943174219305,168.15341101302715,336449426.78000003,334211416.97,2238009.8100000024,198753873.0,208.25136301872544,208.25097090272195,115747130.08000001,115746912.14,217.94000001251698,55580491.0,177.7960908420539,176.91605728512565,452196556.86,449958329.11,2238227.75,254334364.0,ok
2014-04-17,169.37033683230632,168.25702241391556,339461628.99,337230261.13,2231367.8600000143,200425668.0,209.08471125889264,209.08445815248453,117674291.0,117674148.55,142.45000000298023,56280677.0,178.07737474895683,177.2080895312502,457135919.99,454904409.68,2231510.3100000024,256706345.0,ok
2014-04-18,168.8235934079535,167.7194959105395,338615432.33,336400905.05999994,2214527.2700000405,200573525.0,208.69695449516018,208.69669975840674,117785756.23,117785612.46000001,143.76999999582767,56438656.0,177.57959439284318,176.71789553040676,456401188.56,454186517.52,2214671.0400000215,257012181.0,ok
2014-04-21,169.1737197030509,168.0700078331699,339039847.14,336827906.04,2211941.0999999642,200409288.0,209.2781828784137,209.2777849507915,117837684.64,117837460.58,224.0600000023842,56306722.0,177.97001900271042,177.1083021351103,456877531.78,454665366.62,2212165.1599999666,256716010.0,ok
2014-04-22,169.82467964443032,168.7650304139026,340253216.78999996,338130150.46000004,2123066.3299999237,200355577.0,210.14670188667557,210.14667840422786,118575535.02000001,118575521.77000001,13.25,56425123.0,178.6850615369457,177.85825501293516,458828751.80999994,456705672.23,2123079.5799999237,256780700.0,ok
2014-04-23,168.84401253971038,167.77780941534408,337263336.8,335133612.34000003,2129724.4599999785,199748473.0,208.4976552871387,208.49742123025422,117229157.75,117229026.15,131.59999999403954,56225648.0,177.55407959775746,176.7220204615919,454492494.55,452362638.49,2129856.0600000024,255974121.0,ok
2014-04-24,167.6540161947973,166.59048423337558,335413475.03,333285742.22,2127732.809999943,200062893.0,205.96201366324925,205.9619900954347,115793370.25999999,115793357.00999999,13.25,56220741.0,176.05761173575368,175.22738078156016,451206845.28999996,449079099.23,2127746.059999943,256283634.0,ok
2014-04-25,162.7311609341273,161.64727106653478,320115472.25,317983305.83,2132166.4200000167,196714305.0,198.27454701496728,198.27452371357,109767737.57,109767724.66999999,12.900000005960464,55361487.0,170.5372842069658,169.69143570121165,429883209.82,427751030.5,2132179.319999993,252075792.0,ok
2014-04-28,163.43418283982928,162.35569003736495,321107011.65,318988044.89,2118966.7599999905,196474817.0,198.77736918835822,198.77729872642226,109682823.86999999,109682784.99,38.87999999523163,55178728.0,171.18369443990943,170.34166154106828,430789835.52,428670829.88,2119005.6399999857,251653545.0,ok
2014-04-29,165.60218684315234,164.5235776630573,326912470.09000003,324783205.99,2129264.100000024,197408305.0,202.16034658942692,202.16029885233465,111461760.07000001,111461733.75,26.320000007748604,55135323.0,173.5835640089878,172.74042635516426,438374230.16,436244939.74,2129290.4200000167,252543628.0,ok
2014-04-30,163.2606997090201,162.1784357640584,323164614.13,321022338.54999995,2142275.580000043,197943911.0,198.22758532731504,198.22756150228605,109077040.16000001,109077027.05000001,13.109999999403954,55026166.0,170.86671254402947,170.01985796130344,432241654.29,430099365.59999996,2142288.690000057,252970077.0,ok
2014-05-01,,,,,,,,,,,,,,,,,,,data unavailable: TWSE MI_MARGN total 20140501: missing tables (keys=stat; stat='很抱歉，沒有符合條件的資料')
2014-05-02,165.53064534949854,164.44318762329482,327843707.67,325689930.2099999,2153777.4600000978,198056201.0,201.22105204823714,201.22102817107907,111072408.94999999,111072395.77,13.179999992251396,55199199.0,173.3096773533753,172.45923521472787,438916116.62,436762325.9799999,2153790.640000105,253255400.0,ok
2014-05-05,166.8245338086263,165.7408797082639,332820029.76,330658106.79999995,2161922.960000038,199503048.0,203.04303307012307,203.04300911582783,112480079.99,112480066.72,13.269999995827675,55397163.0,174.6958576468185,173.84770761135226,445300109.75,443138173.52,2161936.230000019,254900211.0,ok
2014-05-06,167.5573429820745,166.47460498832166,336470330.43000007,334296094.40999997,2174236.0200001,200809063.0,204.17409578244184,204.17407152736791,113555974.41000001,113555960.92000002,13.489999994635582,55617229.0,175.49928337301702,174.6513790910333,450026304.8400001,447852055.33,2174249.5100001097,256426292.0,ok
2014-05-07,166.91038522729525,165.83350319006476,335900594.03,333733411.23,2167182.7999999523,201246072.0,204.11895364020398,204.11842332864083,114062402.04,114062105.7,296.3400000035763,55880358.0,174.99678896097925,174.15382655528643,449962996.07,447795516.93,2167479.1399999857,257126430.0,ok
2014-05-08,167.0836521019682,166.01052781819465,337448624.96000004,335281301.53,2167323.4300000668,201963879.0,204.1728719639015,204.17222751092453,114623948.86,114623587.06,361.79999999701977,56140636.0,175.15097472045386,174.31112686657184,452072573.82000005,449904888.59,2167685.2300000787,258104515.0,ok
2014-05-09,165.30744903964666,164.23896205186588,334346594.72,332185500.41999996,2161094.3000000715,202257428.0,201.76163917511172,201.76156873168605,113420959.16999999,113420919.57,39.599999994039536,56215324.0,173.23588286397012,172.39976614246748,447767553.89,445606419.98999995,2161133.9000000358,258472752.0,ok
2014-05-12,163.74832926022086,162.67072877382031,331503819.21000004,329322247.78000003,2181571.430000007,202447146.0,199.29046128822822,199.2903448588439,111773047.68,111772982.38,65.30000001192093,56085498.0,171.45876049989263,170.6149070134447,443276866.89000005,441095230.16,2181636.730000019,258532644.0,ok
2014-05-13,162.83463351524412,161.76018643394357,328459759.26,326292452.33000004,2167306.9299999475,201713697.0,196.4578856623932,196.45786243863623,110056141.72,110056128.71000001,13.009999990463257,56020221.0,170.14287618131814,169.3019624370899,438515900.98,436348581.0400001,2167319.939999938,257733918.0,ok
2014-05-14,163.6740910669827,162.6010138282992,329810716.12,327648416.82,2162299.300000012,201504535.0,197.05096769950407,197.05094431270075,110377106.42,110377093.32,13.100000008940697,56014496.0,170.93409400876473,170.09442309527796,440187822.54,438025510.14,2162312.4000000358,257519031.0,ok
2014-05-15,164.22021941102545,163.1564616510716,331341129.53,329194824.40999997,2146305.120000005,201766342.0,198.01092711991254,198.0105276520724,110979313.03,110979089.14,223.89000000059605,56047065.0,171.56611353419643,170.73352339275357,442320442.55999994,440173913.54999995,2146529.0099999905,257813407.0,ok
2014-05-16,164.4354702689412,163.37330531607884,331680415.92,329537938.30999994,2142477.610000074,201708558.0,198.8316196961854,198.83122291135055,111596507.27000001,111596284.57000001,222.70000000298023,56126137.0,171.92291486993247,171.09187841457873,443276923.19000006,441134222.87999994,2142700.3100001216,257834695.0,ok
2014-05-19,165.33755478596592,164.27818919687556,334509910.78999996,332366608.92999995,2143301.8600000143,202319377.0,200.98824031258974,200.98821676116225,113246381.83,113246368.55999999,13.270000010728836,56344780.0,173.10333902195808,172.2747297724748,447756292.61999995,445612977.48999995,2143315.129999995,258664157.0,ok
2014-05-20,165.1509783832457,164.08922015117952,334130423.99,331982294.25,2148129.7400000095,202318162.0,201.1982318214288,201.19811460809834,113719001.11,113718934.86,66.25,56520875.0,173.022365671991,172.19243058379948,447849425.1,445701229.11,2148195.9900000095,258839037.0,ok
2014-05-21,164.40911673513773,163.34751733136375,333330566.63,331178231.41999996,2152335.210000038,202744576.0,201.36011237218696,201.35997265230242,114140667.59,114140588.39,79.20000000298023,56684845.0,172.48284041770268,171.65316797665747,447471234.22,445318819.80999994,2152414.410000086,259429421.0,ok
2014-05-22,166.58714689986255,165.52406278176227,338809747.07,336647615.91,2162131.1599999666,203382886.0,204.6974417790572,204.69739475400215,116571846.28999999,116571819.50999999,26.780000001192093,56948365.0,174.9239062197723,174.09336515653283,455381593.36,453219435.42,2162157.9399999976,260331251.0,ok
2014-05-23,167.59887835240482,166.54219599288274,341952351.84000003,339796400.55,2155951.2900000215,204030215.0,206.2457519618025,206.24572820324377,117713049.03,117713035.47,13.560000002384186,57074169.0,176.04660397812393,175.22089403906753,459665400.87,457509436.02,2155964.850000024,261104384.0,ok
2014-05-26,168.14293777247684,167.0897771552663,344801747.02,342642086.76000005,2159660.259999931,205064662.0,208.1184215227752,208.11792201917098,119870346.02000001,119870058.32,287.7000000178814,57597182.0,176.90886729630967,176.0865369847933,464672093.03999996,462512145.08000004,2159947.959999919,262661844.0,ok
2014-05-27,167.8968904046237,166.84815451077267,344858814.31,342704719.52,2154094.7900000215,205399167.0,209.10328092836673,209.1032336658555,121314162.42,121314135.0,27.42000000178814,58016384.0,176.97245852049184,176.1546927500875,466172976.73,464018854.52,2154122.210000038,263415551.0,ok
2014-05-28,168.87817651267406,167.83080779083775,347012233.19000006,344860091.53,2152141.660000086,205480803.0,209.44039044592913,209.440366519393,121585799.44999999,121585785.56,13.889999985694885,58052699.0,177.8134579033523,176.99680441008977,468598032.64000005,466445877.09,2152155.5500000715,263533502.0,ok
2014-05-29,168.9287571161917,167.88221644135027,348249205.58000004,346091746.03999996,2157459.540000081,206151523.0,210.17216364427483,210.1721400526968,122673891.66999999,122673877.9,13.769999980926514,58368287.0,178.02942518747463,177.21380638372602,470923097.25,468765623.93999994,2157473.310000062,264519810.0,ok
2014-05-30,169.02530755810085,167.98500090351155,348681561.55999994,346535517.54999995,2146044.0099999905,206289559.0,211.02910143990923,211.0290779527241,123901237.77000001,123901223.97999999,13.790000021457672,58712868.0,178.33149857529415,177.52167285999988,472582799.3299999,470436741.53,2146057.7999999523,265002427.0,ok
2014-06-02,,,,,,,,,,,,,,,,,,,data unavailable: TWSE MI_MARGN total 20140602: missing tables (keys=stat; stat='很抱歉，沒有符合條件的資料')
2014-06-03,168.61675389572335,167.57914538996687,348527685.6,346382968.16999996,2144717.4300000668,206698135.0,210.38732701550936,210.38730367171047,124283166.03999999,124283152.25000001,13.789999976754189,59073504.0,177.90116861942516,177.0941858924232,472810851.64,470666120.41999996,2144731.2200000286,265771639.0,ok
2014-06-04,168.8580550388085,167.8379705563455,350912306.29,348792418.09000003,2119888.199999988,207814964.0,211.22900770847824,211.22898442499815,125738680.08000001,125738666.22,13.860000014305115,59527184.0,178.29249519234057,177.4995405176441,476650986.37,474531084.31000006,2119902.059999943,267342148.0,ok
2014-06-05,169.5554186241884,168.5367472401223,353706432.19,351581400.6,2125031.589999974,208608156.0,212.82733541115607,212.82731226228537,128254262.13,128254248.18,13.949999988079071,60262119.0,179.25398942668542,178.46362852122647,481960694.32,479835648.78000003,2125045.539999962,268870275.0,ok
2014-06-06,169.40093021836478,168.3698214550379,353837720.99,351683983.26,2153737.730000019,208875902.0,212.38221284837962,212.38218962828256,128050755.94,128050741.94,14.0,60292599.0,179.028554656178,178.2284046676026,481888476.93,479734725.2,2153751.730000019,269168501.0,ok
2014-06-09,169.80268011246815,168.76661376803673,354275129.96,352113488.35,2161641.6099999547,208639304.0,213.3385902106065,213.33856690024234,129410576.53999999,129410562.4,14.139999985694885,60659713.0,179.6091615514512,178.80646432140523,483685706.5,481524050.75,2161655.75,269299017.0,ok
2014-06-10,170.2847863202993,169.2372449365664,354206080.5,352027109.99,2178970.5099999905,208008060.0,212.2189450676194,212.21892183229323,129329807.38,129329793.22000001,14.15999998152256,60941688.0,179.78670419873382,178.97652137231228,483535887.88,481356903.21000004,2178984.669999957,268949748.0,ok
2014-06-11,170.9275489901802,169.87858489154937,356055358.78,353870285.1,2185073.6799999475,208307766.0,213.60215743870148,213.60213431666887,131180103.85000001,131180089.65,14.200000002980232,61413286.0,180.64420964441442,179.83408085995453,487235462.63,485050374.75,2185087.879999995,269721052.0,ok
2014-06-12,170.67702128685355,169.62571337360646,356989317.32,354790393.92999995,2198923.3900000453,209160738.0,213.0620336794907,213.0620106923662,131523638.69,131523624.5,14.189999997615814,61730209.0,180.33565219512485,179.52390946087982,488512956.01,486314018.42999995,2198937.580000043,270890947.0,ok
2014-06-13,170.85152052554065,169.79598674636264,358737164.88,356520859.20000005,2216305.6799999475,209970133.0,213.06464503785497,213.0644638691478,132376925.47,132376812.91000001,112.55999998748302,62129935.0,180.49024903220533,179.67568905936474,491114090.35,488897672.1100001,2216418.23999995,272100068.0,ok
2014-06-16,170.7816322094168,169.7291504375553,360063276.95000005,357844302.75,2218974.2000000477,210832554.0,213.51021393911412,213.50983021911668,133658107.04999998,133657866.83999999,240.2099999934435,62600334.0,180.56400881813457,179.75239671608193,493721384.0,491502169.59,2219214.410000026,273432888.0,ok
2014-06-17,171.05817850616415,170.0214522017206,361721890.78999996,359529615.61,2192275.1799999475,211461325.0,214.14762724297708,214.1474005163393,134782867.65,134782724.95,142.7000000178814,62939230.0,180.9416013899826,180.14261689813273,496504758.43999994,494312340.56,2192417.8799999356,274400555.0,ok
2014-06-18,170.0502440115312,168.99704372118123,357377847.89,355164440.58000004,2213407.309999943,210160150.0,211.07304222864371,211.073019899245,132810393.92,132810379.87,14.049999997019768,62921533.0,179.5024244852043,178.69188994634987,490188241.81,487974820.45000005,2213421.3599999547,273081683.0,ok
2014-06-19,171.03318811094462,169.99466413417582,361133349.29999995,358940525.52000004,2192823.779999912,211148113.0,213.65709741156883,213.65707505892715,135730301.08,135730286.88,14.200000017881393,63527167.0,180.89128747952856,180.0929491725648,496863650.38,494670812.40000004,2192837.9799999595,274675280.0,ok
2014-06-20,170.5134387353255,169.48208207319558,360594810.43,358413739.76,2181070.6700000167,211475889.0,213.2456209702056,213.2455985350537,135731082.98,135731068.7,14.280000001192093,63650115.0,180.399484670304,179.60672610939386,496325893.40999997,494144808.46,2181084.949999988,275126004.0,ok
2014-06-23,167.14513362718085,166.10103375280397,350495967.42999995,348306536.08000004,2189431.3499999046,209695586.0,208.63669560613158,208.6366733893479,131379384.72,131379370.73,13.989999994635582,62970411.0,176.727335807112,175.92435877143862,481875352.15,479685906.81000006,2189445.339999914,272665997.0,ok
2014-06-24,167.97436553683104,166.93429061457036,353831404.65,351640527.67,2190876.9799999595,210646073.0,209.07567730197295,209.07552184078236,131797629.33000001,131797531.33000001,98.0,63038241.0,177.44131071391985,176.64076246620402,485629033.98,483438059.0,2190974.980000019,273684314.0,ok
2014-06-25,168.37687156816608,167.33905219527955,355479076.46000004,353288020.95,2191055.51000005,211121084.0,210.67825457112878,210.6780983659962,133119465.31,133119366.61000001,98.69999998807907,63186144.0,178.12091403220336,177.32211838034397,488598541.77000004,486407387.56,2191154.210000038,274307228.0,ok
2014-06-26,169.73504868732553,168.7013040537876,360068811.9,357875869.4,2192942.5,212135805.0,212.45960671408676,212.45933733952432,134491586.04000002,134491415.52,170.52000001072884,63302191.0,179.55416649923637,178.75793901724435,494560397.94,492367284.91999996,2193113.0200000405,275437996.0,ok
2014-06-27,169.29439217253366,168.26317148911042,358870443.83,356684461.06,2185982.769999981,211980113.0,211.40561528490974,211.40534787249115,133857653.16,133857483.84,169.31999999284744,63317927.0,178.9798783129731,178.18577455182754,492728096.99,490541944.9,2186152.0900000334,275298040.0,ok
2014-06-30,171.14772234873323,170.1114235537545,362588156.3,360392686.42,2195469.879999995,211856840.0,213.35152526788215,213.351435358592,135733551.25,135733494.05,57.19999998807907,63619677.0,180.8944417392935,180.09744927550395,498321707.55,496126180.47,2195527.0799999833,275476517.0,ok
2014-07-01,171.77378149730677,170.7294333218547,364061213.98,361847798.97999996,2213415.0000000596,211942248.0,213.84959443330223,213.8495044859362,135992829.41000003,135992772.21,57.20000001788139,63592746.0,181.48476755369956,180.68143140830958,500054043.39000005,497840571.18999994,2213472.2000001073,275534994.0,ok
2014-07-02,171.0802544082848,170.0346987340498,360431224.75,358228452.06,2202772.6899999976,210679617.0,210.9648837274293,210.96486137072569,133995664.43,133995650.22999999,14.200000017881393,63515625.0,180.3192810982475,179.51591672404,494426889.18,492224102.28999996,2202786.8900000453,274195242.0,ok
2014-07-03,172.6912670336599,171.66247435181953,366219830.17999995,364038108.5,2181721.6799999475,212066213.0,213.31825510806414,213.31814350836828,136573753.33,136573681.88,71.4500000178814,64023472.0,182.11241159190718,181.32216362230267,502793583.51,500611790.38,2181793.129999995,276089685.0,ok
2014-07-04,172.1394636774817,171.11923790833404,365177367.46000004,363013056.31,2164311.1500000358,212140412.0,213.03672846731513,213.03661800557214,136930735.57,136930664.57,71.0,64275647.0,181.64939650991843,180.8663804442708,502108103.03000003,499943720.88,2164382.1500000358,276416059.0,ok
2014-07-07,171.31339871550065,170.3004414673544,362528674.12,360385082.02,2143592.100000024,211617233.0,211.2691722712103,211.26906430625314,135412703.43,135412634.23,69.2000000178814,64094871.0,180.60192872417383,179.82442883610216,497941377.55,495797716.25,2143661.300000012,275712104.0,ok
2014-07-08,171.53580629758707,170.53218125249106,363024400.28000003,360900410.03,2123990.2500000596,211631850.0,211.28131375159307,211.28120474289975,135674426.62,135674356.62,70.0,64215062.0,180.78825798129654,180.01824383301414,498698826.90000004,496574766.65,2124060.2500000596,275846912.0,ok
2014-07-09,170.25914639675713,169.26058439092458,361521544.52,359401237.40999997,2120307.1100000143,212336049.0,210.92624320221196,210.92564977430004,135506806.03,135506424.79000002,381.2399999797344,64243692.0,179.7052628485902,178.93850808111068,497028350.54999995,494907662.2,2120688.3499999642,276579741.0,ok
2014-07-10,170.8219440741629,169.82946887733073,363160153.88,361050194.02,2109959.8600000143,212595727.0,210.93759527507476,210.9372680137868,136226502.78,136226291.43,211.34999999403954,64581424.0,180.16876746813807,179.40745968992226,499386656.65999997,497276485.45,2110171.2099999785,277177151.0,ok
2014-07-11,167.33535274832857,166.3380098022222,352614473.63,350512840.28,2101633.350000024,210723238.0,205.09306107301225,205.0928454762794,131371896.75999999,131371758.66,138.09999999403954,64054774.0,176.1372268717047,175.3723288965348,483986370.39,481884598.93999994,2101771.4500000477,274778012.0,ok
2014-07-14,169.00070940478898,168.00730771925757,358310531.5,356204349.29999995,2106182.2000000477,212017176.0,206.39049843354283,206.39039020009858,132529642.21,132529572.71,69.5,64213054.0,177.69241755690533,176.92991893392693,490840173.71,488733922.00999993,2106251.7000000477,276230230.0,ok
2014-07-15,169.79157739059846,168.809458950096,361827814.21,359734908.46000004,2092905.7499999404,213101156.0,208.13114264123746,208.13073250526597,134118886.2,134118621.91,264.2900000065565,64439605.0,178.69328405062635,177.93909932026165,495946700.40999997,493853530.37,2093170.0399999619,277540761.0,ok
2014-07-16,168.74746835093225,167.77022575823668,361492250.92999995,359398793.6,2093457.3299999237,214220844.0,206.3749529177053,206.3746534660842,132955887.08,132955694.16,192.92000000178814,64424430.0,177.4471646018299,176.69579702256138,494448138.00999993,492354487.76,2093650.2499999404,278645274.0,ok
2014-07-17,168.24782482749902,167.28680982552362,362028036.06,359960167.5799999,2067868.4800000787,215175463.0,205.13685486980143,205.13662057423528,131944980.98999998,131944830.28999999,150.69999998807907,64320466.0,176.73710626747626,175.99719596273616,493973017.04999995,491904997.8699999,2068019.1800000668,279495929.0,ok
2014-07-18,168.43483073652743,167.47532661902375,363607624.66,361536301.22,2071323.4399999976,215874367.0,204.6014105997373,204.6010940698925,131863356.47,131863152.47,204.0,64448899.0,176.74986033089382,176.0108822683309,495470981.13,493399453.69000006,2071527.439999938,280323266.0,ok
2014-07-21,168.6685172241107,167.7120816536547,363837216.49,361774075.95000005,2063140.5399999619,215711398.0,205.42896854354805,205.42864916330305,132179913.1,132179707.60000002,205.49999997019768,64343366.0,177.114333820081,176.37756862082875,496017129.59000003,493953783.5500001,2063346.0399999619,280054764.0,ok
2014-07-22,169.91132556094897,168.9412796831302,366039654.32000005,363949886.28,2089768.040000081,215429815.0,205.82916876976333,205.82889215248886,132136157.65000002,132135980.07000002,177.57999999821186,64197003.0,178.15737972957947,177.40997444315232,498175811.9700001,496085866.35,2089945.6200000644,279626818.0,ok
2014-07-23,,,,,,,,,,,,,,,,,,,data unavailable: TWSE MI_MARGN total 20140723: missing tables (keys=stat; stat='很抱歉，沒有符合條件的資料')
2014-07-24,170.4035913644983,169.42807070548702,368999211.27,366886777.19,2112434.0799999833,216544269.0,206.53539672495742,206.5352459607404,132909947.65,132909850.63,97.02000001072884,64352140.0,178.68123010429798,177.92916242656557,501909158.91999996,499796627.82,2112531.0999999642,280896409.0,ok
2014-07-25,168.61765020468835,167.63653336151964,366464822.72,364332514.45,2132308.2700000405,217334794.0,205.37611157605335,205.37598425733475,132595713.80000001,132595631.60000001,82.20000000298023,64562384.0,177.0363719355857,176.27992929038828,499060536.52000004,496928146.05,2132390.4700000286,281897178.0,ok
2014-07-28,166.74067219596893,165.7262399445819,363541941.37,361330191.44,2211749.930000007,218028353.0,200.82479864007058,200.8246930496858,128950390.44,128950322.64,67.79999999701977,64210392.0,174.49494108613615,173.71127202255664,492492331.81,490280514.08,2211817.730000019,282238745.0,ok
2014-07-29,163.771430888644,162.70876265352328,354207728.19,351909370.65999997,2298357.530000031,216281757.0,197.30803295016187,197.30792794605975,125896397.75,125896330.75,67.0,63807031.0,171.41140470785285,170.59079901834556,480104125.94,477805701.40999997,2298424.530000031,280088788.0,ok
2014-07-30,164.91007887889037,163.84418353248594,356200118.91,353897821.49,2302297.4200000167,215996573.0,198.4182812235606,198.4181756432371,125913848.34,125913781.34,67.0,63458794.0,172.51912977216145,171.69525422998944,482113967.25,479811602.83000004,2302364.419999957,279455367.0,ok
2014-07-31,163.8969244836891,162.81808294337608,355885136.07000005,353542543.8,2342592.2700000405,217139606.0,199.31255901225714,199.31234595867537,126480192.22000001,126480057.02000001,135.20000000298023,63458215.0,171.9062986914642,171.07139289581298,482365328.2900001,480022600.82000005,2342727.4700000286,280597821.0,ok
2014-08-01,163.46404297684683,162.35963552658427,353639820.40999997,351250533.78,2389286.629999995,216341046.0,197.66647692791489,197.6662641515215,125413228.22999999,125413093.22999999,135.0,63446888.0,171.22005291336114,170.36604123535935,479053048.64,476663627.01,2389421.629999995,279787934.0,ok
2014-08-04,164.2911395603847,163.12581449882424,355622754.06,353100304.53,2522449.530000031,216458876.0,198.4936987081407,198.49348639966868,126215638.37,126215503.37,135.0,63586723.0,172.05712003708368,171.15634368530104,481838392.43,479315807.9,2522584.530000031,280045599.0,ok
2014-08-05,162.0879530474152,160.90725631734605,352323010.79,349756585.46999997,2566425.3200000525,217365328.0,197.12212346884263,197.12189445801496,125454983.00999999,125454837.25999999,145.75,63643279.0,170.02254802821753,169.10920551625665,477777993.8,475211422.72999996,2566571.0700000525,281008607.0,ok
2014-08-06,160.14651346529178,158.93703188747767,344411847.75,341810730.96,2601116.7900000215,215060472.0,191.80711842680506,191.80690954000775,120747871.09,120747739.59,131.5,62952758.0,167.3156773294566,166.38002103353136,465159718.84000003,462558470.54999995,2601248.290000081,278013230.0,ok
2014-08-07,159.15727598099636,157.93858940412932,341585753.76,338970190.19,2615563.569999993,214621513.0,189.00846764783782,189.00834311799167,118841895.93,118841817.63000001,78.29999999701977,62876493.0,165.92106600218239,164.97848558234324,460427649.69,457812007.82,2615641.870000005,277498006.0,ok
2014-08-08,158.50640206616035,157.29476402299633,338027254.80999994,335443342.26,2583912.5499999523,213257793.0,188.16918237101578,188.16803097168946,116961090.18,116960374.5,715.6800000071526,62157410.0,165.20088217134474,164.26243425639797,454988344.98999995,452403716.76,2584628.2299999595,275415203.0,ok
2014-08-11,161.34628695984338,160.07399624487968,343607167.03999996,340897664.29,2709502.7499999404,212962550.0,191.98297062318795,191.98245715510154,118991972.47,118991654.22,318.25,61980483.0,168.25272292315185,167.26712930019943,462599139.51,459889318.51,2709821.0,274943033.0,ok
2014-08-12,160.55708361692146,159.2745262506207,341040044.69,338315758.65,2724286.0400000215,212410463.0,190.7108797496182,190.71044667198478,117906892.69999999,117906624.94999999,267.75,61824943.0,167.35509979699702,166.36159066929525,458946937.39,456222383.59999996,2724553.7900000215,274235406.0,ok
2014-08-13,161.83354192820667,160.50659414750123,342900032.54999995,340088437.18,2811595.369999945,211884402.0,192.2037460014518,192.20356033118398,118508391.80000001,118508277.32,114.48000001907349,61657691.0,168.6791306192133,167.6512413392991,461408424.34999996,458596714.5,2811709.8499999642,273542093.0,ok
2014-08-14,160.78215083342212,159.4463849356839,340677506.55,337847183.7,2830322.850000024,211887641.0,190.93093325722873,190.93056195973352,117552129.78,117551901.18,228.59999999403954,61567881.0,167.5700797623681,166.53497488341085,458229636.33000004,455399084.88,2830551.4500000477,273455522.0,ok
2014-08-15,160.28011671287283,158.92279533236493,338840663.18000007,335971213.83000004,2869449.350000024,211405301.0,189.6153116125875,189.61514719255152,116246315.71000001,116246214.91,100.80000001192093,61306397.0,166.8747553652796,165.82252688698378,455086978.8900001,452217428.74,2869550.1500000954,272711698.0,ok
2014-08-18,158.1855917495967,156.79741121934353,332336553.14,329420085.67,2916467.469999969,210092809.0,185.15382351367745,185.1537004761405,112864229.16,112864154.16,75.0,60957007.0,164.25053846928267,163.17452133227053,445200782.29999995,442284239.83000004,2916542.4699999094,271049816.0,ok
2014-08-19,159.9691306209882,158.54970538670565,334383924.85,331416896.28000003,2967028.569999993,209030282.0,187.94845614141332,187.94828921939921,114398111.29,114398009.69,101.6000000089407,60866747.0,166.27898343408592,165.17962706806975,448782036.14000005,445814905.97,2967130.1700000167,269897029.0,ok
2014-08-20,159.48025960422567,158.03517457238885,331843530.74,328836624.93,3006905.8100000024,208078123.0,185.78723249570285,185.78700058187968,112619285.82999998,112619145.25,140.5799999833107,60617344.0,165.41507809285073,164.29595002434485,444462816.57,441455770.18,3007046.3899999857,268695467.0,ok
2014-08-21,158.31295078154997,156.9002590806505,328900012.29,325965101.94,2934910.350000024,207753068.0,185.264679765544,185.26444694586638,111953113.5,111952972.81,140.6899999976158,60428741.0,164.38591693965344,163.29149109065784,440853125.79,437918074.75,2935051.0400000215,268181809.0,ok
2014-08-22,160.62769089878287,159.2270774544578,333711729.94,330801888.35,2909841.589999974,207754795.0,189.4147247157846,189.41444504697031,114108514.06,114108345.57999998,168.4800000190735,60242684.0,167.09867782002533,166.01284295289958,447820244.0,444910233.93,2910010.069999993,267997479.0,ok
2014-08-25,162.21014485267378,160.82238502964765,337577436.79999995,334689353.53999996,2888083.2599999905,208111174.0,191.1307558736135,191.1298254121713,115268638.54,115268077.39,561.1500000059605,60308786.0,168.70804814217243,167.6318821186025,452846075.34,449957430.92999995,2888644.410000026,268419960.0,ok
2014-08-26,162.83287607441187,161.48800088829665,338960569.61,336161014.20000005,2799555.4099999666,208164701.0,193.06858163148556,193.06806451257867,116128129.98,116127818.94,311.0400000065565,60148642.0,169.61090883579354,168.5674026058406,455088699.59000003,452288833.14000005,2799866.449999988,268313343.0,ok
2014-08-27,164.30986589692017,162.9926373241115,341315826.96999997,338579588.6,2736238.369999945,207726922.0,193.9988691743037,193.998115495906,116487600.69,116487148.14000002,452.5499999821186,60045505.0,170.96735193724783,169.94533075655323,457803427.65999997,455066736.74,2736690.919999957,267772427.0,ok
2014-08-28,163.82523620231905,162.54194906865467,342429702.33,339747358.38,2682343.949999988,209021339.0,193.9323860003608,193.93184985482642,116562961.7,116562639.45,322.25,60104949.0,170.54917505123095,169.5523693434214,458992664.03,456309997.83,2682666.199999988,269126288.0,ok
2014-08-29,163.98921274704884,162.70278466303063,343445742.09,340751551.16999996,2694190.9200000167,209431911.0,195.61396894272062,195.61349978922365,118147204.69,118146921.33000001,283.3599999845028,60398143.0,171.06802594347033,170.06944396935117,461592946.78,458898472.5,2694474.2799999714,269830054.0,ok
2014-09-01,164.62242770743063,163.3401401865574,344809960.28,342124144.53000003,2685815.7499999404,209455033.0,198.0035743946695,198.0031451747793,119940688.94999999,119940428.94999999,260.0,60575012.0,172.11071798695585,171.11598580817184,464750649.22999996,462064573.48,2686075.7499999404,270030045.0,ok
2014-09-02,162.5379819156829,161.25205519504095,341041920.26,338343751.42,2698168.839999974,209822908.0,196.24647343542995,196.24552347245992,118855628.68,118855053.34,575.3400000035763,60564466.0,170.08839656100213,169.09029367621284,459897548.94,457198804.76,2698744.180000007,270387374.0,ok
2014-09-03,162.1709060328657,160.85345374658647,340416190.65,337650700.22,2765490.4299999475,209911999.0,195.8588731384228,195.8579139174294,118345828.18,118345248.58,579.6000000089407,60424032.0,169.70065630282187,168.67745935058136,458762018.83,455995948.8,2766070.0299999714,270336031.0,ok
2014-09-04,161.94395282938558,160.6158754695171,340619622.88,337826253.93,2793368.949999988,210331795.0,195.73192935685336,195.73097625973108,118751788.78,118751210.53,578.25,60670627.0,169.50823105927813,168.47726344674513,459371411.65999997,456577464.46000004,2793947.1999999285,271002422.0,ok
2014-09-05,162.03967894115735,160.69034138068267,341619999.19,338775259.55999994,2844739.630000055,210824905.0,195.91078362592222,195.9098906483159,118865760.82000001,118865219.02,541.8000000119209,60673414.0,169.60906487601494,168.5610725936023,460485760.01,457640478.5799999,2845281.4300000668,271498319.0,ok
2014-09-08,,,,,,,,,,,,,,,,,,,data unavailable: TWSE MI_MARGN total 20140908: missing tables (keys=stat; stat='很抱歉，沒有符合條件的資料')
2014-09-09,162.23462184386693,160.8437181447249,342246907.05999994,339312684.49,2934222.5699999332,210957996.0,196.25009265403887,196.249201002915,119248770.44999999,119248228.65,541.7999999821186,60763676.0,169.841321125832,168.76125844684188,461495677.50999993,458560913.14,2934764.369999945,271721672.0,ok
2014-09-10,161.95292990753936,160.5557836284163,343307848.35,340346177.43000007,2961670.919999957,211980017.0,196.44660826533408,196.44572399451553,119618005.64,119617467.19999999,538.440000012517,60890848.0,169.65015813982194,168.56458626684093,462925853.99,459963644.63000005,2962209.3599999547,272870865.0,ok
2014-09-11,161.22605869155328,159.7764017682292,341565658.5,338494486.1,3071172.399999976,211855119.0,195.32558383321955,195.32470175824318,119045474.22999999,119044936.63,537.5999999940395,60947200.0,168.84428784126283,167.71830401119135,460611132.73,457539422.73,3071710.0,272802319.0,ok
2014-09-12,159.4172742240238,157.93365598409923,338130820.24,334984002.84000003,3146817.399999976,212104254.0,192.81343789509336,192.8124606785847,117031754.52,117031161.38,593.140000000596,60696887.0,166.84775330906697,165.69401526806664,455162574.76,452015164.22,3147410.539999962,272801141.0,ok
2014-09-15,158.72082762055186,157.18348400595357,336270145.15000004,333013088.29,3257056.8600000143,211862646.0,192.5295698249605,192.52865379957217,116523400.85,116522846.44999999,554.4000000059605,60522340.0,166.232931061773,165.03697261052415,452793546.0,449535934.74,3257611.2599999905,272384986.0,ok
2014-09-16,157.2034563629483,155.67837204189289,332989089.12,329758648.45000005,3230440.669999957,211820463.0,191.49269777447165,191.4918898494466,115731103.21999998,115730614.94,488.27999998629093,60436301.0,164.81507594059258,163.62835466229225,448720192.34,445489263.39000005,3230928.9499999285,272256764.0,ok
2014-09-17,158.76743866560702,157.2424963910411,336895232.83000004,333659394.38,3235838.4500000477,212194160.0,192.6811266165121,192.68034849037622,116449183.80000001,116448713.53,470.27000001072884,60436217.0,166.28536468260106,165.09829640517276,453344416.63000005,450108107.90999997,3236308.720000088,272630377.0,ok
2014-09-18,160.07566561171558,158.51910723085916,340714972.98,337401897.6,3313075.379999995,212846201.0,194.22572918445883,194.2249390581296,116600382.71000001,116599908.37,474.3400000035763,60033438.0,167.58866926308124,166.37437942740755,457315355.69000006,454001805.97,3313549.7200000286,272879639.0,ok
2014-09-19,160.83627686649672,159.2831932526205,342346371.56,339040571.71000004,3305799.8499999642,212853952.0,196.23581136779964,196.2350189090171,117551983.86000001,117551509.15,474.71000000834465,59903431.0,168.61078162639507,167.3986147828673,459898355.42,456592080.86,3306274.5600000024,272757383.0,ok
2014-09-22,159.53152635050853,158.00389602540977,341081174.4,337815074.23,3266100.169999957,213801737.0,194.8060152611494,194.80518001316014,116701970.08,116701469.71000001,500.3699999898672,59906759.0,167.25207699800447,166.05861731818516,457783144.47999996,454516543.94000006,3266600.5399999022,273708496.0,ok
2014-09-23,158.9427425807404,157.4120240799832,340508396.97999996,337229087.12,3279309.8599999547,214233372.0,193.74267123513232,193.7418412579973,116073731.67999999,116073234.42999999,497.25,59911289.0,166.5478827836811,165.35150452920914,456582128.65999997,453302321.55,3279807.1099999547,274144661.0,ok
2014-09-24,159.0061829069921,157.46138931291733,341946615.66999996,338624499.94,3322115.7299999595,215052402.0,193.60954769588417,193.60872213496074,115974231.35,115973736.82999998,494.52000001072884,59901091.0,166.54483710086927,165.33641082712123,457920847.02,454598236.77,3322610.25,274953493.0,ok
2014-09-25,156.5912417505275,155.04687166062695,335837559.42,332525385.15000004,3312174.269999981,214467652.0,190.22414049338266,190.22324062625998,113622859.35,113622321.85,537.5,59731041.0,163.91778306908267,162.7096402680519,449460418.77,446147707.0,3312711.769999981,274198693.0,ok
2014-09-26,156.0556278232455,154.52775963443383,333532989.83,330267523.20000005,3265466.6299999356,213726986.0,189.49680756278698,189.49590587108963,112869011.37,112868474.3,537.0700000077486,59562487.0,163.3440162548815,162.14894508578456,446402001.2,443135997.50000006,3266003.6999999285,273289473.0,ok
2014-09-29,156.63231833368155,155.11362372544536,335722122.67,332466987.44000006,3255135.2299999595,214337709.0,191.2894578283742,191.28831814720309,114020269.69,114019590.37,679.3199999928474,59606144.0,164.17320098071337,162.98470395318566,449742392.36,446486577.81000006,3255814.5499999523,273943853.0,ok
2014-09-30,156.81560362228234,155.3118383071528,335319915.48,332104403.46000004,3215512.019999981,213830708.0,191.63991432668058,191.63905136705435,115542289.57,115541769.28,520.2899999916553,60291349.0,164.4749824163183,163.30177061964773,450862205.05,447646172.74,3216032.3100000024,274122057.0,ok
2014-10-01,157.246083259889,155.75236975440282,336242396.01,333048359.01,3194037.0,213831969.0,192.53730714232805,192.53644144363534,116263173.5,116262650.75,522.75,60384751.0,165.01749766024477,163.85252137798162,452505569.51,449311009.76,3194559.75,274216720.0,ok
2014-10-02,157.74278387944184,156.28438479626112,337832246.56,334708843.85,3123402.7099999785,214166530.0,193.7926612415317,193.79179594100435,117350533.63,117350009.65,523.9799999892712,60554684.0,165.68898104461638,164.55185492154968,455182780.19,452058853.5,3123926.6899999976,274721214.0,ok
2014-10-03,159.71709410264225,158.22951917898888,341354659.81,338175346.82,3179312.9900000095,213724562.0,196.30013752379003,196.29926222552797,119074334.47,119073803.52,530.9500000029802,60659323.0,167.80467784396302,166.64577452863165,460428994.28,457249150.34,3179843.9399999976,274383885.0,ok
2014-10-06,159.62248425990356,158.15548952884478,342414497.74,339267571.0,3146926.7400000095,214515204.0,197.89651823101826,197.89563725576653,120282232.03999999,120281696.58,535.4599999934435,60780368.0,168.07271051203102,166.92940763318924,462696729.78,459549267.58,3147462.199999988,275295572.0,ok
2014-10-07,157.9362373249721,156.47104693993654,337957726.88,334822459.0,3135267.879999995,213983651.0,194.7405380193588,194.73958425076162,118250886.97999999,118250307.83,579.1499999910593,60722276.0,166.07163115923598,164.93010244733452,456208613.86,453072766.83,3135847.030000031,274705927.0,ok
2014-10-08,156.23242370402826,154.75411640861623,334098869.81,330937549.1,3161320.7099999785,213847332.0,190.1255742687927,190.12463224120202,115071041.69999999,115070471.55,570.1499999910593,60523705.0,163.7089382397166,162.55652401459562,449169911.51,446008020.65000004,3161890.8599999547,274371037.0,ok
2014-10-09,155.01344508106772,153.54468251668501,330591820.16,327459440.96999997,3132379.190000057,213266546.0,187.3416994217727,187.3406683097104,112886997.39,112886376.07,621.3200000077486,60257272.0,162.13535654507427,160.9899350849219,443478817.55,440345817.03999996,3133000.51000005,273523818.0,ok
2014-10-10,,,,,,,,,,,,,,,,,,,data unavailable: TWSE MI_MARGN total 20141010: missing tables (keys=stat; stat='很抱歉，沒有符合條件的資料')
2014-10-13,149.17971019683557,147.8033434403263,313799131.03999996,310903947.16,2895183.8799999356,210349739.0,179.35038271044843,179.34936567622847,106888878.79999998,106888272.66999999,606.1299999952316,59597798.0,155.84065500845813,154.76793175186484,420688009.8399999,417792219.83000004,2895790.0099998713,269947537.0,ok
2014-10-14,150.4240797051414,149.03788036037082,315329076.40999997,312423232.08,2905844.3299999833,209626728.0,180.77347991001494,180.77242682541467,107161051.00999999,107160426.75,624.2599999904633,59279188.0,157.11447844085362,156.03362881387852,422490127.41999996,419583658.83,2906468.589999974,268905916.0,ok
2014-10-15,147.9104809479754,146.44546899363647,307675762.12,304628319.73,3047442.3899999857,208014848.0,177.7688009722574,177.76776726649445,104743194.33,104742585.25999999,609.0700000077486,58921022.0,154.50113783883748,153.35927126991214,412418956.45,409370904.99,3048051.4599999785,266935870.0,ok
2014-10-16,148.37247776838583,146.88347619466617,305818656.61,302749593.75,3069062.8600000143,206115488.0,177.36670664025067,177.36448947299965,103240915.55000001,103239624.99000001,1290.5600000023842,58207607.0,154.75740860252867,153.59581755048683,409059572.16,405989218.74,3070353.4200000167,264323095.0,ok
2014-10-17,145.35633051098773,143.88280911485444,297630857.78,294613683.12,3017174.6599999666,204759474.0,173.48919486803516,173.4873148075095,100447009.99000001,100445921.47,1088.5200000107288,57898136.0,151.55771339349354,150.40858880502265,398077867.77,395059604.59000003,3018263.1799999475,262657610.0,ok
2014-10-20,148.10826626857633,146.63084227253393,302869969.08,299848751.08,3021218.0,204492279.0,175.89705545175082,175.89520778936233,101619102.64,101618035.21000001,1067.4299999922514,57771918.0,154.2296189670144,153.0772369550694,404489071.71999997,401466786.28999996,3022285.430000007,262264197.0,ok
2014-10-21,148.5422782412134,147.07946612531407,303417901.61,300429907.97,2987993.6399999857,204263665.0,177.3145552413827,177.31303823395436,102149982.6,102149108.66,873.9399999976158,57609474.0,154.87189169485615,153.7305499018744,405567884.21000004,402579016.63,2988867.580000043,261873139.0,ok
2014-10-22,149.65697286323552,148.21210281434233,305103400.28,302157765.63,2945634.649999976,203868483.0,178.46063282471445,178.4590842574782,102767426.3,102766534.55,891.75,57585488.0,156.00100660930485,154.8740295017359,407870826.58,404924300.18,2946526.399999976,261453971.0,ok
2014-10-23,148.98286802485933,147.55769875631628,303640691.64,300736066.51,2904625.129999995,203809133.0,176.66270025217082,176.6612102323066,101611710.69,101610853.67,857.0199999958277,57517354.0,155.07513493264844,153.9633141664664,405252402.33,402346920.18,2905482.149999976,261326487.0,ok
2014-10-24,147.2773009325681,145.83376084871387,300407325.21999997,297462879.52,2944445.699999988,203973948.0,173.61281503656272,173.61122681620398,99489952.14,99489042.0,910.140000000596,57305650.0,153.05338817920256,151.9261069591817,399897277.35999995,396951921.52,2945355.839999974,261279598.0,ok
2014-10-27,144.2760292319776,142.85136909511485,290031366.76,287167438.99,2863927.769999981,201025332.0,167.40033429856825,167.39874632460723,94564818.8,94563921.75,897.0499999970198,56490221.0,149.3487213022819,148.23623516828903,384596185.56,381731360.74,2864824.819999993,257515553.0,ok
2014-10-28,148.30441502505715,146.83975750772981,296006945.48,293083574.66999996,2923370.810000062,199594156.0,172.13516946885343,172.13358562287365,96835448.62,96834557.62,891.0,56255470.0,153.5442518489357,152.4012907058148,392842394.1,389918132.28999996,2924261.810000062,255849626.0,ok
2014-10-29,151.83718487450471,150.3672988849672,301677727.47,298757284.33,2920443.1400000453,198685011.0,177.11456578398526,177.1127321933361,99270052.09,99269024.39,1027.7000000029802,56048497.0,157.39891571704814,156.2520423186729,400947779.56000006,398026308.71999997,2921470.840000093,254733508.0,ok
2014-10-30,152.14390488591033,150.6760744829089,303366284.79,300439514.53000003,2926770.2599999905,199394307.0,177.77430427494946,177.7719038731761,99839853.69,99838505.6,1348.0900000035763,56161015.0,157.77645925135536,156.6306727629018,403206138.48,400278020.13,2928118.350000024,255555322.0,ok
2014-10-31,153.94490265061916,152.4698080963305,306590853.62,303653111.02,2937742.600000024,199156223.0,179.9996189645545,179.9973796967002,101225014.11999999,101223754.84,1259.279999986291,56236238.0,159.6820306062206,158.5312519698849,407815867.74,404876865.86,2939001.879999995,255392461.0,ok
2014-11-03,155.32660571356425,153.8354135370581,309078011.70000005,306110749.84000003,2967261.8600000143,198985879.0,180.96106391356105,180.9590015369236,102559511.06,102558342.21,1168.8500000089407,56674905.0,161.00925465361948,159.84817290163673,411637522.76000005,408669092.05,2968430.710000038,255660784.0,ok
2014-11-04,155.20699885489145,153.7259530542529,309308393.07,306356851.58000004,2951541.48999995,199287658.0,181.13395554682793,181.13201298041673,103456821.45,103455711.93,1109.5199999958277,57116194.0,160.9824545537639,159.8308918970531,412765214.52,409812563.51000005,2952651.009999931,256403852.0,ok
2014-11-05,154.62884906273155,153.147265773052,309487620.4,306522250.80999994,2965369.5900000334,200148693.0,180.0958990602462,180.09408875349803,103522672.47,103521631.87,1040.5999999940395,57481971.0,160.31099965258795,159.15957996366456,413010292.87,410043882.67999995,2966410.190000057,257630664.0,ok
2014-11-06,152.36203035937797,150.8645437017119,304617084.29,301623162.39,2993921.9000000358,199929788.0,175.6491092832879,175.64736188002058,101419730.71000001,101418721.75999999,1008.9500000178814,57739963.0,157.5803187701299,156.4180050571788,406036815.0,403041884.15,2994930.850000024,257669751.0,ok
2014-11-07,154.41224448504948,152.90119232296135,308602008.72,305582081.54999995,3019927.1700000763,199855918.0,177.78795607339686,177.78620222077936,102880364.53,102879349.63,1014.9000000059605,57866892.0,159.6608283333555,158.4886612015444,411482373.25,408461431.17999995,3020942.0700000525,257722810.0,ok
2014-11-10,155.24114480632235,153.69182680112556,309375993.09,306288398.0,3087595.089999974,199287369.0,177.36457138275014,177.3628639178257,103029378.59,103028386.74,991.8500000089407,58089041.0,160.234332151886,159.03430494659554,412405371.67999995,409316784.74,3088586.939999938,257376410.0,ok
2014-11-11,155.07285516636645,153.50227938068522,309286361.70000005,306153913.6,3132448.100000024,199445842.0,177.51782189201995,177.5158626085093,103287919.21000001,103286779.21000001,1140.0,58184535.0,160.1419388948843,158.92562731839658,412574280.9100001,409440692.81000006,3133588.100000024,257630377.0,ok
2014-11-12,153.8950693133059,152.28291864429923,308065538.47,304838352.14,3227186.330000043,200178953.0,175.6427087561465,175.64067256338947,102135709.97,102134525.93,1184.0399999916553,58149701.0,158.79045629990395,157.54074190701274,410201248.44000006,406972878.07,3228370.3700000644,258328654.0,ok
2014-11-13,154.51400703759484,152.8657494392167,308576395.9,305284698.28,3291697.620000005,199707717.0,175.96444720912163,175.96242761495245,102559966.56,102558789.44999999,1177.1100000143051,58284482.0,159.35999772613278,158.0836510990784,411136362.46,407843487.72999996,3292874.730000019,257992199.0,ok
2014-11-14,155.2077078905685,153.52908903375803,309768939.98,306418694.09999996,3350245.880000055,199583477.0,176.49373783792953,176.49170415709355,103101016.07,103099828.07,1188.0,58416246.0,160.0272865603038,158.72827978578874,412869956.05,409518522.16999996,3351433.880000055,257999723.0,ok
2014-11-17,153.370821114393,151.66171608665795,305935635.62,302526407.39,3409228.230000019,199474472.0,174.10069391306038,174.09867809478155,101749264.63,101748086.53,1178.0999999940395,58442768.0,158.06810752549927,156.7458204500017,407684900.25,404274493.91999996,3410406.330000043,257917240.0,ok
2014-11-18,151.19753564694065,149.50760739856574,299013485.49,295671424.83,3342060.660000026,197763465.0,170.07621060926,170.0739250606798,99036498.24000001,99035167.35,1330.8900000154972,58230659.0,155.4918439182612,154.1858016162902,398049983.73,394706592.17999995,3343391.5500000715,255994124.0,ok
2014-11-19,152.52246753461725,150.8745691244802,299276419.42999995,296042947.38,3233472.0499999523,196217924.0,171.22230940057256,171.22007092484873,99847745.24,99846439.88,1305.359999999404,58314682.0,156.8066940193902,155.53582445936217,399124164.66999996,395889387.26,3234777.4099999666,254532606.0,ok
2014-11-20,155.1005596091916,153.44220315893546,303998201.15,300747810.7,3250390.449999988,196000712.0,174.84003369936914,174.83775106295008,101940392.47999999,101939061.59,1330.8899999856949,58304949.0,159.62625135191152,158.34758483414174,405938593.63,402686872.28999996,3251721.3400000334,254305661.0,ok
2014-11-21,156.0169331963166,154.36606590134235,306194584.75,302954637.55,3239947.199999988,196257277.0,175.4456064297402,175.44332515375936,102952039.77,102950701.10999998,1338.6600000113249,58680318.0,160.48893240716419,159.21752876816774,409146624.52,405905338.65999997,3241285.8600000143,254937595.0,ok
2014-11-24,156.09306251203444,154.46274788634423,306591156.51,303388963.92999995,3202192.580000043,196415620.0,175.0824209800833,175.08018745001038,102873549.27000001,102872236.91,1312.3600000143051,58757212.0,160.46563522091566,159.21020966683471,409464705.78,406261200.8399999,3203504.940000057,255172832.0,ok
2014-11-25,156.98794184791765,155.37755088835442,308486268.12,305321798.98,3164469.1399999857,196503161.0,176.05470809451464,176.05266505089904,103919178.75000001,103917972.81,1205.940000012517,59026640.0,161.39230933381427,160.1534420597776,412405446.87,409239771.79,3165675.0799999833,255529801.0,ok
2014-11-26,157.2269325871172,155.61688429887653,308360956.77,305203253.3,3157703.469999969,196124768.0,176.8857694705771,176.88374295531347,104908662.74000001,104907460.84,1201.9000000059605,59308707.0,161.79148778757363,160.55480360982443,413269619.51,410110714.14,3158905.370000005,255433475.0,ok
2014-11-27,157.36570297642302,155.72904173322516,307119497.86,303925342.02,3194155.8400000334,195162918.0,176.41379058441123,176.41176860854523,104951753.58,104950550.67,1202.9099999964237,59491808.0,161.81567014782203,160.56088929211546,412071251.44,408875892.69,3195358.75,254654726.0,ok
2014-11-28,157.23329244916664,155.63231560880536,306522394.81000006,303401330.26,3121064.5500000715,194947514.0,175.41304235662457,175.4108305979804,104407528.53,104406212.07,1316.4600000083447,59520961.0,161.48559201292028,160.25857125524095,410929923.34000003,407807542.33,3122381.01000005,254468475.0,ok
2014-12-01,157.4000386689357,155.74844681996188,307074883.44000006,303852759.87,3222123.5700000525,195092000.0,176.74095391130592,176.73935536899984,105676905.21000001,105675949.41,955.8000000119209,59791974.0,161.93712855795323,160.6726004986096,412751788.6500001,409528709.28,3223079.370000124,254883974.0,ok
2014-12-02,157.37284141637434,155.72871967574102,309262835.07,306031872.56,3230962.5099999905,196516014.0,177.89728351524602,177.8960192580108,107166933.56,107166171.96,761.6000000089407,60240905.0,162.1883337173087,160.9296630171824,416429768.63,413198044.52,3231724.1100000143,256756919.0,ok
2014-12-03,160.90179189987538,159.1373030192407,318416847.26,314925009.29,3491837.969999969,197895153.0,181.42553392507304,181.42436993232945,110109152.22,110108445.78,706.4399999976158,60691100.0,165.71878609494374,164.36815574646965,428525999.48,425033455.07000005,3492544.4099999666,258586253.0,ok
2014-12-04,161.49819900988734,159.66635652573524,318852191.12,315235513.08000004,3616678.039999962,197433899.0,181.25471177371764,181.2536049928098,110338334.53,110337660.78,673.75,60874740.0,166.15415082962053,164.75375175508552,429190525.65,425573173.86,3617351.789999962,258308639.0,ok
2014-12-05,162.03265392235102,160.0369971482469,321613799.15999997,317652679.34000003,3961119.8199999332,198487028.0,183.06162676714223,183.06052611179035,112241437.44,112240762.59,674.8499999940395,61313471.0,166.99553629417778,165.4705990114361,433855236.59999996,429893441.93000007,3961794.6699998975,259800499.0,ok
2014-12-08,161.05476138433866,159.05917318031356,321383357.45,317401178.77,3982178.680000007,199549119.0,183.0735927488463,183.07235902898188,113163389.73,113162627.13,762.6000000089407,61813060.0,166.2622912169706,164.73837475161238,434546747.18,430563805.9,3982941.280000031,261362179.0,ok
2014-12-09,159.70758445160658,157.58724905617615,319713798.13,315469162.63,4244635.5,200186985.0,181.4110611262558,181.40984054206848,112421025.97999999,112420269.58,756.3999999910593,61970326.0,164.83798314135134,163.21857688340418,432134824.11,427889432.21,4245391.900000036,262157311.0,ok
2014-12-10,158.47106443111963,156.44503498318684,318832584.07,314756355.98,4076228.089999974,201192934.0,180.4491365484406,180.44792386383745,112276589.59,112275835.05000001,754.5399999916553,62220630.0,163.66248082046374,162.11473112675398,431109173.65999997,427032191.03000003,4076982.6299999356,263413564.0,ok
2014-12-11,159.00935441165709,156.8947643551345,320420176.22,316159060.13,4261116.090000033,201510268.0,180.74786496642807,180.74665265185718,112774100.34,112773343.94,756.4000000059605,62393047.0,164.14885753140314,162.53392045113188,433194276.56000006,428932404.07,4261872.490000069,263903315.0,ok
2014-12-12,159.72885578967265,157.54335261994677,322327702.09,317917426.87,4410275.219999969,201796789.0,181.27630282806268,181.27509784535363,113885274.65,113884517.63,757.0200000107288,62824138.0,164.8444745792913,163.17754963499164,436212976.74,431801944.5,4411032.24000001,264620927.0,ok
2014-12-15,159.95552185766772,157.75472700067067,324471100.52,320006769.93,4464330.589999974,202850828.0,181.2188291781203,181.21753685229493,114809362.53999999,114808543.79999998,818.7400000095367,63353992.0,165.01596892948817,163.33863291055363,439280463.05999994,434815313.73,4465149.329999924,266204820.0,ok
2014-12-16,159.20675801712716,156.92644639782458,324567525.9,319918759.03999996,4648766.860000014,203865420.0,179.84975619138967,179.84849519282795,114465015.83000001,114464213.27000001,802.5600000023842,63644799.0,164.11804504933698,162.3799546551154,439032541.73,434382972.30999994,4649569.420000076,267510219.0,ok
2014-12-17,158.0358087031625,155.7149909726906,324417471.08000004,319653273.49,4764197.590000033,205280989.0,178.21272976803127,178.2114740357268,113524137.5,113523337.58000001,799.919999986887,63701475.0,162.81418575301626,161.0426957312727,437941608.58000004,433176611.07000005,4764997.50999999,268982464.0,ok
2014-12-18,158.13049115577232,155.51853416810144,324869424.40000004,319503318.49,5366105.910000026,205443885.0,178.04141312744207,178.0401606131794,113612582.39,113611783.13,799.2600000053644,63812447.0,162.84928325845277,160.85605059048342,438482006.79,433115101.62,5366905.170000017,269256332.0,ok
2014-12-19,157.5226722196833,154.9857784288289,320251078.1,315093452.47,5157625.629999995,203304752.0,175.28668544552482,175.28551777459361,111407467.0,111406724.86,742.140000000596,63557290.0,161.75344453820827,159.8204728306771,431658545.1,426500177.33000004,5158367.769999981,266862042.0,ok
2014-12-22,160.20458853395732,157.584066682892,325359582.15999997,320037562.97,5322019.189999938,203090052.0,177.88902021929107,177.88783611316396,113448169.41,113447414.25,755.1599999964237,63774689.0,164.43077115608912,162.43621229077993,438807751.56999993,433484977.22,5322774.349999905,266864741.0,ok
2014-12-23,160.40186743910863,157.77446694246336,326172608.34,320829864.6,5342743.73999995,203347139.0,178.50262103443356,178.5014443033971,114270823.36999999,114270070.07,753.2999999970198,64016328.0,164.73583195642806,162.73724288217733,440443431.71,435099934.67,5343497.039999962,267363467.0,ok
2014-12-24,161.7944999862439,159.21983633069095,329796847.84,324548733.98,5248113.859999955,203836872.0,179.6182383906149,179.61704245060753,115530659.29000002,115529890.06,769.2300000190735,64320116.0,166.06970060761572,164.11230873461332,445327507.13,440078624.04,5248883.089999974,268156988.0,ok
2014-12-25,161.58881864386498,158.80732870849738,330116178.75,324433763.12,5682415.629999995,204293949.0,179.47780681785838,179.47669181870515,115768907.15,115768187.94,719.2100000083447,64503188.0,165.881635078576,163.7673510860348,445885085.9,440201951.06,5683134.839999974,268797137.0,ok
2014-12-26,162.56227705461896,159.72449627093383,332166291.9,326367805.70000005,5798486.1999999285,204331717.0,180.82119476727883,180.8202721689641,117547710.68,117547110.92,599.7600000053644,65007706.0,166.96924556046145,164.81616826661133,449714002.58,443914916.62000006,5799085.959999919,269339423.0,ok
2014-12-29,163.2926996868862,160.36067744901354,332734241.5,326759790.73,5974450.769999981,203765534.0,181.74428943548807,181.74117453635094,119132425.75,119130383.94999999,2041.800000011921,65549474.0,167.78369338035554,165.56454762446808,451866667.25,445890174.68,5976492.569999993,269315008.0,ok
2014-12-30,163.066581249333,160.09599679073733,332793225.65000004,326730730.34000003,6062495.310000002,204084260.0,181.23086206018877,181.22766131190554,119229955.53,119227849.79,2105.7399999946356,65788991.0,167.49462182897113,165.24741836307447,452023181.18000007,445958580.13000005,6064601.050000012,269873251.0,ok
2014-12-31,163.64073841919026,160.54030164554075,333764446.70000005,327440742.87,6323703.830000043,203961709.0,181.83492827041573,181.83165869764147,119666353.64000002,119664201.92,2151.720000013709,65810433.0,168.0791785906493,165.73429023297743,453430800.34000003,447104944.79,6325855.550000012,269772142.0,ok
2015-01-01,,,,,,,,,,,,,,,,,,,data unavailable: TWSE MI_MARGN total 20150101: missing tables (keys=stat; stat='很抱歉，沒有符合條件的資料')
2015-01-02,,,,,,,,,,,,,,,,,,,data unavailable: TWSE MI_MARGN total 20150102: missing tables (keys=stat; stat='很抱歉，沒有符合條件的資料')
2015-01-05,164.66334444557225,161.36891670735443,338130014.47,331365030.41999996,6764984.0500000715,205346257.0,182.40751419127236,182.40412452691035,120691469.46,120689226.66,2242.7999999970198,66165843.0,168.98749040282183,166.4950685733711,458821483.93,452054257.0799999,6767226.850000083,271512100.0,ok
2015-01-06,161.7710142432652,158.02464341049148,334767993.75,327015275.78999996,7752717.960000038,206939417.0,179.08769259220895,179.08439707341876,118868336.66,118866149.28,2187.3799999952316,66374375.0,165.97637722211982,163.13901388115823,453636330.40999997,445881425.06999993,7754905.340000033,273313792.0,ok
2015-01-07,162.94360404023675,159.0317812077238,338763132.25,330630371.45000005,8132760.799999952,207902074.0,179.24371115037795,179.24041705203788,119663642.88,119661443.72999999,2199.1500000059605,66760302.0,166.90555940213667,163.9437558713903,458426775.13,450291815.18000007,8134959.9499999285,274662376.0,ok
2015-01-08,164.4472655309672,160.50055606317042,340133538.0,331970384.6,8163153.399999976,206834414.0,179.1072788564669,179.10392389701738,120166154.02999999,120163903.13,2250.8999999910593,67091720.0,168.03788864847775,165.05701048955046,460299692.03,452134287.73,8165404.299999952,273926134.0,ok
2015-01-09,164.75477952612613,160.4675277325937,341561213.01,332673101.07000005,8888111.939999938,207314904.0,179.0718282386563,179.0684773811632,120750099.99000001,120747840.47,2259.520000010729,67431098.0,168.26862252212135,165.0327714468435,462311313.0,453420941.5400001,8890371.459999919,274746002.0,ok
2015-01-12,163.7505318712801,159.85988934005687,340328708.92,332242644.5,8086064.420000017,207833651.0,178.10912657408565,178.10578019113444,120261530.0,120259270.47999999,2259.520000010729,67521262.0,167.27148025138015,164.33406255584043,460590238.92,452501914.98,8088323.939999998,275354913.0,ok
2015-01-13,164.2681057913561,160.232862478921,342690956.07,334272758.38,8418197.689999998,208616855.0,178.85297659426726,178.8496424980242,121406230.39000002,121403967.19000001,2263.2000000029802,67880464.0,167.84871120576761,164.80330703315065,464097186.46000004,455676725.57,8420460.890000045,276497319.0,ok
2015-01-14,164.2116399238204,160.08913042755216,344615956.48,335964422.68,8651533.800000012,209860858.0,179.17963902732055,179.17630941139834,121989667.75999999,121987400.88,2266.8799999952316,68082327.0,167.8780590500897,164.7645447971678,466605624.24,457951823.56,8653800.680000007,277943185.0,ok
2015-01-15,163.93368167425825,159.65028503526054,345011542.86,335996792.09000003,9014750.76999998,210457997.0,178.81222816207617,178.80891631614716,121995350.75999999,121993091.24000001,2259.5199999809265,68225396.0,167.57614746710075,164.3405724323157,467006893.62,457989883.33000004,9017010.289999962,278683393.0,ok
2015-01-16,161.58002869703927,157.37033369602037,340585031.89,331711663.58,8873368.310000002,210784114.0,175.7756153811857,175.77411410115903,119692457.69999999,119691435.41999999,1022.2800000011921,68093892.0,165.04617778642609,161.86400120775392,460277489.59,451403099.0,8874390.589999974,278878006.0,ok
2015-01-19,160.6206347150629,157.031526364232,335986454.11,328478752.56000006,7507701.549999952,209180131.0,174.28724172465922,174.28574477680732,118435624.56,118434607.32,1017.2400000095367,67954271.0,163.97173190717766,161.2623177255345,454422078.67,446913359.88000005,7508718.789999962,277134402.0,ok
2015-01-20,163.2861480035644,159.37232819978084,341569117.96000004,333382018.23,8187099.730000019,209184381.0,176.9689652072417,176.96738064629423,120689420.53999999,120688339.89999999,1080.640000000596,68198071.0,166.65024595715954,163.69829989461627,462258538.5,454070358.13,8188180.370000005,277382452.0,ok
2015-01-21,163.13151369296781,159.09407089874776,340087354.65999997,331670322.24,8417032.419999957,208474345.0,176.76543387439307,176.76383722775017,120899109.15,120898017.12,1092.030000001192,68395221.0,166.49950750094357,163.45904170630297,460986463.80999994,452568339.36,8418124.449999928,276869566.0,ok
2015-01-22,164.51147372586703,160.40869980845324,342424103.1,333884342.03,8539761.070000052,208146031.0,177.9713830747913,177.96983403809568,122026422.28999999,122025360.19,1062.0999999940395,68565193.0,167.84665207147506,164.76010464252073,464450525.39,455909702.21999997,8540823.170000017,276711224.0,ok
2015-01-23,164.87474621291963,160.65928639670616,342346089.56,333593104.53999996,8752985.02000004,207640101.0,177.7464639663521,177.7451477053639,122237231.53999999,122236326.33999999,905.2000000029802,68770556.0,168.07721024301895,164.91022300923802,464583321.1,455829430.87999994,8753890.220000088,276410657.0,ok
2015-01-26,165.09273058984905,160.94561950239074,343315297.59999996,334691255.39,8624042.209999979,207953007.0,177.50946960557513,177.50658674263477,122529843.23,122527853.27000001,1989.9599999934435,69027215.0,168.1871497777917,165.07283637746525,465845140.83,457219108.65999997,8626032.170000017,276980222.0,ok
2015-01-27,165.36517075316496,161.32998054668937,344420406.4,336015965.22,8404441.179999948,208278687.0,177.8551917918298,177.8517390499808,123575073.15,123572674.16,2398.9900000095367,69480723.0,168.48951383861305,165.46285124237554,467995479.54999995,459588639.38,8406840.169999957,277759410.0,ok
2015-01-28,165.42487147488444,161.35978839060647,345071595.41,336591947.26,8479648.150000036,208597167.0,177.79641483895068,177.79300257834345,123704444.33999999,123702070.21,2374.1299999952316,69576456.0,168.51922719861903,165.4700443938209,468776039.75,460294017.46999997,8482022.280000031,278173623.0,ok
2015-01-29,164.47731682896537,160.5650428079681,343943926.88,335762842.0,8181084.879999995,209113289.0,177.32754158813103,177.3241227187518,123528211.45,123525829.83,2381.6200000047684,69661041.0,167.68837300407108,164.75285648789827,467472138.33,459288671.83,8183466.5,278774330.0,ok
2015-01-30,163.31815932453853,159.45287711245155,341494119.6,333411912.75,8082206.850000024,209097458.0,176.74813360018092,176.7448214057913,122839680.66,122837378.69,2301.969999998808,69499846.0,166.6684471074422,163.7665852789444,464333800.26,456249291.44,8084508.819999993,278597304.0,ok
2015-02-02,162.62174779880957,158.84093259373554,340071317.28999996,332164952.83000004,7906364.459999919,209117982.0,175.27644638087153,175.27305733722307,121601187.9,121598836.69,2351.2100000083447,69376799.0,165.77420357116134,162.93439607401476,461672505.18999994,453763789.52000004,7908715.6699998975,278494781.0,ok
2015-02-03,163.465406184282,159.60347346712345,341006700.8,332950287.12,8056413.680000007,208610928.0,175.65657120008453,175.6532910598495,121757465.99000001,121755192.34,2273.6500000059605,69315634.0,166.5059156130604,163.60634125355747,462764166.79,454705479.46000004,8058687.329999983,277926562.0,ok
2015-02-04,163.87833016262314,159.9184901094783,341590834.68,333336875.37,8253959.310000002,208441735.0,175.63980901035706,175.6365466747973,121678087.09,121675827.04,2260.0499999970198,69277055.0,166.81223541626403,163.83936513982366,463268921.77,455012702.41,8256219.359999955,277718790.0,ok
2015-02-05,163.86151614791146,159.67872345648576,342097038.23,333364536.39,8732501.840000033,208772045.0,175.4935155380613,175.49025626478672,121690968.00999999,121688707.96,2260.0499999970198,69342145.0,166.7617197957429,163.62100917971858,463788006.24,455053244.34999996,8734761.890000045,278114190.0,ok
2015-02-06,162.88183842483016,158.79594595272272,339743606.78000003,331221135.16,8522471.620000005,208582866.0,174.0951736162453,174.09191189405712,120142306.33000001,120140055.43,2250.9000000059605,69009556.0,165.66947678060174,162.59852748790095,459885913.11,451361190.59000003,8524722.51999998,277592422.0,ok
2015-02-09,162.20625245912606,158.1391998406512,337171682.8,328717662.35,8454020.449999988,207866021.0,173.307994160578,173.30471708404494,119232269.18,119230014.62,2254.560000002384,68797905.0,164.96691801445772,161.91040279317082,456403951.98,447947676.97,8456275.00999999,276663926.0,ok
2015-02-10,161.3882820826924,157.28880842873377,334745761.48999995,326242780.9,8502980.589999974,207416398.0,171.80272426658877,171.79947212654935,117749530.95000002,117747302.01,2228.940000012517,68537639.0,163.97487688864646,160.8927659608763,452495292.43999994,443990082.90999997,8505209.529999971,275954037.0,ok
2015-02-11,161.67803475261599,157.62606379708282,334351525.88,325972016.10999995,8379509.7700000405,206800835.0,171.65649550067963,171.6533155494966,117207019.08,117204847.81,2171.2699999958277,68279979.0,164.15486721658456,161.10787861780864,451558544.96,443176863.91999996,8381681.040000021,275080814.0,ok
2015-02-12,162.0011908788056,157.9628387881658,333001421.54999995,324700390.06,8301031.48999995,205554922.0,171.28899189269984,171.28579390300152,116679887.62,116677709.19,2178.4300000071526,68118731.0,164.31297066437008,161.2789884636794,449681309.16999996,441378099.25,8303209.919999957,273673653.0,ok
2015-02-13,162.46313035102392,158.4273306509989,329427933.71000004,321244506.78,8183426.930000067,202770889.0,172.18071270635505,172.1798254069463,116383605.39,116383005.63,599.7600000053644,67593869.0,164.89262224775615,161.8655906366317,445811539.1,437627512.40999997,8184026.690000057,270364758.0,ok
2015-02-16,,,,,,,,,,,,,,,,,,,data unavailable: TWSE MI_MARGN total 20150216: missing tables (keys=stat; stat='很抱歉，沒有符合條件的資料')
2015-02-17,,,,,,,,,,,,,,,,,,,data unavailable: TWSE MI_MARGN total 20150217: missing tables (keys=stat; stat='很抱歉，沒有符合條件的資料')
2015-02-18,,,,,,,,,,,,,,,,,,,data unavailable: TWSE MI_MARGN total 20150218: missing tables (keys=stat; stat='很抱歉，沒有符合條件的資料')
2015-02-19,,,,,,,,,,,,,,,,,,,data unavailable: TWSE MI_MARGN total 20150219: missing tables (keys=stat; stat='很抱歉，沒有符合條件的資料')
2015-02-20,,,,,,,,,,,,,,,,,,,data unavailable: TWSE MI_MARGN total 20150220: missing tables (keys=stat; stat='很抱歉，沒有符合條件的資料')
2015-02-23,,,,,,,,,,,,,,,,,,,data unavailable: TWSE MI_MARGN total 20150223: missing tables (keys=stat; stat='很抱歉，沒有符合條件的資料')
2015-02-24,163.8600169139502,159.73132763060792,331776337.75,323416754.76,8359582.99000001,202475469.0,174.33073589065634,174.329842709614,118399860.72,118399254.1,606.6200000047684,67916802.0,166.4900393806005,163.39816490538666,450176198.47,441816008.86,8360189.610000014,270392271.0,ok
2015-02-25,164.65196194617232,160.53595647645113,334786108.11,326417052.34000003,8369055.769999981,203329559.0,175.42893863820228,175.42804675800815,119512266.13,119511658.53,607.5999999940395,68125742.0,167.35660440832578,164.27334785037039,454298374.24,445928710.87,8369663.370000005,271455301.0,ok
2015-02-26,165.09385390317462,160.93319841013144,336971742.79999995,328479462.2,8492280.599999964,204109199.0,175.6859949494408,175.68517637615034,120146871.53,120146311.73000002,559.7999999821186,68387279.0,167.7521183704987,164.6354394092389,457118614.3299999,448625773.93,8492840.399999917,272496478.0,ok
2015-02-27,,,,,,,,,,,,,,,,,,,data unavailable: TWSE MI_MARGN total 20150227: missing tables (keys=stat; stat='很抱歉，沒有符合條件的資料')
2015-03-02,164.6852128855346,160.50431241428387,337579509.34000003,329009302.55,8570206.790000021,204984712.0,176.3510594425212,176.35024270627733,121067284.28999999,121066723.59,560.6999999880791,68651294.0,167.61200411249973,164.47982585303484,458646793.63,450076026.14,8570767.49000001,273636006.0,ok
2015-03-03,164.31670319490593,160.19132082284833,336900715.4,328442389.22,8458326.179999948,205031326.0,176.538409947507,176.53822718756916,121324315.11,121324189.50999999,125.6000000089407,68724033.0,167.38486223022213,164.2950773175549,458225030.51,449766578.73,8458451.779999971,273755359.0,ok
2015-03-04,164.4422463677228,160.33790694088498,337235485.02,328818372.46000004,8417112.559999943,205078374.0,176.69718161571174,176.69703587843512,122019601.1,122019500.46,100.64000000059605,69055771.0,167.52932624281445,164.45885386513964,459255086.12,450837872.92,8417213.199999988,274134145.0,ok
2015-03-05,164.7739573161226,160.65258714932293,340018854.73,331514212.45,8504642.280000031,206354730.0,177.82382620858556,177.82332985245344,123523964.08,123523619.29,344.78999999165535,69464237.0,168.06053037317045,164.97699077380707,463542818.81,455037831.74,8504987.069999993,275818967.0,ok
2015-03-06,165.82647737758037,161.67724793441388,342210476.53,333647852.47,8562624.059999943,206366608.0,178.95461566979336,178.95413299278556,124929396.51,124929059.55000001,336.9599999934435,69810659.0,169.14494017351544,166.04440944808104,467139873.03999996,458576912.02000004,8562961.019999921,276177267.0,ok
2015-03-09,165.41049456500133,161.33121394735286,343496355.63,335025200.1,8471155.529999971,207662976.0,180.00371280791208,180.00323583959553,126969542.91,126969206.47,336.4399999976158,70537180.0,169.11058041966015,166.0654735829839,470465898.53999996,461994406.57000005,8471491.96999991,278200156.0,ok
2015-03-10,164.54126385096265,160.41589971555092,342550656.31,333962256.29999995,8588400.01000005,208185259.0,178.3953303012904,178.39485541629216,126094058.13,126093722.47,335.6599999964237,70682376.0,168.05274460767023,164.97288355817986,468644714.44,460055978.77,8588735.670000017,278867635.0,ok
2015-03-11,164.09281913141115,159.97996296123733,343456326.04999995,334847866.05,8608459.99999994,209306128.0,178.10879038012303,178.1083027450489,126723544.09,126723197.14000002,346.94999998807907,71149517.0,167.6485670809015,164.57898830668933,470179870.14,461571063.19000006,8608806.949999928,280455645.0,ok
2015-03-12,165.26007817566284,161.13779903883676,345821142.44,337194913.43,8626229.00999999,209258731.0,178.7792176135775,178.7787464490363,127757836.83,127757500.13,336.70000000298023,71461235.0,168.7015661971119,165.62855153665842,473578979.27,464952413.56,8626565.709999979,280719966.0,ok
2015-03-13,165.0734540712345,161.02285559773023,346413635.88,337913283.4,8500352.48000002,209854236.0,179.4487276343526,179.44827515971312,128893050.33,128892725.33,325.0,71827230.0,168.73907004232927,165.72123660063596,475306686.21,466806008.72999996,8500677.48000002,281681466.0,ok
2015-03-16,164.74865427823465,160.69731610745094,347345378.73,338803800.06,8541578.670000017,210833515.0,179.58708775033517,179.58655122589818,129839065.16,129838677.26,387.8999999910593,72298664.0,168.537693446,165.5207398096562,477184443.89,468642477.32,8541966.569999993,283132179.0,ok
2015-03-17,164.3370071919288,160.3615616695156,346624272.88,338239150.52,8385122.360000014,210922834.0,178.22705892964657,178.22612128629478,128691626.46000001,128690949.42,677.0400000065565,72206559.0,167.8793905159822,164.91756471925189,475315899.34000003,466930099.94,8385799.400000036,283129393.0,ok
2015-03-18,165.27671697410858,161.18897452782994,348806032.63,340179111.36,8626921.26999998,211043660.0,179.04348764706785,179.04246148465444,129885436.59,129884692.16999999,744.4200000166893,72544072.0,168.7983700296316,165.75604318807416,478691469.22,470063803.53,8627665.690000057,283587732.0,ok
2015-03-19,166.8333406301063,162.7102158536759,352829464.07,344109624.86,8719839.209999979,211486183.0,180.2833734229643,180.28245991345023,131649896.24,131649229.16,667.0799999982119,73023870.0,170.28549789416405,167.22040188154617,484479360.31,475758854.02,8720506.290000021,284510053.0,ok
2015-03-20,167.34858515584335,163.1967931074891,354910810.97,346105741.71000004,8805069.25999999,212078764.0,181.57265649219855,181.5719147163139,133479089.35,133478544.05,545.2999999970198,73512770.0,171.00993628193478,167.92664650906636,488389900.32000005,479584285.76000005,8805614.560000002,285591534.0,ok
2015-03-23,167.51998482036728,163.41135926802409,356064727.83000004,347331819.69,8732908.140000045,212550597.0,180.33888755068674,180.3378081147322,133219787.92,133218990.52,797.4000000059605,73871914.0,170.82613864452856,167.77690012290967,489284515.75000006,480550810.21,8733705.540000081,286422511.0,ok
2015-03-24,167.10884114067807,163.1479937935625,355954974.74,347518058.37,8436916.370000005,213007865.0,180.0502469463702,180.04888084315627,133655461.07,133654446.97999999,1014.0900000035763,74232312.0,170.4533261758852,167.5157390499728,489610435.81,481172505.35,8437930.459999979,287240177.0,ok
2015-03-25,165.56927160893832,161.68878549199948,353199095.62,344921085.01,8278010.610000014,213324062.0,177.73488230023153,177.73312185017102,131853644.41,131852338.41,1306.0,74185575.0,168.7083414285692,165.82867565583547,485052740.03,476773423.41999996,8279316.610000014,287509637.0,ok
2015-03-26,165.12770474089814,161.25629865183458,353405994.99,345120419.15,8285575.840000033,214019807.0,177.0339836322308,177.03181895427593,131530057.19000001,131528448.91,1608.2800000160933,74296502.0,168.19584499467214,165.3215073795912,484936052.18,476648868.05999994,8287184.120000064,288316309.0,ok
2015-03-27,163.55107886635574,159.7386853415993,351027276.37,342844792.19000006,8182484.179999948,214628530.0,175.0820589772103,175.0798978210766,130026100.50999999,130024495.50999999,1605.0,74265805.0,166.5153374779744,163.68243693667446,481053376.88,472869287.70000005,8184089.179999948,288894335.0,ok
2015-03-30,162.56698512466377,158.71828748493618,348180010.66,339937011.11,8242999.550000012,214176335.0,172.17635110566053,172.17373111932977,127258702.25999999,127256765.78,1936.4799999892712,73911836.0,165.0323618875695,162.17041306079867,475438712.92,467193776.89,8244936.030000031,288088171.0,ok
2015-03-31,163.6313458676254,159.6906898959113,350254129.61,341819125.78999996,8435003.820000052,214050754.0,174.24182432759773,174.2390628451718,129117704.69,129115658.35999998,2046.330000013113,74102590.0,166.35997613131985,163.43200381183152,479371834.3,470934784.15,8437050.150000036,288153344.0,ok
2015-04-01,162.76302990194645,158.73755620003155,348380023.74,339763849.51,8616174.23000002,214041250.0,172.99399735847928,172.99123362698924,127992942.53999999,127990897.74,2044.7999999970198,73986927.0,165.39109862157687,162.39895420023439,476372966.28,467754747.25,8618219.029999971,288028177.0,ok
2015-04-02,163.8225391149511,159.9076381410613,350398379.22,342024836.95,8373542.2700000405,213888993.0,174.79527747591248,174.79248956896555,129708945.42999999,129706876.63,2068.7999999970198,74206207.0,166.64884546844237,163.74160818368372,480107324.65000004,471731713.58,8375611.070000052,288095200.0,ok
2015-04-03,,,,,,,,,,,,,,,,,,,data unavailable: TWSE MI_MARGN total 20150403: missing tables (keys=stat; stat='很抱歉，沒有符合條件的資料')
2015-04-06,,,,,,,,,,,,,,,,,,,data unavailable: TWSE MI_MARGN total 20150406: missing tables (keys=stat; stat='很抱歉，沒有符合條件的資料')
2015-04-07,164.88333382053835,161.13612530538367,352584530.9,344571545.44,8012985.459999979,213838793.0,176.10236173638881,176.09976097812327,130717880.94999999,130715950.44999999,1930.5,74228352.0,167.77422216962646,164.9919139129872,483302411.84999996,475287495.89,8014915.959999979,288067145.0,ok
2015-04-08,163.817652740059,160.0685065790175,351695444.95000005,343646510.02,8048934.930000067,214687147.0,175.44559124110685,175.4431301560829,130987245.07000001,130985407.63000001,1837.4399999976158,74659753.0,166.81799252730895,164.03559797944956,482682690.02000004,474631917.65,8050772.370000064,289346900.0,ok
2015-04-09,162.97939952474195,159.22164794071676,349395166.62,341339300.39,8055866.230000019,214379957.0,173.33632934405895,173.33387228123186,129522736.32,129520900.32,1836.0,74723364.0,165.65631321128959,162.8691773865856,478917902.94,470860200.71,8057702.230000019,289103321.0,ok
2015-04-10,162.88890707636932,159.16714937611607,348561489.54999995,340597402.66999996,7964086.879999995,213987248.0,173.08677948091596,173.08421678961443,129172197.03999999,129170284.53999999,1912.5,74628575.0,165.52581269600034,162.76574247628827,477733686.5899999,469767687.2099999,7965999.379999995,288615823.0,ok
2015-04-13,164.17940014287794,160.21683263494782,350637491.75,342174647.26,8462844.49000001,213569724.0,173.91537930421376,173.91300324888758,129897709.85,129895935.16999999,1774.6800000071526,74690180.0,166.70206120654228,163.7656073145712,480535201.6,472070582.42999995,8464619.170000076,288259904.0,ok
2015-04-14,164.7899779725722,160.7113537319695,353650065.04999995,344897070.81,8752994.23999995,214606537.0,174.6209363452221,174.61848441954552,130659162.19,130657327.55000001,1834.6399999856949,74824454.0,167.33150294883242,164.30666139687855,484309227.23999995,475554398.36,8754828.879999936,289430991.0,ok
2015-04-15,163.51167377361253,159.46712077524097,354057121.73,345299320.15999997,8757801.570000052,216533238.0,173.85927506691502,173.85713238953576,130738654.2,130737042.95,1611.25,75197975.0,166.1789189249352,163.17635614465428,484795775.93,476036363.10999995,8759412.820000052,291731213.0,ok
2015-04-16,164.4746309681311,160.31869666521868,355000757.28999996,346030621.19000006,8970136.099999905,215839218.0,174.49769941796313,174.49563986633555,131562629.47000001,131561076.67000002,1552.7999999970198,75395051.0,167.06941405992302,163.9888394658666,486563386.76,477591697.8600001,8971688.899999917,291234269.0,ok
2015-04-17,163.44024849708947,158.8314387531519,353221599.61,343261194.11,9960405.5,216116656.0,173.17946978716196,173.1772349740996,130929981.16,130928291.56,1689.5999999940395,75603639.0,165.9643120716027,162.54936451027518,484151580.77,474189485.67,9962095.099999964,291720295.0,ok
2015-04-20,162.01150580891365,157.49688895057906,349554711.02,339814010.3,9740700.719999969,215759189.0,171.26636890703907,171.26414212027888,129442703.73,129441020.73,1683.0,75579756.0,164.4124216726329,161.068418446425,478997414.75,469255031.03000003,9742383.719999969,291338945.0,ok
2015-04-21,160.06661950752732,155.5931300905554,343260237.24,333666912.64,9593324.600000024,214448358.0,166.77274220652038,166.7705377971752,124806671.42,124805021.72000001,1649.699999988079,74836373.0,161.8014566624327,158.48466414910783,468066908.66,458471934.36,9594974.300000012,289284731.0,ok
2015-04-22,161.61540184728483,156.83984674864882,346050694.79999995,335825282.24,10225412.559999943,214119874.0,167.97872752550913,167.9765177061413,125711569.03,125709915.25,1653.780000001192,74837791.0,163.26345377617858,159.72415803193869,471762263.8299999,461535197.49,10227066.339999914,288957665.0,ok
2015-04-23,163.3625788131458,158.48602255462913,350948136.06999993,340471940.47,10476195.599999905,214827740.0,169.11495708054,169.113042369597,126886279.21999998,126884842.61999999,1436.5999999940395,75029602.0,164.85158250364412,161.23682769781283,477834415.2899999,467356783.09000003,10477632.199999869,289857342.0,ok
2015-04-24,163.9406358212144,159.19226140803622,350340227.24,340192977.52,10147249.720000029,213699444.0,168.8066583581657,168.80491702899315,126799178.82,126797870.82,1308.0,75115034.0,165.20619373520464,161.69232635906846,477139406.06,466990848.34,10148557.720000029,288814478.0,ok
2015-04-27,164.77349846556152,159.94376213240687,354684214.06999993,344287935.23,10396278.839999914,215255619.0,169.840172237864,169.83878086484023,128255375.03,128254324.33,1050.7000000029802,75515335.0,166.08935055459492,162.51357058174386,482939589.0999999,472542259.56,10397329.539999902,290770954.0,ok
2015-04-28,163.93714424439747,159.14900380576137,355311459.78,344933816.71000004,10377643.069999933,216736397.0,169.35385648205724,169.3521955197617,127951221.45,127949966.55,1254.9000000059605,75552588.0,165.33728810546862,161.78638523104115,483262681.22999996,472883783.26000005,10378897.96999991,292288985.0,ok
2015-04-29,161.98564912291081,157.1451737362778,351099762.22,340608155.3000001,10491606.919999957,216747449.0,167.8071667463555,167.8055228306601,126466129.38000001,126464890.46000001,1238.9200000017881,75363962.0,163.48758508444575,159.89551526283924,477565891.6,467073045.7600001,10492845.839999914,292111411.0,ok
2015-04-30,162.83632694130324,158.03860927449168,353143000.56999993,342738194.44,10404806.129999936,216869913.0,168.01792257322776,168.01628100852935,126613889.25999999,126612652.22,1237.0399999916553,75357371.0,164.17251779611377,160.61157611142153,479756889.8299999,469350846.65999997,10406043.169999957,292227284.0,ok
2015-05-01,,,,,,,,,,,,,,,,,,,data unavailable: TWSE MI_MARGN total 20150501: missing tables (keys=stat; stat='很抱歉，沒有符合條件的資料')
2015-05-04,162.338630436548,157.47505483774023,350837887.66,340326978.55,10510909.110000014,216114850.0,167.1651885578217,167.16328043382887,125571621.09,125570187.74,1433.3500000089407,75118284.0,163.58355321960033,159.97395622230266,476409508.75,465897166.29,10512342.459999979,291233134.0,ok
2015-05-05,161.59364328234435,156.91210359466302,346638717.56000006,336596225.28999996,10042492.2700001,214512595.0,165.96483901016697,165.9631553126349,123702488.57,123701233.61999999,1254.9500000029802,74535359.0,162.72082179485002,159.24605330712703,470341206.13000005,460297458.90999997,10043747.220000088,289047954.0,ok
2015-05-06,162.28899884174578,157.63649414508419,348497283.11,338506555.1,9990728.00999999,214738698.0,167.0717551543018,167.0703256141431,125147779.69999999,125146708.88,1070.8199999928474,74906605.0,163.52589111724694,160.07622398074932,473645062.81,463653263.98,9991798.829999983,289645303.0,ok
2015-05-07,160.41929167486074,155.78634281009005,343584049.71,333661257.28000003,9922792.429999948,214178760.0,164.86290147161367,164.86157525140985,123291007.94,123290016.14,991.7999999970198,74783961.0,161.56930417678342,158.13502580493767,466875057.65,456951273.42,9923784.22999996,288962721.0,ok
2015-05-08,159.2681200933899,154.66954089064004,339318651.40999997,329521438.43,9797212.97999996,213048695.0,163.18251998548666,163.18119642626056,120967885.8,120966904.63999999,981.1600000113249,74130419.0,160.27855605474147,156.866680447381,460286537.21,450488343.07,9798194.139999986,287179114.0,ok
2015-05-11,156.92298248065327,152.25903560543875,328426521.94,318665275.84000003,9761246.099999964,209291537.0,159.23337916727309,159.2319376906032,115582217.02000001,115581170.7,1046.3200000077486,72586676.0,157.51793451308706,154.05463299854253,444008738.96000004,434246446.54,9762292.420000017,281878213.0,ok
2015-05-12,157.75443062005004,152.96931255256465,327575560.73999995,317639309.01,9936251.72999996,207649040.0,160.39988630857582,160.39824363962106,114808141.82,114806966.06,1175.7599999904633,71576199.0,158.43256295323644,154.87363413806585,442383702.55999994,432446275.07,9937427.48999995,279225239.0,ok
2015-05-13,159.55639417636215,154.77921936916565,330092624.91999996,320209535.11999995,9883089.800000012,206881477.0,162.15541287828538,162.15372802595093,115820872.24000001,115819668.82,1203.4200000166893,71425844.0,160.22341617093142,156.67184117661063,445913497.15999997,436029203.93999994,9884293.220000029,278307321.0,ok
2015-05-14,158.27069682100202,153.53731370880692,327924796.68,318117588.36,9807208.319999993,207192363.0,162.70730067451444,162.70579168140023,115269321.69,115268252.65,1069.0399999916553,70844591.0,159.4011558513909,155.87346745641588,443194118.37,433385841.01,9808277.360000014,278036954.0,ok
2015-05-15,157.4335365422933,152.9079502381805,324922965.48,315582726.07,9340239.410000026,206387389.0,161.3850955766673,161.3834307282681,113705910.61,113704737.62,1172.9899999946356,70456265.0,158.43920196559753,155.06494640111924,438628876.09000003,429287463.69,9341412.400000036,276843654.0,ok
2015-05-18,156.8335890030186,152.31104476203825,320437706.0,311197378.65,9240327.350000024,204317014.0,159.6215924674695,159.62010427268032,111523134.06,111522094.30000001,1039.7599999904633,69867198.0,157.54402374561232,154.1735280330437,431960840.06,422719472.95,9241367.110000014,274184212.0,ok
2015-05-19,159.36848645550225,154.6268196472282,324028620.23,314387845.02,9640775.210000038,203320385.0,162.71605911454733,162.71455413885352,113658732.62,113657681.38,1051.2400000095367,69850962.0,160.22447363412533,156.69488440162064,437687352.85,428045526.4,9641826.450000048,273171347.0,ok
2015-05-20,159.9849311442794,155.1607331824863,326593428.82,316745305.36,9848123.459999979,204140119.0,163.8964895803597,163.89501396138968,114890450.89999999,114889416.49999999,1034.4000000059605,70099397.0,160.9847793488667,157.39333563438757,441483879.71999997,431634721.86,9849157.859999955,274239516.0,ok
2015-05-21,158.84947812661022,154.06612476931113,326097868.25,316278249.38,9819618.870000005,205287340.0,163.14782367468027,163.1463574227687,114028079.61,114027054.81,1024.7999999970198,69892492.0,159.94120814057334,156.37239875558905,440125947.86,430305304.19,9820643.670000017,275179832.0,ok
2015-05-22,160.0553165064692,155.2983056092161,326992598.68,317274037.69,9718560.99000001,204299742.0,164.0524440327124,164.05099167285547,114667062.55000001,114666047.4,1015.1500000059605,69896589.0,161.0742418103326,157.5294911914777,441659661.23,431940085.09000003,9719576.139999986,274196331.0,ok
2015-05-25,160.37673105936216,155.4382542531394,328719101.71000004,318596862.35,10122239.360000014,204966830.0,164.8915331744053,164.89010580720344,115459071.44999999,115458071.99,999.4599999934435,70021225.0,161.52635181189962,157.84501415525122,444178173.16,434054934.34000003,10123238.819999993,274988055.0,ok
2015-05-26,160.73361768555642,155.85136307505172,328448727.38,318472156.6,9976570.779999971,204343517.0,165.279924778574,165.27849314958948,115742093.5,115741090.96000001,1002.5399999916553,70027920.0,161.89397327098592,158.2574528557796,444190820.88,434213247.56000006,9977573.319999933,274371437.0,ok
2015-05-27,161.53022029253714,156.82317193383324,330477609.47,320847373.8,9630235.670000017,204591815.0,166.78828101946465,166.7868849656385,116876324.17999999,116875345.89999999,978.2800000011921,70074662.0,162.8716902536308,159.36517789901242,447353933.65000004,437722719.7,9631213.950000048,274666477.0,ok
2015-05-28,162.37810825561607,157.710957924064,331563665.39,322033701.72999996,9529963.660000026,204192344.0,169.26054545127954,169.25973275617918,119199547.21000001,119198974.88,572.330000013113,70423705.0,164.14306965722895,160.67257475181282,450763212.6,441232676.60999995,9530535.99000007,274616049.0,ok
2015-05-29,162.2597120262864,157.66484246042938,330859722.29999995,321490438.64000005,9369283.659999907,203907500.0,169.36745642199227,169.3666392860416,119428753.94,119428177.74000001,576.1999999880791,70514582.0,164.08609429615797,160.6716971048999,450288476.23999995,440918616.38000005,9369859.859999895,274422082.0,ok
2015-06-01,161.5819486922253,156.80902530222042,328983652.6,319265897.72,9717754.879999995,203601736.0,169.07337666304997,169.07299585459756,119076872.74000001,119076604.53999999,268.2000000178814,70429109.0,163.50733266541584,159.9610081339566,448060525.34000003,438342502.26,9718023.080000043,274030845.0,ok
2015-06-02,161.6521717002345,156.6809107696482,328865218.52,318751684.03999996,10113534.48000002,203440025.0,168.7033341972338,168.70297361145253,118939136.94999999,118938882.72999999,254.2199999988079,70501948.0,163.4668651050418,159.7749194753737,447804355.46999997,437690566.77,10113788.699999988,273941973.0,ok
2015-06-03,160.3363337424921,155.36976278489288,325406131.16,315326365.69,10079765.470000029,202952209.0,167.30589585815383,167.30554109108022,118275685.09,118275434.29,250.79999999701977,70694272.0,162.1368616284161,158.45327094851257,443681816.25,433601799.98,10080016.26999998,273646481.0,ok
2015-06-04,156.44792755259357,151.64782451122954,315026445.9,305360869.47,9665576.429999948,201361853.0,161.76373283287683,161.7633870286618,113055472.59,113055230.91,241.68000000715256,69889258.0,157.81757240065278,154.254151747972,428081918.49,418416100.38,9665818.110000014,271251111.0,ok
2015-06-05,156.72300347133162,151.96316604126042,312379922.22,302892625.44000006,9487296.779999971,199319765.0,162.36078398444766,162.3604349756956,112519249.41,112519007.54,241.8699999898672,69301987.0,158.17749994795656,154.6455675637169,424899171.63,415411632.9800001,9487538.649999917,268621752.0,ok
2015-06-08,156.61811929634638,151.9766567578828,309334250.07,300166962.53000003,9167287.539999962,197508597.0,163.1829790258463,163.1826307117842,112869526.63999999,112869285.72,240.91999998688698,69167463.0,158.32083941468161,154.88313733523736,422203776.71,413036248.25,9167528.459999979,266676060.0,ok
2015-06-09,152.1278366231286,147.32473867590016,292279578.17,283051500.83000004,9228077.339999974,192127611.0,157.13207237955038,157.1316339336337,106053041.19,106052745.27,295.92000000178814,67492931.0,153.42877581697675,149.87421376695224,398332619.36,389104246.1,9228373.25999999,259620542.0,ok
2015-06-10,155.66773352166888,150.71611131372686,296568611.02,287135084.32,9433526.699999988,190513862.0,161.1648938174543,161.16444558494715,107866938.19,107866638.19,300.0,66929550.0,157.09687269449333,153.43244538337612,404435549.21,395001722.51,9433826.699999988,257443412.0,ok
2015-06-11,155.57887337144257,150.4991948602338,296170752.96999997,286500724.02,9670028.949999988,190366948.0,161.54369291951483,161.5432419952751,107904956.13,107904654.93,301.19999998807907,66796143.0,157.12818955811974,153.36780150538786,404075709.09999996,394405378.95,9670330.149999976,257163091.0,ok
2015-06-12,155.7354841459609,150.683325232854,295767762.3,286172866.54,9594895.75999999,189916745.0,161.50034217735077,161.49992490734198,107372741.83,107372464.41,277.42000000178814,66484529.0,157.23030460839286,153.488055971984,403140504.13,393545330.95000005,9595173.179999948,256401274.0,ok
2015-06-15,155.72180550043896,150.8937993348217,294982584.4,285836930.51,9145653.889999986,189429209.0,161.87241230554378,161.87201257741256,107406551.00999999,107406285.78,265.22999998927116,66352598.0,157.31734016954536,153.74166790916445,402389135.40999997,393243216.28999996,9145919.120000005,255781807.0,ok
2015-06-16,154.68721574435952,149.95927874910544,292562887.21000004,283620849.62,8942037.590000033,189131911.0,160.84333998272504,160.84290222668696,106226788.38,106226499.27000001,289.1099999845028,66043635.0,156.28052211162898,152.7761397990699,398789675.59000003,389847348.89,8942326.700000048,255175546.0,ok
2015-06-17,155.29993794165614,150.57234780758085,294414598.65999997,285452125.33,8962473.329999983,189578053.0,161.89127290808563,161.89079185649214,106934375.99,106934058.24,317.75,66053206.0,157.0030896143261,153.49694912311173,401348974.65,392386183.57,8962791.079999983,255631259.0,ok
2015-06-18,156.86003067099264,152.27073361741392,297139642.38,288446146.15,8693496.23000002,189429800.0,163.8641286562051,163.863646571122,108345378.94,108345060.19,318.75,66119034.0,158.6722251763434,155.27020809650807,405485021.32,396791206.34,8693814.98000002,255548834.0,ok
2015-06-19,,,,,,,,,,,,,,,,,,,data unavailable: TWSE MI_MARGN total 20150619: missing tables (keys=stat; stat='很抱歉，沒有符合條件的資料')
2015-06-22,158.02629108621628,153.63207254153457,297734055.99,289455000.01000005,8279055.9799999595,188407925.0,165.13469858265103,165.13421323827728,109387907.78,109387586.28,321.5,66241625.0,159.87539101090104,156.6241080300358,407121963.77,398842586.2900001,8279377.4799999,254649550.0,ok
2015-06-23,158.71917707673015,154.25065992441017,298847126.18,290433501.98,8413624.199999988,188286716.0,165.4626292857443,165.46226116381203,110167004.13,110166759.03,245.09999999403954,66581200.0,160.48082345131272,157.17955688467276,409014130.31,400600261.01,8413869.300000012,254867916.0,ok
2015-06-24,158.21855719310733,153.65495830760264,297745724.64,289157654.56,8588070.079999983,188186348.0,165.87102162452354,165.8706535072631,110440318.25999999,110440073.16,245.09999999403954,66582045.0,160.2184784750752,156.8474499582058,408186042.9,399597727.72,8588315.179999948,254768393.0,ok
2015-06-25,159.29125632466773,154.6602530860065,298381418.53,289706709.4,8674709.129999995,187318140.0,166.58772726806546,166.58735716966277,111264517.77,111264270.58,247.1899999976158,66790345.0,161.20907426605606,157.79519522144253,409645936.29999995,400970979.97999996,8674956.319999993,254108485.0,ok
2015-06-26,159.02538377166417,154.46908780432855,297985765.19,289448063.17,8537702.01999998,187382516.0,166.53817976132032,166.53781293221317,111705200.96000001,111704954.91,246.05000001192093,67074830.0,161.00575306244056,157.65039775271416,409690966.15,401153018.08000004,8537948.069999933,254457346.0,ok
2015-06-29,155.035065224927,150.95548041259602,288503881.58000004,280912205.13,7591676.450000048,186089438.0,163.21772087608522,163.21728902967695,109096183.8,109095895.15,288.6499999910593,66840894.0,157.19746312593307,154.19585986231178,397600065.38000005,390008100.28,7591965.100000083,252930332.0,ok
2015-06-30,157.15078934036893,152.50492404304572,292650254.4,283998604.18000007,8651650.21999991,186222580.0,164.8271731672614,164.8267421941218,110571123.00999999,110570833.9,289.1099999845028,67083067.0,159.18373008478565,155.76811758957746,403221377.40999997,394569438.08000004,8651939.329999924,253305647.0,ok
2015-07-01,158.91532634177386,154.20346868216842,295636438.09,286870783.78,8765654.310000002,186033937.0,166.1626753087629,166.16223742634446,111453754.03999999,111453460.32999998,293.71000000834465,67075084.0,160.83590799001982,157.37259878619653,407090192.13,398324244.10999995,8765948.02000004,253109021.0,ok
2015-07-02,158.8291588261734,153.9990921288868,297141915.25,288105694.95000005,9036220.299999952,187082723.0,167.1027521660586,167.10231569508025,112358709.13999999,112358415.66,293.47999998927116,67239293.0,161.0165847340562,157.4634067897606,409500624.39,400464110.61,9036513.779999971,254322016.0,ok
2015-07-03,158.77479649514245,153.38667776085367,298674010.14,288538326.99,10135683.149999976,188111726.0,167.66144779325026,167.66101805378065,113243989.16000003,113243698.9,290.2600000202656,67543249.0,161.12262211990986,157.15791405584812,411917999.3,401782025.89,10135973.410000026,255654975.0,ok
2015-07-06,156.5618193943803,150.6461426639374,294629842.76,283497276.01,11132566.75,188187544.0,164.68765685769444,164.6872066276411,110701345.01,110701042.37,302.64000000059605,67218969.0,158.70041175105035,154.341529411194,405331187.77,394198318.38,11132869.389999986,255406513.0,ok
2015-07-07,156.26841607780938,150.2133795430279,293383462.45,282015537.77,11367924.680000007,187743288.0,164.41994924558537,164.41950147810098,110600457.69,110600156.49,301.20000000298023,67267055.0,158.41864113723418,153.96069415898162,403983920.14,392615694.26,11368225.879999995,255010343.0,ok
2015-07-08,150.58600155871605,144.91799489694102,278264842.49,267791047.01999998,10473795.470000029,184787988.0,157.07959475334857,157.0790588406659,103871150.25999999,103870795.88,354.3799999952316,66126444.0,152.29733487390632,148.12294372130813,382135992.75,371661842.9,10474149.850000024,250914432.0,ok
2015-07-09,151.29637265807116,145.2340920137885,276762634.27,265673057.35999998,11089576.909999996,182927475.0,157.373623687152,157.37309723347008,102901213.03999999,102900868.81,344.22999998927116,65386569.0,152.89664700156868,148.43056004113885,379663847.30999994,368573926.16999996,11089921.139999986,248314044.0,ok
2015-07-10,,,,,,,,,,,,,,,,,,,data unavailable: TWSE MI_MARGN total 20150710: missing tables (keys=stat; stat='很抱歉，沒有符合條件的資料')
2015-07-13,153.8768660336792,147.74284958972436,280012496.75,268850316.86,11162179.889999986,181971796.0,161.10709001876288,161.10654979591166,105511435.36,105511081.56,353.79999999701977,65491491.0,155.790354514284,151.27957078336232,385523932.11,374361398.42,11162533.689999998,247463287.0,ok
2015-07-14,153.39215013917863,147.4430702209445,278332079.66999996,267537395.69,10794683.97999996,181451319.0,160.3375246591043,160.33699032512618,105120475.09,105120124.77,350.3200000077486,65561992.0,155.2355835431071,150.8653598267018,383452554.76,372657520.46,10795034.300000012,247013311.0,ok
2015-07-15,153.19167560332428,147.1945395002028,278333728.68,267437540.97,10896187.710000008,181689852.0,159.95258974624298,159.95207679418058,105035995.13,105035658.29,336.8399999886751,65666955.0,154.98652673423294,150.58134189935592,383369723.81,372473199.26,10896524.550000012,247356807.0,ok
2015-07-16,153.75493093391933,147.7888347208651,279062781.08,268234410.3,10828370.779999971,181498427.0,160.26952821598886,160.26841430721794,105495913.62,105495180.4,733.2199999988079,65824062.0,155.48876944223215,151.1102335299561,384558694.7,373729590.70000005,10829103.99999994,247322489.0,ok
2015-07-17,153.25769551450253,147.18104444553646,277634490.19000006,266626312.65,11008177.540000051,181155334.0,159.4606437663364,159.45953590529115,105009656.01,105008926.45,729.5600000023842,65853024.0,154.9114164792756,150.45451988308832,382644146.20000005,371635239.1,11008907.100000024,247008358.0,ok
2015-07-20,151.4382847153876,145.45254553115865,272114251.9,261358682.76999998,10755569.129999995,179686565.0,156.32068606087842,156.31958447354432,102143176.8,102142457.0,719.7999999970198,65342073.0,152.7402803830628,148.35047149468298,374257428.7,363501139.77,10756288.930000007,245028638.0,ok
2015-07-21,151.47077645703615,145.4331890725458,270350305.43,259574209.66,10776095.77000001,178483475.0,155.10192189246746,155.10081185713892,100575504.68,100574784.88,719.8000000119209,64844783.0,152.43844391883167,148.00952322602825,370925810.11,360148994.53999996,10776815.570000052,243328258.0,ok
2015-07-22,149.93879527303525,143.86224470341787,267238793.64,256408440.89,10830352.75,178231920.0,153.57216268666298,153.57111195452865,99012795.44999999,99012118.00999999,677.4399999976158,64473140.0,150.90397748196926,146.44134691711824,366251589.09,355420558.9,10831030.189999998,242705060.0,ok
2015-07-23,148.42765795174938,142.41724979604956,261014146.46999997,250444677.29999998,10569469.169999987,175852769.0,151.17374611922173,151.17263204913013,96002858.75,96002151.25999999,707.4900000095367,63504981.0,149.15623380483814,144.7401759750833,357017005.21999997,346446828.55999994,10570176.660000026,239357750.0,ok
2015-07-24,148.03215416110876,141.98153733487698,258482716.24,247917580.02999997,10565136.210000038,174612548.0,150.62160717703605,150.62048433280842,94904776.85,94904069.35999998,707.4900000095367,63008740.0,148.71878528408618,144.27227975887413,353387493.09000003,342821649.39,10565843.700000048,237621288.0,ok
2015-07-27,143.14153600705615,137.14994690257595,241368286.89,231265142.56,10103144.329999983,168622116.0,143.96433098794992,143.96297159009893,86910368.28,86909547.62,820.6599999964237,60369376.0,143.35845070174048,138.94607498343214,328278655.16999996,318174690.18,10103964.98999995,228991492.0,ok
2015-07-28,145.78978277846485,139.8499806945631,241229243.15999997,231401023.82999998,9828219.329999983,165463751.0,147.86430567138476,147.86286388978718,87296229.32999998,87295378.13,851.1999999880791,59038068.0,146.3353276839151,141.95715802195795,328525472.48999995,318696401.96,9829070.529999971,224501819.0,ok
2015-07-29,145.79487447345244,139.9432942202264,239910246.56,230281279.38,9628967.180000007,164553279.0,148.82282477307007,148.82137332927908,87355152.56,87354300.6,851.9600000083447,58697416.0,146.5909878220088,142.27753243052615,327265399.12,317635579.98,9629819.139999986,223250695.0,ok
2015-07-30,147.5151430962638,141.5311817713886,241345971.98000002,231555757.01,9790214.970000029,163607591.0,149.4771031083745,149.47564262682724,87507386.45000002,87506531.45,855.0000000149012,58542335.0,148.0321710438022,143.6247556796395,328853358.43000007,319062288.46,9791069.970000088,222149926.0,ok
2015-07-31,146.85860349793,140.87643214577358,239324779.22,229576069.89,9748709.330000013,162962723.0,148.24215235044198,148.24073249160557,86531909.16999999,86531080.37,828.7999999821186,58372000.0,147.2234830456313,142.8185988964777,325856688.39,316107150.26,9749538.129999995,221334723.0,ok
2015-08-03,145.0892873531397,139.13998297847772,235207740.38,225563179.68,9644560.699999988,162112410.0,144.5740815132081,144.5726614890949,83326198.6,83325380.16,818.4399999976158,57635641.0,144.9541588789791,140.5648689189057,318533938.98,308888559.84000003,9645379.139999986,219748051.0,ok
2015-08-04,143.44957428922672,137.3468093012442,226069729.57,216452061.22,9617668.349999994,157595260.0,140.24912441106224,140.24762352507983,77792315.63,77791483.13000001,832.4999999850988,55467238.0,142.61639098965225,138.10198749758393,303862045.2,294243544.35,9618500.849999964,213062498.0,ok
2015-08-05,146.38389575796194,140.13034234982422,228978694.61,219196672.56,9782022.050000012,156423419.0,144.7352457812549,144.73333340854813,79537406.05,79536355.13,1050.9200000017881,54953723.0,145.95528056671333,141.32702564878088,308516100.66,298733027.69,9783072.970000029,211377142.0,ok
2015-08-06,144.87802339441615,138.5217151970923,224386266.97000003,214541652.62,9844614.350000024,154879437.0,142.6734392785295,142.67191629773683,77674161.1,77673331.96000001,829.1399999856949,54441921.0,144.30463807233662,139.60113166282824,302060428.07000005,292214984.58000004,9845443.49000001,209321358.0,ok
2015-08-07,146.26032130855637,139.80174455979784,224874012.5,214944005.13,9930007.370000005,153749158.0,145.36902484603843,145.36746677911094,78451117.02,78450276.17999999,840.8400000035763,53966873.0,146.02875284093983,141.24777943114077,303325129.52,293394281.31,9930848.209999979,207716031.0,ok
2015-08-10,149.11238918132497,142.51124172589712,229104264.18,218961907.54000002,10142356.639999986,153645358.0,150.50192156313528,150.49997075461573,80897901.24000001,80896852.64,1048.6000000089407,53752072.0,149.47252018503798,144.58171452751367,310002165.42,299858760.18,10143405.24000001,207397430.0,ok
2015-08-11,147.2385532852551,140.63085826225375,226140521.0,215991904.61,10148616.389999986,153587845.0,148.69508174900588,148.69342566035508,79516184.89000002,79515299.28,885.6100000143051,53476002.0,147.61471416591615,142.71308495973224,305656705.89,295507203.89,10149502.0,207063847.0,ok
2015-08-12,146.6352951276732,140.01228792043966,225011455.66,214848469.38,10162986.280000001,153449724.0,148.83210245666606,148.830495028092,79497929.32,79497070.72,858.5999999940395,53414504.0,147.20253372178007,142.28924108618725,304509384.98,294345540.1,10163844.879999995,206864228.0,ok
2015-08-13,148.0134647242594,141.13182497099766,226675858.49,216136941.63,10538916.860000014,153145431.0,149.9411136408892,149.9394702870046,79817553.25999999,79816678.46000001,874.7999999821186,53232600.0,148.51067735499424,143.40364556051028,306493411.75,295953620.09000003,10539791.659999967,206378031.0,ok
2015-08-14,148.36362016996083,141.49936723309463,226838456.23000002,216343453.9,10495002.330000013,152893584.0,149.9358800025301,149.9342398194595,79598838.6,79597967.85,870.75,53088586.0,148.76884481312146,143.6733197586956,306437294.83000004,295941421.75,10495873.080000043,205982170.0,ok
2015-08-17,146.75602166420381,139.8576191013201,224040360.8,213509136.38,10531224.420000017,152661784.0,148.2674794185919,148.26586858895027,78581790.78,78580937.03999999,853.7400000095367,53000018.0,147.14553146821112,142.024464718052,302622151.58000004,292090073.41999996,10532078.160000086,205661802.0,ok
2015-08-18,146.35480397155806,139.64517835792708,222466072.41,212267131.08999997,10198941.320000023,152004626.0,147.2761305921373,147.2744786549416,77126770.26,77125905.16,865.1000000089407,52368819.0,146.59088545970346,141.60011651709448,299592842.67,289393036.25,10199806.420000017,204373445.0,ok
2015-08-19,143.53323639211382,137.1173560450937,215707771.74,206065717.48,9642054.26000002,150284197.0,144.9441768083665,144.94249151622697,74859075.49000001,74858205.09,870.4000000059605,51646832.0,143.89410516498683,139.11874958553298,290566847.23,280923922.57,9642924.660000026,201931029.0,ok
2015-08-20,144.61636390449536,138.19045052667062,216229591.92,206621601.58,9607990.339999974,149519450.0,146.23896171897468,146.23725259067277,75056282.83,75055405.63,877.2000000029802,51324409.0,145.0310087648734,140.2467611469266,291285874.75,281677007.21000004,9608867.539999962,200843859.0,ok
2015-08-21,140.67767269146233,134.620144101783,204774173.65,195956673.42,8817500.23000002,145562668.0,141.82841861027552,141.82669394323364,71158158.44,71157293.14,865.2999999970198,50172003.0,140.97263948194444,136.46737453069824,275932332.09000003,267113966.56,8818365.530000031,195734671.0,ok
2015-08-24,135.84488807300795,130.86725017766489,180028139.06,173431535.39,6596603.670000017,132524780.0,135.4886777966331,135.48611150697621,62509933.0,62508749.0,1184.0,46136647.0,135.7529020855744,132.06000217942957,242538072.06,235940284.39,6597787.670000017,178661427.0,ok
2015-08-25,141.7387013525468,136.5695537124605,181117454.49,174512181.17000002,6605273.319999993,127782640.0,139.65397850354037,139.65104850924791,62479786.46,62478475.61,1310.8500000014901,44738995.0,141.19808275060691,137.36865917135555,243597240.95000002,236990656.78000003,6606584.169999987,172521635.0,ok
2015-08-26,144.0436406875835,138.2624901551224,184073088.99,176685367.94,7387721.050000012,127789806.0,142.85034263419374,142.84723008470183,63332753.69,63331373.739999995,1379.9500000029802,44335038.0,143.73627707107755,139.44340404456662,247405842.68,240016741.68,7389101.0,172124844.0,ok
2015-08-27,146.73518621242334,140.8106256258592,186660550.84999996,179123968.99,7536581.859999955,127209128.0,146.93115249932643,146.92798968913706,65003399.77,65002000.519999996,1399.2500000074506,44240720.0,146.78575312589368,142.3891431563124,251663950.61999997,244125969.51,7537981.1099999845,171449848.0,ok
2015-08-28,150.32016158720623,143.99018689665698,189643897.82,181658002.51,7985895.310000002,126159988.0,149.1900314148652,149.1867432820987,66697229.629999995,66695759.629999995,1470.0,44706224.0,150.02446911505243,145.3498378836888,256341127.45,248353762.14,7987365.310000002,170866212.0,ok
2015-08-31,152.1453828692949,145.66080621402642,192140536.49,183951329.47,8189207.020000011,126287458.0,150.06975304531488,150.0665042632568,67271235.44999999,67269779.13,1456.3199999928474,44826645.0,151.6016315382257,146.81496393082222,259411771.94,251221108.6,8190663.340000004,171114103.0,ok
2015-09-01,151.86865991970467,145.72191281367793,192562081.48000002,184768304.82,7793776.660000026,126795141.0,152.07370248538498,152.07054473790157,68247447.63,68246030.5,1417.1299999952316,44877876.0,151.9222610912698,147.38153947629405,260809529.11,253014335.32,7795193.790000021,171673017.0,ok
2015-09-02,152.9190031144821,147.1857724033117,194771172.64,187468822.73000002,7302349.909999967,127368848.0,154.2296724022351,154.2268154443411,69828148.91,69826855.41,1293.5,45275431.0,153.26272210271154,149.03226427792606,264599321.54999998,257295678.14000002,7303643.409999967,172644279.0,ok
2015-09-03,154.55256325340278,148.85602860544378,196060270.69,188833835.22,7226435.469999999,126856693.0,157.08449444427893,157.08169908929662,71159511.61000001,71158245.31,1266.300000011921,45300150.0,155.21879795390998,151.02047412079926,267219782.3,259992080.53,7227701.770000011,172156843.0,ok
2015-09-04,152.32030718547475,146.68503442351098,193688792.06,186523042.5,7165749.560000002,127158877.0,154.20349515109996,154.20074612465285,69971476.65,69970229.25,1247.4000000059605,45376064.0,152.8155787933993,148.66163935454674,263660268.71,256493271.75,7166996.960000008,172534941.0,ok
2015-09-07,153.1029481666483,147.35029090235884,195435460.15,188092210.18,7343249.969999999,127649704.0,155.05750572134374,155.05474807357837,70493265.08,70492011.38,1253.7000000029802,45462659.0,153.61625283227173,149.3736305592455,265928725.23000002,258584221.56,7344503.670000017,173112363.0,ok
2015-09-08,154.3471706276996,148.29579100129286,197838553.0,190082037.71,7756515.289999992,128177635.0,156.5064435963977,156.5036273329243,70718067.25999999,70716794.72,1272.5399999916553,45185403.0,154.9099642912349,150.435084340181,268556620.26,260798832.43,7757787.829999983,173363038.0,ok
2015-09-09,158.71269967992953,152.52452528242142,199851156.82,192059002.73000002,7792154.089999974,125920079.0,160.0509285450687,160.04798470288816,72223591.30000001,72222262.88,1328.4200000166893,45125381.0,159.06575253152,154.50937172492038,272074748.12,264281265.61,7793482.50999999,171045460.0,ok
2015-09-10,159.48445775253975,153.06615876951022,202496886.52,194347593.61,8149292.909999996,126969668.0,161.37492793705692,161.37191295611436,73266286.11,73264917.27000001,1368.8399999886751,45401282.0,159.98239415052245,155.25383533594263,275763172.63,267612510.88000003,8150661.74999997,172370950.0,ok
2015-09-11,159.83906908033393,153.27917119642146,203250081.53,194908567.85999998,8341513.670000017,127159200.0,162.9077089903861,162.90465247191256,74010233.1,74008844.5,1388.5999999940395,45430774.0,160.64682565512177,155.81288190008073,277260314.63,268917412.36,8342902.269999981,172589974.0,ok
2015-09-14,159.81967996230986,153.17015353608122,203476130.82,195010215.3,8465915.51999998,127316067.0,162.80045461338673,162.79746213809506,73899775.93,73898417.56,1358.3700000047684,45392856.0,160.60311299028828,155.7004862221276,277375906.75,268908632.86,8467273.889999986,172708923.0,ok
2015-09-15,158.90990160224993,152.40058112114468,202926932.08999997,194614571.3,8312360.789999962,127699363.0,161.90351423875248,161.9008608212082,73748167.87,73746959.22,1208.6500000059605,45550690.0,159.69697854002965,154.89838292863323,276675099.96,268361530.52,8313569.439999968,173250053.0,ok
2015-09-16,159.717765527886,152.96224373388608,204247869.16,195608874.45,8638994.710000008,127880495.0,163.61758932917812,163.61489701982487,74640428.29,74639200.09,1228.2000000029802,45618829.0,160.74316084943362,155.76318587846484,278888297.45,270248074.53999996,8640222.910000026,173499324.0,ok
2015-09-17,161.84060535758022,155.03018859247263,205162179.51999998,196528746.99,8633432.529999971,126768050.0,165.24630286612978,165.2435479938401,75703710.37,75702448.28999999,1262.080000013113,45812650.0,162.74466953141342,157.74139013226852,280865889.89,272231195.28,8634694.610000014,172580700.0,ok
2015-09-18,162.92533686277716,155.63231936791172,207546963.17000002,198256550.38,9290412.790000021,127387776.0,167.84040315794323,167.83738369910245,77411639.43,77410246.78999999,1392.6400000154972,46122172.0,164.2318529194649,158.87665251908206,284958602.6,275666797.16999996,9291805.430000067,173509948.0,ok
2015-09-21,160.01115766025612,152.73194375676542,205808034.3,196445432.8,9362601.5,128621052.0,165.28206856621628,165.2790912074746,76839407.24000001,76838023.07,1384.1700000166893,46489863.0,161.41052174845868,156.06306201415256,282647441.54,273283455.87,9363985.670000017,175110915.0,ok
2015-09-22,161.27995500006196,154.27811701230846,207459350.96,198452672.07999998,9006678.880000025,128633066.0,167.16203718999498,167.15914921999658,78018250.47,78016902.59,1347.8799999952316,46672230.0,162.84596526393588,157.7074857282121,285477601.43,276469574.66999996,9008026.76000005,175305296.0,ok
2015-09-23,158.33374826014744,151.14883836947828,205745524.09,196409150.33999997,9336373.75000003,129944201.0,163.40267540685835,163.40066037209942,76357604.52,76356662.9,941.6199999898672,46729715.0,159.67446411840444,154.38940813424887,282103128.61,272765813.24,9337315.370000005,176673916.0,ok
2015-09-24,155.66170422760501,148.57984067293978,202016920.73,192826116.38,9190804.349999994,129779461.0,159.84015312155745,159.83832528010217,74431808.25999999,74430957.1,851.1599999964237,46566402.0,156.76507760774632,151.55278889644265,276448728.99,267257073.48,9191655.51000002,176345863.0,ok
2015-09-25,157.0200084122526,150.01162103819158,204870240.24,195726118.93,9144121.310000002,130473971.0,161.99013823413685,161.98808317626774,75709930.27000001,75708969.79,960.4800000041723,46737370.0,158.33082066119007,153.1702695709526,280580170.51,271435088.72,9145081.789999962,177211341.0,ok
2015-09-28,,,,,,,,,,,,,,,,,,,data unavailable: TWSE MI_MARGN total 20150928: missing tables (keys=stat; stat='很抱歉，沒有符合條件的資料')
2015-09-29,,,,,,,,,,,,,,,,,,,data unavailable: TWSE MI_MARGN total 20150929: missing tables (keys=stat; stat='很抱歉，沒有符合條件的資料')
2015-09-30,157.45046273949092,150.41870989316365,205997008.04000002,196797161.8,9199846.24000001,130832901.0,163.41600594977794,163.41391199762413,76280494.95,76279517.52000001,977.4299999922514,46678717.0,159.01917078464126,153.83594741387577,282277502.99,273076679.32000005,9200823.669999957,177511618.0,ok
2015-10-01,159.68097327018646,152.71364455754988,208774083.70999998,199664684.9,9109398.809999973,130744496.0,167.05792475912872,167.0556971223214,78113063.07,78112021.47,1041.5999999940395,46758071.0,161.62422416122016,156.49165590377066,286887146.78,277776706.37,9110440.409999967,177502567.0,ok
2015-10-02,160.6093288464432,153.56788209077845,210103289.06,200891924.23000002,9211364.829999983,130816367.0,168.24658411487135,168.24438463971663,78991497.0,78990464.35,1032.6500000059605,46949837.0,162.62640454425184,157.44409358035233,289094786.06,279882388.58000004,9212397.47999996,177766204.0,ok
2015-10-05,162.53493081976384,155.5335498932535,214652863.25,205406441.85000002,9246421.399999976,132065681.0,171.3680406280885,171.36582612101583,80866575.08000001,80865530.08000001,1045.0,47188831.0,164.860250954241,159.7014037392822,295519438.33000004,286271971.93000007,9247466.399999976,179254512.0,ok
2015-10-06,162.05986968246188,155.0262143833954,214041457.73000002,204751719.09,9289738.640000015,132075546.0,168.9047173657557,168.90057035612867,79820428.88,79818469.1,1959.780000001192,47257667.0,163.86361549770484,158.68236754894923,293861886.61,284570188.19,9291698.420000017,179333213.0,ok
2015-10-07,164.32312054662611,157.01850305937052,217920639.26,208233463.72999996,9687175.530000031,132617150.0,171.71459327222652,171.71056721242033,82078868.12,82076943.68,1924.4399999976158,47799588.0,166.2814164060543,160.91101669846174,299999507.38,290310407.40999997,9689099.970000029,180416738.0,ok
2015-10-08,161.90118241510478,154.6078270674203,215358820.60999998,205657295.38,9701525.22999999,133018683.0,167.71033927379975,167.70630471873162,80110783.07,80108855.87,1927.199999988079,47767349.0,163.43607988475566,158.06871144226454,295469603.67999995,285766151.25,9703452.429999948,180786032.0,ok
2015-10-09,,,,,,,,,,,,,,,,,,,data unavailable: TWSE MI_MARGN total 20151009: missing tables (keys=stat; stat='很抱歉，沒有符合條件的資料')
2015-10-12,163.54021469766928,155.88155044203825,217375717.06,207195911.21,10179805.849999994,132918816.0,168.1196345609463,168.1155847439505,80442030.69,80440092.93,1937.7599999904633,47848088.0,164.75236404447134,159.11983763355263,297817747.75,287636004.14,10181743.610000014,180766904.0,ok
2015-10-13,164.51836244986683,156.42475057130136,220811302.88,209948314.95999998,10862987.920000017,134216813.0,169.4257887514404,169.42372679502364,81345817.74,81344827.74,990.0,48012654.0,165.81133973244843,159.84963765492438,302157120.62,291293142.7,10863977.920000017,182229467.0,ok
2015-10-14,164.50251454312604,156.34337383785893,222123978.28000003,211106877.43,11017100.850000024,135027710.0,169.475606287613,169.47366472674176,81837173.91,81836236.35999998,937.5500000119209,48288468.0,165.81250793369696,159.80210638583134,303961152.19000006,292943113.78999996,11018038.400000095,183316178.0,ok
2015-10-15,164.99037908110824,156.54722322163616,222968516.36,211558409.02,11410107.340000004,135140314.0,169.65682422007006,169.65489253474627,82492821.25999999,82491882.00999999,939.25,48623344.0,166.22510726250346,160.0154754374774,305461337.62,294050291.03,11411046.590000033,183763658.0,ok
2015-10-16,165.3442860035875,157.15766277860465,223884131.19,212799048.83,11085082.359999985,135404819.0,169.86913599359485,169.8669988951508,83062737.52000001,83061692.52000001,1045.0,48898075.0,166.5447905066537,160.5296232353248,306946868.71000004,295860741.35,11086127.360000014,184302894.0,ok
2015-10-19,165.48734831212593,157.44317013791022,224616030.82,213697665.20999998,10918365.610000014,135730032.0,169.2613475197249,169.25906741547755,83063435.55,83062316.61,1118.9399999976158,49074072.0,166.4895203680109,160.58083960083482,307679466.37,296759981.82,10919484.550000012,184804104.0,ok
2015-10-20,166.12985932507348,157.7783279327005,227442554.26,216008766.01999998,11433788.24000001,136906487.0,170.66712651966793,170.66494385908152,83886201.92,83885129.1,1072.8200000077486,49151939.0,167.3284907720331,161.18264653061186,311328756.18,299893895.12,11434861.060000002,186058426.0,ok
2015-10-21,164.98612412901133,157.06887669846824,225732508.71,214900203.06,10832305.650000006,136819087.0,170.828055562718,170.82573810173102,84404854.21000001,84403709.17,1145.0400000065565,49409246.0,166.5360785461147,160.7187839833158,310137362.92,299303912.23,10833450.689999998,186228333.0,ok
2015-10-22,166.05080930731074,157.8996007517585,228644133.45999998,217420303.69,11223829.76999998,137695284.0,170.74327235853465,170.7412996909961,84890932.4,84889951.62,980.7800000011921,49718464.0,167.2956595798938,161.3063388017831,313535065.86,302310255.31,11224810.550000012,187413748.0,ok
2015-10-23,166.0304836561516,157.53454291903256,228360774.51000002,216675332.39,11685442.120000035,137541474.0,171.22173587452323,171.21979889815466,85825831.69,85824860.77,970.9200000017881,50125547.0,167.4170584292485,161.18985187067042,314186606.20000005,302500193.15999997,11686413.040000081,187667021.0,ok
2015-10-26,168.09755651892687,159.75658910476238,230926692.7,219468156.01,11458536.689999998,137376591.0,173.90487569085496,173.90277695997628,87156656.08000001,87155604.25,1051.830000013113,50117431.0,169.64986157265324,163.53788616257856,318083348.78,306623760.26,11459588.51999998,187494022.0,ok
2015-10-27,167.52175338373036,158.79675273886073,233214036.97,221067598.78000003,12146438.189999968,139214181.0,172.94325328834617,172.94106525088813,87296908.39,87295803.92999999,1104.4600000083447,50477198.0,168.96442371268756,162.56057831178506,320510945.36,308363402.71000004,12147542.649999976,189691379.0,ok
2015-10-28,166.7910153910913,158.19724712432927,232830900.51,220834482.12,11996418.389999986,139594390.0,173.2741240743818,173.272297052744,87800667.09,87799741.31,925.7800000011921,50671540.0,168.51759408528895,162.21202788644294,320631567.6,308634223.43,11997344.170000017,190265930.0,ok
2015-10-29,164.65712207081003,155.82708335121538,231158140.74,218761863.51,12396277.23000002,140387575.0,170.97086823882012,170.96911966065716,86744892.73,86744005.56,887.1700000017881,50736651.0,166.33319601775656,159.84675279731414,317903033.47,305505869.07,12397164.400000036,191124226.0,ok
2015-10-30,164.4120550402755,155.7828922498936,231293506.19,219154072.03,12139434.159999996,140679165.0,170.4845412607452,170.48282123838857,86743785.95,86742910.78999999,875.1600000113249,50880734.0,166.02498424787746,159.68737946557385,318037292.14,305896982.82,12140309.319999993,191559899.0,ok
2015-11-02,165.977255133432,157.26576180362392,233669470.32000002,221405078.85000002,12264391.469999999,140784031.0,171.96459646462648,171.96293059716558,87950476.03,87949624.03,852.0,51144525.0,167.5727432399377,161.18221765811649,321619946.35,309354702.88,12265243.470000029,191928556.0,ok
2015-11-03,167.0917307785871,158.13006768170132,234635528.56,222051275.89999998,12584252.660000026,140423184.0,173.35865203284547,173.35696819452073,89338725.75,89337858.0,867.75,51534045.0,168.7741878739039,162.21797716198537,323974254.31,311389133.9,12585120.410000026,191957229.0,ok
2015-11-04,168.97986165451246,159.9344965494658,236693360.29,224023342.45,12670017.840000004,140071934.0,174.5541543335193,174.55214965209393,90416877.0,90415838.6,1038.4000000059605,51798754.0,170.48473672539285,163.88078050254344,327110237.28999996,314439181.04999995,12671056.24000001,191870688.0,ok
2015-11-05,170.3936621303516,162.47157286915032,237499721.41000003,226457679.3,11042042.110000014,139382955.0,175.175634238649,175.17369989010407,91745064.25,91744051.17,1013.0799999982119,52373188.0,171.6997330614853,165.9408274967233,329244785.66,318201730.47,11043055.189999998,191756143.0,ok
2015-11-06,168.0095192808126,159.71190813485637,238163367.5,226401016.05,11762351.449999988,141755877.0,173.1509565611462,173.14885658405953,91255672.44999999,91254565.69999999,1106.75,52702956.0,169.402970730571,163.35363986782744,329419039.95,317655581.75,11763458.199999988,194458833.0,ok
2015-11-09,165.65955813263344,157.69256267521152,235139898.60000002,223831414.35,11308484.25000003,141941643.0,169.41315931182825,169.4111178720677,88831878.17999999,88830807.75,1070.4299999922514,52435052.0,166.6721294854818,160.85375980901415,323971776.78000003,312662222.1,11309554.680000007,194376695.0,ok
2015-11-10,164.82230830869565,156.7209286029723,235805903.29,224215523.45,11590379.840000004,143066740.0,169.8564994191819,169.85443922619024,89280085.33,89279002.45,1082.8799999952316,52562066.0,166.17490811654804,160.24967504018807,325085988.62,313494525.9,11591462.720000029,195628806.0,ok
2015-11-11,161.13188973764755,152.71990937860792,231470885.41,219386818.47,12084066.939999998,143653057.0,165.62298792084943,165.62077115856442,86648715.25,86647555.51,1159.7399999946356,52316841.0,162.3308497410148,156.1639706420626,318119600.65999997,306034373.98,12085226.679999948,195969898.0,ok
2015-11-12,161.14827290255812,152.64049903957655,231591293.0,219364501.4,12226791.599999994,143713171.0,165.92017943893467,165.91795631594385,86536431.16,86535271.68,1159.4799999892712,52155459.0,162.41892546039657,156.17599055040108,318127724.15999997,305899773.08000004,12227951.079999924,195868630.0,ok
2015-11-13,159.92101206174334,151.31762192650095,230462458.34000003,218064097.32999998,12398361.01000005,144110180.0,164.54035939324862,164.5382651165185,86116932.56,86115836.46000001,1096.0999999940395,52337878.0,161.15170296058616,154.83987822877842,316579390.90000004,304179933.78999996,12399457.110000074,196448058.0,ok
2015-11-16,159.18946020928445,150.67366546541766,229331077.62,217063077.07,12268000.550000012,144061722.0,164.92269471830897,164.92078742562958,86192823.93,86191827.13,996.8000000119209,52262561.0,160.7156775150428,154.46632457585494,315523901.55,303254904.2,12268997.350000024,196324283.0,ok
2015-11-17,162.0023544743025,153.35134399839234,232994198.42,220552186.34,12442012.079999983,143821489.0,167.0031684619855,167.00124626362054,87608536.17,87607527.8,1008.3700000047684,52459206.0,163.3389032935715,156.99950223836328,320602734.59,308159714.14,12443020.449999988,196280695.0,ok
2015-11-18,161.15000045339156,152.4529284630505,233696725.20999998,221084393.61,12612331.599999964,145018135.0,168.12482710287682,168.1229124523363,88700935.5,88699925.35,1010.1500000059605,52758975.0,163.010603557712,156.63304967900484,322397660.71,309784318.96000004,12613341.74999994,197777110.0,ok
2015-11-19,163.26058380197077,154.34693061102425,237320913.44,224363736.22,12957177.219999999,145363264.0,169.2797355333907,169.277693046554,89904073.12,89902988.36000001,1084.7599999904633,53109767.0,164.87125979347795,158.34228106286142,327224986.56,314266724.58000004,12958261.97999996,198473031.0,ok
2015-11-20,163.5337227699103,154.67516664488195,238165993.76999998,225264637.48000002,12901356.289999962,145637236.0,170.11804793639308,170.11593104434073,90961945.01,90960813.11000001,1131.8999999910593,53469897.0,165.30193259324363,158.821758831714,329127938.78,316225450.59000003,12902488.189999938,199107133.0,ok
2015-11-23,163.87444386665425,155.06707107317197,238980530.10999998,226136607.83999997,12843922.27000001,145831482.0,169.62555000312855,169.62327068738276,91033659.74000001,91032436.49000001,1223.25,53667422.0,165.42155532343176,158.98285051731412,330014189.85,317169044.33,12845145.52000004,199498904.0,ok
2015-11-24,161.3577080994499,152.5633727469858,235917824.61,223059805.67999998,12858018.930000037,146207967.0,166.4894705030558,166.48707884506933,89260724.05,89259441.8,1282.25,53613435.0,162.73459469571733,156.2991973602507,325178548.66,312319247.47999996,12859301.180000067,199821402.0,ok
2015-11-25,160.90136022452498,151.9359608666293,235832048.85999998,222691522.91,13140525.949999988,146569332.0,166.88533491767302,166.8830692955825,89938650.75,89937429.75,1221.0,53892483.0,162.51010179170532,155.95436600232318,325770699.61,312628952.65999997,13141746.950000048,200461815.0,ok
2015-11-26,162.770775959723,153.72318214669497,237770480.84,224554037.54,13216443.300000012,146076886.0,169.01795278856167,169.01564655942104,91499543.71,91498295.21,1248.5,54135991.0,164.45996355668973,157.85814453383037,329270024.55,316052332.75,13217691.800000012,200212877.0,ok
2015-11-27,161.41516773997714,152.66892011423332,236748709.62,223920529.54,12828180.080000013,146670671.0,168.39768974354638,168.39546137295602,92225476.97,92224256.57000001,1220.3999999910593,54766474.0,163.31356691438415,156.94463208858528,328974186.59000003,316144786.11,12829400.48000002,201437145.0,ok
2015-11-30,159.68814753968007,151.17827945536945,235469635.07,222921330.36999997,12548304.700000018,147455925.0,167.2496759309941,167.2474575070956,91544538.28,91543324.02,1214.2600000053644,54735256.0,161.73513193436463,155.52837311435457,327014173.35,314464654.39,12549518.960000038,202191181.0,ok
2015-12-01,162.55106117185483,153.73774334660365,239422985.98,226441767.30999997,12981218.670000017,147290940.0,171.1734489977972,171.17133586721863,94274857.13999999,94273693.32,1163.8199999928474,55075631.0,164.89771085759023,158.48243069256728,333697843.12,320715460.63,12982382.49000001,202366571.0,ok
2015-12-02,162.93583192371383,154.23893612487498,240250741.64,227427069.64,12823672.0,147451140.0,170.50884568507863,170.5069087981872,94914797.57999998,94913719.4,1078.1799999773502,55665615.0,165.01127108888676,158.69729163406532,335165539.21999997,322340789.03999996,12824750.180000007,203116755.0,ok
2015-12-03,163.16607650769052,154.5095131565046,240460441.29,227703126.24,12757315.049999982,147371590.0,170.50406114790587,170.5021009316141,95360401.35,95359305.03,1096.3199999928474,55928522.0,165.18477994739126,158.90912606580363,335820842.64,323062431.27,12758411.370000005,203300112.0,ok
2015-12-04,162.86072410643675,154.26120234547312,242605892.95999998,229795593.44,12810299.51999998,148965255.0,170.99615517504978,170.99421274263048,96174928.75,96173836.25,1092.5,56243913.0,165.09049035762376,158.84740085784082,338780821.71,325969429.69,12811392.01999998,205209168.0,ok
2015-12-07,163.3727814566386,154.63539299670379,243484292.88,230462436.78,13021856.099999994,149036021.0,172.15795648224665,172.1559658429288,97059849.69,97058727.4,1122.2899999916553,56378370.0,165.78397497476212,159.44411809978786,340544142.57,327521164.18,13022978.389999986,205414391.0,ok
2015-12-08,161.13325841943075,152.36271623736738,240932326.13,227818291.51000002,13114034.619999975,149523648.0,169.31457868594572,169.31261959655117,95652754.17,95651647.4,1106.7699999958277,56494104.0,163.37673672897859,157.0107118293379,336585080.3,323469938.91,13115141.389999986,206017752.0,ok
2015-12-09,157.84517943617894,149.24605151552174,234349443.68,221582497.92000002,12766945.75999999,148467913.0,164.32917709121563,164.32718920902337,91741290.38,91740180.59,1109.7899999916553,55827755.0,159.61705759712927,153.36726499261843,326090734.06,313322678.51,12768055.550000012,204295668.0,ok
2015-12-10,157.75117472488455,149.12670350373358,234067596.32999998,221270802.57,12796793.75999999,148377720.0,165.82452832288902,165.82215213149294,92512305.44,92510979.78,1325.6599999964237,55789277.0,159.95724410346298,153.68878759087593,326579901.77,313781782.35,12798119.419999957,204166997.0,ok
2015-12-11,154.41295765815232,145.80206411224376,227571974.85000002,214881342.67000002,12690632.180000007,147378807.0,160.62523782227126,160.62275805215654,88389639.72,88388275.14,1364.5799999982119,55028488.0,156.10189077918366,149.8313673971089,315961614.57000005,303269617.81,12691996.76000005,202407295.0,ok
2015-12-14,153.3090807186749,144.8091603686627,224747489.64,212286807.26,12460682.379999995,146597637.0,159.02167316855366,159.01908373168874,86737859.58,86736447.18,1412.3999999910593,54544678.0,154.85819044093233,148.66253003004365,311485349.21999997,299023254.44,12462094.779999971,201142315.0,ok
2015-12-15,155.56355041095227,147.08355114601736,228732237.87,216263705.20999998,12468532.660000026,147034596.0,162.63733228117397,162.63481221581796,88738306.47,88736931.47,1375.0,54562077.0,157.4780672794139,151.2924951296195,317470544.34000003,305000636.67999995,12469907.660000086,201596673.0,ok
2015-12-16,157.41806710078862,148.85012557283252,231414507.46,218819091.92000002,12595415.539999992,147006320.0,163.90248645109708,163.9001267245542,88982969.66999999,88981688.57,1281.0999999940395,54290189.0,159.1669317673065,152.90914980050647,320397477.13,307800780.49,12596696.639999986,201296509.0,ok
2015-12-17,160.24998110275135,151.69948335845694,234261918.82999998,221762347.88,12499570.949999988,146185302.0,167.39255902427078,167.39026204262694,90904286.8,90903039.4,1247.3999999910593,54306050.0,162.18465404433005,155.94956299162467,325166205.63,312665387.28,12500818.350000024,200491352.0,ok
2015-12-18,160.01867997436312,151.62842506624563,234254990.83999997,221972305.54999998,12282685.289999992,146392278.0,167.05509595726636,167.05275693478015,91270199.19,91268921.27,1277.9200000017881,54634789.0,161.9310249549629,155.82042333632614,325525190.03,313241226.82,12283963.209999979,201027067.0,ok
2015-12-21,161.7340627290411,153.15742983456943,237583725.01000002,224984842.89,12598882.120000035,146897766.0,167.73388506919667,167.73154298727542,91842190.6,91840908.19999999,1282.4000000059605,54754703.0,163.36319472983988,157.11473936379124,329425915.61,316825751.09,12600164.52000004,201652469.0,ok
2015-12-22,161.23623948852335,152.55817198126414,236880245.43,224130861.25,12749384.180000007,146915015.0,166.81017099334073,166.80788834195505,91719413.19,91718158.09,1255.0999999940395,54984305.0,162.75421760707266,156.43887227554805,328599658.62,315849019.34000003,12750639.279999971,201899320.0,ok
2015-12-23,161.10473610689345,152.4428953175836,235758703.73000002,223083071.68,12675632.050000012,146338779.0,165.6635053086534,165.66126948427367,91262865.43,91261633.72999999,1231.7000000178814,55089300.0,162.35153052320973,156.05803668017901,327021569.16,314344705.40999997,12676863.75000006,201428079.0,ok
2015-12-24,160.07095765162188,151.4973985172177,233495017.70999998,220988793.14999998,12506224.560000002,145869695.0,163.75638418925448,163.7540511244417,90161774.4,90160489.85,1284.550000011921,55058479.0,161.0808408132948,154.85597505106477,323656792.11,311149283.0,12507509.110000014,200928174.0,ok
2015-12-25,161.4172577207877,152.93137886690593,235170828.56,222807645.16000003,12363183.399999976,145691255.0,165.67714737100655,165.6748765694968,91193871.03999999,91192621.12,1249.919999986887,55043120.0,162.58535669339147,156.42575731236866,326364699.6,314000266.28000003,12364433.319999993,200734375.0,ok
2015-12-28,160.74992288162306,152.1482035639604,234188718.05,221657292.94,12531425.110000014,145685120.0,165.58988910757623,165.5875700472287,91168464.25999999,91167187.46,1276.7999999970198,55056782.0,162.07736355412234,155.83417178143503,325357182.31,312824480.4,12532701.910000026,200741902.0,ok
2015-12-29,159.7908394867409,151.3464668482834,232567524.60000002,220277165.23000002,12290359.370000005,145544967.0,164.9223040702749,164.92007116228868,90751628.04,90750399.34,1228.7000000029802,55026898.0,161.19865697015882,155.07038565453837,323319152.64000005,311027564.57000005,12291588.069999993,200571865.0,ok
2015-12-30,159.454487797086,150.7603726245339,232806368.15,220112806.46,12693561.689999998,146001766.0,165.23223532526998,165.22997655710427,90941920.5,90940677.30000001,1243.199999988079,55038849.0,161.03626058346467,154.72171320208108,323748288.65,311053483.76,12694804.889999986,201040615.0,ok
2015-12-31,160.23227860713916,151.48114038924993,233489968.45,220737837.57999998,12752130.870000005,145719683.0,166.53181105863487,166.52957141063746,91770475.28999999,91769241.09,1234.199999988079,55106874.0,161.96087240593386,155.61043486395076,325260443.74,312507078.66999996,12753365.070000052,200826557.0,ok
2016-01-01,,,,,,,,,,,,,,,,,,,data unavailable: TWSE MI_MARGN total 20160101: missing tables (keys=stat; stat='很抱歉，沒有符合條件的資料')
