Date,TWSEMarginMaintenanceRate_IncludeETF,TWSEMarginMaintenanceRate_ExcludeETF,TWSEMarginMarketValueK_IncludeETF,TWSEMarginMarketValueK_ExcludeETF,TWSEETFMarginMarketValueK,TWSETotalMarginAmountK,TPEXMarginMaintenanceRate_IncludeETF,TPEXMarginMaintenanceRate_ExcludeETF,TPEXMarginMarketValueK_IncludeETF,TPEXMarginMarketValueK_ExcludeETF,TPEXETFMarginMarketValueK,TPEXTotalMarginAmountK,CombinedMarginMaintenanceRate_IncludeETF,CombinedMarginMaintenanceRate_ExcludeETF,CombinedMarginMarketValueK_IncludeETF,CombinedMarginMarketValueK_ExcludeETF,CombinedETFMarginMarketValueK,CombinedTotalMarginAmountK,Status
2016-01-01,,,,,,,,,,,,,,,,,,,data unavailable: TWSE MI_MARGN total 20160101: missing tables (keys=stat; stat='很抱歉，沒有符合條件的資料')
2016-01-04,156.81149760502763,148.49897393212234,229239116.98000002,217087230.06,12151886.920000017,146187697.0,163.3264409876988,163.324273851562,89511134.38,89509946.67999999,1187.7000000029802,54805048.0,158.58793876366036,152.54141473613888,318750251.36,306597176.74,12153074.620000005,200992745.0,ok
2016-01-05,156.17653545565724,147.98029329286922,227791224.88000003,215836599.07,11954625.810000032,145854961.0,162.21126118774757,162.20895442429068,88202188.35,88200934.05000001,1254.2999999821186,54374886.0,157.81533970307635,151.84426181976755,315993413.23,304037533.12,11955880.110000014,200229847.0,ok
2016-01-06,154.26691111109216,145.9288719946215,222656815.88,210622341.17000002,12034474.709999979,144332193.0,159.9567765512364,159.95447747906118,86087996.54,86086759.19,1237.3500000089407,53819537.0,155.81232241575685,149.73833453788166,308744812.42,296709100.36,12035712.060000002,198151730.0,ok
2016-01-07,150.5439338010908,142.80986236249805,214359355.29000002,203346818.78,11012536.51000002,142389899.0,155.37532255785663,155.37306558439414,81729619.78,81728432.58,1187.2000000029802,52601416.0,151.84726307938385,146.19894807109745,296088975.07000005,285075251.36,11013723.710000038,194991315.0,ok
2016-01-08,153.89679307279488,145.77490901750755,217997428.25,206492641.17000002,11504787.079999983,141651703.0,160.15906155224752,160.1568078258123,84166199.03999999,84165014.67,1184.3699999898672,52551631.0,155.59136965691843,149.6666662993541,302163627.28999996,290657655.84000003,11505971.449999928,194203334.0,ok
2016-01-11,150.9925829335826,142.77272547857802,213570856.47,201944311.89000002,11626544.579999983,141444601.0,157.29033199216528,157.28816757736433,82538343.94,82537208.16,1135.780000001192,52475154.0,152.69676903727523,146.70063916386448,296109200.40999997,284481520.05,11627680.359999955,193919755.0,ok
2016-01-12,148.66335996803127,140.42471521131458,207275782.12,195788946.79,11486835.330000013,139426273.0,153.00855960420296,153.0064095430975,79064036.5,79062925.5,1111.0,51672950.0,149.83829558532534,143.82678693047325,286339818.62,274851872.28999996,11487946.330000043,191099223.0,ok
2016-01-13,150.4774676025628,141.96096377573568,208968658.16000003,197141755.39999998,11826902.76000005,138870398.0,155.50611480501783,155.5038839314786,79949730.56,79948583.61000001,1146.949999988079,51412596.0,151.83615868478506,145.6201277818868,288918388.72,277090339.01,11828049.710000038,190282994.0,ok
2016-01-14,148.75293855930283,140.34846649059,204607853.69,193047604.81,11560248.879999995,137548781.0,153.28880488181682,153.28660356367797,78147190.69999999,78146068.46000001,1122.2399999797344,50980364.0,149.97948693290897,143.84708171778956,282755044.39,271193673.27,11561371.120000005,188529145.0,ok
2016-01-15,148.57109594760055,140.10469028789055,203217452.69,191636994.32,11580458.370000005,136781284.0,153.4461462159323,153.44402171258815,77669123.84,77668048.49,1075.3500000089407,50616536.0,149.8878570359036,143.70767109777478,280886576.53,269305042.81,11581533.719999969,187397820.0,ok
2016-01-18,152.90849388420088,144.29598311198097,209167863.73999998,197386566.09,11781297.649999976,136792835.0,158.55387339384404,158.55170053088065,79989745.75999999,79988649.56,1096.199999988079,50449569.0,154.42955405550123,148.1369656255855,289157609.5,277375215.65,11782393.850000024,187242404.0,ok
2016-01-19,154.9711159479614,146.16985475258744,212957045.82999998,200862594.72999996,12094451.100000024,137417250.0,161.08674372105753,161.08456742067068,81605524.69,81604422.19,1102.5,50659367.0,156.61839053602287,150.18720637664381,294562570.52,282467016.91999996,12095553.600000024,188076617.0,ok
2016-01-20,151.1127192355098,142.24437864272883,208522970.89999998,196285399.26,12237571.639999986,137991674.0,155.61494197607811,155.61281037604255,78647013.60000001,78645936.30000001,1077.2999999970198,50539500.0,152.3196288482243,145.82805046342096,287169984.5,274931335.56,12238648.939999998,188531174.0,ok
2016-01-21,151.00432747245895,142.03141082861578,207720467.15,195377387.53000003,12343079.619999975,137559281.0,155.99510647848632,155.9929893545235,78914018.25,78912947.25,1071.0,50587496.0,152.34621074587952,145.78529547705193,286634485.4,274290334.78000003,12344150.619999945,188146777.0,ok
2016-01-22,152.2590902767219,142.9225943083493,209639017.10000002,196783995.87,12855021.23000002,137685715.0,157.34557966760826,157.34346440476088,79511012.22,79509943.32,1068.9000000059605,50532727.0,153.62470661615617,146.79429722938627,289150029.32000005,276293939.19,12856090.130000055,188218442.0,ok
2016-01-25,155.0097163674874,145.5740544074362,211930119.72000003,199029631.83,12900487.890000015,136720539.0,160.19277755516012,160.19050035113835,80785640.63,80784492.23,1148.3999999910593,50430264.0,156.40636089068772,149.51264946482758,292715760.35,279814124.06,12901636.290000021,187150803.0,ok
2016-01-26,154.18622188001962,144.80382180846178,211299287.03000003,198441494.54000002,12857792.49000001,137041614.0,160.25800342847126,160.25574938409477,81101466.51,81100325.81,1140.7000000029802,50606812.0,155.8237176687003,148.97104457993166,292400753.54,279541820.35,12858933.189999998,187648426.0,ok
2016-01-27,153.66337996011578,144.3219149954843,210293108.26,197509023.31,12784084.949999988,136853106.0,160.50414384674582,160.5018689379841,81101939.75999999,81100790.25999999,1149.5,50529499.0,155.5080569084841,148.6849932361651,291395048.02,278609813.57,12785234.449999988,187382605.0,ok
2016-01-28,155.00332177857706,145.57088844885016,211402787.04,198538271.16,12864515.879999995,136385972.0,161.68080479355754,161.67848720509676,81617959.34,81616789.4,1169.9399999976158,50480921.0,156.8072020012662,149.92225538849195,293020746.38,280155060.56,12865685.819999993,186866893.0,ok
2016-01-29,157.8032248387207,148.22595385481048,213368165.74,200418590.44,12949575.300000012,135211537.0,163.97975484433266,163.9775051650175,82903946.49,82902809.11,1137.3799999952316,50557428.0,159.48418091794827,152.5127728143396,296272112.23,283321399.55,12950712.680000007,185768965.0,ok
2016-02-01,158.90134148883297,149.08038478110103,214256937.4,201014707.43,13242229.969999999,134836456.0,164.80725105040352,164.80529348223445,82893266.22,82892281.62,984.5999999940395,50297099.0,160.5058594699378,153.35252923220753,297150203.62,283906989.05,13243214.569999993,185133555.0,ok
2016-02-02,158.7331157135559,148.83693939230656,212484159.88,199236888.18,13247271.699999988,133862527.0,164.87992366004573,164.8779650255618,82808907.04,82807923.34,983.7000000029802,50223766.0,160.41013271965883,153.21336908011938,295293066.92,282044811.52,13248255.400000036,184086293.0,ok
2016-02-03,156.74122556086994,147.0297591956877,208350270.96,195441180.57,12909090.390000015,132926274.0,163.529265352645,163.52730959977296,81499036.62,81498061.92,974.7000000029802,49837585.0,158.59224529724995,151.52844988351885,289849307.58000004,276939242.49,12910065.090000033,182763859.0,ok
2016-02-04,,,,,,,,,,,,,,,,,,,data unavailable: TWSE MI_MARGN total 20160204: missing tables (keys=stat; stat='很抱歉，沒有符合條件的資料')
2016-02-05,,,,,,,,,,,,,,,,,,,data unavailable: TWSE MI_MARGN total 20160205: missing tables (keys=stat; stat='很抱歉，沒有符合條件的資料')
2016-02-08,,,,,,,,,,,,,,,,,,,data unavailable: TWSE MI_MARGN total 20160208: missing tables (keys=stat; stat='很抱歉，沒有符合條件的資料')
2016-02-09,,,,,,,,,,,,,,,,,,,data unavailable: TWSE MI_MARGN total 20160209: missing tables (keys=stat; stat='很抱歉，沒有符合條件的資料')
2016-02-10,,,,,,,,,,,,,,,,,,,data unavailable: TWSE MI_MARGN total 20160210: missing tables (keys=stat; stat='很抱歉，沒有符合條件的資料')
2016-02-11,,,,,,,,,,,,,,,,,,,data unavailable: TWSE MI_MARGN total 20160211: missing tables (keys=stat; stat='很抱歉，沒有符合條件的資料')
2016-02-12,,,,,,,,,,,,,,,,,,,data unavailable: TWSE MI_MARGN total 20160212: missing tables (keys=stat; stat='很抱歉，沒有符合條件的資料')
2016-02-15,157.23429835986278,147.35707718021095,209895500.45,196710182.08,13185318.369999975,133492185.0,165.27504473943267,165.27310325927976,82744777.61,82743805.61,972.0,50064895.0,159.4273988559853,152.24364415145416,292640278.06,279453987.69,13186290.370000005,183557080.0,ok
2016-02-16,160.33552162420716,150.20248632705352,213630651.38,200129420.28,13501231.099999994,133239752.0,167.50988178556833,167.50792786890943,84641535.52000001,84640548.22,987.3000000119209,50529279.0,162.3081894032515,154.96080430439883,298272186.9,284769968.5,13502218.399999976,183769031.0,ok
2016-02-17,160.2118493204551,150.08372509514547,214188025.62,200647685.49999997,13540340.120000035,133690502.0,168.23782660884163,168.23586258391956,85574061.15,85573062.15,999.0,50864935.0,162.42387200437773,155.08659744876547,299762086.77,286220747.65,13541339.120000005,184555437.0,ok
2016-02-18,161.9022625381051,151.56226392288198,216481254.07,202655530.87,13825723.199999988,133711074.0,170.4330528049846,170.43108561400325,87252904.83,87251897.72999999,1007.1000000089407,51194826.0,164.26417918519635,156.78646738692493,303734158.9,289907428.6,13826730.299999952,184905900.0,ok
2016-02-19,162.10489081206373,151.678375773958,217568502.11,203574592.07,13993910.040000021,134214644.0,171.6263944806045,171.6244376412183,88565435.86,88564426.06,1009.7999999970198,51603622.0,164.74910920221376,157.2175999801871,306133937.97,292139018.13,13994919.840000033,185818266.0,ok
2016-02-22,162.67481123560492,152.17405057457356,218314493.19,204222156.31,14092336.879999995,134203010.0,172.55353174132026,172.55157771510895,89728399.03,89727382.93,1016.0999999940395,52000326.0,165.43360545377126,157.86480820085845,308042892.22,293949539.24,14093352.98000002,186203336.0,ok
2016-02-23,163.3204092164366,152.53382387148696,220570280.0,206002595.76999998,14567684.23000002,135053715.0,173.7875447741882,173.7856118178943,91031488.72999999,91030476.22999999,1012.5,52380905.0,166.24557871432717,158.47289684264305,311601768.73,297033072.0,14568696.73000002,187434620.0,ok
2016-02-24,162.25900221664622,151.47813390887163,219689247.15,205092578.8,14596668.349999994,135394181.0,171.23912609437082,171.23749009211983,90105569.22999999,90104708.37,860.8599999845028,52619732.0,164.77228277249887,157.00821415806607,309794816.38,295197287.17,14597529.209999979,188013913.0,ok
2016-02-25,162.7912120362589,151.97774821782843,220118523.17000002,205497072.44,14621450.73000002,135215237.0,170.92373894632217,170.9221246413781,90496235.06,90495380.36,854.7000000029802,52945387.0,165.07957490085704,157.30839242965095,310614758.23,295992452.8,14622305.430000007,188160624.0,ok
2016-02-26,163.7325553446495,152.84692668985997,221232276.93,206523825.04000002,14708451.889999986,135118075.0,172.04822759087577,172.04659864402433,91330065.65,91329200.94,864.7100000083447,53083991.0,166.07806132160104,158.26235721556853,312562342.58000004,297853025.98,14709316.600000024,188202066.0,ok
2016-02-29,,,,,,,,,,,,,,,,,,,data unavailable: TWSE MI_MARGN total 20160229: missing tables (keys=stat; stat='很抱歉，沒有符合條件的資料')
2016-03-01,165.25506927462504,154.22454457272906,223733674.07,208799791.38,14933882.689999998,135386875.0,174.12022516674696,174.1185679975622,92635741.68,92634860.03,881.6500000059605,53202172.0,167.75598624770612,159.83677536161468,316369415.75,301434651.40999997,14934764.340000033,188589047.0,ok
2016-03-02,166.40313506613856,155.42839685912526,224770702.05,209946464.45,14824237.600000024,135076002.0,174.53429352909083,174.53259327437283,93207880.47,93206972.47,908.0,53403763.0,168.70701346640578,160.84137038265087,317978582.52,303153436.91999996,14825145.600000024,188479765.0,ok
2016-03-03,166.5004509499218,155.40639974037092,225153176.86,210151050.07999998,15002126.780000031,135226767.0,173.35467332541091,173.35298579509856,93440342.78999999,93439433.19,909.5999999940395,53901254.0,168.4538959195264,160.5211547526318,318593519.65,303590483.27,15003036.379999995,189128021.0,ok
2016-03-04,167.94242414826454,157.27217223197866,227542940.05,213085958.70999998,14456981.340000033,135488660.0,174.41936683167623,174.41768320733678,94729605.23,94728690.83000001,914.3999999910593,54311403.0,169.7958052205705,162.1783705835756,322272545.28000003,307814649.53999996,14457895.74000007,189800063.0,ok
2016-03-07,167.89849481747078,157.17359528967654,228363343.22000003,213776113.51,14587229.710000038,136012740.0,174.30784437820134,174.30617543008992,95250866.69,95249954.69,912.0,54645198.0,169.73550291412468,162.08402935732997,323614209.91,309026068.2,14588141.710000038,190657938.0,ok
2016-03-08,168.03195046662958,157.23585513593642,230798111.23000002,215969274.19,14828837.040000021,137353706.0,174.95411220878395,174.95256406033317,96452852.89,96451999.38999999,853.5000000149012,55130372.0,170.01456303310448,162.31019044598588,327250964.12,312421273.58,14829690.540000021,192484078.0,ok
2016-03-09,167.52042548761614,156.96262955089676,231482563.41,216893622.03000003,14588941.379999965,138181695.0,175.10874475149868,175.10720035141756,97027519.07,97026663.32,855.75,55409865.0,169.6923577040239,162.15597691862186,328510082.48,313920285.35,14589797.129999995,193591560.0,ok
2016-03-10,168.014988962596,157.4359962503597,232279032.01,217653681.01,14625351.0,138248994.0,174.6880096376686,174.686472471625,97590841.86,97589983.11,858.75,55865793.0,169.93546909437663,162.40064396536673,329869873.87,315243664.12,14626209.75,194114787.0,ok
2016-03-11,168.75360919221566,157.84775648493763,233642335.24,218542990.66000003,15099344.579999983,138451756.0,175.4249135361792,175.42341337676865,98425136.97999999,98424295.28999999,841.6899999976158,56106704.0,170.6774777205782,162.9162185751265,332067472.22,316967285.95000005,15100186.26999998,194558460.0,ok
2016-03-14,170.52054939130988,159.6126361458343,236868149.51999998,221716091.69,15152057.829999983,138908859.0,177.87763246045742,177.8761257215727,100227274.08999999,100226425.1,848.9899999946356,56346193.0,172.64363721047278,164.8830662727231,337095423.60999995,321942516.78999996,15152906.819999993,195255052.0,ok
2016-03-15,165.66039513152896,154.33260884483082,229845917.78000003,214129153.17000002,15716764.610000014,138745243.0,172.9844170375788,172.9829165208722,97594173.69,97593327.13,846.5600000023842,56417899.0,167.77762855959762,159.72405296692753,327440091.47,311722480.3,15717611.170000017,195163142.0,ok
2016-03-16,168.23957360373112,157.40411731667015,232547476.63,217570274.99,14977201.639999986,138224005.0,175.27132111237125,175.26983331836982,99328276.8,99327433.65,843.1499999910593,56671152.0,170.28424848443,162.59906788756172,331875753.43,316897708.64,14978044.790000021,194895157.0,ok
2016-03-17,166.97042991798835,156.08614498871148,230036787.58999997,215041402.23,14995385.359999985,137770974.0,172.71084456806602,172.70936495952498,98418699.65,98417856.5,843.1500000059605,56984667.0,168.65005067555398,160.9500280045804,328455487.24,313459258.73,14996228.50999999,194755641.0,ok
2016-03-18,168.39314996050155,157.0266216073743,232184888.75,216512421.54000002,15672467.209999979,137882621.0,174.52966025975113,174.5281908308904,99884020.94,99883179.97999999,840.9600000083447,57230399.0,170.1931063800868,162.16016825530147,332068909.69,316395601.52,15673308.170000017,195113020.0,ok
2016-03-21,169.17958238765846,157.52643153752086,234185263.54999998,218054497.85999995,16130765.690000027,138424070.0,176.1223137262822,176.12086872894065,101162649.21000001,101161819.22,829.9900000095367,57438860.0,171.21561122362462,162.97944541113517,335347912.76,319216317.0799999,16131595.680000067,195862930.0,ok
2016-03-22,168.0391945949393,155.98262976412613,233583110.98000002,216823866.64000002,16759244.340000004,139005136.0,175.1585297333661,175.15709632781693,100815355.63,100814530.61,825.0199999958277,57556635.0,170.12385720212094,161.59724021310328,334398466.61,317638397.25,16760069.360000014,196561771.0,ok
2016-03-23,167.14152555898914,154.8027426066862,233505880.59,216267923.9,17237956.689999998,139705486.0,173.55111180201132,173.54969267185174,99853055.64000002,99852239.14000002,816.5,57535244.0,169.01120586503612,160.27123963696545,333358936.23,316120163.04,17238773.189999998,197240730.0,ok
2016-03-24,166.42803796940498,154.08879808646455,232874914.77000004,215609197.57999998,17265717.190000057,139925290.0,172.2258307577967,172.22441827984574,99210942.98,99210129.32000001,813.6599999964237,57605147.0,168.11882907442768,159.37762892713084,332085857.75000006,314819326.9,17266530.850000083,197530437.0,ok
2016-03-25,165.83352808140336,153.47730957094444,231952100.32,214669402.01,17282698.310000002,139870449.0,172.21160933862305,172.21020413515694,99281243.03999999,99280432.93,810.1099999845028,57650726.0,167.6951057829623,158.94490043409272,331233343.36,313949834.94,17283508.420000017,197521175.0,ok
2016-03-28,164.51927968111602,151.99111770158459,229694686.38,212203409.72000003,17491276.659999967,139615665.0,170.96579686832325,170.96438447498892,98147225.74000001,98146414.92,810.8200000077486,57407521.0,166.397630033249,157.51944273198387,327841912.12,310349824.64000005,17492087.47999996,197023186.0,ok
2016-03-29,162.09802436193465,149.65993109631043,224844974.93,207592187.43,17252787.5,138709263.0,167.84071985554178,167.83931255802185,95262567.5,95261768.75,798.75,56757721.0,163.76553005493756,154.93867556681593,320107542.43,302853956.18,17253586.25,195466984.0,ok
2016-03-30,159.18406984151267,146.46441252764387,219723412.79000002,202166338.66000003,17557074.129999995,138031031.0,170.64531852690584,170.64389635829903,96778741.6,96777935.03999999,806.5600000023842,56713388.0,162.52180987533202,153.50595166478175,316502154.39,298944273.70000005,17557880.689999938,194744419.0,ok
2016-03-31,164.75807079376008,151.82137405199475,227444826.15,209586006.08,17858820.069999993,138047760.0,170.9279849784417,170.92656455712907,97314614.28999999,97313805.60000001,808.6899999827147,56933108.0,166.55964442624185,157.39996176445374,324759440.44,306899811.68,17859628.75999999,194980868.0,ok
2016-04-01,163.78856877900463,150.8887706846634,227257368.04,209358840.78,17898527.25999999,138750445.0,171.60528178036301,171.60386626217272,97780414.99,97779608.42999999,806.5600000023842,56979840.0,166.06412391930044,156.91922648046008,325037783.03,307138449.21,17899333.819999993,195730285.0,ok
2016-04-04,,,,,,,,,,,,,,,,,,,data unavailable: TWSE MI_MARGN total 20160404: missing tables (keys=stat; stat='很抱歉，沒有符合條件的資料')
2016-04-05,,,,,,,,,,,,,,,,,,,data unavailable: TWSE MI_MARGN total 20160405: missing tables (keys=stat; stat='很抱歉，沒有符合條件的資料')
2016-04-06,162.9920492784484,150.40489131762834,227117520.62,209578234.99,17539285.629999995,139342699.0,171.74029556440567,171.73889137689903,98125954.32,98125152.02,802.2999999970198,57136244.0,165.53604675082155,156.60883670877647,325243474.94,307703387.01,17540087.930000007,196478943.0,ok
2016-04-07,162.02138813674594,149.35182728896768,226911291.09,209167544.76999998,17743746.320000023,140050208.0,171.0001529973995,170.9987561544215,97695277.31,97694479.27000001,798.0399999916553,57131690.0,164.62290488754704,155.62383116932975,324606568.4,306862024.03999996,17744544.360000014,197181898.0,ok
2016-04-08,162.49953534580905,149.63548989627958,227642431.95000002,209621441.4,18020990.550000012,140088051.0,172.12519515311783,172.12379399409417,98296777.94,98295977.77,800.1700000017881,57107722.0,165.28711793938908,156.14808293583454,325939209.89,307917419.17,18021790.71999997,197195773.0,ok
2016-04-11,162.39411677702114,149.62752882343509,227221141.78,209358187.45,17862954.330000013,139919565.0,171.13632810433123,171.13491963162986,97742182.92,97741378.49000001,804.4299999922514,57113638.0,164.92820486707512,155.86183509385472,324963324.7,307099565.94,17863758.75999999,197033203.0,ok
2016-04-12,160.0644842536083,146.93253998436413,223009280.86,204713245.6,18296035.26000002,139324649.0,166.54790575593302,166.54654044726485,94102079.96000001,94101308.53999999,771.4200000166893,56501509.0,161.9351388285931,152.59174626711513,317111360.82000005,298814554.14,18296806.680000067,195826158.0,ok
2016-04-13,162.3662156309159,149.23818065200132,224515718.13,206362617.81,18153100.319999993,138277361.0,169.38714447723984,169.38577503544116,95929519.53,95928743.97,775.5600000023842,56633294.0,164.40621866464917,155.09227126654517,320445237.65999997,302291361.78,18153875.879999995,194910655.0,ok
2016-04-14,162.6679791255421,149.36526967062497,226470254.81,207949904.24,18520350.569999993,139222394.0,169.77261805888187,169.77124158373113,96082059.4,96081280.39,779.0100000053644,56594556.0,164.72134522062572,155.26295585239174,322552314.21000004,304031184.63,18521129.580000043,195816950.0,ok
2016-04-15,162.80389352590217,149.22532795983997,226397723.62,207515151.05,18882572.569999993,139061615.0,169.67414316724762,169.67283932091505,96280603.34,96279863.48,739.859999999404,56744417.0,164.79488586950174,155.15099888751132,322678326.96000004,303795014.53000003,18883312.430000007,195806032.0,ok
2016-04-18,162.2551080213131,148.76559893239184,225182102.55,206460990.74,18721111.810000002,138782751.0,169.39811253151134,169.39681264380604,96244684.46000001,96243945.92,738.5400000065565,56815677.0,164.32994390425264,154.75836884537745,321426787.01,302704936.66,18721850.349999964,195598428.0,ok
2016-04-19,161.8576975235829,148.14147360279216,225231303.41,206144642.48000002,19086660.929999977,139153903.0,169.60607787663238,169.60477907767,96529806.69,96529067.49,739.2000000029802,56914120.0,164.1068773871403,154.37178655593422,321761110.1,302673709.97,19087400.129999995,196068023.0,ok
2016-04-20,159.84456598350633,146.58649124674113,222018868.84,203603837.1,18415031.74000001,138896726.0,167.4665129494693,167.46522085819956,95208097.11000001,95207362.53,734.580000013113,56852021.0,162.05823578017592,152.65037667393088,317226965.95000005,298811199.63,18415766.320000052,195748747.0,ok
2016-04-21,160.43632794584835,147.40244925271517,222123808.86,204078427.14,18045381.72000003,138449821.0,168.5003596536671,168.4990669940544,96097869.78999999,96097132.57,737.2199999988079,57031255.0,162.7889948027501,153.5573498224452,318221678.65,300175559.71,18046118.939999998,195481076.0,ok
2016-04-22,158.93209357093298,146.0419026559435,218576074.01999998,200848456.77,17727617.24999997,137527965.0,165.7031927516468,165.70190589929103,94164206.37,94163475.09,731.2800000011921,56827032.0,160.91188043392575,151.79024795539476,312740280.39,295011931.86,17728348.52999997,194354997.0,ok
2016-04-25,159.31025236444725,146.42263108528556,218694667.16,201003062.23000002,17691604.929999977,137275953.0,164.57827459221943,164.576976242487,93115056.7,93114322.12,734.5799999982119,56577976.0,160.84777103485996,151.7211365625713,311809723.86,294117384.35,17692339.50999999,193853929.0,ok
2016-04-26,160.21476379307003,147.26924182033125,219633515.51,201886895.7,17746619.810000002,137086939.0,165.7973774012378,165.79608016336857,94138260.36999999,94137523.81,736.559999987483,56779101.0,161.8497885859741,152.6953454612267,313771775.88,296024419.51,17747356.370000005,193866040.0,ok
2016-04-27,159.84451267213058,146.94181227135653,218538888.64,200898359.36,17640529.27999997,136719669.0,164.56656130410084,164.56521313536996,93743593.95,93742825.98,767.9699999988079,56963938.0,161.23330591938014,152.1249990661316,312282482.59,294641185.34000003,17641297.24999994,193683607.0,ok
2016-04-28,158.48290728675698,145.6482545887859,216592505.23000002,199051878.11,17540627.120000005,136666161.0,163.62209523470682,163.62074868836257,92898669.82999998,92897905.31,764.5199999809265,56776360.0,159.9912849874408,150.92327266557905,309491175.06,291949783.42,17541391.639999986,193442521.0,ok
2016-04-29,157.00437382269905,144.2841469636059,213229484.89,195953995.32999998,17275489.560000002,135811175.0,161.57301226568643,161.57167500249122,91204935.93,91204181.07,754.8600000143051,56448125.0,158.34574494965915,149.3598366372914,304434420.82,287158176.4,17276244.420000017,192259300.0,ok
2016-05-02,,,,,,,,,,,,,,,,,,,data unavailable: TWSE MI_MARGN total 20160502: missing tables (keys=stat; stat='很抱歉，沒有符合條件的資料')
2016-05-03,155.66832408336347,143.26161810964823,210430321.85,193659105.57,16771216.280000001,135178639.0,161.5483537127962,161.5470132520507,90973488.55,90972733.69,754.859999999404,56313473.0,157.39750700540606,148.63893676205316,301403810.4,284631839.26,16771971.139999986,191492112.0,ok
2016-05-04,154.06476341114495,141.5697927741425,208162956.59,191280510.70999998,16882445.880000025,135113930.0,160.32874239979748,160.32785772584594,89867930.04,89867434.16,495.8800000101328,56052289.0,155.90143917111212,147.06988836244128,298030886.63,281147944.87,16882941.75999999,191166219.0,ok
2016-05-05,154.316793037941,141.87896317515464,208389476.01999998,191593424.23000002,16796051.78999996,135040051.0,161.69062893913562,161.69012655843466,90542506.21000001,90542224.88999999,281.32000002264977,55997374.0,156.47823049855285,147.686061576678,298931982.23,282135649.12,16796333.110000014,191037425.0,ok
2016-05-06,153.688327520073,141.34070135003824,207194118.03,190547730.14000002,16646387.889999986,134814479.0,159.8360608130716,159.83552420106562,89406109.96000001,89405809.80000001,300.1599999964237,55936132.0,155.4911024583822,146.76416419971522,296600227.99,279953539.94000006,16646688.049999952,190750611.0,ok
2016-05-09,152.40320337840174,140.4032927726502,204410735.57,188315860.26999998,16094875.300000012,134124960.0,156.3257614011843,156.32524607348017,86819382.22,86819096.02,286.20000000298023,55537476.0,153.55181760398773,145.06560291675257,291230117.78999996,275134956.28999996,16095161.5,189662436.0,ok
2016-05-10,153.5589545229468,141.5465680615637,205288872.42000002,189229833.20999998,16059039.210000038,133687334.0,157.9348590555561,157.93426702464237,87411846.35,87411518.67999999,327.67000000178814,55346772.0,154.84016348351443,146.3446770235208,292700718.77,276641351.89,16059366.879999995,189034106.0,ok
2016-05-11,152.84432989595652,140.81641516204135,203871038.01999998,187827633.18,16043404.839999974,133384757.0,156.18134239997772,156.18076767055769,85926592.14,85926275.94,316.20000000298023,55017194.0,153.81880528402806,145.3031179703654,289797630.15999997,273753909.12,16043721.039999962,188401951.0,ok
2016-05-12,151.20291687633448,139.06527982644786,199645661.20000002,183619339.59,16026321.610000014,132038234.0,151.96980938180945,151.9691470846429,82639530.43,82639170.28,360.15000000596046,54378913.0,151.42662366246813,142.82940928711884,282285191.63,266258509.87,16026681.75999999,186417147.0,ok
2016-05-13,147.94483997598132,135.73776057618034,193970164.57,177965488.76999998,16004675.800000012,131109787.0,153.4028628517215,153.40209308846954,82265166.11,82264753.31,412.79999999701977,53626878.0,149.5292397315931,140.86550825197585,276235330.68,260230242.07999998,16005088.600000024,184736665.0,ok
2016-05-16,152.11792822785094,139.90387632865995,199024527.32,183044189.34000003,15980337.97999996,130835681.0,154.35123889322338,154.35045966090357,82401761.0,82401345.0,416.0,53385876.0,152.7651230957732,144.09037610077306,281426288.32,265445534.34000003,15980753.97999996,184221557.0,ok
2016-05-17,154.08922375551094,141.74689568844013,201722954.93,185565232.62,16157722.310000002,130913084.0,157.6447016976489,157.64402487544763,83706404.41,83706045.03,359.3799999952316,53098140.0,155.1151897886403,146.3341592956308,285429359.34000003,269271277.65,16158081.690000057,184011224.0,ok
2016-05-18,154.0399600453444,141.65995666018736,201776159.60000002,185559656.18,16216503.420000017,130989491.0,158.11845417166506,158.11791170684947,83894203.22,83893915.4,287.81999999284744,53057819.0,155.21572296818684,146.40451500214812,285670362.82000005,269453571.58000004,16216791.24000001,184047310.0,ok
2016-05-19,153.374547038309,141.0208011739189,200434399.49,184290158.6,16144240.890000015,130682961.0,156.5906058079073,156.59004801285326,83163880.22,83163583.98,296.2399999946356,53109112.0,154.30386908471294,145.5197377201355,283598279.71000004,267453742.57999998,16144537.130000055,183792073.0,ok
2016-05-20,154.08697032344435,141.8390433687694,200511599.4,184573513.15,15938086.25,130128848.0,157.9366609776526,157.93608391851413,83894910.35,83894603.82000001,306.52999998629093,53119339.0,155.20290509067902,146.50519678538484,284406509.75,268468116.97,15938392.779999971,183248187.0,ok
2016-05-23,158.18599541531836,145.7974276300677,204213841.15,188220535.25,15993305.900000006,129097295.0,162.53934665849556,162.53879599241998,86071170.15,86070878.55,291.6000000089407,52954052.0,159.4522732644214,150.6670608704697,290285011.3,274291413.8,15993597.5,182051347.0,ok
2016-05-24,157.870701517822,145.42395867337422,205066986.02999997,188899223.32,16167762.709999979,129895531.0,162.45363552655573,162.45308776887538,86402472.0,86402180.66999999,291.330000013113,53185927.0,159.20206295822703,150.37099168720843,291469458.03,275301403.99,16168054.039999962,183081458.0,ok
2016-05-25,159.2119723099485,146.77718976897796,206466437.55,190340984.07,16125453.48000002,129680221.0,163.79280305357514,163.79225162873152,87257174.54,87256880.78,293.7600000053644,53272899.0,160.54583386716774,151.73169216791712,293723612.09000003,277597864.85,16125747.24000001,182953120.0,ok
2016-05-26,158.87260698520916,146.32554792078253,206579834.59,190265068.72,16314765.870000005,130028605.0,164.92404838215543,164.92349443649502,88022704.00999999,88022408.35999998,295.65000000596046,53371661.0,160.633648481186,151.73777178709216,294602538.6,278287477.08,16315061.52000004,183400266.0,ok
2016-05-27,160.71375815426524,148.11705132436225,209126064.95,192734812.82,16391252.129999995,130123312.0,165.73318550076172,165.73262737915996,88514309.03,88514010.95,298.07999999821186,53407716.0,162.174416622349,153.24320189063616,297640373.98,281248823.77,16391550.210000038,183531028.0,ok
2016-05-30,162.02891351258853,149.46129467392214,209898787.57,193618187.4,16280600.169999987,129544032.0,167.54362849497596,167.54306951950065,89587320.61,89587021.72,298.89000000059605,53471040.0,163.64013351862081,154.74420004053,299486108.18,283205209.12,16280899.060000002,183015072.0,ok
2016-05-31,162.59027133284457,150.03139276324376,210583983.05,194317950.34,16266032.710000008,129518194.0,167.74362965282918,167.74306936066807,89968487.24000001,89968186.73,300.5100000053644,53634518.0,164.0993829728276,155.21808766337023,300552470.29,284286137.07,16266333.220000029,183152712.0,ok
2016-06-01,163.47817803311804,150.49669522780576,211280058.82,194502722.03,16777336.78999999,129240527.0,168.538129016129,168.5375674327027,90997069.53999999,90996766.33,303.2099999934435,53991978.0,164.96916219095516,155.81268637898066,302277128.36,285499488.36,16777640.0,183232505.0,ok
2016-06-02,161.71438914600552,148.4097401660418,209797931.10000002,192537328.35000002,17260602.75,129733620.0,165.6716158248599,165.67106453916017,89822009.31,89821710.42,298.89000000059605,54216897.0,162.88072754370134,153.49727925472482,299619940.41,282359038.77000004,17260901.639999986,183950517.0,ok
2016-06-03,161.97156049383636,148.36491422176138,210014753.29000002,192372171.77,17642581.52000001,129661499.0,165.86732895185315,165.86678133584627,90121845.30000001,90121547.76,297.5400000065565,54333693.0,163.1219790732358,153.53320728619912,300136598.59000003,282493719.53000003,17642879.060000002,183995192.0,ok
2016-06-06,162.20882083619364,148.28067626523406,210344925.89999998,192283549.69,18061376.20999998,129675393.0,165.34035520119158,165.33980713276978,89842817.47,89842519.66,297.8100000023842,54338106.0,163.13354455044626,153.3181374644694,300187743.37,282126069.35,18061674.01999998,184013499.0,ok
2016-06-07,162.81638706544186,148.49414532800708,210606383.25,192080265.66,18526117.590000004,129352080.0,166.22018365474267,166.2196897387025,90137615.24000001,90137347.4,267.8400000035763,54227840.0,163.82183764433495,153.73011005778844,300743998.49,282217613.06,18526385.430000007,183579920.0,ok
2016-06-08,162.8796348303291,148.3928657449764,210859579.13,192105398.87,18754180.25999999,129457301.0,166.0227075557812,166.02221949936742,90376668.96,90376403.28,265.6799999922514,54436330.0,163.81004956609942,153.61152021083316,301236248.09,282481802.15,18754445.939999998,183893631.0,ok
2016-06-09,,,,,,,,,,,,,,,,,,,data unavailable: TWSE MI_MARGN total 20160609: missing tables (keys=stat; stat='很抱歉，沒有符合條件的資料')
2016-06-10,,,,,,,,,,,,,,,,,,,data unavailable: TWSE MI_MARGN total 20160610: missing tables (keys=stat; stat='很抱歉，沒有符合條件的資料')
2016-06-13,159.9476949902687,145.76168982807013,206739780.56,188403713.92000002,18336066.639999986,129254617.0,163.12166237474906,163.12117883741172,88250944.82,88250683.22,261.59999999403954,54101303.0,160.88421109064817,150.88380955466286,294990725.38,276654397.14,18336328.24000001,183355920.0,ok
2016-06-14,160.84488805575538,146.6245278325636,208242408.75,189831614.96,18410793.78999999,129467844.0,164.7228823362149,164.722391396752,89061982.57,89061717.13,265.4399999976158,54067766.0,161.98730661586598,151.9559785101104,297304391.32,278893332.09000003,18411059.22999996,183535610.0,ok
2016-06-15,161.2450502646442,146.97301101487005,209617963.89999998,191064366.10999998,18553597.78999999,129999627.0,164.94069981135215,164.94024728713242,89249100.93,89248856.07,244.86000001430511,54109811.0,162.33120261330654,152.25358635878294,298867064.83,280313222.17999995,18553842.650000036,184109438.0,ok
2016-06-16,159.63892219634758,145.35922201787025,207787674.98999998,189201069.3,18586605.689999968,130161036.0,164.1191063680783,164.11875661494346,88785411.83,88785222.62,189.2099999934435,54098157.0,160.95429595200713,150.86698654975658,296573086.82,277986291.92,18586794.899999976,184259193.0,ok
2016-06-17,160.7181132007079,146.12786747158785,208744491.23000002,189794334.58,18950156.650000006,129882368.0,164.9362048697392,164.93585139008098,88921361.75,88921171.18,190.56999999284744,53912579.0,161.9554061951442,151.64481413082592,297665852.98,278715505.76,18950347.22000003,183794947.0,ok
2016-06-20,161.96967632161102,147.38971846880972,210690631.14999998,191724979.10999998,18965652.03999999,130080294.0,166.14512450663116,166.14476954342427,89357897.11,89357706.2,190.90999999642372,53783039.0,163.19106336443926,152.8758783623269,300048528.26,281082685.31,18965842.949999988,183863333.0,ok
2016-06-21,162.79357794647606,148.15073706431937,211234947.8,192234937.06,19000010.74000001,129756315.0,166.82801779418674,166.82766096366794,89653039.77,89652848.01,191.75999999046326,53739798.0,163.97512876471666,153.62057564129435,300887987.57,281887785.07,19000202.5,183496113.0,ok
2016-06-22,163.21938042683422,148.59818833222792,212413301.8,193385318.23,19027983.570000023,130139755.0,167.03417507851637,167.03381786361854,89746730.66,89746538.72999999,191.93000000715256,53729562.0,164.3341245782732,153.98537481922554,302160032.46000004,283131856.96,19028175.50000006,183869317.0,ok
2016-06-23,162.73461885942143,147.94133677919658,212244086.36,192950179.13000003,19293907.22999999,130423439.0,165.69668200165103,165.69633078277906,89184560.57999998,89184371.53999999,189.03999999165535,53823987.0,163.59992293189484,153.12808259801687,301428646.94,282134550.67,19294096.26999998,184247426.0,ok
2016-06-24,158.72352779029052,144.05458376990276,204932264.01,185992791.39000002,18939472.619999975,129112720.0,160.20089424598558,160.20040011473012,84734785.05,84734523.69,261.35999999940395,52892829.0,159.15286685022994,148.7467368810827,289667049.06,270727315.08000004,18939733.97999996,182005549.0,ok
2016-06-27,160.34185409069553,145.82136777208777,207758164.82,188943678.69,18814486.129999995,129572011.0,161.9011697473093,161.90067526924543,85731209.08999999,85730947.25,261.8399999886751,52952804.0,160.79423168296321,150.48618235279406,293489373.90999997,274674625.94,18814747.96999997,182524815.0,ok
2016-06-28,161.68457892904448,147.15391029082582,210338307.90999997,191435105.92000002,18903201.98999995,130091756.0,163.79076618438282,163.7903090526851,87024158.44,87023915.56,242.87999999523163,53131297.0,162.29533428307187,151.97815827247462,297362466.34999996,278459021.48,18903444.869999945,183223053.0,ok
2016-06-29,162.85730525367646,148.26931454334425,211830760.66,192855958.37,18974802.28999999,130071390.0,164.79253359555412,164.79209450459666,87798586.27,87798352.33,233.9399999976158,53278255.0,163.41964934265349,153.07055036839586,299629346.93,280654310.7,18975036.23000002,183349645.0,ok
2016-06-30,164.02191105843212,149.09748178322354,213310109.88,193900924.68,19409185.199999988,130049765.0,165.5211751113632,165.5207169272308,88615779.94999999,88615534.65,245.2999999821186,53537428.0,164.45912424294212,153.88680153195656,301925889.83,282516459.33000004,19409430.49999994,183587193.0,ok
2016-07-01,164.21285441706007,148.9078421832141,213774029.61,193849802.90999997,19924226.700000048,130181057.0,165.9547302177223,165.95435519489618,89371139.50999999,89370937.55,201.9599999934435,53852722.0,164.72256928441382,153.8960629939572,303145169.12,283220740.46,19924428.660000026,184033779.0,ok
2016-07-04,165.37591400991852,150.25305295304173,214742546.01,195105335.2,19637210.810000002,129851162.0,166.8262068342256,166.82583297708058,90120574.61,90120372.65,201.9599999934435,54020634.0,165.8020029455741,155.1220546352851,304863120.62,285225707.85,19637412.76999998,183871796.0,ok
2016-07-05,165.25668659391704,150.04237416149968,215518483.23000002,195676832.0,19841651.23000002,130414380.0,166.80079775963037,166.80042311378347,90317856.47999999,90317653.62,202.8599999845028,54147137.0,165.709701936401,154.9588940689082,305836339.71000004,285994485.62,19841854.090000033,184561517.0,ok
2016-07-06,163.11860729603785,148.12960463682745,213783174.95,194138594.66000003,19644580.28999996,131059956.0,164.62601240071146,164.62484800184723,89291743.22,89291111.66,631.5600000023842,54239146.0,163.55984184424162,152.95794920797837,303074918.16999996,283429706.32000005,19645211.849999905,185299102.0,ok
2016-07-07,163.43775573487997,148.44378999810667,214372553.74,194705771.66000003,19666782.079999983,131164646.0,165.07909602247008,165.0779338194931,89868591.05000001,89867958.35,632.7000000178814,54439716.0,163.91917814409987,153.32275973664886,304241144.79,284573730.01,19667414.78000003,185604362.0,ok
2016-07-08,,,,,,,,,,,,,,,,,,,data unavailable: TWSE MI_MARGN total 20160708: missing tables (keys=stat; stat='很抱歉，沒有符合條件的資料')
2016-07-11,164.3918793673082,149.39301059529382,214568819.81,194991882.17000002,19576937.639999986,130522761.0,165.11249962360768,165.1113712292969,89653437.24000001,89652824.53999999,612.7000000178814,54298395.0,164.60358956417306,154.01088970031117,304222257.05,284644706.71000004,19577550.339999974,184821156.0,ok
2016-07-12,164.55122904774606,149.40634558540842,214246213.62,194527528.1,19718685.52000001,130200312.0,165.79829822008907,165.79716389131713,90197949.97999999,90197332.88,617.0999999940395,54402217.0,164.9187393310305,154.2367065729636,304444163.6,284724860.98,19719302.620000005,184602529.0,ok
2016-07-13,165.41072586557874,150.33098929329762,215395099.75,195758517.26,19636582.49000001,130218339.0,166.3449486798092,166.3437906516665,90576789.09,90576158.53,630.5600000023842,54451181.0,165.68618840835242,155.05248282986815,305971888.84000003,286334675.78999996,19637213.05000007,184669520.0,ok
2016-07-14,165.79637569283307,150.394192396426,216712538.83,196580336.11,20132202.72,130710058.0,166.76595749750393,166.7648017849176,90987970.02,90987339.46000001,630.559999987483,54560278.0,166.08190792615608,155.21517463540414,307700508.85,287567675.57000005,20132833.27999997,185270336.0,ok
2016-07-15,166.7275358168704,151.0558094626439,217906025.14000002,197423724.0,20482301.140000015,130695883.0,168.13329956425451,168.1321638587394,91927327.09,91926706.14,620.9500000029802,54675265.0,167.14216617464118,156.0924843277121,309833352.23,289350430.14,20482922.090000033,185371148.0,ok
2016-07-18,167.63274718441662,152.1927319322769,218830611.11,198674955.19,20155655.920000017,130541684.0,169.14642598555042,169.14529249811875,92744304.71,92743683.21,621.5,54830780.0,168.08047381837682,157.20708033529723,311574915.82,291418638.4,20156277.420000017,185372464.0,ok
2016-07-19,167.67618432940716,152.1693516543813,219208939.41,198936314.78000003,20272624.629999965,130733497.0,168.85747026786842,168.8563394419125,92968029.63999999,92967407.03999999,622.5999999940395,55057102.0,168.026246069641,157.11436606111596,312176969.04999995,291903721.82000005,20273247.2299999,185790599.0,ok
2016-07-20,166.97589836624056,151.29817862735757,218815603.12,198270544.01999998,20545059.100000024,131046220.0,167.44300096426247,167.44188517149257,92688510.21,92687892.56,617.6499999910593,55355261.0,167.1146128554633,156.09234165902362,311504113.33,290958436.58,20545676.75,186401481.0,ok
2016-07-21,168.10927494800444,152.37459038062326,219795762.61,199223328.43,20572434.180000007,130745768.0,168.13504914972873,168.13392622095284,93138950.19,93138328.14,622.0499999970198,55395321.0,168.11694531345523,157.06454611426497,312934712.8,292361656.57,20573056.23000002,186141089.0,ok
2016-07-22,167.7477845838374,152.04822664253805,220627728.94,199979123.52,20648605.419999987,131523483.0,168.03470818563358,168.0335863706467,93175783.4,93175161.35,622.0500000119209,55450320.0,167.8328767479795,156.78896196490157,313803512.34000003,293154284.87,20649227.47000003,186973803.0,ok
2016-07-25,166.6305700654966,150.89325863797563,218893155.27,198219939.35000002,20673215.919999987,131364344.0,166.7558691153824,166.7547554872795,92899362.84,92898742.44,620.4000000059605,55709801.0,166.66788353355832,155.61673783942726,311792518.11,291118681.79,20673836.319999993,187074145.0,ok
2016-07-26,167.44243266579056,151.5936644402808,219959112.41,199139533.19,20819579.22,131364021.0,167.02858406649602,167.02746286022162,93077840.99000001,93077216.19,624.8000000119209,55725696.0,167.31916559583013,156.19070575642593,313036953.4,292216749.38,20820204.01999998,187089717.0,ok
2016-07-27,167.13896528418982,151.4218708384725,219841611.58,199168566.45,20673045.130000025,131532232.0,166.43410317712272,166.4329731529448,92427864.37,92427236.82,627.5500000119209,55534210.0,166.92971364153067,155.8782003615592,312269475.95000005,291595803.27,20673672.680000067,187066442.0,ok
2016-07-28,166.5968055748768,150.8990725095186,218854766.6,198232980.4,20621786.199999988,131367925.0,165.16711820760932,165.1659934617537,91670107.53999999,91669483.28999999,624.25,55501427.0,166.17217902055975,155.13644189765265,310524874.14,289902463.69,20622410.449999988,186869352.0,ok
2016-07-29,166.14238031103824,150.5005991311579,219312620.58,198665028.95,20647591.630000025,132002816.0,165.1575852872319,165.1564655955748,92078584.28,92077960.03,624.25,55751956.0,165.8499549934209,154.85251633444503,311391204.86,290742988.98,20648215.879999995,187754772.0,ok
2016-08-01,167.15047232593201,151.26301359243223,220396482.61,199448052.29000002,20948430.319999993,131855136.0,165.4155624840627,165.41442869410236,92199056.59,92198424.64,631.9500000029802,55737837.0,166.63499394510904,155.4676981050884,312595539.20000005,291646476.93,20949062.27000004,187592973.0,ok
2016-08-02,167.1129933825551,151.26260031825146,221291769.49,200302608.45999998,20989161.03000003,132420445.0,167.36719131249393,167.36606832224524,93856103.25,93855473.5,629.75,56077958.0,167.1886168393692,156.05335497723024,315147872.74,294158081.96,20989790.78000003,188498403.0,ok
2016-08-03,166.80645174923677,150.9961376205358,222206515.76,201145251.17,21061264.590000004,133212183.0,166.8458452007826,166.84473042580936,93841669.8,93841042.8,627.0,56244535.0,166.81814659113857,155.70115279311446,316048185.56,294986293.96999997,21061891.590000033,189456718.0,ok
2016-08-04,166.74437355208832,150.98519304391957,222896008.23000002,201829879.56,21066128.670000017,133675280.0,167.0461674713898,167.04505138543985,94749491.57999998,94748858.53,633.0499999821186,56720542.0,166.83428053899206,155.76956204952862,317645499.81,296578738.09000003,21066761.71999997,190395822.0,ok
2016-08-05,167.2575611765649,151.37221811141183,223766300.95,202514021.34,21252279.609999985,133785462.0,167.2296759568788,167.22855294079977,95005347.88,95004709.88,638.0,56811297.0,167.24924941142362,156.09852590410526,318771648.83,297518731.22,21252917.609999955,190596759.0,ok
2016-08-08,167.68657452426982,151.90293019462507,225047218.33,203864453.63,21182764.700000018,134207058.0,166.89751466042935,166.89639741654872,94895705.42999999,94895070.17999999,635.25,56858669.0,167.45176059754556,156.36479053619072,319942923.76,298759523.81,21183399.949999988,191065727.0,ok
2016-08-09,166.36858487673533,150.5727615857028,222906020.36,201742264.53,21163755.830000013,133983240.0,163.85169579197125,163.850587887744,92891829.09,92891200.99000001,628.0999999940395,56692626.0,165.62025183092655,154.52058600850933,315797849.45000005,294633465.52,21164383.930000067,190675866.0,ok
2016-08-10,166.2250526770432,150.40093092280543,223057163.81,201822797.14,21234366.670000017,134189859.0,164.0376840667349,164.03658172542757,93466577.62,93465949.52,628.1000000089407,56978723.0,165.57309685437747,154.4651027750993,316523741.43,295288746.65999997,21234994.77000004,191168582.0,ok
2016-08-11,165.27794509165616,149.58068143618905,220245299.0,199327513.95999998,20917785.04000002,133257525.0,162.77521665237867,162.77410840543405,92495353.3,92494723.55,629.75,56823978.0,164.5297661077522,153.5247948402428,312740652.3,291822237.51,20918414.79000002,190081503.0,ok
2016-08-12,165.250892470461,149.5184579795274,220172393.44,199211249.42000002,20961144.01999998,133235222.0,162.21605361104793,162.21494168008704,91791976.77000001,91791347.57,629.2000000178814,56586247.0,164.34619953868338,153.3033110127285,311964370.21000004,291002596.99,20961773.22000003,189821469.0,ok
2016-08-15,166.2207609146303,150.40957836983995,220417641.73000002,199451165.87999997,20966475.850000054,132605362.0,162.8972148993276,162.89609820313254,92024767.77,92024136.92,630.8499999940395,56492536.0,165.22785964548373,154.1398957274501,312442409.5,291475302.79999995,20967106.700000048,189097898.0,ok
2016-08-16,166.43801872561457,149.90704094653722,221993032.12,199944212.32999998,22048819.79000002,133378800.0,162.8156329835591,162.81450864857774,91752001.63999999,91751368.03999999,633.5999999940395,56353312.0,165.36211527545743,153.740754422214,313745033.76,291695580.37,22049453.389999986,189732112.0,ok
2016-08-17,165.99484878702702,149.0491350844812,222314338.02,199619205.29999998,22695132.72000003,133928456.0,161.42569591318164,161.42459505508654,91140290.91,91139669.36999999,621.5400000065565,56459593.0,164.63986609264535,152.71907884827368,313454628.93,290758874.66999996,22695754.26000005,190388049.0,ok
2016-08-18,166.64822288692235,149.6023807892655,224326962.63,201381371.51,22945591.120000005,134611074.0,162.55611596524844,162.555002008225,90856906.32,90856283.69999999,622.6200000047684,55892641.0,165.44762339674057,153.40260173403965,315183868.95,292237655.21,22946213.74000001,190503715.0,ok
2016-08-19,165.5473650512976,148.29696139325873,222330010.27999997,199162728.69,23167281.589999974,134299939.0,161.75823506048582,161.7570985120832,90333109.93,90332475.23,634.7000000029802,55844520.0,164.434515659486,152.25013941636868,312663120.21,289495203.92,23167916.28999996,190144459.0,ok
2016-08-22,164.4466857762184,147.31693500353478,220663198.07,197677599.0,22985599.069999993,134185251.0,160.85938226851536,160.85826184361366,89623560.87,89622936.62,624.25,55715470.0,163.3941974027576,151.28986035813944,310286758.94,287300535.62,22986223.319999993,189900721.0,ok
2016-08-23,165.1013338497848,147.992969858471,221937520.86,198939597.09,22997923.77000001,134425032.0,162.35748497894494,162.35635804526945,90728166.52000001,90727536.77000001,629.75,55881727.0,164.29562934230833,152.21063896106813,312665687.38,289667133.86,22998553.51999998,190306759.0,ok
2016-08-24,164.85838511731384,147.7374481911351,222212477.17,199135180.84,23077296.329999983,134789915.0,161.88239140829796,161.88239140829796,90625176.81,90625176.81,0.0,55982109.0,163.98507884992614,151.8882861199816,312837653.98,289760357.65,23077296.330000043,190772024.0,ok
2016-08-25,166.04039849909438,148.80584331607778,224067964.51,200810301.10999998,23257663.400000006,134947860.0,162.70035534399852,162.69923229931783,91234614.74000001,91233984.99,629.7500000149012,56075240.0,165.05992167962933,152.88427739891142,315302579.25,292044286.09999996,23258293.150000036,191023100.0,ok
2016-08-26,166.14980519996692,148.91719237690333,224611810.66000003,201315675.2,23296135.46000004,135186322.0,162.31753871103675,162.31640629864648,90976522.96000001,90975888.26,634.7000000029802,56048486.0,165.02661671299924,152.8443312788538,315588333.62,292291563.46,23296770.160000026,191234808.0,ok
2016-08-29,165.98299087433534,148.80573836398884,224442495.71,201215384.29000002,23227111.419999987,135220178.0,162.46358140660752,162.46245875721465,91372699.22,91372067.82,631.4000000059605,56241958.0,164.94916516025916,152.81739680894398,315815194.93,292587452.11,23227742.819999993,191462136.0,ok
2016-08-30,166.54072726918974,149.23819192107166,225119338.0,201730852.99,23388485.00999999,135173745.0,163.18521633756873,163.1840904148305,92069735.47999999,92069100.22999999,635.25,56420390.0,165.55260080377724,153.3449618486495,317189073.48,293799953.22,23389120.25999999,191594135.0,ok
2016-08-31,166.2275674277445,148.95036554137585,225995699.96,202506375.09,23489324.870000005,135955608.0,162.91405821791162,162.91292879324445,92028421.34,92027783.34,638.0,56488938.0,165.2549411818613,153.04884682468474,318024121.3,294534158.43,23489962.870000005,192444546.0,ok
2016-09-01,165.4361224133368,148.29548666388425,225738024.13,202349581.57,23388442.560000002,136450263.0,162.00017731172863,161.99905980819364,92488399.27000001,92487761.27,638.0000000149012,57091542.0,164.42257702412147,152.33780776199745,318226423.4,294837342.84,23389080.560000002,193541805.0,ok
2016-09-02,163.14382808492235,145.94540186307395,220472383.29000002,197230449.7,23241933.590000033,135139886.0,158.84504863115998,158.84392818871183,89903401.78,89902767.63000001,634.1499999910593,56598177.0,161.87489339036455,149.75285180074025,310375785.07000005,287133217.33,23242567.74000007,191738063.0,ok
2016-09-05,164.73519828728845,147.36036218505123,221506031.46,198143501.57999998,23362529.880000025,134461872.0,160.7960131753026,160.79489625374708,91215317.18,91214683.58,633.6000000089407,56727350.0,163.5664109977915,151.3464943960073,312721348.64,289358185.15999997,23363163.48000002,191189222.0,ok
2016-09-06,165.9617261195186,148.65412962054936,223133839.66000003,199863953.57,23269886.090000033,134448975.0,162.16133653741161,162.1602158438091,92078125.78999999,92077489.44,636.3499999940395,56781800.0,164.83328347646975,152.6644667993423,315211965.45000005,291941443.01,23270522.440000057,191230775.0,ok
2016-09-07,166.5336749377652,149.0921383566931,223549382.9,200136432.08999997,23412950.810000032,134236744.0,163.17058720246882,163.1694919133168,92616202.92,92615581.22999999,621.690000012517,56760354.0,165.53423540497982,153.27563422979333,316165585.82,292752013.31999993,23413572.50000006,190997098.0,ok
2016-09-08,166.79751112120852,149.4626119663573,224979316.89,201597710.39000002,23381606.49999997,134881699.0,164.29315385302297,164.29205994546047,93609954.3,93609331.02,623.2800000011921,56977392.0,166.05377911959357,153.86659025190525,318589271.19,295207041.41,23382229.77999997,191859091.0,ok
2016-09-09,166.2433023944396,148.99133726618913,224594636.7,201287238.54,23307398.159999996,135099961.0,163.80383261140958,163.80274854140487,93697599.00999999,93696978.91,620.0999999940395,57201103.0,165.51766749974922,153.3970802418441,318292235.71,294984217.45,23308018.25999999,192301064.0,ok
2016-09-12,162.99616044187061,146.13279688625863,220183911.0,197403979.68,22779931.319999993,135085336.0,159.7441712850117,159.74306957863104,90220062.25999999,90219440.03999999,622.2199999988079,56477843.0,162.0373888554021,150.14546178522127,310403973.26,287623419.72,22780553.53999996,191563179.0,ok
2016-09-13,162.2222887155273,145.41754958129025,217424150.52,194901005.51999998,22523145.00000003,134028531.0,158.05301050161137,158.05192541441428,88547727.66,88547119.75,607.9099999964237,56024069.0,160.99326090776975,149.14193505903103,305971878.18,283448125.27,22523752.910000026,190052600.0,ok
2016-09-14,162.18165993979414,145.38469468595474,216227024.39999998,193832643.82,22394380.579999983,133323968.0,157.73949207720165,157.73840824376143,87780090.3,87779487.16,603.140000000596,55648772.0,160.87352847823448,149.02262145323184,304007114.7,281612130.98,22394983.71999997,188972740.0,ok
2016-09-15,,,,,,,,,,,,,,,,,,,data unavailable: TWSE MI_MARGN total 20160915: missing tables (keys=stat; stat='很抱歉，沒有符合條件的資料')
2016-09-16,,,,,,,,,,,,,,,,,,,data unavailable: TWSE MI_MARGN total 20160916: missing tables (keys=stat; stat='很抱歉，沒有符合條件的資料')
2016-09-19,164.89057711453125,147.775344116763,219566432.51999998,196775981.32,22790451.199999988,133158872.0,160.28538579543044,160.284281090216,88972696.19,88972082.98,613.2099999934435,55508926.0,163.53566002291498,151.4556629849467,308539128.71,285748064.3,22791064.409999967,188667798.0,ok
2016-09-20,165.05057856942074,147.99510861573802,220386118.85000002,197612561.43,22773557.420000017,133526414.0,159.92456675198986,159.92427259736505,88901764.4,88901600.88000001,163.51999999582767,55589811.0,163.54381188076275,151.50162938690215,309287883.25,286514162.31,22773720.939999998,189116225.0,ok
2016-09-21,166.1989384772938,148.9536113327331,221232906.53,198277080.92000002,22955825.609999985,133113309.0,161.15649440340647,161.15620060455137,89771867.44,89771703.78,163.65999999642372,55704778.0,164.7113255469006,152.55359763283698,311004773.97,288048784.70000005,22955989.26999998,188818087.0,ok
2016-09-22,166.0936977713649,148.77706744764464,221597218.79000002,198493891.15,23103327.640000015,133416994.0,161.52325050810435,161.52295776174208,90145163.43,90145000.05,163.3800000101328,55809404.0,164.7457149292669,152.53627096997323,311742382.22,288638891.2,23103491.02000004,189226398.0,ok
2016-09-23,166.844981334036,149.4922555051499,223040510.0,199843163.64999998,23197346.350000024,133681282.0,162.80253389379993,162.80224010571249,91545504.23,91545339.03,165.20000000298023,56231007.0,165.64805568216812,153.43320024961628,314586014.23,291388502.67999995,23197511.55000007,189912289.0,ok
2016-09-26,164.62387017606133,147.39360884272088,220218920.0,197169835.20999998,23049084.79000002,133770953.0,161.7948960703603,161.7948960703603,90959466.15,90959466.15,0.0,56218996.0,163.7867622934095,151.65502326652026,311178386.15,288129301.36,23049084.78999996,189989949.0,ok
2016-09-27,,,,,,,,,,,,,,,,,,,data unavailable: TWSE MI_MARGN total 20160927: missing tables (keys=stat; stat='很抱歉，沒有符合條件的資料')
2016-09-28,,,,,,,,,,,,,,,,,,,data unavailable: TWSE MI_MARGN total 20160928: missing tables (keys=stat; stat='很抱歉，沒有符合條件的資料')
2016-09-29,165.56453843071694,148.111098182984,220087452.55,196886329.66000003,23201122.889999986,132931517.0,161.52118066452067,161.5208654738081,90704604.66999999,90704427.66999999,177.0,56156477.0,164.36371799470254,152.09361062342225,310792057.22,287590757.33000004,23201299.889999986,189087994.0,ok
2016-09-30,164.8309831805904,147.4641449175806,219779647.95999998,196623336.41,23156311.549999982,133336369.0,161.34340184426912,161.3430886514198,90873645.9,90873469.5,176.40000000596046,56323125.0,163.79527716128993,151.5857708183066,310653293.86,287496805.90999997,23156487.950000048,189659494.0,ok
2016-10-03,165.38483507470443,148.0936517398347,220511865.88,197457085.2,23054780.680000007,133332579.0,162.55290864379015,162.55259650624868,91630068.4,91629892.45,175.95000000298023,56369381.0,164.54333644206943,152.39008476770613,312141934.28,289086977.65,23054956.629999995,189701960.0,ok
2016-10-04,166.00302256984753,148.6832827679321,221498659.70999998,198388844.64,23109815.069999993,133430498.0,163.18898800834833,163.1886747504131,92284746.77000001,92284569.62,177.15000000596046,56550842.0,165.16538228438645,153.00103381732123,313783406.48,290673414.26,23109992.22000003,189981340.0,ok
2016-10-05,165.64168572431913,148.25019090486472,221131221.43,197913620.89,23217600.54000002,133499741.0,162.55606392452745,162.5557504312457,91857811.32,91857634.17,177.1499999910593,56508388.0,164.72402228117303,152.50466208211543,312989032.75,289771255.06,23217777.689999998,190008129.0,ok
2016-10-06,165.87055389876312,148.40841700114225,221973238.3,198604852.63,23368385.670000017,133823173.0,162.76038077942064,162.76006703306746,91976895.41000001,91976718.11000001,177.29999999701977,56510617.0,164.94713508830986,152.6694607089997,313950133.71000004,290581570.74,23368562.97000003,190333790.0,ok
2016-10-07,164.906102978894,147.47765675568135,221744434.61,198308910.49,23435524.120000005,134467088.0,161.3980155616979,161.39770206867635,91049041.27000001,91048864.42,176.8500000089407,56412739.0,163.86932071140237,151.59159532871956,312793475.88,289357774.91,23435700.96999997,190879827.0,ok
2016-10-10,,,,,,,,,,,,,,,,,,,data unavailable: TWSE MI_MARGN total 20161010: missing tables (keys=stat; stat='很抱歉，沒有符合條件的資料')
2016-10-11,162.63777651987564,145.10618818499182,216266742.49,192954203.54,23312538.950000018,132974483.0,157.3488386023076,157.34852621395376,87265373.22,87265199.97,173.25,55459814.0,161.081141035594,148.7093421798899,303532115.71000004,280219403.51,23312712.200000048,188434297.0,ok
2016-10-12,162.3411961202545,144.60920854513896,215508014.15000004,191968792.31,23539221.840000033,132750047.0,157.80796302218468,157.8076482896639,87244195.48,87244021.48,174.0,55285040.0,161.00835990785063,148.48974106093294,302752209.63000005,279212813.79,23539395.840000033,188035087.0,ok
2016-10-13,162.04687075537734,144.30288025993195,214942357.76999998,191406357.75,23536000.01999998,132642091.0,157.40515984900526,157.40486482526194,86645900.67,86645738.27000001,162.3999999910593,55046417.0,160.68552180083395,148.14550927113768,301588258.44,278052096.02,23536162.420000017,187688508.0,ok
2016-10-14,160.28476938646997,142.40473824928293,210083645.99,186648467.8,23435178.189999998,131069001.0,154.43479149017648,154.43449655020046,84008679.6,84008519.16,160.4399999976158,54397509.0,158.56896514093032,145.93307813901282,294092325.59000003,270656986.96000004,23435338.629999995,185466510.0,ok
2016-10-17,161.45042916452192,143.66267014394822,210912621.59000003,187675378.39000002,23237243.200000018,130636148.0,154.8543357933222,154.85403992857422,83973605.52000001,83973445.08,160.44000001251698,54227481.0,159.51554597578522,146.94552137673335,294886227.11,271648823.47,23237403.639999986,184863629.0,ok
2016-10-18,162.00101139017858,144.14269343863214,211767843.58999997,188423436.97,23344406.619999975,130720075.0,155.61119937697433,155.61090195340051,84381254.36,84381093.08,161.2800000011921,54225695.0,160.1275324923625,147.50514707635648,296149097.95,272804530.05,23344567.899999976,184945770.0,ok
2016-10-19,162.69439813932948,144.6697564461802,212085438.48,188588845.6,23496592.879999995,130358169.0,156.5578334575982,156.55753480263604,85131658.19,85131495.78999999,162.40000000596046,54377131.0,160.88809051112588,148.16894301738756,297217096.66999996,273720341.39,23496755.27999997,184735300.0,ok
2016-10-20,163.1970050790235,145.18281663269934,213502080.43,189935062.71,23567017.72,130824754.0,156.99177880057002,156.99148225083127,85454848.28,85454686.86,161.42000000178814,54432690.0,161.37377384414307,148.65246093430932,298956928.71000004,275389749.57,23567179.140000045,185257444.0,ok
2016-10-21,163.65573952390594,145.62873833809488,214218924.82,190622289.45,23596635.370000005,130896066.0,157.74383250808225,157.74353554441183,85893259.87,85893098.17,161.70000000298023,54451105.0,161.91894544211846,149.18781124530895,300112184.69,276515387.62,23596797.069999993,185347171.0,ok
2016-10-24,164.26042618836777,146.43656363941344,213968341.45,190750684.0,23217657.449999988,130261650.0,157.48127929765118,157.48098411953072,85970238.25,85970077.11000001,161.13999998569489,54590767.0,162.2584029831755,149.69821093007403,299938579.7,276720761.11,23217818.589999974,184852417.0,ok
2016-10-25,164.43938661332908,146.60764221393708,214561442.38,191294481.36,23266961.01999998,130480566.0,157.79270772325518,157.79241184565282,86160593.63,86160432.07,161.5600000023842,54603660.0,162.4784793978067,149.90737969750055,300722036.01,277454913.43,23267122.579999983,185084226.0,ok
2016-10-26,164.3371082800914,146.47073893749155,214628741.6,191294776.38,23333965.22,130602725.0,158.7106646729878,158.7103679630285,87017810.22,87017647.53999999,162.68000000715256,54827954.0,162.67348717414768,150.0897399615303,301646551.82,278312423.91999996,23334127.900000036,185430679.0,ok
2016-10-27,163.85286942800795,146.00891814566845,214566218.96,191199468.22,23366750.74000001,130950541.0,158.59974293841802,158.59944815855306,87149732.44,87149570.46000001,161.97999998927116,54949479.0,162.30011777298355,149.73050496713233,301715951.4,278349038.68,23366912.71999997,185900020.0,ok
2016-10-28,163.13179548699642,145.0796096850169,212772202.16,189226802.47,23545399.689999998,130429633.0,157.12737685130017,157.12708224141736,86166488.25,86166326.69,161.5600000023842,54838622.0,161.3545128980677,148.64561074426913,298938690.40999997,275393129.15999997,23545561.25,185268255.0,ok
2016-10-31,162.99795272750956,145.02277970407198,212513237.72000003,189077592.34,23435645.380000025,130377857.0,156.67912591893537,156.67883345196847,85800215.57000001,85800055.41,160.16000001132488,54761740.0,161.12893088451523,148.47047968350066,298313453.29,274877647.75,23435805.54000002,185139597.0,ok
2016-11-01,162.82794523347414,144.81403273992228,212258218.89,188775757.23,23482461.659999996,130357365.0,156.47152030238047,156.47122838054315,85696455.24,85696295.36,159.87999999523163,54768085.0,160.94744084619376,148.26273350854785,297954674.13,274472052.59,23482621.54000002,185125450.0,ok
2016-11-02,160.08703572667872,142.1441726819785,206583407.56,183429141.68,23154265.879999995,129044433.0,152.3019989843794,152.30170775761073,82513738.38,82513580.6,157.7800000011921,54177712.0,157.7850460925452,145.1476961368398,289097145.94,265942722.28,23154423.659999996,183222145.0,ok
2016-11-03,158.7016283432358,140.70223847409667,202938448.74,179921871.68,23016577.060000002,127874207.0,151.17102040784405,151.17073208381996,81184080.57,81183925.72999999,154.84000000357628,53703468.0,156.47437346579088,143.798403305913,284122529.31,261105797.41,23016731.900000006,181577675.0,ok
2016-11-04,158.75948309493145,140.9994167103168,202746495.21,180065700.69,22680794.52000001,127706699.0,151.5858298841443,151.58553980048995,80839880.25999999,80839725.56,154.69999998807907,53329444.0,156.64627558376563,144.11786614897116,283586375.47,260905426.25,22680949.22000003,181036143.0,ok
2016-11-07,160.1124333814103,142.37218386479614,204011881.04000002,181407629.78000003,22604251.25999999,127417888.0,153.19767893000582,153.19738852240232,81534481.09,81534326.53,154.5600000023842,53221747.0,158.07514343682107,145.56160740138785,285546362.13,262941956.31000003,22604405.819999963,180639635.0,ok
2016-11-08,160.2274266246297,142.3992763474951,203274351.38,180656465.29000002,22617886.089999974,126866140.0,152.54237409071962,152.5420794959742,81046701.49,81046544.97,156.51999999582767,53130615.0,157.9589881328694,145.39318237153776,284321052.87,261703010.26000002,22618042.609999985,179996755.0,ok
2016-11-09,155.06980133541546,137.13692092554726,193454362.62,171082540.89999998,22371821.72000003,124753086.0,146.28800510075976,146.28770659761346,75471073.14000002,75470919.14000002,154.0,51590746.0,152.50061922211148,139.81405374019548,268925435.76,246553460.04,22371975.72,176343832.0,ok
2016-11-10,159.7490225779636,142.0790833731552,199750420.65,177655901.81,22094518.840000004,125040152.0,152.8402737092059,152.83997104849638,78828754.37,78828598.27,156.1000000089407,51575905.0,157.73151079915684,145.2215072834516,278579175.02,256484500.07999998,22094674.939999998,176616057.0,ok
2016-11-11,156.98330918726327,139.3225107266175,196801773.92000002,174661353.49,22140420.430000007,125364776.0,151.38271925222955,151.38259196970256,77783102.46,77783037.06,65.3999999910593,51381758.0,155.35516887703156,142.82848146261244,274584876.38,252444390.55,22140485.829999983,176746534.0,ok
2016-11-14,157.40875563382033,139.76030096293414,197854433.26,175671264.46,22183168.799999982,125694681.0,151.19050913610127,151.19038274137955,77584065.93,77584001.07000001,64.85999999940395,51315434.0,155.60607888989847,143.0738946924022,275438499.19,253255265.53000003,22183233.659999967,177010115.0,ok
2016-11-15,157.68346360884357,140.1300203025885,199232119.63,177053448.27999997,22178671.350000024,126349406.0,150.39648984428905,150.39636334727618,77185539.02000001,77185474.1,64.9200000166893,51321370.0,155.578573400276,143.09552088633865,276417658.65,254238922.37999997,22178736.27000001,177670776.0,ok
2016-11-16,158.4068436907138,140.79412322735496,200344133.63,178068547.93,22275585.699999988,126474418.0,152.0371303476943,152.03677035143647,77826926.73,77826742.45,184.2800000011921,51189421.0,156.5715690518204,144.03341266311372,278171060.36,255895290.38,22275769.98000002,177663839.0,ok
2016-11-17,158.62760484109464,141.04732817189884,200767963.97,178517383.07999998,22250580.890000015,126565590.0,152.37630391186948,152.3759400594884,77957024.47,77956838.32,186.15000000596046,51160858.0,156.82808697105116,144.30841570636687,278724988.44,256474221.39999998,22250767.04000002,177726448.0,ok
2016-11-18,160.10285261698147,142.50369164869574,202668429.42000002,180390286.0,22278143.420000017,126586395.0,154.60794351591497,154.6073715993098,79413028.19,79412734.42999999,293.7600000053644,51364132.0,158.51678686514933,145.99733128635242,282081457.61,259803020.43,22278437.180000007,177950527.0,ok
2016-11-21,161.17821239348095,143.87849974428175,203935444.47000003,182046477.37,21888967.100000024,126527923.0,154.80518748712072,154.80480629812052,79532850.9,79532655.06,195.84000000357628,51376089.0,159.33777556967067,147.03385802788978,283468295.37,261579132.43,21889162.939999998,177904012.0,ok
2016-11-22,162.1330315277063,145.0526536805762,204803830.22000003,183228172.43,21575657.79000002,126318387.0,156.44184155813406,156.44145782977466,80722427.39,80722229.39,198.0,51599001.0,160.48249180119484,148.35559626133897,285526257.61,263950401.82,21575855.79000002,177917388.0,ok
2016-11-23,162.39390347946133,145.58513075894192,205543400.82,184268388.43,21275012.389999986,126570885.0,156.38508966398734,156.38468917837992,80796009.4,80795802.49000001,206.90999999642372,51664778.0,160.65214188924693,148.71557490713855,286339410.22,265064190.92000002,21275219.300000012,178235663.0,ok
2016-11-24,162.2818554933481,145.59252336532253,206676789.89,185421809.91,21254979.97999999,127356684.0,156.52134580693573,156.52111422627976,81038328.88,81038208.98,119.8999999910593,51774618.0,160.61688580257177,148.75123214925327,287715118.77,266460018.89,21255099.879999995,179131302.0,ok
2016-11-25,162.4662631828625,145.85653159653077,207211655.60999998,186027380.71,21184274.899999976,127541344.0,157.3114781725186,157.31124671746463,81641141.26,81641021.14,120.12000000476837,51897765.0,160.97538517648346,149.16948893788813,288852796.87,267668401.85000002,21184395.01999998,179439109.0,ok
2016-11-28,163.486830873765,146.65575157011628,208730670.17999998,187241707.16,21488963.01999998,127674302.0,157.68265452799096,157.68242397675755,81778417.42,81778297.85000001,119.56999999284744,51862659.0,161.81018436643802,149.84101519352328,290509087.59999996,269020005.01,21489082.589999974,179536961.0,ok
2016-11-29,163.9565343013774,147.2419263480636,210044502.95,188631440.43,21413062.51999998,128109870.0,158.11973204370403,158.11950246173998,82199793.43,82199674.08,119.3500000089407,51985791.0,162.27170313670135,150.38180987047767,292244296.38,270831114.51,21413181.870000005,180095661.0,ok
2016-11-30,163.9341488750666,147.1675402573922,210860723.57999998,189294629.82,21566093.75999999,128625259.0,158.1360300609386,158.13579827952296,82553899.26,82553778.26,121.0,52204358.0,162.2602689248631,150.33400644762742,293414622.84,271848408.08,21566214.75999999,180829617.0,ok
2016-12-01,164.55459983058412,147.85723226837513,212171994.76000002,190642886.57000002,21529108.189999998,128937140.0,158.64933010973118,158.64909812656848,83125972.81,83125851.25999999,121.55000001192093,52396044.0,162.84827799086133,150.97553122433456,295297967.57000005,273768737.83000004,21529229.74000001,181333184.0,ok
2016-12-02,163.741147460323,147.08567678348638,212248314.57,190658777.45999998,21589537.110000014,129624299.0,158.12849870751998,158.1282159775218,82998865.91,82998717.50999999,148.40000000596046,52488240.0,162.12347710994246,150.26834312051406,295247180.48,273657494.96999997,21589685.51000005,182112539.0,ok
2016-12-05,163.3167596983761,146.65184539708102,212418190.11,190742944.16,21675245.950000018,130065151.0,159.2786252855043,159.2783440338092,83804120.58,83803972.6,147.98000000417233,52614794.0,162.15371133924964,150.28848227428577,296222310.69,274546916.76,21675393.930000007,182679945.0,ok
2016-12-06,164.01928465050156,147.26366953135508,212909309.95999998,191159267.21,21750042.74999997,129807486.0,160.5072790790551,160.50699469664778,84548093.65,84547943.85,149.80000001192093,52675551.0,163.00550916960023,151.08648759500863,297457403.61,275707211.06,21750192.550000012,182483037.0,ok
2016-12-07,164.73088756254154,148.01635599127184,214216337.76,192480731.32,21735606.439999998,130040177.0,161.07209593475568,161.07181183977568,85090205.24000001,85090055.16000001,150.07999999821186,52827403.0,163.67392350246007,151.78786008979833,299306543.0,277570786.48,21735756.51999998,182867580.0,ok
2016-12-08,165.50540282697105,148.63272062142016,215447270.5,193483194.01,21964076.49000001,130175370.0,161.5937664368201,161.59325122642784,85390169.87,85389897.62,272.25,52842490.0,164.3760015388662,152.37479644336352,300837440.37,278873091.63,21964348.74000001,183017860.0,ok
2016-12-09,166.08624982099522,149.43184221211655,215917926.16000003,194266614.52999997,21651311.630000055,130003493.0,162.07020527208843,162.06969060505145,85732347.74,85732075.49,272.25,52898278.0,164.92474198076522,153.08692118678283,301650273.90000004,279998690.02,21651583.880000055,182901771.0,ok
2016-12-12,165.06122095723273,148.38950184716256,214432473.13,192774097.29,21658375.840000004,129910873.0,160.71496110106563,160.71444870844763,84843917.44,84843646.94,270.5,52791549.0,163.8053766851542,151.95077393664766,299276390.57,277617744.23,21658646.339999974,182702422.0,ok
2016-12-13,165.52232052702357,148.96262106367962,215522659.23,193960670.17000002,21561989.059999973,130207611.0,161.112266221251,161.1117570384103,85194303.92,85194034.67,269.25,52878844.0,164.24861312105256,152.47152217786947,300716963.15,279154704.84000003,21562258.309999943,183086455.0,ok
2016-12-14,165.593586478952,149.06856389611522,216183208.75,194609713.77,21573494.97999999,130550472.0,161.83857157506733,161.83803361794062,85727127.81,85726842.85,284.96000000834465,52970764.0,164.5097554595807,152.75428758555222,301910336.56,280336556.62,21573779.939999998,183521236.0,ok
2016-12-15,165.77895227159937,149.1954574472594,217622228.17000002,195852654.61999997,21769573.55000004,131272532.0,161.99835595655793,161.997637008511,86119952.49,86119570.29,382.19999998807907,53161004.0,164.689235617106,152.88554946427962,303742180.66,281972224.90999997,21769955.75000006,184433536.0,ok
2016-12-16,165.4769994279815,148.81776978846366,218037827.76999998,196087089.87,21950737.899999976,131763223.0,162.70084954401074,162.70012590926007,86798848.32,86798462.27000001,386.0499999821186,53348737.0,164.67692097798542,152.81862508505662,304836676.09,282885552.14,21951123.949999988,185111960.0,ok
2016-12-19,163.7152917987297,146.88427250734452,215942616.19,193742281.09,22200335.099999994,131901311.0,161.35278493848483,161.35206582669812,86071358.37,86070974.77000001,383.59999999403954,53343584.0,163.03497840520785,151.05045451319995,302013974.56,279813255.86,22200718.699999988,185244895.0,ok
2016-12-20,163.99987526375023,147.35804568478386,216806096.7,194805774.4,22000322.299999982,132198940.0,162.16857131382432,162.16785542418347,86895885.07,86895501.47,383.59999999403954,53583678.0,163.47168806179704,151.62951136257539,303701981.77,281701275.87,22000705.899999976,185782618.0,ok
2016-12-21,164.30319595700632,147.55189681097545,217856219.07999998,195644997.47000003,22211221.609999955,132594024.0,161.67462978527826,161.67391425754295,86675030.09,86674646.49,383.6000000089407,53610780.0,163.54639763751743,151.61780893687364,304531249.16999996,282319643.96000004,22211605.20999992,186204804.0,ok
2016-12-22,162.92831557845577,146.17009779095764,216281680.43,194035728.32999998,22245952.100000024,132746527.0,160.9181922345697,160.91748399051738,86122912.81,86122533.76,379.04999999701977,53519687.0,162.35074882662295,150.40744967844785,302404593.24,280158262.09,22246331.150000036,186266214.0,ok
2016-12-23,162.33713349547432,145.70297078551613,215880806.46999997,193760196.20999998,22120610.25999999,132983010.0,160.75648250958713,160.75599636060986,86027963.53,86027703.37,260.1599999964237,53514460.0,161.88357407743922,150.02235664644672,301908770.0,279787899.58,22120870.420000017,186497470.0,ok
2016-12-26,162.53444124291883,145.957145532209,216224048.26,194170814.73999998,22053233.52000001,133032757.0,161.06538190425525,161.06489623162582,86277807.76,86277547.6,260.1600000113249,53566947.0,162.112720189524,150.2941089016947,302501856.02,280448362.34,22053493.680000007,186599704.0,ok
2016-12-27,161.86520537862864,145.26420363240578,215057661.57,193001206.58999997,22056454.98000002,132862193.0,160.7461631342544,160.74567613584944,85951618.02,85951357.61999999,260.40000000596046,53470401.0,161.54408261498253,149.7068002015793,301009279.59,278952564.21,22056715.379999995,186332594.0,ok
2016-12-28,163.6865991496692,147.05893006816927,217064095.28,195014214.81,22049880.47,132609570.0,162.0948131448135,162.09430000180018,86710770.78999999,86710496.28999999,274.5,53493859.0,163.22905370539948,151.3807201800672,303774866.07,281724711.1,22050154.96999997,186103429.0,ok
2016-12-29,163.52239335838078,146.87580284567136,217473124.01999998,195334345.54000002,22138778.47999996,132992870.0,162.35078622663386,162.35027535812583,86916573.12,86916299.62,273.5,53536281.0,163.18612694484415,151.3171767773714,304389697.14,282250645.16,22139051.97999996,186529151.0,ok
2016-12-30,164.41577507123964,147.7116709971937,217581403.14,195475845.44,22105557.699999988,132336087.0,163.33596333845003,163.33565560565884,87657003.47,87656838.32,165.15000000596046,53666689.0,164.1042210090456,152.21960115261933,305238406.61,283132683.76,22105722.850000024,186002776.0,ok
2017-01-02,,,,,,,,,,,,,,,,,,,data unavailable: TWSE MI_MARGN total 20170102: missing tables (keys=stat; stat='很抱歉，沒有符合條件的資料')
2017-01-03,165.1290984696801,148.51195514950604,218438686.38,196456933.97000003,21981752.409999967,132283582.0,163.72826646752006,163.72795952529617,88013840.6,88013675.6,165.0,53756045.0,164.72432885494874,152.9086110079118,306452526.98,284470609.57000005,21981917.409999967,186039627.0,ok
2017-01-04,165.683500485069,149.04604463655164,218891419.6,196910979.07,21980440.53,132114193.0,164.8454663401305,164.84515747615782,88783560.89,88783394.53999999,166.3500000089407,53858661.0,165.44080163979203,153.62154608327944,307674980.49,285694373.61,21980606.879999995,185972854.0,ok
2017-01-05,166.82895396200334,150.32939894974498,220171547.72000003,198396355.36,21775192.360000014,131974422.0,165.2427674438913,165.24245928144046,89521873.77,89521706.82,166.95000000298023,54175971.0,166.36732079851154,154.66959673837488,309693421.49,287918062.18,21775359.310000002,186150393.0,ok
2017-01-06,167.1738877355848,150.77599526758934,221020591.96,199340938.82,21679653.140000015,132209997.0,165.583602593763,165.5833157791559,90200364.36999999,90200208.13,156.23999999463558,54474213.0,166.70984457121466,155.09675239807373,311220956.33,289541146.95,21679809.379999995,186684210.0,ok
2017-01-09,166.17845718463695,149.73326225394578,219227464.82,197532484.29,21694980.53,131922915.0,163.36534694176012,163.36506250230636,88850610.69,88850455.99,154.70000000298023,54387673.0,165.35725576154587,153.71264905245212,308078075.51,286382940.28,21695135.23000002,186310588.0,ok
2017-01-10,166.6098158621962,150.0310013704672,219419619.37,197585868.78,21833750.590000004,131696694.0,163.12585558284349,163.12551011125447,88779871.75,88779683.73,188.01999999582767,54424157.0,165.59106057386336,153.8600059968563,308199491.12,286365552.51,21833938.610000014,186120851.0,ok
2017-01-11,166.58345936691322,150.00956030998523,219133261.1,197331021.17000002,21802239.929999977,131545630.0,162.2449253161468,162.24458334567234,88317252.81,88317066.66000001,186.1499999910593,54434524.0,165.3136140052879,153.59062872375085,307450513.90999997,285648087.83000004,21802426.079999924,185980154.0,ok
2017-01-12,166.94548005810384,150.30543798220606,218988119.1,197160804.49,21827314.609999985,131173434.0,162.78909897949694,162.7887543300007,88807924.36000001,88807736.34,188.02000001072884,54553975.0,165.7246203547695,153.97218018047084,307796043.46000004,285968540.83000004,21827502.629999995,185727409.0,ok
2017-01-13,166.71042853535369,150.23360307526957,219112567.54999998,197456576.6,21655990.949999988,131433030.0,162.58573798443635,162.58539309803845,88636057.1,88635869.08,188.01999999582767,54516502.0,165.50115579209955,153.85488879853702,307748624.65,286092445.68,21656178.96999997,185949532.0,ok
2017-01-16,165.9683200646045,149.7966655629441,217883162.45,196653019.11,21230143.339999974,131279971.0,161.24657794324878,161.2462376231854,87716188.92999999,87716003.8,185.12999999523163,54398791.0,164.58497896490712,153.1510765404608,305599351.38,284369022.91,21230328.46999997,185678762.0,ok
2017-01-17,167.0435769862092,150.84665252064622,218859124.81,197638047.19,21221077.620000005,131019180.0,162.19337001197155,162.19302932176373,88459102.7,88458916.89,185.8100000023842,54539284.0,165.61800571382182,154.18157593716663,307318227.51,286096964.08,21221263.430000007,185558464.0,ok
2017-01-18,168.00554965651529,151.89377809171012,220428447.32,199289307.59,21139139.72999999,131203075.0,163.30610645347588,163.30576371238138,89181030.34,89180843.17,187.17000000178814,54609734.0,166.62439975276408,155.24772071014758,309609477.65999997,288470150.76,21139326.899999976,185812809.0,ok
2017-01-19,167.83656440172302,151.8805833776976,220339915.14,199392516.0,20947399.139999986,131282427.0,163.11126705193425,163.1107780210577,89188545.97,89188278.57,267.40000000596046,54679574.0,166.44715557239033,155.18266797419545,309528461.11,288580794.57,20947666.54000002,185962001.0,ok
2017-01-20,167.97544142439747,151.9794502501913,219468675.82,198569079.0,20899596.819999993,130655216.0,162.8249377374837,162.82452295257113,89085909.94,89085683.0,226.9399999976158,54712694.0,166.45523260201833,155.18045275474054,308554585.76,287654762.0,20899823.75999999,185367910.0,ok
2017-01-23,169.00453013060635,153.02990461638876,219861466.29,199079747.68,20781718.609999985,130092055.0,163.7114277187949,163.711009726421,89200856.26,89200628.50999999,227.75000001490116,54486640.0,167.44203471045236,156.18290951184807,309062322.55,288280376.19,20781946.360000014,184578695.0,ok
2017-01-24,169.16974328979794,153.25800786578574,217409473.39000002,196960414.64000002,20449058.75,128515578.0,163.61365757491896,163.61323488035464,88500373.14,88500144.5,228.64000000059605,54091067.0,167.52394006800796,156.3253950260134,305909846.53000003,285460559.14,20449287.390000045,182606645.0,ok
2017-01-25,,,,,,,,,,,,,,,,,,,data unavailable: TWSE MI_MARGN total 20170125: missing tables (keys=stat; stat='很抱歉，沒有符合條件的資料')
2017-01-26,,,,,,,,,,,,,,,,,,,data unavailable: TWSE MI_MARGN total 20170126: missing tables (keys=stat; stat='很抱歉，沒有符合條件的資料')
2017-01-27,,,,,,,,,,,,,,,,,,,data unavailable: TWSE MI_MARGN total 20170127: missing tables (keys=stat; stat='很抱歉，沒有符合條件的資料')
2017-01-30,,,,,,,,,,,,,,,,,,,data unavailable: TWSE MI_MARGN total 20170130: missing tables (keys=stat; stat='很抱歉，沒有符合條件的資料')
2017-01-31,,,,,,,,,,,,,,,,,,,data unavailable: TWSE MI_MARGN total 20170131: missing tables (keys=stat; stat='很抱歉，沒有符合條件的資料')
2017-02-01,,,,,,,,,,,,,,,,,,,data unavailable: TWSE MI_MARGN total 20170201: missing tables (keys=stat; stat='很抱歉，沒有符合條件的資料')
2017-02-02,171.30245160112608,155.48176936976088,221313847.75,200874350.08999997,20439497.660000026,129194793.0,164.78049438153494,164.78005333380756,89319296.64,89319057.57,239.0700000077486,54205018.0,169.37484433394536,158.22993823041617,310633144.39,290193407.65999997,20439736.73000002,183399811.0,ok
2017-02-03,171.78612672198764,156.04377763831937,224090728.27000004,203555225.56,20535502.71000004,130447512.0,167.06855367977778,167.0680626809476,91370724.25,91370455.72,268.5300000011921,54690558.0,170.39253597058672,159.3003974169116,315461452.52000004,294925681.28,20535771.24000007,185138070.0,ok
2017-02-06,172.9353548078594,157.3013240712351,227899817.13,207296784.57,20603032.560000002,131783242.0,167.82543547154134,167.82480694927267,92472944.41,92472598.09,346.31999999284744,55100673.0,171.42875112606666,160.40405759907156,320372761.53999996,299769382.65999997,20603378.879999995,186883915.0,ok
2017-02-07,172.04256663996168,156.56488123087433,227152469.97,206716861.85999998,20435608.110000014,132032714.0,168.21329338265642,168.21280407373197,93335532.78,93335261.28,271.5,55486419.0,170.90949473939813,160.0114710108008,320488002.75,300052123.14,20435879.610000014,187519133.0,ok
2017-02-08,172.72469123598145,157.26239903000123,230270438.72,209656658.58,20613780.139999986,133316457.0,169.13467787230377,169.13398368611706,94975080.24000001,94974690.42999999,389.81000001728535,56153523.0,171.6607131958319,160.7807996865783,325245518.96000004,304631349.01,20614169.950000048,189469980.0,ok
2017-02-09,174.22773200284257,158.82400987145823,232948485.06,212353177.45000002,20595307.609999985,133703448.0,169.64677896505108,169.64615093013305,95858607.08999999,95858252.22,354.8699999898672,56504820.0,172.86687671747265,162.0389233921209,328807092.15,308211429.67,20595662.47999996,190208268.0,ok
2017-02-10,173.51206631197644,158.16719388431454,232758491.83999997,212174048.12,20584443.71999997,134145421.0,168.06203028211132,168.06140629491532,95280198.4,95279844.64,353.7600000053644,56693471.0,171.8929966539525,161.10651740736367,328038690.24,307453892.76,20584797.48000002,190838892.0,ok
2017-02-13,173.49182152085004,158.40267084125347,233396680.71999997,213097408.67000002,20299272.049999952,134528924.0,169.1829209076795,169.1823069337864,97066628.38,97066276.12,352.25999999046326,57373775.0,172.2035754692538,161.62549375608316,330463309.09999996,310163684.79,20299624.309999943,191902699.0,ok
2017-02-14,172.69819376509662,157.76137678037904,232193120.45000002,212110535.51,20082584.940000027,134450231.0,168.06352155281328,168.06291116563813,96555953.56,96555602.88,350.68000000715256,57452059.0,171.31065711097037,160.84546900925466,328749074.01,308666138.39,20082935.620000005,191902290.0,ok
2017-02-15,174.1571270084011,159.12244074132266,236228872.69,215835639.01,20393233.680000007,135641232.0,168.7092411853651,168.70869632690335,97678610.06,97678294.60000001,315.4599999934435,57897605.0,172.5273789621873,161.99019197888433,333907482.75,313513933.61,20393549.139999986,193538837.0,ok
2017-02-16,173.4881575115416,158.58205588472785,237158798.82,216782116.01,20376682.810000002,136700281.0,168.66787421745465,168.66733174319813,98158478.94999999,98158163.25,315.69999998807907,58196310.0,172.0488162720096,161.59352898070955,335317277.77,314940279.26,20376998.50999999,194896591.0,ok
2017-02-17,173.99709330577485,159.21317903198945,239046393.83,218735471.81,20310922.02000001,137385280.0,169.63418286906804,169.6336428836448,99596802.1,99596485.06,317.03999999165535,58712696.0,172.69081651816742,162.3331170281941,338643195.93,318331956.87,20311239.060000002,196097976.0,ok
2017-02-20,172.73168502284855,158.2615460797069,238477962.46,218500103.44,19977859.02000001,138062662.0,169.8143384442892,169.81378055020986,101028276.07999998,101027944.17,331.90999998152256,59493372.0,171.85313536917832,161.74046478884063,339506238.53999996,319528047.61,19978190.929999948,197556034.0,ok
2017-02-21,173.01735263241278,158.63329270359588,239120071.70999998,219240462.01,19879609.699999988,138205832.0,169.27592486117248,169.27537290773907,101065026.32,101064696.78,329.53999999165535,59704312.0,171.88866177066697,161.84372984438835,340185098.03,320305158.78999996,19879939.24000001,197910144.0,ok
2017-02-22,173.85448020321041,159.61113770827004,240949265.26,221209061.24,19740204.01999998,138592497.0,170.11722848805604,170.1166772675109,101973946.97,101973616.55000001,330.419999986887,59943339.0,172.7261028230692,162.78304426108747,342923212.23,323182677.79,19740534.439999998,198535836.0,ok
2017-02-23,172.99585345544,158.76671682886382,239945361.19000003,220209539.44000003,19735821.75,138700065.0,169.88905791184516,169.8884277539275,102692419.21000001,102692038.3,380.9100000113249,60446753.0,172.05285218265453,162.14247407156662,342637780.40000004,322901577.74,19736202.660000026,199146818.0,ok
2017-02-24,173.12097165071242,159.00583039390352,241421521.26,221737604.04000002,19683917.21999997,139452499.0,169.6518358301678,169.65121290352437,102726342.87,102725965.68,377.1899999976158,60551271.0,172.07068853252116,162.22872684849892,344147864.13,324463569.72,19684294.409999967,200003770.0,ok
2017-02-27,,,,,,,,,,,,,,,,,,,data unavailable: TWSE MI_MARGN total 20170227: missing tables (keys=stat; stat='很抱歉，沒有符合條件的資料')
2017-02-28,,,,,,,,,,,,,,,,,,,data unavailable: TWSE MI_MARGN total 20170228: missing tables (keys=stat; stat='很抱歉，沒有符合條件的資料')
2017-03-01,171.54232178077686,157.3123103366131,239880007.04,219981155.2,19898851.840000004,139837216.0,168.6116652835323,168.6109890973498,102168987.47999999,102168577.75,409.72999998927116,60594258.0,170.65632841676353,160.72811645839616,342048994.52,322149732.95,19899261.569999993,200431474.0,ok
2017-03-02,171.73334775935987,157.36941421595313,240723060.83999997,220588764.89,20134295.949999988,140172578.0,168.03772865903903,168.03705562159058,101968009.24000001,101967600.83000001,408.4099999964237,60681616.0,170.61683565342926,160.59229797312574,342691070.08,322556365.72,20134704.359999955,200854194.0,ok
2017-03-03,170.47340165068402,156.099306501654,240124957.0,219877933.44,20247023.560000002,140857726.0,168.38388530279892,168.38317458244975,102448958.68,102448526.26,432.42000000178814,60842496.0,169.84310293917278,159.80471241127339,342573915.68,322326459.7,20247455.98000002,201700222.0,ok
2017-03-06,171.39707179280526,156.99414614248948,241991677.79999998,221656510.42,20335167.379999995,141187755.0,169.1170689600296,169.11641449887108,103398808.46000001,103398408.32000001,400.14000000059605,61140374.0,170.70809084583587,160.65730471910803,345390486.26,325054918.74,20335567.51999998,202328129.0,ok
2017-03-07,171.88707301482776,157.5763537130426,243065114.61,222828359.35999998,20236755.25000003,141409770.0,169.6833493475755,169.68273233722044,103810365.89000002,103809988.41,377.4800000190735,61178876.0,171.22157995961928,161.23230705140307,346875480.5,326638347.77,20237132.73000002,202588646.0,ok
2017-03-08,172.0373739979575,157.69189091967283,243793828.94,223464872.7,20328956.24000001,141709806.0,169.27540344326496,169.2745367261684,103988944.22,103988411.78,532.4399999976158,61431810.0,171.20212982848378,161.19458480629595,347782773.15999997,327453284.48,20329488.679999948,203141616.0,ok
2017-03-09,170.51764953229758,156.27999366556676,242477064.47,222231037.10000002,20246027.369999975,142200567.0,168.40203460726178,168.40127225754586,103842253.49000001,103841783.4,470.0900000035763,61663301.0,169.8777332921006,159.94635228838098,346319317.96000004,326072820.5,20246497.46000004,203863868.0,ok
2017-03-10,169.86903351645816,155.63390218446344,241234551.17000002,221018944.79000002,20215606.379999995,142012082.0,167.16175834394528,167.1610936461993,103018466.82000001,103018057.18,409.64000000059605,61628011.0,169.04972538487303,159.12239932536272,344253017.99,324037001.97,20216016.01999998,203640093.0,ok
2017-03-13,170.55741584048744,156.18749547585728,241370337.47,221034238.26999998,20336099.200000018,141518524.0,168.5826567501915,168.58199185094412,104319035.66,104318624.22,411.4399999976158,61880052.0,169.95663388026864,159.95827939818025,345689373.13,325352862.49,20336510.639999986,203398576.0,ok
2017-03-14,171.46966903430643,157.10059341600365,242715503.42000002,222376061.21999997,20339442.200000048,141550109.0,169.39950379492475,169.3987832621899,105316799.71,105316351.75,447.9599999934435,62170666.0,170.83790454360877,160.85370427733744,348032303.13,327692412.96999997,20339890.160000026,203720775.0,ok
2017-03-15,171.32628911317164,156.9627424663633,243344637.94,222943261.85000002,20401376.089999974,142035784.0,169.28433265514346,169.28355082737795,105442768.78999999,105442281.81,486.97999998927116,62287376.0,170.70380407683595,160.71870837353924,348787406.73,328385543.66,20401863.069999993,204323160.0,ok
2017-03-16,171.87095796718177,157.44815473016962,243549311.31,223111514.04000002,20437797.26999998,141704750.0,169.6798351042453,169.67903544062858,105848368.2,105847869.36000001,498.8399999886751,62381230.0,171.2012160315961,161.18666426767777,349397679.51,328959383.40000004,20438296.109999955,204085980.0,ok
2017-03-17,173.375858600074,158.97495929852735,245983540.85999998,225551721.63,20431819.22999999,141878773.0,170.9154410520802,170.91472271171548,107497225.63,107496773.83,451.79999999701977,62894976.0,172.62015674186833,162.6421829391813,353480766.49,333048495.46,20432271.03000003,204773749.0,ok
2017-03-20,173.4169462811048,159.15699433166793,246932732.17000002,226627629.52,20305102.650000006,142392504.0,170.96017929262507,170.95946089214397,108137476.4,108137021.99000001,454.4099999964237,63253020.0,172.66128708446874,162.78722969433557,355070208.57000005,334764651.51,20305557.060000062,205645524.0,ok
2017-03-21,173.3296810982302,159.01345641859973,246338047.67000002,225991671.82,20346375.850000024,142121099.0,169.99367903218234,169.99290484820025,107812740.03999999,107812249.04,490.99999998509884,63421617.0,172.3003347440442,162.4012406550082,354150787.71000004,333803920.86,20346866.850000024,205542716.0,ok
2017-03-22,173.20685222862016,158.9920280325432,247626626.03,227304283.64000002,20322342.389999986,142965837.0,170.3630364166475,170.36227777970905,108404092.13,108403609.4,482.72999998927116,63631228.0,172.3309661538512,162.49402818960667,356030718.15999997,335707893.04,20322825.119999945,206597065.0,ok
2017-03-23,173.31110670860468,159.15854627127484,249329680.49,228969454.07999998,20360226.410000026,143862494.0,170.25118811184515,170.25052715724937,109001731.34,109001308.16999999,423.1700000166893,64024065.0,172.3687253056125,162.57460986210273,358331411.83000004,337970762.25,20360649.580000043,207886559.0,ok
2017-03-24,172.66707798670024,158.3917772875071,248844532.84,228271238.99,20573293.849999994,144118112.0,169.49663875519744,169.49598229408926,108980014.8,108979592.72,422.07999999821186,64296269.0,171.68899090509498,161.8174475733515,357824547.64,337250831.71000004,20573715.929999948,208414381.0,ok
2017-03-27,170.77243181920264,156.2897013632696,244544865.48,223805702.06,20739163.419999987,143199264.0,167.1254400019628,167.12483600035029,107078975.75999999,107078588.77,386.9899999946356,64071021.0,169.64508021012276,159.6390388665698,351623841.24,330884290.83,20739550.410000026,207270285.0,ok
2017-03-28,169.87096200340648,155.4064658264459,241713268.29,221131406.6,20581861.689999998,142292282.0,164.69248509116093,164.69191740078227,104607755.4,104607394.82000001,360.57999999821186,63517018.0,168.27277663837347,158.27214874157778,346321023.69,325738801.42,20582222.26999998,205809300.0,ok
2017-03-29,171.07069500373345,156.65778576746555,244486253.43,223887996.2,20598257.23000002,142915333.0,165.91411660236844,165.91343360204456,105584973.04,105584538.39,434.65000000596046,63638330.0,169.48197450751576,159.5094126169043,350071226.47,329472534.59,20598691.880000055,206553663.0,ok
2017-03-30,171.590099075905,157.26943388340095,246069991.29000002,225533340.41000003,20536650.879999995,143405705.0,166.7337028840486,166.73301769686543,106524680.51,106524242.75,437.7600000053644,63889111.0,170.09333788646214,160.1861491606235,352594671.8,332057583.16,20537088.639999986,207294816.0,ok
2017-03-31,171.32360539754862,157.09024294049726,245750141.39999998,225333510.38000003,20416631.01999995,143442079.0,166.3961163288708,166.39553312712,106265513.5,106265141.05000001,372.44999998807907,63862977.0,169.8056292944442,159.9568567348401,352015654.9,331598651.43000007,20417003.46999991,207305056.0,ok
2017-04-03,,,,,,,,,,,,,,,,,,,data unavailable: TWSE MI_MARGN total 20170403: missing tables (keys=stat; stat='很抱歉，沒有符合條件的資料')
2017-04-04,,,,,,,,,,,,,,,,,,,data unavailable: TWSE MI_MARGN total 20170404: missing tables (keys=stat; stat='很抱歉，沒有符合條件的資料')
2017-04-05,171.95279867132325,157.83506127326459,247854493.84999996,227505045.14,20349448.70999998,144141006.0,167.77203892779568,167.77143406388763,107495343.7,107494956.15,387.54999999701977,64072264.0,170.66627768249353,160.89272373946193,355349837.54999995,335000001.28999996,20349836.25999999,208213270.0,ok
2017-04-06,171.26654096042031,157.15888595721552,247378160.75,227001000.52000004,20377160.22999996,144440449.0,167.58354939209792,167.58300940292378,108012866.41,108012518.37,348.03999999165535,64453144.0,170.13017108667376,160.37520063623973,355391027.15999997,335013518.89000005,20377508.26999992,208893593.0,ok
2017-04-07,171.61524901321897,157.67721475684021,248044716.26,227899328.41,20145387.849999994,144535359.0,167.72475047550012,167.72420850637803,108018417.50999999,108018068.47,349.03999999165535,64402193.0,170.41605511392225,160.7740655830025,356063133.77,335917396.88,20145736.889999986,208937552.0,ok
2017-04-10,171.6159987308034,157.77766833238866,249511827.82000002,229392333.5,20119494.320000023,145389608.0,167.4791765565718,167.47888027446055,108446911.93,108446720.08,191.8500000089407,64752475.0,170.34129225320376,160.76696716668596,357958739.75,337839053.58,20119686.170000017,210142083.0,ok
2017-04-11,169.11139103324982,155.31345762765753,244885020.39999998,224904656.07999998,19980364.319999993,144806934.0,164.18949671127567,164.18895471067287,105299272.28999999,105298924.69,347.59999999403954,64132770.0,167.60064553838936,158.03773741825535,350184292.68999994,330203580.77,19980711.919999957,208939704.0,ok
2017-04-12,169.02584910090678,155.20779979946752,243979873.4,224034250.07,19945623.330000013,144344711.0,164.06935802846385,164.06881295078958,104604143.58000001,104603796.06,347.52000001072884,63756051.0,167.50732367813242,157.92255778957696,348584016.98,328638046.13,19945970.850000024,208100762.0,ok
2017-04-13,168.87968350813767,155.1038091118736,244640330.53,224684499.27999997,19955831.25000003,144860723.0,162.9307552794077,162.93021267044682,103921440.96,103921094.87,346.0899999886751,63782581.0,167.06108694003427,157.4963527945282,348561771.49,328605594.15,19956177.340000033,208643304.0,ok
2017-04-14,166.21666840238478,152.39324023964343,237538826.31,217783882.76,19754943.550000012,142909149.0,158.51032147822048,158.5098481519101,99608470.91999999,99608173.47999999,297.4399999976158,62840369.0,163.86298277014677,154.26138506919855,337147297.23,317392056.24,19755240.99000001,205749518.0,ok
2017-04-17,165.46751199760627,151.68577551644918,235820320.26000002,216178920.73999998,19641399.52000004,142517596.0,159.22098184791577,159.22050765802382,99701589.9,99701292.97,296.93000000715256,62618374.0,163.5607398156452,153.9857752445853,335521910.16,315880213.71,19641696.450000048,205135970.0,ok
2017-04-18,167.3283483824513,153.5538289490471,238665163.70999998,219018176.41,19646987.299999982,142632833.0,162.0227575176524,162.02228284479102,101462014.35,101461717.1,297.25,62622076.0,165.7096435437751,156.13750485743557,340127178.05999994,320479893.51,19647284.549999952,205254909.0,ok
2017-04-19,165.72515518169246,152.06011286139565,237050706.49,217504440.67000002,19546265.819999993,143038458.0,161.9715961128284,161.97105549096167,101960680.81,101960340.49,340.3200000077486,62949729.0,164.5780722852811,155.08888437374324,339011387.3,319464781.16,19546606.139999986,205988187.0,ok
2017-04-20,165.29549519638311,151.61673256826495,235844280.34,216327366.56,19516913.78,142680404.0,159.97025846094198,159.96972042035935,101002597.68,101002257.97,339.71000000834465,63138360.0,163.66188945727026,154.17915177549116,336846878.02,317329624.53,19517253.49000001,205818764.0,ok
2017-04-21,166.55668885400794,152.94895425840983,237559768.67,218151059.81,19408708.859999985,142629978.0,161.14775558240007,161.1470738528439,101899021.17,101898590.09,431.07999999821186,63233286.0,164.89527234932015,155.46710164859718,339458789.84,320049649.9,19409139.939999998,205863264.0,ok
2017-04-24,165.89437030467866,152.402591082437,236447338.21,217217660.44,19229677.77000001,142528850.0,159.21597223381212,159.21523433149454,100455274.94,100454809.37,465.56999999284744,63093717.0,163.8451547733085,154.49299872323837,336902613.15,317672469.81,19230143.339999974,205622567.0,ok
2017-04-25,168.06562149115862,154.54673460187294,239146003.01999998,219909542.07,19236460.949999988,142293231.0,160.73796113084376,160.73721880916813,101294655.25,101294187.45,467.79999999701977,63018502.0,165.81646518467602,156.44684540264439,340440658.27,321203729.52,19236928.75,205311733.0,ok
2017-04-26,169.4154674361248,155.92811352469855,241708737.26,222466035.68,19242701.579999983,142672178.0,162.44532733806008,162.4445938620867,102497832.54,102497369.74000001,462.79999999701977,63096818.0,167.27815000856592,157.9263211353765,344206569.8,324963405.42,19243164.379999995,205768996.0,ok
2017-04-27,169.5164318386198,156.0526175105294,242548704.57000002,223284314.16,19264390.410000026,143082710.0,162.97192256265296,162.9713113986994,102916759.32,102916373.37,385.94999998807907,63149994.0,167.51245422743426,158.17117324418146,345465463.89,326200687.53,19264776.360000014,206232704.0,ok
2017-04-28,168.9314773943309,155.4849021692249,241982451.97,222721179.33,19261272.639999986,143242962.0,163.467840347438,163.4672719062183,103344788.78,103344429.41,359.3700000047684,63220257.0,167.25847946311444,157.92915092542466,345327240.75,326065608.74,19261632.00999999,206463219.0,ok
2017-05-01,,,,,,,,,,,,,,,,,,,data unavailable: TWSE MI_MARGN total 20170501: missing tables (keys=stat; stat='很抱歉，沒有符合條件的資料')
2017-05-02,169.70976617823746,156.2636989741698,243015483.89,223761420.89999998,19254062.99000001,143194755.0,163.30462934804103,163.30406342784028,103283100.44,103282742.52000001,357.919999986887,63245666.0,167.74747050627258,158.4206047613127,346298584.33,327044163.41999996,19254420.910000026,206440421.0,ok
2017-05-03,168.55295799954757,155.01799376440246,240846258.84,221506073.19,19340185.650000006,142890556.0,162.76976018652886,162.7691342781526,103345322.00999999,103344924.61000001,397.39999997615814,63491721.0,166.77380725380795,157.4025650468039,344191580.85,324850997.8,19340583.050000012,206382277.0,ok
2017-05-04,169.1915133189527,155.57514997372635,242588959.14,223065642.95,19523316.189999998,143381281.0,163.9014702791608,163.90084537885392,104562214.84,104561816.17999999,398.6600000113249,63795776.0,167.56255688099674,158.13887110579043,347151173.98,327627459.13,19523714.850000024,207177057.0,ok
2017-05-05,167.64676305293108,153.98480782634368,240172209.6,220599973.82,19572235.78,143260869.0,162.28931905210476,162.28863654379754,103837743.78999999,103837307.1,436.6899999976158,63983104.0,165.99274198917234,156.54847580054835,344009953.39,324437280.91999996,19572672.47000003,207243973.0,ok
2017-05-08,166.15511024171036,152.4756691578468,236548816.25,217073907.58999997,19474908.660000026,142366260.0,161.8773725690508,161.87669208703818,103592362.66,103591927.19,435.4699999988079,63994344.0,164.8285439744109,155.39101386813152,340141178.90999997,320665834.78,19475344.129999995,206360604.0,ok
2017-05-09,165.03493466136848,151.25230164204865,233231274.39000002,213753331.31,19477943.080000013,141322366.0,158.71315151158697,158.71246710074328,100330445.72,100330013.07,432.65000000596046,63214954.0,163.08110427476024,153.55796408205603,333561720.11,314083344.38,19478375.73000002,204537320.0,ok
2017-05-10,167.2303688576574,153.5314563263552,236751349.37,217357527.25,19393822.120000005,141571983.0,161.63048122317775,161.62979582923487,102466707.1,102466272.59,434.50999999046326,63395658.0,165.4983463804416,156.03623980821442,339218056.47,319823799.84000003,19394256.629999995,204967641.0,ok
2017-05-11,166.77038184702167,153.16365949487562,236047115.32999998,216788134.66,19258980.669999987,141540190.0,161.02850068658375,161.02781769088534,102323293.47999999,102322859.48,433.99999998509884,63543592.0,164.99130526566938,155.60030687360737,338370408.80999994,319110994.14,19259414.669999957,205083782.0,ok
2017-05-12,166.95189323769554,153.40188292564812,235604757.24,216482800.44,19121956.800000012,141121345.0,161.19899329975212,161.1981863657693,102550524.53999999,102550011.19,513.3499999940395,63617348.0,165.16432571932066,155.82438617501577,338155281.78,319032811.63,19122470.149999976,204738693.0,ok
2017-05-15,168.17911252618728,154.6840821776368,238031082.57,218930989.61,19100092.95999998,141534272.0,162.67086352254225,162.6699305928271,103723129.73,103722534.87,594.859999999404,63762574.0,166.46832085282014,157.16438453223972,341754212.3,322653524.48,19100687.819999993,205296846.0,ok
2017-05-16,167.3421978332929,153.92750756920475,237394983.67000002,218364636.17000002,19030347.5,141861997.0,161.7130983013835,161.71216574154778,102868942.56,102868349.34,593.2199999988079,63612004.0,165.59950386618502,156.3375336765842,340263926.23,321232985.51,19030940.72000003,205474001.0,ok
2017-05-17,167.39129717993836,153.95191358898836,238311740.73,219178351.17,19133389.560000002,142368059.0,161.93017513991325,161.9256667619847,103300851.78999999,103297975.74,2876.0499999970198,63793454.0,165.70143842512448,156.41926672802404,341612592.52,322476326.90999997,19136265.610000014,206161513.0,ok
2017-05-18,167.73656276034893,154.22631137419197,237679450.31,218535686.6,19143763.71000001,141698057.0,162.0977055440988,162.09722154561447,103649080.6,103648771.12,309.47999998927116,63942349.0,165.98320220686588,156.6737121302902,341328530.90999997,322184457.72,19144073.189999938,205640406.0,ok
2017-05-19,167.87297358204555,154.4123365441549,238292659.25,219185527.67,19107131.580000013,141948197.0,162.7145868812073,162.71176170233642,104546574.18,104544758.96,1815.220000013709,64251507.0,166.26562831050427,156.99842451277232,342839233.43,323730286.63,19108946.800000012,206199704.0,ok
2017-05-22,168.15986544091527,154.72464094548536,238414719.8,219366445.26,19048274.54000002,141778610.0,163.60103557263065,163.5981710595424,105326716.44,105324872.25999999,1844.1800000071526,64380226.0,166.73621315944956,157.49570759120894,343741436.24,324691317.52,19050118.72000003,206158836.0,ok
2017-05-23,168.56378307947074,155.41908885897794,238191047.79,219616782.12,18574265.669999987,141306183.0,163.74198228225202,163.73903808378805,105303913.01,105302019.57,1893.440000012517,64310882.0,167.05566768011207,158.02132069631477,343494960.8,324918801.69,18576159.110000014,205617065.0,ok
2017-05-24,169.31509540496128,156.208643556029,239478690.19,220940969.65,18537720.53999999,141439657.0,164.7345975884084,164.73166456698902,106083138.87,106081250.11,1888.7600000053644,64396393.0,167.88207365036396,158.87509489226983,345561829.06,327022219.76,18539609.300000012,205836050.0,ok
2017-05-25,170.08059460263567,157.56711203912667,239583170.68,221956116.66,17627054.02000001,140864495.0,165.32450149725275,165.3216321975258,106637280.96,106635430.21000001,1850.7499999850988,64501801.0,168.586792664362,160.00266512573222,346220451.64,328591546.87,17628904.76999998,205366296.0,ok
2017-05-26,169.4258587437393,157.16167580561603,238611106.39,221338830.0,17272276.389999986,140835117.0,164.66287486572764,164.6600087648732,106456605.24,106454752.27,1852.969999998808,64651249.0,167.92730259777917,159.5208425020276,345067711.63,327793582.27,17274129.360000014,205486366.0,ok
2017-05-29,,,,,,,,,,,,,,,,,,,data unavailable: TWSE MI_MARGN total 20170529: missing tables (keys=stat; stat='很抱歉，沒有符合條件的資料')
2017-05-30,,,,,,,,,,,,,,,,,,,data unavailable: TWSE MI_MARGN total 20170530: missing tables (keys=stat; stat='很抱歉，沒有符合條件的資料')
2017-05-31,168.5403654081703,156.38026268682214,237594167.73999998,220451867.86,17142299.879999965,140971670.0,163.94584646672962,163.9429772264261,105577082.22,105575234.5,1847.719999998808,64397534.0,167.09966405673947,158.7516998702493,343171249.96,326027102.36,17144147.599999964,205369204.0,ok
2017-06-01,169.5978001571277,157.4254208253644,239804210.41,222592974.11,17211236.299999982,141395826.0,165.06263244874586,165.0598163779457,106191922.16,106190110.46000001,1811.699999988079,64334320.0,168.17959803032463,159.8127892107752,345996132.57,328783084.57000005,17213047.99999994,205730146.0,ok
2017-06-02,170.7007935323483,158.62127861668,241648906.59,224548801.13,17100105.46000001,141562849.0,166.39205245578685,166.3916484377831,107355157.22,107354896.55,260.67000000178814,64519402.0,169.35183021171483,161.05399473727604,349004063.81,331903697.68,17100366.129999995,206082251.0,ok
2017-06-05,172.30778259287402,160.24631751386679,245366387.51999998,228190853.89000002,17175533.629999965,142400061.0,168.81464086865316,168.8142332869176,109519057.04,109518792.61999999,264.4200000166893,64875331.0,171.21446069198606,162.92799798926444,354885444.56,337709646.51,17175798.050000012,207275392.0,ok
2017-06-06,172.54690811735293,160.40600252908152,246482373.07999998,229139151.73,17343221.349999994,142849487.0,168.47035102998552,168.46998138478983,109483223.89999999,109482983.68,240.21999998390675,64986642.0,171.2722415937606,162.92746455550082,355965596.97999996,338622135.40999997,17343461.569999993,207836129.0,ok
2017-06-07,172.12428595653995,160.1215031981924,245319128.19,228212232.51999998,17106895.670000017,142524413.0,167.9301331013068,167.9297634977591,109462498.17,109462257.25,240.92000000178814,65183357.0,170.8080667179663,162.57191041529163,354781626.36,337674489.77,17107136.590000033,207707770.0,ok
2017-06-08,172.19860705858449,160.04852385763456,245310879.34,228002100.57000002,17308778.76999998,142458109.0,168.53880132123086,168.53843110064088,109840033.44,109839792.16,241.2800000011921,65171956.0,171.04984905726442,162.71337810831972,355150912.78,337841892.73,17309020.049999952,207630065.0,ok
2017-06-09,171.79945260925317,159.7838237976291,244821183.0,227698424.95,17122758.050000012,142504053.0,167.58297651151787,167.5826069786457,109152797.1,109152556.41,240.6899999976158,65133583.0,170.47679164484418,162.23021406388966,353973980.1,336850981.36,17122998.74000001,207637636.0,ok
2017-06-12,171.26991165639524,158.89390020530442,244797220.25,227108105.02999997,17689115.22000003,142930663.0,166.69819694929222,166.69782943063004,108427701.99,108427462.94,239.04999999701977,65044316.0,169.84010477529608,161.33458437324808,353224922.24,335535567.96999997,17689354.27000004,207974979.0,ok
2017-06-13,170.95347182325028,158.459203572082,245367158.95,227434308.15,17932850.799999982,143528620.0,165.69804583864297,165.69736673179958,107730703.78,107730262.25,441.5300000011921,65016279.0,169.31503212169196,160.7157844699908,353097862.73,335164570.4,17933292.330000043,208544899.0,ok
2017-06-14,168.71286227908934,156.07375237347557,240313455.46999997,222310393.14,18003062.329999983,142439321.0,162.45863341749686,162.45788582294045,104440626.44999999,104440145.84,480.6099999845028,64287520.0,166.76793407780076,158.0590780565355,344754081.91999996,326750538.98,18003542.939999938,206726841.0,ok
2017-06-15,169.0560281931786,156.18576026994367,241030526.57,222680826.25,18349700.319999993,142574346.0,162.96338512438234,162.96115686090997,104837864.03,104836430.54,1433.4899999946356,64332159.0,167.16168039279384,158.29239239723276,345868390.6,327517256.79,18351133.810000002,206906505.0,ok
2017-06-16,170.6008728827896,157.63563549257256,243821187.76,225291390.54000002,18529797.21999997,142919074.0,163.9424461429669,163.9380412595649,105533718.35,105530882.82,2835.530000001192,64372419.0,168.53316122818413,159.59278819029973,349354906.11,330822273.36,18532632.75,207291493.0,ok
2017-06-19,171.73892992757428,158.70673785941963,245994743.82000002,227327742.98,18667000.840000033,143237613.0,164.95408261561823,164.9495880820924,106406976.25999999,106404076.97,2899.2899999916553,64507028.0,169.63215916602155,160.64521247987332,352401720.08000004,333731819.95,18669900.130000055,207744641.0,ok
2017-06-20,171.3994165059123,158.4046745540347,246246029.72,227576750.22000003,18669279.49999997,143667951.0,164.7725843814287,164.76789119914574,106399001.31,106395970.77,3030.5400000065565,64573243.0,169.34451068792853,160.37783618835763,352645031.03,333972720.99,18672310.03999996,208241194.0,ok
2017-06-21,172.67457815021635,159.77537564876266,249124292.95,230514114.56,18610178.389999986,144273868.0,165.46799364313108,165.46322393440065,106985580.0,106982496.08000001,3083.919999986887,64656359.0,170.44440053664422,161.53555925634447,356109872.95,337496610.64,18613262.310000002,208930227.0,ok
2017-06-22,173.2792108007978,160.64704059187684,249532767.01,231341661.62,18191105.389999986,144006177.0,166.59044148497674,166.58532087343596,107886961.87,107883645.67000002,3316.199999988079,64761796.0,171.204291416864,162.48915119274545,357419728.88,339225307.29,18194421.589999974,208767973.0,ok
2017-06-23,172.66478216080432,159.70185109557698,249432414.54000002,230706098.99,18726315.550000012,144460504.0,165.9872889880727,165.98217035415158,107363418.56,107360107.74,3310.8200000077486,64681711.0,170.5996243273985,161.64417438631412,356795833.1,338066206.73,18729626.370000005,209142215.0,ok
2017-06-26,174.16095181934259,161.08572042171772,251558470.67000002,232672577.02,18885893.650000006,144440225.0,166.41861154094798,166.4135278652207,107616267.66,107612980.25,3287.4099999964237,64666005.0,171.76663666596642,162.73334241165364,359174738.33000004,340285557.27,18889181.060000062,209106230.0,ok
2017-06-27,174.0355781759536,160.993819663808,252142152.2,233247296.94,18894855.25999999,144879659.0,166.04547880874313,166.04057704508344,107604487.35,107601310.8,3176.5499999970198,64804226.0,171.56618380568443,162.55355424190086,359746639.54999995,340848607.74,18898031.809999943,209683885.0,ok
2017-06-28,173.15551747842528,160.01623679904512,251148992.74,232091459.05,19057533.689999998,145042443.0,164.99744420292717,164.9902334750953,106962469.11,106957794.63,4674.480000004172,64826743.0,170.63556050100658,161.55266056065992,358111461.85,339049253.68,19062208.170000017,209869186.0,ok
2017-06-29,172.68519600250323,159.35622837716159,250900235.74,231534122.16,19366113.580000013,145293425.0,163.8540658230036,163.84686680984044,106107319.86,106102657.98,4661.879999995232,64757209.0,169.96261748964776,160.74066224432343,357007555.6,337636780.14,19370775.46000004,210050634.0,ok
2017-06-30,172.74783054983016,159.5250976039373,251987502.27,232699483.20999998,19288019.060000032,145870140.0,163.883126627518,163.87585203429816,106103080.47,106098370.66999999,4709.800000011921,64743139.0,170.02279459311777,160.86253226227012,358090582.74,338797853.88,19292728.860000014,210613279.0,ok
2017-07-03,172.10693674925633,158.91195154283727,251792345.2,232488089.76,19304255.439999998,146299940.0,164.02343689440048,164.0161037241398,106094954.92,106090211.61999999,4743.300000011921,64682802.0,169.6287083613692,160.47677557437376,357887300.12,338578301.38,19308998.74000001,210982742.0,ok
2017-07-04,171.49962041949308,158.33614323001584,251298702.5,232010235.68,19288466.819999993,146530180.0,163.17252904597808,163.1652293905291,105358322.02,105353608.72999999,4713.2900000065565,64568664.0,168.9526184804688,159.8132126246982,356657024.52,337363844.40999997,19293180.110000014,211098844.0,ok
2017-07-05,171.87859615828117,158.83790915724708,252429483.06,233277279.4,19152203.659999996,146864990.0,163.4975806923938,163.49023151376875,105688861.47,105684110.78,4750.689999997616,64642462.0,169.31712861351096,160.25978610909652,358118344.53,338961390.18,19156954.349999964,211507452.0,ok
2017-07-06,172.31132100584486,159.41289878998515,252257114.12,233374322.52,18882791.599999994,146396135.0,163.83672483460472,163.8293724391651,105890947.07999998,105886195.08000001,4751.999999970198,64631997.0,169.7157899307946,160.76554077633594,358148061.2,339260517.6,18887543.599999964,211028132.0,ok
2017-07-07,171.03953965530408,158.20805758309362,250232076.29,231459525.76,18772550.53,146300719.0,162.60821786637717,162.60122533540218,104916892.17,104912380.5,4511.670000001788,64521273.0,168.45916552197266,159.55256995200006,355148968.46,336371906.26,18777062.199999988,210821992.0,ok
2017-07-10,170.23379550116076,157.37438033413292,248017063.9,229281921.54,18735142.360000014,145692025.0,162.29763623234513,162.29068417001486,104026669.44999999,104022213.44,4456.009999990463,64096232.0,167.80907491404537,158.87644987679172,352043733.35,333304134.98,18739598.370000005,209788257.0,ok
2017-07-11,170.80931090391223,158.24375345016796,247348927.25,229152746.14,18196181.110000014,144809979.0,162.51086360831707,162.50627305044054,103929175.00999999,103926239.25,2935.7599999904633,63952140.0,168.26716644890925,159.54953273395353,351278102.26,333078985.39,18199116.870000005,208762119.0,ok
2017-07-12,172.214193684666,159.6137796574842,249134319.43,230905882.47000003,18228436.95999998,144665381.0,163.84789180989003,163.84523703901098,104395853.03,104394161.53999999,1691.4900000095367,63715103.0,169.6560856725911,160.90760400095817,353530172.46000004,335300044.01,18230128.450000048,208380484.0,ok
2017-07-13,171.6249135299933,158.8011650732582,249401426.74,230766246.71,18635180.03,145317729.0,164.68875941555876,164.6861046995815,105000781.97,104999089.4,1692.5699999928474,63757103.0,169.50974219125524,160.59576989639768,354402208.71000004,335765336.11,18636872.600000024,209074832.0,ok
2017-07-14,172.40698386216894,159.75971948957252,250820280.02000004,232420849.08999997,18399430.930000067,145481508.0,165.5265370224309,165.52396655389973,105683274.55,105681633.39,1641.1599999964237,63846726.0,170.3083945044891,161.5178593060695,356503554.57000005,338102482.47999996,18401072.090000093,209328234.0,ok
2017-07-17,172.224954558814,160.05611196537214,249746196.65000004,232099960.87,17646235.78000003,145011620.0,166.21018387457693,166.20761987352125,106515143.13,106513500.0,1643.1299999952316,64084607.0,170.38152476084613,161.94144950783834,356261339.78000003,338613460.87,17647878.910000026,209096227.0,ok
2017-07-18,173.2015455763935,160.53982368855776,252427178.32,233973747.56,18453430.75999999,145741874.0,166.8843176776792,166.88179077188877,107052322.95,107050702.0,1620.9500000029802,64147623.0,171.27083842122886,162.47809177416818,359479501.27,341024449.56,18455051.70999998,209889497.0,ok
2017-07-19,173.2557973710343,160.71819548705517,251370093.29,233179774.68,18190318.609999985,145086108.0,167.08792667081295,167.08521722471184,107693224.82,107691478.5,1746.3199999928474,64453026.0,171.3585960081328,162.67665455752052,359063318.11,340871253.18,18192064.930000007,209539134.0,ok
2017-07-20,172.76760782198704,160.13997930740211,250965001.76999998,232621905.79,18343095.97999999,145261606.0,167.52504161195023,167.52226248211136,108560076.69,108558275.75,1800.9399999976158,64802298.0,171.15033645190178,162.41732874773191,359525078.46,341180181.53999996,18344896.920000017,210063904.0,ok
2017-07-21,172.18584140402072,159.57487322696352,251095055.16,232704740.81,18390314.349999994,145827934.0,167.14331975893586,167.14054125169966,108481958.14,108480154.78999999,1803.3500000089407,64903556.0,170.6327864430703,161.90503640438362,359577013.3,341184895.6,18392117.699999988,210731490.0,ok
2017-07-24,172.34508921621122,159.7434078942796,251952871.5,233530357.64,18422513.860000014,146190920.0,166.85550046760923,166.85284629135055,108311198.00999999,108309475.1,1722.9099999964237,64913172.0,170.65707542514144,161.9295151985969,360264069.51,341839832.74,18424236.76999998,211104092.0,ok
2017-07-25,173.42032583005252,160.78628299962568,253434740.37,234971475.76,18463264.610000014,146139006.0,168.16882069227782,168.16609834167448,109547073.47,109545300.1,1773.3700000047684,65141132.0,171.80120065995038,163.0616011146301,362981813.84000003,344516775.86,18465037.98000002,211280138.0,ok
2017-07-26,172.77793270474461,160.01924189101766,252860437.13,234188098.10000002,18672339.02999997,146349961.0,168.37118962364747,168.36873214850914,110397121.55,110395510.24,1611.3100000023842,65567703.0,171.4144785401183,162.6025890602494,363257558.68,344583608.34000003,18673950.339999974,211917664.0,ok
2017-07-27,173.51535625455443,160.63174327337333,254864985.84,235941117.01999998,18923868.820000023,146883245.0,168.82520774147355,168.82277903902903,111630142.97,111628537.07,1605.9000000059605,66121727.0,172.05942442038395,163.17443242123005,366495128.81,347569654.09,18925474.72000003,213004972.0,ok
2017-07-28,172.50373495729303,159.68643251537372,253198427.39,234385380.69,18813046.699999988,146778519.0,166.61306216544682,166.6105592611308,110412167.03999999,110410508.4,1658.6399999856949,66268614.0,170.6714327998021,161.84019199638797,363610594.42999995,344795889.09000003,18814705.339999914,213047133.0,ok
2017-07-31,172.91614670256737,160.0579320931214,254266916.87,235359379.04000002,18907537.829999983,147046370.0,167.08678947127783,167.08601429970977,111168953.07,111168437.32,515.75,66533658.0,171.10020696317167,162.2472941898856,365435869.94,346527816.36,18908053.579999983,213580028.0,ok
2017-08-01,173.56817925654045,160.97308208855696,256474233.32,237862999.95,18611233.370000005,147765699.0,167.70829072729757,167.70752129144574,112316162.56,112315647.26,515.2999999970198,66971145.0,171.74062401699447,163.073388193225,368790395.88,350178647.21,18611748.670000017,214736844.0,ok
2017-08-02,174.16067518973938,161.74278591644784,257463121.16,239105655.98000002,18357465.179999977,147830801.0,168.102617930333,168.10176868669117,113168499.58,113167927.86,571.7199999988079,67321081.0,172.26510746487452,163.73251331354842,370631620.74,352273583.84000003,18358036.899999976,215151882.0,ok
2017-08-03,173.3290859193649,160.7108350254964,257960936.29000002,239181538.72000003,18779397.569999993,148827264.0,167.33911581181172,167.33826703439442,112623719.66999999,112623148.41999999,571.25,67302686.0,171.46381422843064,162.77461182034233,370584655.96000004,351804687.14,18779968.820000052,216129950.0,ok
2017-08-04,174.3528072187892,161.62627591121185,260971773.52,241922665.57,19049107.950000018,149680282.0,167.77058474394627,167.76973563311708,113699625.14999999,113699049.7,575.4499999880791,67770894.0,172.3013899313196,163.5409482770514,374671398.67,355621715.27,19049683.400000036,217451176.0,ok
2017-08-07,175.64231555793063,162.82583902810524,264718016.14,245401758.38,19316257.75999999,150714260.0,169.8980245333091,169.89726158157598,115958840.48,115958319.75,520.7300000041723,68252024.0,173.85181392583712,165.03000897160953,380676856.62,361360078.13,19316778.49000001,218966284.0,ok
2017-08-08,173.58882239164586,160.7165701025466,261604415.33,242205481.76,19398933.570000023,150703491.0,167.48727830013414,167.4865162435271,114326851.34,114326331.16000001,520.1799999922514,68260021.0,171.6867176801585,162.82704349389502,375931266.67,356531812.92,19399453.75,218963512.0,ok
2017-08-09,172.17636951556145,159.30669875396256,258885508.35000002,239534587.74,19350920.610000014,150360650.0,165.17614591863753,165.17539359840606,112994307.4,112993792.75,514.6500000059605,68408369.0,169.98742209928727,161.14182076667814,371879815.75,352528380.49,19351435.25999999,218769019.0,ok
2017-08-10,168.26241663970586,155.6611803524011,248865160.4,230227554.01999998,18637606.380000025,147902999.0,160.4278465540027,160.42690348202527,108349426.91999999,108348789.99000001,636.9299999773502,67537793.0,165.80638420601423,157.15517050735684,357214587.32,338576344.01,18638243.310000002,215440792.0,ok
2017-08-11,169.5350934747992,156.9080202712135,250700546.73000002,232028222.96,18672323.77000001,147875311.0,161.11036818258646,161.1091444903349,108395036.38,108394213.07999998,823.3000000119209,67279988.0,166.9006456169132,158.22172989566943,359095583.11,340422436.03999996,18673147.070000052,215155299.0,ok
2017-08-14,165.95326201019571,153.0718360687732,242649975.97,223815289.28000003,18834686.689999968,146215852.0,156.02921539136366,156.02816792962267,103206482.53999999,103205789.69,692.8499999940395,66145614.0,162.86215433735987,153.99266407870815,345856458.51,327021078.97,18835379.53999996,212361466.0,ok
2017-08-15,167.7830466211444,154.77735940176464,244752891.75,225780894.16000003,18971997.589999974,145874626.0,159.10140734373246,159.100821463102,105272726.84,105272339.17999999,387.6600000113249,66167062.0,165.0739634698626,156.12648459014343,350025618.59000003,331053233.34000003,18972385.25,212041688.0,ok
2017-08-16,168.92720470161368,155.8883561817181,247766078.46,228641957.08999997,19124121.370000035,146670324.0,160.45204153203343,160.4514556417841,106104409.55,106104022.11000001,387.43999998271465,66128426.0,166.2934993791082,157.30636538043575,353870488.01,334745979.2,19124508.810000002,212798750.0,ok
2017-08-17,171.21594735561388,158.10277532740204,252289355.7,232966893.2,19322462.5,147351552.0,163.15083253227047,163.15020546047649,108463368.49,108462951.61000001,416.87999998033047,66480426.0,168.70850074164306,159.6720228674123,360752724.19,341429844.81,19322879.379999995,213831978.0,ok
2017-08-18,170.73593908537444,157.68351951064668,252476043.09999996,233174756.76999998,19301286.329999983,147875160.0,163.139627679541,163.13904379233392,108978206.08,108977816.03999999,390.0400000065565,66800573.0,168.37219751335374,159.3811130995416,361454249.17999995,342152572.80999994,19301676.370000005,214675733.0,ok
2017-08-21,171.31662513917075,158.25401199991,254306874.85999998,234916390.58999997,19390484.27000001,148442613.0,164.62068810210468,164.6201428073363,110492847.78999999,110492481.79,365.99999998509884,67119661.0,169.23171011361663,160.23623520505262,364799722.65,345408872.38,19390850.26999998,215562274.0,ok
2017-08-22,172.89869533931522,159.93764086288016,257999476.41,238658987.67999998,19340488.73000002,149220025.0,164.11870866895967,164.11811924583319,110011465.25,110011070.14999999,395.1000000089407,67031642.0,170.17715829214853,161.2334659274557,368010941.65999997,348670057.83,19340883.829999983,216251667.0,ok
2017-08-23,173.55729545509968,160.7838955125557,259133675.35,240062059.45999998,19071615.890000015,149307279.0,165.1586170501546,165.15797069397638,110988800.48,110988366.12,434.35999999940395,67201338.0,170.9504595976427,162.14154911903574,370122475.83,351050425.58,19072050.25,216508617.0,ok
2017-08-24,174.66271767765065,162.02543543089965,261075858.89,242186370.85000002,18889488.03999996,149474291.0,166.10134743440963,166.10070068997888,111994492.93,111994056.86,436.0700000077486,67425397.0,172.00133170316042,163.29227163756917,373070351.82,354180427.71000004,18889924.109999955,216899688.0,ok
2017-08-25,174.96279492001153,162.77985971649804,262537916.45000002,244256987.49,18280928.96000001,150053568.0,166.33303099524508,166.33242585212577,112802096.58,112801686.19,410.39000000059605,67817015.0,172.27659092921232,163.8856741297654,375340013.03000003,357058673.68,18281339.350000024,217870583.0,ok
2017-08-28,176.32999417833915,163.95883818222677,266318629.57,247633950.73,18684678.840000004,151034219.0,167.28185379554552,167.28124964029638,113938400.66,113937989.16,411.5,68111632.0,173.5177866680214,164.99146036308028,380257030.23,361571939.89,18685090.340000033,219145851.0,ok
2017-08-29,175.529782638179,163.00870840910738,267571980.19,248485255.56,19086724.629999995,152436798.0,166.5748758314975,166.57423522866029,113970410.11,113969971.81,438.29999999701977,68419928.0,172.75561274959767,164.1132846323186,381542390.3,362455227.37,19087162.930000007,220856726.0,ok
2017-08-30,176.0950929960887,163.51904986216022,270882663.33,251537251.71,19345411.619999975,153827491.0,167.13759225392857,167.1369563714861,115251635.44999999,115251196.97,438.47999998927116,68956142.0,173.3225612583488,164.63886675193956,386134298.78,366788448.68,19345850.099999964,222783633.0,ok
2017-08-31,176.24410945775762,163.66419581158863,273341568.18,253831053.27999997,19510514.900000036,155092598.0,167.77421101960726,167.77380525931818,115782977.86,115782697.84,280.0199999958277,69011189.0,173.6358636545486,164.92972120993207,389124546.04,369613751.12,19510794.920000017,224103787.0,ok
2017-09-01,177.42752573834804,164.75658725778752,276977043.1,257196802.92000002,19780240.180000007,156107144.0,169.23272012705453,169.23231540788277,117378469.28,117378188.57,280.71000000834465,69359205.0,174.9065943228628,166.13343549994684,394355512.38,374574991.49,19780520.889999986,225466349.0,ok
2017-09-04,176.04677125736822,163.33393466269072,275038791.46000004,255177460.36,19861331.100000024,156230523.0,169.07902670724548,169.0786247545504,117561611.02,117561331.53999999,279.4800000041723,69530570.0,173.90082465626617,165.10320132973487,392600402.48,372738791.9,19861610.580000043,225761093.0,ok
2017-09-05,177.757743557447,165.17339920108657,279914891.25,260098340.3,19816550.949999988,157469872.0,171.93167175361316,171.93134810000882,120512852.41,120512625.55,226.85999999940395,70093457.0,175.96321227134095,167.2549648146517,400427743.65999997,380610965.85,19816777.809999943,227563329.0,ok
2017-09-06,176.79860239433862,164.2728085663566,278295255.44000006,258578646.0,19716609.440000057,157408063.0,171.01790393463247,171.01750229268828,119946993.17,119946711.47,281.70000000298023,70137097.0,175.01679605490185,166.35175077773573,398242248.6100001,378525357.47,19716891.140000045,227545160.0,ok
2017-09-07,174.30088769243653,161.77275088984433,274630205.97,254890749.47000003,19739456.5,157560991.0,168.20041987793252,168.2000179479264,116957312.55,116957033.07,279.4800000041723,69534495.0,172.43298201004313,163.7407194170297,391587518.52000004,371847782.54,19739735.98000002,227095486.0,ok
2017-09-08,176.95183810721252,164.46699516453762,282893866.2,262934279.86999997,19959586.330000013,159870544.0,170.2899924946196,170.2895837771738,117452165.0,117451883.1,281.90000000596046,68971854.0,174.94399407578308,166.22189170120475,400346031.2,380386162.96999997,19959868.23000002,228842398.0,ok
2017-09-11,175.44650681581317,162.82021012318876,282606868.15999997,262268599.65,20338268.50999996,161078652.0,169.769076836497,169.7686711270288,117258024.38,117257744.16,280.2199999988079,69069130.0,173.74266615352388,164.90549702973024,399864892.53999996,379526343.81,20338548.72999996,230147782.0,ok
2017-09-12,174.63711229368062,161.8433562305417,283170340.35,262425538.68,20744801.670000017,162147860.0,169.41750797681948,169.41704261577843,116716373.44999999,116716052.85,320.59999999403954,68892746.0,173.0807067741157,164.1017127223082,399886713.8,379141591.53,20745122.27000004,231040606.0,ok
2017-09-13,173.4372142518724,160.57035472815937,281984127.93000007,261064452.89000002,20919675.04000005,162585711.0,168.17077155200494,168.17032517574185,115725275.22,115724968.05,307.17000000178814,68814143.0,171.87106917967202,162.83044886450102,397709403.1500001,376789420.94,20919982.210000098,231399854.0,ok
2017-09-14,174.155681659134,161.35219925094864,284473215.41,263559468.73,20913746.680000037,163344206.0,170.0988912543618,170.09844361831625,117110268.09,117109959.89999999,308.190000012517,68848343.0,172.95278648239483,163.94558321076875,401583483.5,380669428.63,20914054.870000005,232192549.0,ok
2017-09-15,174.24070160089985,161.56135682060108,285056130.78999996,264312843.30999997,20743287.47999999,163599049.0,169.20904088238805,169.2084912055193,116305712.42,116305334.60000001,377.81999999284744,68734928.0,172.75210814731588,163.8237260105955,401361843.21,380618177.90999997,20743665.300000012,232333977.0,ok
2017-09-18,174.647723027538,161.90238890118877,287508873.25,266527227.51,20981645.74000001,164622171.0,169.2964458993461,169.29589881293907,117325259.17999999,117324880.03999999,379.14000000059605,69301667.0,173.06236760274086,164.09277089152408,404834132.43,383852107.54999995,20982024.880000055,233923838.0,ok
2017-09-19,172.76228233918383,160.03090091337856,284436303.65,263475321.75,20960981.899999976,164640279.0,169.25849388426337,169.25794680259324,117067935.19,117067556.8,378.39000000059605,69165176.0,171.72577895584172,162.76047902731784,401504238.84,380542878.55,20961360.28999996,233805455.0,ok
2017-09-20,171.6390760963176,158.8408815503201,283091621.15,261983015.09,21108606.059999973,164934249.0,168.80775745395792,168.80721203134647,116362342.23,116361966.25999999,375.97000001370907,68931869.0,170.80454697588985,161.77845024562302,399453963.38,378344981.35,21108982.02999997,233866118.0,ok
2017-09-21,171.74912623483863,158.98597491248307,285017029.21000004,263836627.57999998,21180401.630000055,165949624.0,171.31776986122154,171.31722481130154,118717055.64000002,118716677.94,377.7000000178814,69296405.0,171.6220616204323,162.6183902640924,403734084.85,382553305.52,21180779.330000043,235246029.0,ok
2017-09-22,170.59820200785956,157.7553437049823,281103989.17,259942109.04,21161880.130000025,164775470.0,168.61418621209356,168.6136391670205,116506809.74,116506431.75,377.9899999946356,69096683.0,170.0120317060578,160.96338788568812,397610798.91,376448540.78999996,21162258.120000064,233872153.0,ok
2017-09-25,167.66079987717586,154.87977180727984,274691227.79,253751113.61,20940114.180000007,163837479.0,164.6255570491918,164.6249863237446,112368446.72,112368057.16,389.5600000023842,68256988.0,166.76816104797533,157.74575564095633,387059674.51,366119170.77,20940503.74000001,232094467.0,ok
2017-09-26,165.78131518247164,152.80865480498153,269012458.19,247961791.20999998,21050666.98000002,162269468.0,161.035646701065,161.03505327296946,108874372.97999999,108873971.77,401.2099999934435,67608865.0,164.3855800755263,155.22809754323384,377886831.16999996,356835762.97999996,21051068.189999998,229878333.0,ok
2017-09-27,168.1213221364402,155.1657731640297,273337618.88,252274027.05,21063591.829999983,162583553.0,164.42803891767093,164.4274846464229,111056239.82,111055865.46000001,374.3599999845028,67540938.0,167.03735314291254,157.88406133182932,384393858.7,363329892.51,21063966.189999998,230124491.0,ok
2017-09-28,168.37292460790587,155.48632621387165,275206488.15999997,254143270.92,21063217.23999998,163450560.0,164.81392832902975,164.81337978947798,111806995.16,111806623.03999999,372.1200000047684,67838317.0,167.32905115882417,158.22200302351763,387013483.31999993,365949893.96,21063589.359999955,231288877.0,ok
2017-09-29,167.67894331825636,154.7626007127608,272596307.07,251598158.90999997,20998148.160000026,162570387.0,163.60669917403663,163.60619083970224,110548560.72,110548217.24,343.4800000041723,67569703.0,166.48332230599198,157.359100776401,383144867.78999996,362146376.15,20998491.639999986,230140090.0,ok
2017-10-02,171.3090264619696,158.5881197620416,279978259.85,259187894.07,20790365.78000003,163434622.0,168.83642248289746,168.83591106155552,114978285.81,114977937.53,348.2800000011921,68100404.0,170.5817700601377,161.6022586578326,394956545.66,374165831.6,20790714.060000002,231535026.0,ok
2017-10-03,171.53977219846624,158.8456881566759,281556166.96999997,260720779.35,20835387.619999975,164134628.0,168.87373323601102,168.8732198831009,115439436.1,115439085.18,350.919999986887,68358432.0,170.7558939909862,161.79401850962776,396995603.06999993,376159864.53,20835738.53999996,232493060.0,ok
2017-10-04,,,,,,,,,,,,,,,,,,,data unavailable: TWSE MI_MARGN total 20171004: missing tables (keys=stat; stat='很抱歉，沒有符合條件的資料')
2017-10-05,172.88032658773915,160.28325992139142,284759091.74,264009887.17000002,20749204.569999993,164714573.0,170.57549019347735,170.5749578867475,117014011.85999998,117013646.69999999,365.1599999964237,68599546.0,172.20265336792585,163.309248279998,401773103.6,381023533.87,20749569.73000002,233314119.0,ok
2017-10-06,172.5435665529362,160.16816988468173,284784916.54,264359198.11,20425718.430000007,165051020.0,170.0655675198421,170.0650588627211,117166898.93,117166548.48999998,350.44000002741814,68895133.0,171.81381711799298,163.082718697238,401951815.47,381525746.6,20426068.870000005,233946153.0,ok
2017-10-09,,,,,,,,,,,,,,,,,,,data unavailable: TWSE MI_MARGN total 20171009: missing tables (keys=stat; stat='很抱歉，沒有符合條件的資料')
2017-10-10,,,,,,,,,,,,,,,,,,,data unavailable: TWSE MI_MARGN total 20171010: missing tables (keys=stat; stat='很抱歉，沒有符合條件的資料')
2017-10-11,171.55970007712017,158.95288810105677,283653553.62,262809689.85,20843863.77000001,165338103.0,168.3015067251297,168.30097677852115,115167938.44999999,115167575.81,362.6399999856949,68429535.0,170.60594677779991,161.6893034869095,398821492.07,377977265.65999997,20844226.410000026,233767638.0,ok
2017-10-12,172.6106895912582,159.9593043886731,286074581.3,265106935.94000003,20967645.359999985,165733989.0,170.17402659094165,170.17349308136139,117116542.34,117116175.16999999,367.1700000166893,68821632.0,171.89574136873912,162.9562785493851,403191123.64,382223111.11,20968012.52999997,234555621.0,ok
2017-10-13,173.0326557914793,160.4127922899126,287344241.81,266387243.3,20956998.50999999,166063591.0,170.34658855973805,170.34603496197948,117396845.38,117396463.86,381.5199999958277,68916464.0,172.24486869321737,163.32607767923113,404741087.19,383783707.16,20957380.02999997,234980055.0,ok
2017-10-16,172.67896079552457,160.27178005126282,287973163.0,267281962.01999998,20691200.98000002,166767950.0,170.80075857750933,170.8002675836394,118201862.21000001,118201522.42,339.7900000065565,69204530.0,172.12813342047346,163.3595088884941,406175025.21000004,385483484.44,20691540.77000004,235972480.0,ok
2017-10-17,171.70396933649246,159.28830121232895,285694817.67,265036634.55,20658183.120000005,166388010.0,169.1958971504822,169.19540567763812,116901374.07,116901034.5,339.56999999284744,69092322.0,170.96807547392112,162.19514632330313,402596191.74,381937669.05,20658522.689999998,235480332.0,ok
2017-10-18,170.95161334876315,158.55050478652942,283441139.26,262879857.20999998,20561282.050000012,165801968.0,168.55778912355507,168.55740046578225,116611120.4,116610851.52000001,268.8799999952316,69181686.0,170.2468460465765,161.49664126424727,400052259.65999997,379490708.73,20561550.929999948,234983654.0,ok
2017-10-19,172.1128733649466,160.20099896894854,284865135.44,265149714.7,19715420.74000001,165510650.0,170.67177132240693,170.6713224716405,118669627.18,118669315.09,312.0900000035763,69530905.0,171.6865609657833,163.29837070300184,403534762.62,383819029.78999996,19715732.830000043,235041555.0,ok
2017-10-20,171.899643624491,160.05043304917126,284719427.06,265093438.45999998,19625988.600000024,165631191.0,170.36514639190833,170.3646170023583,118730181.03,118729812.09,368.9399999976158,69691591.0,171.44519738424648,163.10501146038635,403449608.09000003,383823250.54999995,19626357.54000008,235322782.0,ok
2017-10-23,172.03283962884444,160.08431007855307,285996565.39,266132692.77,19863872.619999975,166245332.0,170.46394753250806,170.4632999296991,119250543.27,119250090.22999999,453.0400000065565,69956460.0,171.56817703567634,163.15828078052854,405247108.65999997,385382783.0,19864325.659999967,236201792.0,ok
2017-10-24,173.0297566037678,161.25597014616216,288192842.95,268582799.81,19610043.139999986,166556810.0,171.6483135919507,171.64764659470387,120766796.24,120766326.96,469.2800000011921,70357112.0,172.619504897648,164.3420207150173,408959639.19,389349126.77,19610512.420000017,236913922.0,ok
2017-10-25,172.2801156320036,160.68176315303074,287494668.82,268139768.26999998,19354900.550000012,166876292.0,170.35551036867986,170.35488140364302,119981365.50999999,119980922.53,442.97999998927116,70429988.0,171.7089131943748,163.55264209611306,407476034.33,388120690.79999995,19355343.53000003,237306280.0,ok
2017-10-26,173.0596104486231,161.70671253245428,288790710.38,269845726.94,18944983.439999998,166873547.0,170.6297119176998,170.62934569088603,120266037.0,120265778.86999999,258.1300000101328,70483643.0,172.33804772461286,164.35630444142012,409056747.38,390111505.81,18945241.569999993,237357190.0,ok
2017-10-27,169.60254788461847,158.36230444909637,279707502.66,261170160.74,18537341.920000017,164919399.0,166.91530120513517,166.91497608381925,116504478.33,116504251.4,226.9299999922514,69798561.0,168.80343582996375,160.9056299483857,396211980.99,377674412.14,18537568.850000024,234717960.0,ok
2017-10-30,170.06337729949436,158.82842891584406,280038938.35,261538641.18,18500297.170000017,164667398.0,166.5970161574196,166.59669046446115,115622977.27,115622751.23,226.03999999165535,69402790.0,169.03558671897164,161.13175096437314,395661915.62,377161392.41,18500523.20999998,234070188.0,ok
2017-10-31,171.59608600970563,160.56147506193042,284999709.40999997,266672596.09,18327113.319999963,166087535.0,168.9879753137371,168.98764614461547,117712295.32,117712066.03,229.28999999165535,69657202.0,170.82544868435386,163.0512167573862,402712004.72999996,384384662.12,18327342.609999955,235744737.0,ok
2017-11-01,172.19192284365965,161.15981423717528,287154585.90999997,268756971.63,18397614.27999997,166764260.0,169.53690198164327,169.53657089425528,118337271.28,118337040.17999999,231.1000000089407,69800303.0,171.40853729220632,163.6314445836928,405491857.18999994,387094011.81,18397845.379999936,236564563.0,ok
2017-11-02,171.54818850037466,160.44442343144163,287006665.64,268429642.96,18577022.679999977,167303816.0,168.8619298957753,168.861600113952,118988168.83,118987936.45,232.37999999523163,70464769.0,170.7520926155993,162.93892627152576,405994834.46999997,387417579.41,18577255.059999943,237768585.0,ok
2017-11-03,171.4969267519089,160.47096622622064,287361394.34999996,268886221.35,18475172.99999994,167560667.0,168.01533712908392,168.01500665284067,118498728.97,118498495.89,233.07999999821186,70528519.0,170.46558482500754,162.70571702487993,405860123.31999993,387384717.24,18475406.079999924,238089186.0,ok
2017-11-06,171.50908285690232,160.4484112631221,288393865.74,269795259.85,18598605.889999986,168150783.0,168.64491486290385,168.64458631017587,119387597.2,119387364.61,232.59000000357628,70792290.0,170.66050830441944,162.87671350907922,407781462.94,389182624.46000004,18598838.47999996,238943073.0,ok
2017-11-07,171.4540565859155,160.51202906286602,287910107.90999997,269535970.90999997,18374137.0,167922599.0,168.5273880159115,168.52705934694933,119554476.73,119554243.57,233.16000001132488,70940681.0,170.58485701109018,162.89243557234917,407464584.64,389090214.47999996,18374370.160000026,238863280.0,ok
2017-11-08,171.5649489199069,160.68786125692986,289177266.15999997,270843646.77,18333619.389999986,168552649.0,169.88504820222306,169.88471905867493,121278056.36000001,121277821.38999999,234.97000002861023,71388305.0,171.06513735041662,163.42415149353786,410455322.52,392121468.15999997,18333854.360000014,239940954.0,ok
2017-11-09,168.34719526789726,157.14855975475743,282533113.03999996,263738708.13,18794404.909999967,167827633.0,166.91239321755705,166.91206431150255,118638069.30000001,118637835.52,233.78000001609325,71078047.0,167.92031999406626,160.0533497780379,401171182.34,382376543.65,18794638.689999998,238905680.0,ok
2017-11-10,168.84333519080045,157.60915399772855,284164805.44,265257580.53,18907224.909999996,168300872.0,168.63621364708638,168.6359055999334,119948781.91,119948562.8,219.10999999940395,71128721.0,168.7818044071102,160.8849342737679,404113587.35,385206143.33,18907444.02000004,239429593.0,ok
2017-11-13,166.5066128550425,155.24602385012534,279604672.79999995,260695433.99999997,18909238.799999982,167924065.0,166.93280540257433,166.93249649045836,117966986.52000001,117966768.22,218.30000001192093,70667348.0,166.63284496328455,158.70738911295183,397571659.31999993,378662202.21999997,18909457.099999964,238591413.0,ok
2017-11-14,167.02250979431625,155.64664008295892,279320951.08000004,260296457.01,19024494.070000052,167235513.0,166.32362291604323,166.32331219568934,117029133.18,117028914.55000001,218.62999999523163,70362304.0,166.81554117982492,158.808433648193,396350084.26000005,377325371.56,19024712.700000048,237597817.0,ok
2017-11-15,166.88129143153324,155.40715855755883,279965179.43,260715821.75,19249357.680000007,167763071.0,167.43921101590246,167.43890039681358,118240611.27000001,118240391.91999999,219.35000002384186,70617038.0,167.04656792484312,158.97140716132483,398205790.70000005,378956213.66999996,19249577.03000009,238380109.0,ok
2017-11-16,167.03752176024648,155.7761103167284,280642503.11,261722019.48000002,18920483.629999995,168011654.0,167.54921106072317,167.54889837917545,118539890.63000001,118539669.41000001,221.2199999988079,70749298.0,167.18914478947127,159.26460575094376,399182393.74,380261688.89000005,18920704.849999964,238760952.0,ok
2017-11-17,168.34517634978204,157.32075124702607,282257121.71000004,263772941.97,18484179.74000004,167665702.0,168.81109951910858,168.8107311161476,119857666.68,119857405.11,261.5700000077486,71001058.0,168.48378399656494,160.73890938143208,402114788.39000005,383630347.08,18484441.310000062,238666760.0,ok
2017-11-20,167.80560320770908,157.18419111360268,281656909.1,263829172.46000004,17827736.639999986,167847142.0,169.30755641632004,169.307168932522,121120043.92,121119766.72,277.20000000298023,71538475.0,168.2544498987172,160.80704597218977,402776953.02000004,384948939.18000007,17828013.839999974,239385617.0,ok
2017-11-21,169.8664282516881,159.68565500457998,286085352.36,268939114.98,17146237.379999995,168417830.0,171.47310668032014,171.47273985223364,123280097.91999999,123279834.19,263.72999998927116,71894713.0,170.3471009750831,163.21201726453373,409365450.28,392218949.17,17146501.109999955,240312543.0,ok
2017-11-22,170.43356954932108,159.9553620961072,288474767.34000003,270739420.57,17735346.77000004,169259359.0,170.0703018565725,170.06993523456134,122298533.66999999,122298270.03,263.6399999856949,71910576.0,170.32525261077836,162.97126364445057,410773301.01,393037690.6,17735610.409999967,241169935.0,ok
2017-11-23,171.10983925698596,160.5798873507752,292204756.74,274222728.07,17982028.670000017,170770283.0,171.03822631511258,171.03786811189948,124161560.69999999,124161300.67,260.02999998629093,72592872.0,171.08847781004485,163.6994017192126,416366317.44,398384028.74,17982288.699999988,243363155.0,ok
2017-11-24,171.02502716077018,159.95005205111968,294756361.61,275668983.45000005,19087378.159999967,172346917.0,172.00968061184307,172.00932386856738,125507957.44,125507697.13999999,260.30000001192093,72965636.0,171.3179019623998,163.5369554814425,420264319.05,401176680.59000003,19087638.45999998,245312553.0,ok
2017-11-27,169.96078885546538,158.827895951915,293755016.46000004,274513265.7,19241750.76000005,172836934.0,171.72192323466882,171.721567448734,125775112.5,125774851.91,260.5900000035763,73243480.0,170.48497364767928,162.66557386806087,419530128.96000004,400288117.61,19242011.350000024,246080414.0,ok
2017-11-28,169.53289368032728,158.335340660613,293955778.23,274540163.12,19415615.110000014,173391589.0,171.75996499337623,171.75963004352343,125941979.23,125941733.63,245.6000000089407,73324409.0,170.19478301524654,162.32506201320598,419897757.46000004,400481896.75,19415860.71000004,246715998.0,ok
2017-11-29,169.82360651246927,158.3677050664303,296130689.95000005,276154409.45,19976280.50000006,174375457.0,172.38750467561766,172.38712849250447,126844772.17999998,126844495.38,276.7999999821186,73581187.0,170.5844438393028,162.5279719586784,422975462.13,402998904.83,19976557.300000012,247956644.0,ok
2017-11-30,168.63243955036577,157.25485892359612,294383110.08000004,274521169.05,19861941.03000003,174570866.0,170.65721243390294,170.65683887566217,125247889.77,125247615.60999998,274.1600000113249,73391501.0,169.23172855903573,161.221555309641,419630999.85,399768784.65999997,19862215.190000057,247962367.0,ok
2017-12-01,166.70938338104244,155.12149399928995,291526734.24,271262850.59000003,20263883.649999976,174871221.0,168.1646335202543,168.1642795435228,122915524.55,122915265.82,258.7300000041723,73092375.0,167.13834832029136,158.96612356355732,414442258.79,394178116.41,20264142.379999995,247963596.0,ok
2017-12-04,167.16993880395557,155.49574575819685,293453015.99,272959934.62,20493081.370000005,175541738.0,167.83572934469265,167.8353748277843,122729645.47,122729386.23,259.2399999946356,73124862.0,167.36572642244678,159.12443442344087,416182661.46000004,395689320.85,20493340.610000014,248666600.0,ok
2017-12-05,165.43983202033297,153.6666189376754,288459958.03,267932250.1,20527707.929999977,174359436.0,164.15340761764085,164.15305481538124,119252406.19999999,119252149.9,256.2999999821186,72646927.0,165.06148233517368,156.750779735986,407712364.22999996,387184400.0,20527964.22999996,247006363.0,ok
2017-12-06,162.22836722416145,150.52923929477714,281387617.49,261095298.76,20292318.73000002,173451550.0,161.8138197487717,161.8135200250433,116888677.12,116888460.61,216.51000000536442,72236523.0,162.106483129932,153.84701208918676,398276294.61,377983759.37,20292535.24000001,245688073.0,ok
2017-12-07,161.1175539908223,149.495003197832,278206894.24,258137859.68,20069034.560000002,172673236.0,159.55534462058466,159.55504474024954,114420229.81,114420014.76,215.04999999701977,71711938.0,160.65914213355677,152.44700336854314,392627124.05,372557874.44,20069249.610000014,244385174.0,ok
2017-12-08,162.74391133474063,150.91153238340414,279305582.6,258998527.98000002,20307054.620000005,171622754.0,163.3126158593542,163.31231273541542,116491801.81,116491585.59,216.2199999988079,71330559.0,162.910881733891,154.55237425389626,395797384.41,375490113.57000005,20307270.839999974,242953313.0,ok
2017-12-11,165.94220919100394,153.96807628261377,285495224.02,264894330.64999998,20600893.370000005,172044970.0,166.0607150902212,166.06040874182025,118658006.44,118657787.54,218.8999999910593,71454592.0,165.976984574617,157.5165536396324,404153230.46,383552118.19,20601112.26999998,243499562.0,ok
2017-12-12,164.74549929186477,152.88428989481878,283517534.71,263105075.12,20412459.589999974,172094252.0,164.10130068887318,164.10099154457504,116669869.35,116669649.56,219.78999999165535,71096249.0,164.55716913877322,156.1634698388158,400187404.05999994,379774724.68,20412679.379999936,243190501.0,ok
2017-12-13,165.2106304026041,153.22654521053212,284757323.4200001,264101533.81,20655789.610000074,172360170.0,165.54984460182703,165.54953709241866,118158595.83000001,118158376.35,219.4800000190735,71373426.0,165.3099637729056,156.8351332903651,402915919.2500001,382259910.15999997,20656009.090000153,243733596.0,ok
2017-12-14,165.3571860983091,153.33437251546616,285338341.31999993,264591921.0,20746420.319999933,172558779.0,165.4488635311078,165.44855904068936,119230169.25,119229949.82,219.43000000715256,72064665.0,165.3841937447336,156.9031424559618,404568510.56999993,383821870.82,20746639.74999994,244623444.0,ok
2017-12-15,164.56824299685144,152.53470711327589,284314218.54,263524634.3,20789584.24000001,172763720.0,165.73513606067928,165.73483307718448,119762466.63,119762247.69,218.9399999976158,72261362.0,164.9123762644022,156.42761094556025,404076685.17,383286881.99,20789803.180000007,245025082.0,ok
2017-12-18,164.61694392585142,152.5176766588061,284576802.49,263660542.54000002,20916259.949999988,172872121.0,165.82048219274873,165.8201789157542,120101846.75999999,120101627.1,219.65999999642372,72428837.0,164.97230689576028,156.44544267943706,404678649.25,383762169.64,20916479.610000014,245300958.0,ok
2017-12-19,164.27968611641683,152.09869037223578,283754276.05,262714488.9,21039787.150000006,172726332.0,164.79328444408236,164.79298042291094,119217470.33000001,119217250.39,219.94000001251698,72343646.0,164.43129822291002,155.8459924005869,402971746.38,381931739.29,21040007.089999974,245069978.0,ok
2017-12-20,165.72046167694864,153.71163031512407,286533031.47,265769591.51999998,20763439.950000048,172901420.0,167.10634003698829,167.10603873214694,121276323.38,121276104.71000001,218.66999998688698,72574340.0,166.13019340483964,157.67165614641544,407809354.85,387045696.23,20763658.620000005,245475760.0,ok
2017-12-21,165.77853030458388,153.65949624478972,287496850.64,266479749.57999998,21017101.060000002,173422246.0,166.96359982704425,166.96309716705036,121437736.91,121437371.31,365.59999999403954,72733061.0,166.12869027032596,157.5903951118145,408934587.54999995,387917120.89,21017466.659999967,246155307.0,ok
2017-12-22,165.58625669529087,153.53747751555284,287788220.33,266847492.60000002,20940727.72999996,173799581.0,167.58792168242366,167.5876223293585,122374039.44,122373820.85,218.59000000357628,73020799.0,166.17844108740127,157.69415534081912,410162259.77,389221313.45000005,20940946.319999933,246820380.0,ok
2017-12-25,165.40862110321305,153.2859936427586,287685068.52,266600926.18,21084142.339999974,173923866.0,167.13413436226566,167.13383590136374,122228296.13999999,122228077.87,218.2699999809265,73131857.0,165.91939651606452,157.38514345203006,409913364.65999997,388829004.05,21084360.609999955,247055723.0,ok
2017-12-26,162.91236967239388,150.71046809048488,281757293.61,260654078.59,21103215.02000001,172950215.0,163.6414742245568,163.6411780462161,118795160.02,118794945.00999999,215.01000000536442,72594775.0,163.1279276478009,154.53340082402008,400552453.63,379449023.6,21103430.02999997,245544990.0,ok
2017-12-27,163.9320772226229,151.64119028041975,283163875.29,261933526.5,21230348.79000002,172732439.0,164.97740659827,164.97710966513034,119793899.31,119793683.7,215.60999999940395,72612306.0,164.2414532253381,155.5880930728718,402957774.6,381727210.2,21230564.400000036,245344745.0,ok
2017-12-28,165.76316299405383,153.3270910064232,286659833.92999995,265153714.8,21506119.129999936,172933376.0,167.3960971672506,167.39579648989408,121857056.91999999,121856838.04,218.87999998033047,72795638.0,166.2469092274142,157.4948544090117,408516890.8499999,387010552.84000003,21506338.00999987,245729014.0,ok
2017-12-29,165.9990424990146,153.53278004580085,287173713.80999994,265607427.45,21566286.359999955,172997211.0,168.02611548631177,168.02581565946775,122427280.67999999,122427062.22,218.4599999934435,72862055.0,166.59977927779218,157.82788909408035,409600994.48999995,388034489.66999996,21566504.819999993,245859266.0,ok
2018-01-01,,,,,,,,,,,,,,,,,,,data unavailable: TWSE MI_MARGN total 20180101: missing tables (keys=stat; stat='很抱歉，沒有符合條件的資料')
2018-01-02,167.70368330177334,155.26181783877772,290515792.28999996,268962548.31,21553243.97999996,173231611.0,169.6226498334225,169.62235160128785,124399290.55,124399071.83,218.7199999988079,73338844.0,168.2744523629159,159.53315255876865,414915082.84,393361620.14,21553462.699999988,246570455.0,ok
2018-01-03,168.0757940584859,155.81204258036337,291262681.54999995,270010524.68,21252156.869999945,173292462.0,171.38024490769922,171.37994573392433,125768151.94,125767932.38999999,219.55000001192093,73385443.0,169.05885165921123,160.4434159070712,417030833.48999995,395778457.07,21252376.419999957,246677905.0,ok
2018-01-04,170.06844273993525,157.78184731952715,296729995.41,275292735.53999996,21437259.870000064,174476811.0,173.2307540168821,173.23045374648493,127290715.07000001,127290494.43,220.64000000059605,73480437.0,171.0055720895886,162.35993632660416,424020710.48,402583229.96999997,21437480.51000005,247957248.0,ok
2018-01-05,170.289363270407,158.0593827893697,297953301.41999996,276554648.03000003,21398653.389999926,174968827.0,173.55568658799714,173.55538755518035,128213977.10000001,128213756.19000001,220.90999999642372,73874835.0,171.2590447732601,162.65972014991485,426167278.52,404768404.22,21398874.299999952,248843662.0,ok
2018-01-08,169.32610463864236,157.09540615498355,296104032.06,274715958.77,21388073.29000002,174872051.0,171.64179724386443,171.6414995270007,126795573.46,126795353.53,219.9299999922514,73872201.0,170.01382026709103,161.41531274459356,422899605.52,401511312.29999995,21388293.22000003,248744252.0,ok
2018-01-09,168.51783024398992,156.40297408254725,294672502.4,273488305.0,21184197.399999976,174861320.0,169.77198792087646,169.771690726306,125034897.72,125034678.83999999,218.8800000101328,73648721.0,168.88951385268172,160.36494229221103,419707400.12,398522983.84,21184416.28000003,248510041.0,ok
2018-01-10,166.76221783559805,155.0842216937338,291619593.43,271198106.28999996,20421487.140000045,174871501.0,168.1314697625115,168.13117556710105,123786011.12,123785794.52,216.6000000089407,73624534.0,167.16790050593767,158.9497799471931,415405604.55,394983900.80999994,20421703.74000007,248496035.0,ok
2018-01-11,167.46042531234738,155.94582865437144,292519788.88,272406097.08,20113691.800000012,174679951.0,168.00408712357614,168.0037733547253,123804211.05000001,123803979.82999998,231.22000002861023,73691190.0,167.62172861701353,159.52339523616394,416323999.93,396210076.90999997,20113923.02000004,248371141.0,ok
2018-01-12,169.24793302591277,157.94420029050647,295119854.89000005,275409386.90999997,19710467.98000008,174371320.0,169.32472423478703,169.3244311127583,125392547.42999999,125392330.36,217.06999999284744,74054482.0,169.27082409902013,161.3365898563145,420512402.32000005,400801717.27,19710685.05000007,248425802.0,ok
2018-01-15,170.0983491854454,159.08779116088755,296431369.49,277243206.82,19188162.670000017,174270574.0,170.73832837480262,170.73803560755258,126814216.75,126813999.30000001,217.44999998807907,74274018.0,170.28959786821673,162.56930109346334,423245586.24,404057206.12,19188380.120000005,248544592.0,ok
2018-01-16,171.47192989251295,160.63995260300575,299935724.73,280988617.99,18947106.74000001,174918265.0,170.8284885482876,170.82806206580494,126999074.49,126998757.42999999,317.0600000023842,74343030.0,171.28002132059854,163.6785909420875,426934799.22,407987375.42,18947423.800000012,249261295.0,ok
2018-01-17,171.2107427323716,160.50502329100442,299446363.16999996,280722136.52,18724226.649999976,174899284.0,170.60883441713446,170.60840661240707,126838569.82000001,126838251.77000001,318.04999999701977,74344667.0,171.031205082285,163.5186678171379,426284932.98999995,407560388.28999996,18724544.699999988,249243951.0,ok
2018-01-18,170.24715304397864,159.2040266593896,298520466.37,279156857.76,19363608.610000014,175345350.0,170.9796373098584,170.97928061129284,126828382.85,126828118.26,264.5899999886751,74177478.0,170.46490400469492,162.70454261603672,425348849.22,405984976.02,19363873.200000048,249522828.0,ok
2018-01-19,170.263688261077,159.15171257444234,298274698.78,278808297.96000004,19466400.819999933,175183976.0,171.13276583936107,171.13240194532406,127013725.7,127013455.62,270.07999999821186,74219408.0,170.52231515832196,162.7170197418011,425288424.47999996,405821753.58000004,19466670.899999917,249403384.0,ok
2018-01-22,171.40349574529773,160.34016034910394,300725612.98,281315108.52,19410504.46000004,175448938.0,172.59416876093624,172.59377438790634,128207199.55000001,128206906.6,292.9500000178814,74282463.0,171.7576607556853,163.98499086624673,428932812.53000003,409522015.12,19410797.410000026,249731401.0,ok
2018-01-23,170.35736407979195,159.59944195543903,298155920.28999996,279327628.43,18828291.859999955,175017923.0,171.31414417425515,171.3137314667446,127489109.72999999,127488802.60000001,307.12999998033047,74418321.0,170.64281565272447,163.09435409474818,425645030.02,406816431.03000003,18828598.98999995,249436244.0,ok
2018-01-24,171.04233814944354,160.35241753023536,300731792.44000006,281936451.91999996,18795340.5200001,175823013.0,172.1755898835231,172.1746492138772,128058697.58,128057997.94,699.640000000596,74376802.0,171.37921945305996,163.86680775923034,428790490.02000004,409994449.85999995,18796040.160000086,250199815.0,ok
2018-01-25,169.3708061629845,158.28065843021685,299154280.78999996,279566104.74,19588176.049999952,176626827.0,169.87568475565632,169.87475291114603,126224839.89999999,126224147.5,692.3999999910593,74304242.0,169.52030786191722,161.7138339453693,425379120.68999994,405790252.24,19588868.44999993,250931069.0,ok
2018-01-26,170.03177746146542,159.20736795385992,300782097.86,281633979.5,19148118.360000014,176897579.0,169.63290520995272,169.6320273564305,126384074.91999999,126383420.88,654.0399999916553,74504457.0,169.91356934754498,162.29677645888276,427166172.78,408017400.38,19148772.399999976,251402036.0,ok
2018-01-29,170.62096154372628,159.6349574306359,302393598.07,282922969.83000004,19470628.23999995,177231212.0,171.45254765895086,171.45147371055975,128193279.92,128192476.94,802.9800000041723,74768956.0,170.86769481439396,163.14094154492787,430586877.99,411115446.77000004,19471431.21999997,252000168.0,ok
2018-01-30,168.5390679830157,157.71618317869877,297689290.0500001,278572909.9,19116380.150000095,176629249.0,169.14249925880196,169.1415784443826,126303824.13999999,126303136.53999999,687.5999999940395,74673027.0,168.7183741185058,161.11117371654842,423993114.19000006,404876046.43999994,19117067.75000012,251302276.0,ok
2018-01-31,169.04405309145665,158.28442415396992,298207434.34000003,279226575.32,18980859.02000004,176408119.0,169.60477815546176,169.6039099065697,126721741.53,126721092.81,648.7199999988079,74715903.0,169.21088332600854,161.65226444565306,424929175.87,405947668.13,18981507.74000001,251124022.0,ok
2018-02-01,168.88927508315751,157.9385687952305,298081992.46000004,278754487.22,19327505.24000001,176495513.0,169.80996463580266,169.8091457426873,127060975.09,127060362.35,612.7400000095367,74825394.0,169.1633905928885,161.47277773830413,425142967.5500001,405814849.57000005,19328117.98000002,251320907.0,ok
2018-02-02,168.42459197034245,157.47435288749202,296648964.0,277362130.4,19286833.600000024,176131621.0,168.81746015606493,168.8171021199511,126265552.30000001,126265284.50999999,267.7900000214577,74794131.0,168.54169527406657,160.8553174366894,422914516.3,403627414.90999997,19287101.390000045,250925752.0,ok
2018-02-05,165.69067512683156,154.90708130868262,289837871.43,270974444.89,18863426.54000002,174927087.0,166.93928793761145,166.93902493326982,123869445.78999999,123869250.64,195.1499999910593,74200296.0,166.06256294997488,158.49068487585726,413707317.22,394843695.53,18863621.690000057,249127383.0,ok
2018-02-06,156.66217005778273,145.68344054060856,262196730.71000004,243822243.83999997,18374486.870000064,167364419.0,155.6413193664848,155.64078566351054,109796946.18,109796569.68,376.5,70544857.0,156.3594674173192,148.63599245285417,371993676.89000005,353618813.52,18374863.370000064,237909276.0,ok
2018-02-07,159.26689087804027,147.5812851284215,266677767.37,247111294.79999998,19566472.570000023,167440807.0,159.12597918217432,159.12538466126017,111129995.57,111129580.37,415.19999998807907,69837745.0,159.22541660655446,150.97903799160065,377807762.94,358240875.16999996,19566887.77000004,237278552.0,ok
2018-02-08,157.59330616725572,146.10413672029156,262223544.4,243106420.66,19117123.74000001,166392565.0,157.515886573303,157.51520572026473,108906069.71000001,108905598.97,470.74000000953674,69139737.0,157.57057989863318,149.45381870805983,371129614.11,352012019.63,19117594.48000002,235532302.0,ok
2018-02-09,155.76517887127522,145.38182750541543,252515003.17,235682280.84999996,16832722.320000023,162112614.0,155.61038984739469,155.60977284629476,105136446.63,105136029.76000002,416.86999997496605,67563899.0,155.71964461163688,148.39058036813717,357651449.79999995,340818310.61,16833139.189999938,229676513.0,ok
2018-02-12,156.5085812588246,145.9852448961546,252114934.47,235163210.57,16951723.900000006,161086972.0,156.54711858036407,156.5465011092223,104727944.95,104727531.87,413.07999999821186,66898673.0,156.51988940794936,149.08427345941013,356842879.42,339890742.44,16952136.98000002,227985645.0,ok
2018-02-13,,,,,,,,,,,,,,,,,,,data unavailable: TWSE MI_MARGN total 20180213: missing tables (keys=stat; stat='很抱歉，沒有符合條件的資料')
2018-02-14,,,,,,,,,,,,,,,,,,,data unavailable: TWSE MI_MARGN total 20180214: missing tables (keys=stat; stat='很抱歉，沒有符合條件的資料')
2018-02-15,,,,,,,,,,,,,,,,,,,data unavailable: TWSE MI_MARGN total 20180215: missing tables (keys=stat; stat='很抱歉，沒有符合條件的資料')
2018-02-16,,,,,,,,,,,,,,,,,,,data unavailable: TWSE MI_MARGN total 20180216: missing tables (keys=stat; stat='很抱歉，沒有符合條件的資料')
2018-02-19,,,,,,,,,,,,,,,,,,,data unavailable: TWSE MI_MARGN total 20180219: missing tables (keys=stat; stat='很抱歉，沒有符合條件的資料')
2018-02-20,,,,,,,,,,,,,,,,,,,data unavailable: TWSE MI_MARGN total 20180220: missing tables (keys=stat; stat='很抱歉，沒有符合條件的資料')
2018-02-21,162.92288816437463,151.8176167939741,262347038.48,244464744.05,17882294.429999977,161025281.0,162.438877210255,162.43806272074494,108986023.91999999,108985477.45,546.4699999839067,67093559.0,162.7805324628163,154.94126723597225,371333062.4,353450221.5,17882840.899999976,228118840.0,ok
2018-02-22,163.75498244747737,152.70748042834143,266045409.96000004,248097026.59,17948383.370000035,162465536.0,163.3689437694654,163.36813879991485,110189924.91,110189381.97,542.9399999976158,67448514.0,163.64173258224105,155.8349342112846,376235334.87,358286408.56,17948926.310000002,229914050.0,ok
2018-02-23,165.1362091469171,154.0227637402984,269569873.67,251428182.70000002,18141690.97,163240924.0,165.18012580266532,165.17921762007975,111883398.78,111882783.63,615.1500000059605,67734177.0,165.14908784475432,157.2944290345824,381453272.45000005,363310966.33000004,18142306.120000005,230975101.0,ok
2018-02-26,165.40329346995384,154.04792207260263,272457040.5,253752147.63,18704892.870000005,164722863.0,165.92252104277813,165.92169265313527,112607999.58,112607437.37,562.2099999934435,67867821.0,165.5547992971206,157.51257905067254,385065040.08,366359585.0,18705455.079999983,232590684.0,ok
2018-02-27,165.322368368472,153.8027519501901,273253144.34,254212941.62,19040202.71999997,165285041.0,165.7290315474813,165.72823145373573,112266191.69,112265649.69999999,541.9900000095367,67740812.0,165.4405856975878,157.2694988997637,385519336.03,366478591.32,19040744.70999998,233025853.0,ok
2018-02-28,,,,,,,,,,,,,,,,,,,data unavailable: TWSE MI_MARGN total 20180228: missing tables (keys=stat; stat='很抱歉，沒有符合條件的資料')
2018-03-01,165.87115513917396,154.46280983775978,274871233.39,255966041.94,18905191.449999988,165713703.0,166.00549724639674,166.0046983777125,112835797.4,112835254.4,543.0,67971121.0,165.91023077733107,157.81996024696926,387707030.78999996,368801296.34000003,18905734.44999993,233684824.0,ok
2018-03-02,164.6944312631619,153.54965449830934,273610215.13,255095170.36,18515044.76999998,166132038.0,165.3226584084798,165.32079714642362,112752653.56,112751384.15,1269.4099999964237,68201573.0,164.87727349108278,156.97558405738047,386362868.69,367846554.51,18516314.180000007,234333611.0,ok
2018-03-05,163.111266850371,151.83425057011044,272266518.96999997,253442840.96,18823678.00999996,166920731.0,163.60141054089195,163.59946072658713,111986181.47999999,111984846.82000001,1334.6599999815226,68450621.0,163.25381028104047,155.25580520946323,384252700.4499999,365427687.78000003,18825012.669999897,235371352.0,ok
2018-03-06,164.25628969023796,152.58747526238062,274676026.57,255162962.03,19513064.53999999,167224054.0,165.4392933301835,165.4374762309906,113779055.81,113777806.12,1249.6899999976158,68773901.0,164.60103748780367,156.33218862002428,388455082.38,368940768.15,19514314.23000002,235997955.0,ok
2018-03-07,163.85171361099648,152.3035467034295,273023480.57,253780955.39999998,19242525.170000017,166628395.0,163.85332216717416,163.85149476953814,112460336.06,112459081.83,1254.2300000041723,68634761.0,163.85218288493928,155.67250030004695,385483816.63,366240037.22999996,19243779.400000036,235263156.0,ok
2018-03-08,165.5085881252961,153.84922941688478,277937342.30999994,258357867.86,19579474.44999993,167929257.0,165.70001534114462,165.69819555447657,114145182.99,114143929.4,1253.5899999886751,68886646.0,165.56427179639198,157.29593855020792,392082525.29999995,372501797.26,19580728.03999996,236815903.0,ok
2018-03-09,165.77272149483906,153.95666562909915,278171162.21000004,258343497.18,19827665.03000003,167802736.0,166.66408669914716,166.66226728146918,115045102.43,115043846.52000001,1255.9099999964237,69028130.0,166.0325240883087,157.65991570541317,393216264.64000005,373387343.70000005,19828920.939999998,236830866.0,ok
2018-03-12,166.5503222733443,154.42059808251156,279188663.30999994,258855580.57,20333082.73999995,167630215.0,167.6401923219873,167.63837674460623,115647874.14999999,115646621.66,1252.4899999946356,68985768.0,166.86807562784122,158.27426257591398,394836537.4599999,374502202.23,20334335.2299999,236615983.0,ok
2018-03-13,167.7619835519746,155.6815341337497,281781967.61,261491001.0,20290966.610000014,167965329.0,169.18432909712166,169.182454718226,116711784.05000001,116710491.01,1293.0400000065565,68984985.0,168.17608085549952,159.61215059204352,398493751.66,378201492.01,20292259.650000036,236950314.0,ok
2018-03-14,167.07811640499347,155.04500095745837,282177981.85,261855271.1,20322710.75000003,168889851.0,169.05210675104664,169.05022682264308,117091926.63999999,117090624.53,1302.1099999845028,69263808.0,167.6522251081601,159.1182336736636,399269908.49,378945895.63,20324012.860000014,238153659.0,ok
2018-03-15,167.9792813524321,156.00584177835026,286086011.28999996,265694010.91,20392000.379999965,170310296.0,169.70865137402086,169.7068165771797,117916637.61000001,117915362.76,1274.8500000089407,69481807.0,168.4803810657601,159.9758160801484,404002648.9,383609373.67,20393275.22999996,239792103.0,ok
2018-03-16,167.3769053441896,155.30448280171373,285185188.71,264615588.05999997,20569600.650000006,170385029.0,169.30074401444898,169.29891424709493,117779830.65,117778557.71,1272.940000012517,69568407.0,167.9346735255752,159.36181291856974,402965019.36,382394145.77,20570873.590000033,239953436.0,ok
2018-03-19,167.48491600697585,155.35107216581045,285875032.18,265164134.26,20710897.920000017,170687032.0,169.5816160589358,169.57974248083815,118180833.0,118179527.31,1305.6899999976158,69689649.0,168.09278816026253,159.47622705132534,404055865.18,383343661.57,20712203.610000014,240376681.0,ok
2018-03-20,167.17583853305408,155.0623341691939,286643725.03,265873618.27,20770106.75999996,171462412.0,168.66178534727962,168.65992800674942,117956243.96000001,117954945.0,1298.9600000083447,69936556.0,167.60633748442538,159.00174157745363,404599968.99,383828563.27,20771405.72000003,241398968.0,ok
2018-03-21,168.0572054670466,155.97673145272861,288860053.96999997,268095895.92000002,20764158.049999952,171881981.0,169.38981567451202,169.38796651744602,118959443.94,118958145.31,1298.6299999952316,70228215.0,168.44375191452076,159.86689021143084,407819497.90999997,387054041.23,20765456.679999948,242110196.0,ok
2018-03-22,165.71732516854826,153.27621014740726,284254606.37,262914385.91,21340220.46000001,171529806.0,167.51554547290394,167.513733237203,116936895.03999999,116935629.98000002,1265.0599999725819,69806593.0,166.23746068656638,157.39441603667916,401191501.40999997,379850015.89,21341485.51999998,241336399.0,ok
2018-03-23,162.9068483522657,151.2936117589468,276483113.18,256773298.4,19709814.78,169718533.0,164.4791399970635,164.47730240755206,113771056.69,113769785.62,1271.0699999928474,69170508.0,163.3621066233842,155.110959660975,390254169.87,370543084.02,19711085.850000024,238889041.0,ok
2018-03-26,163.39845658501406,151.5381301663106,278929912.11,258683700.02999997,20246212.080000043,170705353.0,166.46355738347395,166.46155727717226,115692681.75999999,115691291.67999999,1390.0799999982119,69500306.0,164.2853026497598,155.85602490322677,394622593.87,374374991.71,20247602.160000026,240205659.0,ok
2018-03-27,165.34409324082694,153.11218957158908,283280508.15999997,262323848.51,20956659.649999976,171327867.0,168.3279983536616,168.32594154811108,117498649.17,117497213.45,1435.719999998808,69803390.0,166.20788292494157,157.5163115248887,400779157.33,379821061.96,20958095.370000005,241131257.0,ok
2018-03-28,163.53174015756227,151.5632853378748,281231927.64,260649307.92,20582619.72,171973910.0,166.81074600377227,166.8086825358298,116565619.47999999,116564177.54999998,1441.9300000071526,69878963.0,164.4791489080223,155.96816394651634,397797547.12,377213485.46999997,20584061.650000036,241852873.0,ok
2018-03-29,163.505453429777,151.50518849579342,282755943.65999997,262003447.86,20752495.799999952,172933647.0,167.59738726412314,167.59382480941653,117506433.22999999,117503935.50999999,2497.719999998808,70112330.0,164.68586801171367,156.1463341440126,400262376.89,379507383.37,20754993.51999998,243045977.0,ok
2018-03-30,163.8567472204694,151.65947924851406,283386375.65999997,262291488.68,21094886.97999996,172947639.0,167.4089532369283,167.4053356972484,117286791.32,117284256.87,2534.449999988079,70060047.0,164.88086182590948,156.19906999567084,400673166.97999996,379575745.55,21097421.429999948,243007686.0,ok
2018-04-02,164.69788853590285,152.6216520357205,286228971.05,265241642.2,20987328.850000024,173790310.0,167.1614906036355,167.158067389557,117400774.5,117398370.30999999,2404.190000012517,70231950.0,165.40693687125102,156.80537198122826,403629745.55,382640012.51,20989733.04000002,244022260.0,ok
2018-04-03,163.8861025714701,152.08870460261238,285364866.79999995,264822777.82999998,20542088.96999997,174123896.0,167.5163481480202,167.513908123371,117353627.95,117351918.59,1709.359999999404,70055030.0,164.9276214565707,156.51420156545365,402718494.74999994,382174696.41999996,20543798.329999983,244178926.0,ok
2018-04-04,,,,,,,,,,,,,,,,,,,data unavailable: TWSE MI_MARGN total 20180404: missing tables (keys=stat; stat='很抱歉，沒有符合條件的資料')
2018-04-05,,,,,,,,,,,,,,,,,,,data unavailable: TWSE MI_MARGN total 20180405: missing tables (keys=stat; stat='很抱歉，沒有符合條件的資料')
2018-04-06,,,,,,,,,,,,,,,,,,,data unavailable: TWSE MI_MARGN total 20180406: missing tables (keys=stat; stat='很抱歉，沒有符合條件的資料')
2018-04-09,164.14531972199475,152.26005546729314,287703051.63,266871347.13000003,20831704.49999997,175273381.0,168.13710031336376,168.13479411017144,118278329.88,118276707.55,1622.3299999982119,70346360.0,165.2885797603703,156.80663659685237,405981381.51,385148054.68,20833326.829999983,245619741.0,ok
2018-04-10,164.03133301773218,152.00072914903626,287344851.65999997,266270023.94,21074827.71999997,175176807.0,166.3797551373554,166.37744470662608,116895634.09,116894010.82,1623.2700000107288,70258328.0,164.70359296764906,156.11621162552785,404240485.75,383164034.76,21076450.99000001,245435135.0,ok
2018-04-11,164.9209151282952,152.8754125557822,288667519.56,267583805.91,21083713.650000006,175033906.0,167.10677910798503,167.1043967981852,117414072.44,117412398.56,1673.8799999952316,70262902.0,165.54703475799,156.95116769314015,406081592.0,384996204.47,21085387.52999997,245296808.0,ok
2018-04-12,165.2013327462323,153.00116722260503,290509239.71999997,269055049.54,21454190.179999948,175851632.0,167.31266786715625,167.3103496106482,118064349.71999998,118062713.84,1635.8799999803305,70565099.0,165.80594498674682,157.09881460118876,408573589.43999994,387117763.38,21455826.059999943,246416731.0,ok
2018-04-13,165.82619712894893,153.384961661108,291727160.36,269840110.20000005,21887050.159999967,175923446.0,167.5250543401714,167.52273756160687,118156583.45,118154949.41,1634.0400000065565,70530694.0,166.31237917528998,157.43093608003502,409883743.81,387995059.61,21888684.199999988,246454140.0,ok
2018-04-16,165.48219478090064,153.1400016398268,292732587.99,270899652.15999997,21832935.830000043,176896728.0,167.31603985255424,167.31523639832758,118046264.74,118045697.88000001,566.8599999845028,70552868.0,166.00506097815574,157.18164681909604,410778852.73,388945350.03999996,21833502.690000057,247449596.0,ok
2018-04-17,162.48283741739417,150.03183520565275,286592405.34,264630930.95,21961474.389999986,176383186.0,163.54305453718422,163.54233301076576,114750208.27000001,114749702.01000002,506.25999999046326,70165137.0,162.7845643914601,153.87678502278843,401342613.61,379380632.96000004,21961980.649999976,246548323.0,ok
2018-04-18,162.93959139133756,150.41741144456725,287315347.45,265234682.76,22080664.689999998,176332434.0,164.4796367666264,164.47891242880252,114900386.89000002,114899880.89,506.00000001490116,69856907.0,163.3765835296663,154.40740127331506,402215734.34000003,380134563.65,22081170.690000057,246189341.0,ok
2018-04-19,164.587047107841,151.9809150826545,291180023.65999997,268877820.14,22302203.51999998,176915516.0,164.97227052053313,164.97155141674733,115748395.45,115747890.91,504.5400000065565,70162334.0,164.69643843428295,155.669846993569,406928419.10999995,384625711.04999995,22302708.060000002,247077850.0,ok
2018-04-20,162.8414762637637,150.52519086305188,289834806.84999996,267913559.99,21921246.859999955,177985863.0,164.02160431771642,164.0208908748392,115180663.21,115180162.21000001,500.99999998509884,70222861.0,163.17535642300788,154.34337521512742,405015470.05999994,383093722.20000005,21921747.859999895,248208724.0,ok
2018-04-23,161.5786359619646,149.25727586611225,287729410.94000006,265788282.02000004,21941128.920000017,178073920.0,161.5926936132389,161.59198417981585,113271278.17,113270780.88,497.2900000065565,70096782.0,161.5826066003553,152.74126230259043,401000689.1100001,379059062.90000004,21941626.21000004,248170702.0,ok
2018-04-24,157.53216747774673,145.16770950532353,276831725.29999995,255103628.19,21728097.109999955,175730284.0,156.39865823541953,156.39796249921113,108171794.75999999,108171313.56,481.19999998807907,69164145.0,157.2120368895774,148.3394061814285,385003520.05999994,363274941.75,21728578.309999943,244894429.0,ok
2018-04-25,159.32931533898355,147.03501839040035,279549717.48,257978877.04,21570840.440000027,175454038.0,157.8931241029793,157.89240015419222,108716233.77000001,108715735.3,498.47000001370907,68854318.0,158.92454830730392,150.09499402468248,388265951.25,366694612.34,21571338.910000026,244308356.0,ok
2018-04-26,155.95664979756367,143.44280408560385,270651410.52,248934542.42000002,21716868.099999964,173542719.0,154.6521485496685,154.6514222557563,105210336.08,105209841.98,494.09999999403954,68030310.0,155.5892841828795,146.59930616674927,375861746.59999996,354144384.40000004,21717362.19999993,241573029.0,ok
2018-04-27,155.49930537037966,142.85940887359456,269491907.34,247586022.89,21905884.449999988,173307467.0,156.82528396150093,156.8245513749831,106365291.94,106364795.07,496.8700000047684,67824071.0,155.87226888587256,146.7874426115094,375857199.28,353950817.96,21906381.319999993,241131538.0,ok
2018-04-30,160.29075955080262,147.52861860258943,278070271.39,255930679.51999998,22139591.870000005,173478666.0,158.00510107921343,158.0042844414406,107080943.41,107080389.97,553.4399999976158,67770561.0,159.64868347536714,150.47139176532988,385151214.79999995,363011069.49,22140145.309999943,241249227.0,ok
2018-05-01,,,,,,,,,,,,,,,,,,,data unavailable: TWSE MI_MARGN total 20180501: missing tables (keys=stat; stat='很抱歉，沒有符合條件的資料')
2018-05-02,159.75959320192328,146.96926494245523,278711589.02,256397982.42000002,22313606.599999964,174456872.0,159.35130788491384,159.35048510872733,107888683.49,107888126.43,557.059999987483,67704925.0,159.64544255095694,150.43087446613225,386600272.51,364286108.85,22314163.659999967,242161797.0,ok
2018-05-03,158.66970081418995,145.8284925037291,276933497.49,254521148.37,22412349.120000005,174534581.0,158.0152321818531,158.01441235218104,107108400.28,107107844.57,555.7100000083447,67783592.0,158.48662649416724,149.2372563158934,384041897.77,361628992.94,22412904.829999983,242318173.0,ok
2018-05-04,158.80667419286831,145.9122766082801,277691119.6,255143832.34,22547287.26000002,174861114.0,158.10067794812434,158.09993973341932,107143093.5,107142593.22,500.2800000011921,67768902.0,158.60948263713587,149.31640838699857,384834213.1,362286425.56,22547787.54000002,242630016.0,ok
2018-05-07,160.70638817053626,147.65411908641428,280844576.40000004,258034910.75,22809665.650000036,174756324.0,159.87301030108375,159.87227127142526,108553527.78999999,108553025.99,501.79999999701977,67899846.0,160.47319307396967,151.0729921847856,389398104.19000006,366587936.74,22810167.450000048,242656170.0,ok
2018-05-08,161.5868515336837,148.24370248222897,281011763.71000004,257807017.70000002,23204746.01000002,173907568.0,159.7231437346372,159.72240413338628,108709167.25999999,108708663.88,503.3799999952316,68060999.0,161.0626271841334,151.47243550026894,389720930.97,366515681.58000004,23205249.389999986,241968567.0,ok
2018-05-09,162.08693830192172,148.50556536869826,282376641.01,258716113.45999998,23660527.550000012,174213076.0,159.71092541027087,159.71018778730078,109172096.0,109171591.78999999,504.21000000834465,68356060.0,161.41737711016953,151.66303154495301,391548737.01,367887705.25,23661031.75999999,242569136.0,ok
2018-05-10,163.52321000558078,149.68008360695356,285698228.93,261512324.70999998,24185904.22000003,174714176.0,162.56057785985297,162.55984420705516,111889732.1,111889227.13,504.9699999988079,68829561.0,163.25115395186697,153.32012082905666,397587961.03,373401551.84,24186409.189999998,243543737.0,ok
2018-05-11,163.4970472910043,149.49028385378185,284522312.91999996,260147336.14999998,24374976.76999998,174022906.0,161.49467860669645,161.4940448989873,111569370.66,111568932.86,437.79999999701977,69085478.0,162.92802291014362,152.9014602022117,396091683.5799999,371716269.01,24375414.569999933,243108384.0,ok
2018-05-14,165.60828616384342,151.41383819497204,289150267.48,264366915.62,24783351.860000014,174598913.0,163.76133550916595,163.76069911758353,113304065.66,113303625.35,440.3100000023842,69188533.0,165.084109023399,154.91796118574538,402454333.14,377670540.97,24783792.169999957,243787446.0,ok
2018-05-15,165.10041613616565,150.91539297638403,289655229.38,264768761.9,24886467.47999999,175441853.0,162.2916666564022,162.291093191172,111995114.57,111994718.83000001,395.7399999797344,69008543.0,164.30750390357315,154.12676227777519,401650343.95,376763480.73,24886863.21999997,244450396.0,ok
2018-05-16,164.78126798384733,150.53260114334932,290928361.49,265771732.05,25156629.439999998,176554268.0,162.32083567578306,162.32026864227396,112555833.75,112555440.56,393.1899999976158,69341581.0,164.08743656343708,153.85667311935796,403484195.24,378327172.61,25157022.629999995,245895849.0,ok
2018-05-17,163.80599694244714,149.7147575053386,291024782.74,265989680.41000003,25035102.329999983,177664303.0,161.8804132603915,161.87984847810426,112376848.68,112376456.61,392.0700000077486,69419670.0,163.26499307990326,153.13261011065256,403401631.42,378366137.02000004,25035494.399999976,247083973.0,ok
2018-05-18,164.0494414749251,149.93670145691084,292844037.87,267651439.01,25192598.860000014,178509622.0,161.9284060880599,161.9278444304538,112718403.96000001,112718012.99,390.97000001370907,69610025.0,163.45438450103876,153.3008194228166,405562441.83000004,380369452.0,25192989.830000043,248119647.0,ok
2018-05-21,167.12701373167315,152.52749097626366,299231659.25,273092022.57,26139636.680000007,179044460.0,163.98629400881399,163.98573143508847,114842405.85999998,114842011.88,393.97999998927116,70031710.0,166.24395063967782,155.74915675393595,414074065.11,387934034.45,26140030.660000026,249076170.0,ok
2018-05-22,162.552298211378,148.01303599655336,292235466.76,266096875.51000002,26138591.24999997,179779351.0,163.30695386090815,163.3062308847897,113735869.43,113735365.91000001,503.5199999958277,69645454.0,162.763016368801,152.28326686273243,405971336.19,379832241.42,26139094.76999998,249424805.0,ok
2018-05-23,165.5625454238279,150.9641963738913,298106836.52000004,271821497.39,26285339.130000055,180056930.0,163.04973790175697,163.04902282172506,113960151.13,113959651.34,499.78999999165535,69892876.0,164.85989497027256,154.34344795210603,412066987.65000004,385781148.73,26285838.920000017,249949806.0,ok
2018-05-24,167.07630398075827,152.51207255461796,302666714.25,276282912.56,26383801.689999998,181154782.0,164.70308581063227,164.70194855547174,115647182.50999999,115646383.98,798.5299999862909,70215553.0,166.41339033104282,155.91708406642334,418313896.76,391929296.54,26384600.21999997,251370335.0,ok
2018-05-25,167.50498391397048,152.92568027972735,303586346.08000004,277162788.90999997,26423557.170000076,181240187.0,165.88553037718611,165.88467955638572,116955408.48,116954808.62,599.859999999404,70503683.0,167.0514378602347,156.554992790887,420541754.56000006,394117597.53,26424157.03000009,251743870.0,ok
2018-05-28,169.373309966307,154.637578194283,308787194.76,281922246.1,26864948.659999967,182311602.0,167.8612032352291,167.86038099238837,119103383.72999999,119102800.32000001,583.4099999815226,70953491.0,168.9496856521005,158.3420129753136,427890578.49,401025046.42,26865532.069999993,253265093.0,ok
2018-05-29,168.63754869819186,154.11555606342597,307447275.32,280971872.28999996,26475403.03000003,182312467.0,167.02324820920603,167.02242343006515,118911895.91,118911308.71000001,587.1999999880791,71194817.0,168.1841896227329,157.74031210874398,426359171.23,399883181.0,26475990.23000002,253507284.0,ok
2018-05-30,167.5735310816941,153.3692212107916,306827772.19000006,280819626.84000003,26008145.350000024,183100380.0,167.3775356841244,167.37618088835816,119760310.6,119759341.23,969.3699999898672,71551006.0,167.51846101870424,157.304845012703,426588082.7900001,400578968.07000005,26009114.72000003,254651386.0,ok
2018-05-31,166.95886464372222,152.50497136808255,306666217.55,280117637.52,26548580.03000003,183677709.0,167.206122358439,167.20498734722642,120001249.01,120000434.43,814.5799999982119,71768454.0,167.0283325257855,156.63499003114796,426667466.56,400118071.95,26549394.610000014,255446163.0,ok
2018-06-01,168.73212499524647,154.49515840226348,310811264.47,284586207.51,26225056.96000004,184203965.0,167.7180885672271,167.71701760955924,121128254.34,121127480.88,773.4600000083447,72221342.0,168.44652497968931,158.21905144097187,431939518.81000006,405713688.39,26225830.420000076,256425307.0,ok
2018-06-04,171.4044317499337,156.9882003608334,316296459.65,289693863.07,26602596.579999983,184532253.0,169.69591541971062,169.69529346370248,123248329.32,123247877.6,451.7199999988079,72628931.0,170.92190280551827,160.5770102030639,439544788.96999997,412941740.66999996,26603048.300000012,257161184.0,ok
2018-06-05,170.9238543656604,156.44811988255847,315046033.05999994,288364428.30999994,26681604.75,184319523.0,168.20798480041404,168.20743670854534,122356935.57000001,122356536.88,398.690000012517,72741455.0,170.155335139976,159.77569539551038,437402968.62999994,410720965.18999994,26682003.439999998,257060978.0,ok
2018-06-06,173.62203094482413,159.21175396374534,321911718.63,295193697.85999995,26718020.77000004,185409488.0,170.64786998949788,170.6473237828155,124347725.74000001,124347327.73,398.0100000053644,72868021.0,172.78292875668086,162.43807957354892,446259444.37,419541025.59,26718418.78000003,258277509.0,ok
2018-06-07,174.55726099647234,160.2881296331383,324969679.60999995,298405129.84,26564549.76999998,186167953.0,169.93736504825495,169.93682140350776,123763360.71,123762964.78,395.9299999922514,72828810.0,173.25816551614582,163.0013015336412,448733040.31999993,422168094.62,26564945.69999993,258996763.0,ok
2018-06-08,172.73276586440244,158.97815545596913,324176629.44,298362631.62,25813997.819999993,187675238.0,169.3278773325106,169.32733274770038,123918131.69,123917733.15,398.53999999165535,73182357.0,171.77754058876454,161.88156789914433,448094761.13,422280364.77,25814396.360000014,260857595.0,ok
2018-06-11,173.7131412336295,160.05124150010485,328045730.92999995,302246140.57,25799590.359999955,188843359.0,170.30636355379005,170.30582314637022,125361284.6,125360886.81,397.78999999165535,73609278.0,172.75765285223633,162.92731224491374,453407015.53,427607027.38,25799988.149999976,262452637.0,ok
2018-06-12,173.4442740827975,159.70682810842715,328596821.9,302570704.22,26026117.679999948,189453831.0,170.9987786425374,170.99804142323939,126478259.96000001,126477714.68,545.2800000011921,73964423.0,172.7576107387,162.87725409492694,455075081.86,429048418.90000004,26026662.95999998,263418254.0,ok
2018-06-13,172.60673000868078,159.01192043769248,328448844.95000005,302579636.37,25869208.580000043,190287392.0,168.7303847924806,168.72965226037232,125405521.01,125404976.57000001,544.4399999976158,74323022.0,171.5179531671796,161.7414093687182,453854365.96000004,427984612.94,25869753.02000004,264610414.0,ok
2018-06-14,171.25060351229277,157.9069539388925,327714058.20000005,302178956.64,25535101.560000062,191365199.0,168.45533413754353,168.45459681546924,125125689.39,125125141.72,547.6700000017881,74278259.0,170.46900044118536,160.85624753461838,452839747.59000003,427304098.36,25535649.23000002,265643458.0,ok
2018-06-15,172.258703852739,159.00997204059726,331454143.05999994,305961399.0,25492744.059999943,192416485.0,168.86305452129585,168.86231538440225,125927032.55000001,125926481.35,551.2000000178814,74573466.0,171.31025864340486,161.76184861354577,457381175.60999995,431887880.35,25493295.25999993,266989951.0,ok
2018-06-18,,,,,,,,,,,,,,,,,,,data unavailable: TWSE MI_MARGN total 20180618: missing tables (keys=stat; stat='很抱歉，沒有符合條件的資料')
2018-06-19,169.04263603423396,156.2408367066808,325280851.92,300646947.19,24633904.73000002,192425331.0,164.41632200691458,164.41557490956623,122112178.28,122111623.41,554.8700000047684,74270107.0,167.75428689560113,158.51736114061313,447393030.20000005,422758570.6,24634459.600000024,266695438.0,ok
2018-06-20,164.67543631657395,151.82342510181186,314315176.98,289784607.82000005,24530569.159999967,190869497.0,162.6409291331311,162.64039942537357,120000044.23,119999653.4,390.82999999821186,73782193.0,164.10823645599996,154.8390872622049,434315221.21000004,409784261.22,24530959.99000001,264651690.0,ok
2018-06-21,167.24992232120385,154.500475551264,319201897.32,294869164.95,24332732.370000005,190853241.0,165.7115506135106,165.71102426070757,122270451.55999999,122270063.19,388.3699999898672,73785111.0,166.82100139438597,157.6261433716909,441472348.88,417139228.14,24333120.74000001,264638352.0,ok
2018-06-22,164.84916686294645,152.18168158685893,315174581.42,290955657.87,24218923.550000012,191189672.0,163.15739006681054,163.1568613417427,120570896.53,120570505.81,390.7199999988079,73898520.0,164.37755098122216,155.24122767414704,435745477.95000005,411526163.68,24219314.27000004,265088192.0,ok
2018-06-25,163.91018654896695,151.14958848819356,312927234.57,288565486.55,24361748.01999998,190913842.0,162.5801939544622,162.5796610875254,120022077.33,120021683.95000002,393.37999998033047,73823308.0,163.539311313127,154.33692267972214,432949311.9,408587170.5,24362141.399999976,264737150.0,ok
2018-06-26,164.17156980032257,151.9702897783716,311414788.47,288270348.53,23144439.940000057,189688622.0,162.5481093993244,162.54762689507606,119802797.31,119802441.69,355.6200000047684,73702978.0,163.7172885467874,154.93006998704587,431217585.78000003,408072790.21999997,23144795.560000062,263391600.0,ok
2018-06-27,163.20508282410756,151.434868605772,309369134.67,287057691.15,22311443.52000004,189558517.0,163.04009964504561,163.03961504523514,119898107.78999999,119897751.41999999,356.3700000047684,73539030.0,163.15896797775923,154.67853927577667,429267242.46000004,406955442.56999993,22311799.890000105,263097547.0,ok
2018-06-28,162.6638300399061,151.25117944122982,307094134.58,285548115.0500001,21546019.52999991,188790670.0,161.50201765081536,161.50168393524987,119148762.75999999,119148516.56,246.19999998807907,73775402.0,162.3373858218818,154.13135007404918,426242897.34,404696631.6100001,21546265.7299999,262566072.0,ok
2018-06-29,164.61929622459118,153.06670665857177,310982142.94000006,289158157.89000005,21823985.050000012,188909897.0,163.50729926503388,163.50707206951964,120790523.53999999,120790355.69999999,167.84000000357628,73874698.0,164.3066887082936,156.00172970184954,431772666.48,409948513.59000003,21824152.889999986,262784595.0,ok
2018-07-02,165.33690524243391,154.01153419199238,312012381.14,290639923.59000003,21372457.549999952,188713089.0,162.54217775891757,162.54195099150462,120261223.72999999,120261055.94999999,167.7800000011921,73987703.0,164.54979125833773,156.4140619492308,432273604.87,410900979.54,21372625.329999983,262700792.0,ok
2018-07-03,162.32906264182623,151.54495975242486,303362897.92,283209410.61,20153487.310000002,186881445.0,160.11171824374298,160.1113317702208,117413637.58,117413354.16999999,283.4100000113249,73332320.0,161.7041802150628,153.9590977364322,420776535.5,400622764.78,20153770.72000003,260213765.0,ok
2018-07-04,162.97526342889802,152.16112500219293,304334980.77,284140992.18,20193988.589999974,186736916.0,157.9806949307646,157.9803064917519,115199633.33,115199350.08000001,283.24999998509884,72920070.0,161.57262724292733,153.79533915563513,419534614.09999996,399340342.26,20194271.839999974,259656986.0,ok
2018-07-05,159.70452246252663,148.95540613651403,296803064.61,276826356.26,19976708.350000024,185845122.0,155.38140495376126,155.38101257682422,112182939.55,112182656.26,283.28999999165535,72198433.0,158.49495026527595,150.75323718896988,408986004.16,389009012.52,19976991.640000045,258043555.0,ok
2018-07-06,160.82039046461267,149.68576295997335,296176456.18,275670259.76000005,20506196.419999957,184165985.0,157.21782410536684,157.217427073721,112344366.87,112344083.16,283.71000000834465,71457780.0,159.81331901984933,151.79118534616688,408520823.05,388014342.9200001,20506480.129999936,255623765.0,ok
2018-07-09,161.0102000035573,149.7593321883429,296557480.57,275835010.73,20722469.839999974,184185524.0,157.15982024731784,157.15942332509977,112238852.4,112238568.93,283.4699999988079,71417015.0,159.93437880912444,151.82696587376233,408796332.97,388073579.66,20722753.310000002,255602539.0,ok
2018-07-10,162.85633634242083,151.57163421999488,299070372.74,278347076.7,20723296.04000002,183640612.0,159.97944295976924,159.97904683921888,114120287.77000001,114120005.2,282.5700000077486,71334345.0,162.05146786631283,153.92377609068484,413190660.51,392467081.9,20723578.610000014,254974957.0,ok
2018-07-11,161.337337291597,150.4359928601919,296973530.27,276907432.77,20066097.5,184069934.0,158.6254842537457,158.62503183012052,112988459.72999999,112988137.47,322.25999999046326,71229702.0,160.580718571804,152.7207701306711,409961990.0,389895570.24,20066419.75999999,255299636.0,ok
2018-07-12,164.0333266853726,152.76220555962763,302464963.27,281681874.21,20783089.060000002,184392385.0,160.8760797844746,160.87562820242078,115040230.78,115039907.85999998,322.9200000166893,71508599.0,163.15107020065227,155.02940858953474,417505194.04999995,396721782.06999993,20783411.98000002,255900984.0,ok
2018-07-13,165.74015806183843,154.38967981327073,305813773.7,284870553.74,20943219.95999998,184513987.0,162.5641176224267,162.56366740728694,116853022.26,116852698.64,323.6200000047684,71881190.0,164.8497451884596,156.68128280743753,422666795.96,401723252.38,20943543.579999983,256395177.0,ok
2018-07-16,164.52518670834343,153.31189135175816,304592610.32,283832950.53,20759659.79000002,185134335.0,163.04876211474604,163.04829109174364,117489761.78999999,117489422.38,339.4099999964237,72058052.0,164.11153418394147,156.03975591625888,422082372.11,401322372.90999997,20759999.200000048,257192387.0,ok
2018-07-17,163.40065474160954,152.21098480190108,302470404.6,281757244.06,20713160.54000002,185109665.0,161.36812388742564,161.36765738578015,116769229.24000001,116768891.67,337.5700000077486,72362017.0,162.82941509660859,154.7844534336013,419239633.84000003,398526135.73,20713498.110000014,257471682.0,ok
2018-07-18,162.85861448145718,151.48858315739798,300142493.55,279187940.03000003,20954553.51999998,184296357.0,160.18794337235101,160.18747389464815,115272555.99000001,115272218.15,337.8400000035763,71960819.0,162.1086503895602,153.93136080606774,415415049.54,394460158.18000007,20954891.359999955,256257176.0,ok
2018-07-19,163.27317915483604,151.9011865925236,300727671.7,279781960.57,20945711.129999995,184186817.0,160.40237515413486,160.40190370375967,114794184.56,114793847.16,337.40000000596046,71566387.0,162.46985365626153,154.27990795767315,415521856.26,394575807.73,20946048.52999997,255753204.0,ok
2018-07-20,161.85844309692726,150.44340598470362,297140950.25,276185139.05,20955811.199999988,183580754.0,158.98033761465442,158.97980528263537,113492530.47999999,113492150.46000001,380.0199999809265,71387778.0,161.0526120650842,152.8334835884767,410633480.73,389677289.51,20956191.22000003,254968532.0,ok
2018-07-23,161.45670232509968,150.01982913031065,295363590.61,274441350.26,20922240.350000024,182936717.0,156.81972426612066,156.8190881180885,111394979.5,111394527.62,451.8799999952316,71033781.0,160.1597718290886,151.92153455556087,406758570.11,385835877.88,20922692.23000002,253970498.0,ok
2018-07-24,163.62703016436166,152.27767959752467,299540466.78,278764010.94,20776455.839999974,183062949.0,159.23341546766528,159.23271213328218,113371003.96000001,113370503.2,500.7600000053644,71197998.0,162.39673281009215,154.2252236400268,412911470.74,392134514.14,20776956.600000024,254260947.0,ok
2018-07-25,164.16201403728343,152.89749885244967,301805248.72,281095891.4,20709357.320000052,183845971.0,159.90788893353974,159.90718601510196,114239348.78999999,114238846.62,502.169999986887,71440721.0,162.9715181197146,154.85912521440795,416044597.51,395334738.02,20709859.49000001,255286692.0,ok
2018-07-26,164.52684310109584,153.20275542265082,302172792.06,281374780.46000004,20798011.599999964,183661697.0,161.04202291801028,161.04136075076116,115196220.71000001,115195747.05,473.6600000113249,71531777.0,163.55003371677128,155.399948632699,417369012.77,396570527.51000005,20798485.25999993,255193474.0,ok
2018-07-27,165.95263103796253,154.50083900414202,305291005.5,284223975.21,21067030.29000002,183962739.0,161.9242305504034,161.9234317111368,116057561.66999999,116056989.10999998,572.5600000023842,71673993.0,164.8231707053742,156.5819439125047,421348567.16999996,400280964.31999993,21067602.850000024,255636732.0,ok
2018-07-30,163.01335262512822,151.55738603271976,300333523.58000004,279227210.77,21106312.810000062,184238603.0,158.48421427371252,158.48345283207456,113101671.53999999,113101128.14,543.3999999910593,71364629.0,161.74881353612932,153.4911494820222,413435195.12,392328338.90999997,21106856.21000004,255603232.0,ok
2018-07-31,163.3243846829402,151.7672299446935,300008994.30999994,278779767.72,21229226.589999914,183689040.0,159.39058093514137,159.38981596800156,113486801.32000001,113486256.66,544.6600000113249,71200444.0,162.2255218775522,153.89651162697632,413495795.62999994,392266024.38,21229771.24999994,254889484.0,ok
2018-08-01,164.09114737558235,152.42586530030647,302040911.09000003,280568744.65999997,21472166.430000067,184068986.0,160.57103898561428,160.57027866987198,114876770.0,114876226.05000001,543.9499999880791,71542646.0,163.10591103694375,154.70538942844354,416917681.09000003,395444970.71,21472710.380000055,255611632.0,ok
2018-08-02,160.41294500079178,149.2192356896628,295032585.67,274445038.94,20587546.73000002,183920684.0,158.01443086149342,158.01363456281942,112717677.53999999,112717109.50999999,568.0300000011921,71333787.0,159.7426527388819,151.67693123385092,407750263.21000004,387162148.45,20588114.76000005,255254471.0,ok
2018-08-03,161.7034228035631,150.3957005921162,297460336.42999995,276659299.6,20801036.829999924,183954261.0,160.13152049001212,160.1307196669726,114070430.03,114069859.56,570.4699999988079,71235463.0,161.26463088302094,153.11320261469464,411530766.4599999,390729159.16,20801607.299999893,255189724.0,ok
2018-08-06,162.0705923773677,150.86010346544344,299240884.22,278542270.33,20698613.890000045,184636139.0,160.5744543124432,160.57359799223855,114458400.75999999,114457790.37,610.3899999856949,71280579.0,161.65387248362572,153.56560672210557,413699284.98,393000060.7,20699224.28000003,255916718.0,ok
2018-08-07,162.37001509205658,150.9883492851349,299535621.76000005,278539045.87,20996575.890000045,184477178.0,161.00969549914402,161.00883311856762,114369121.78999999,114368509.22,612.5699999928474,71032444.0,161.99184215066472,153.77407395248702,413904743.5500001,392907555.09000003,20997188.46000004,255509622.0,ok
2018-08-08,162.01989835480944,150.5713066008068,298268119.4,277192004.88,21076114.51999998,184093511.0,159.63886136205306,159.63800804654232,113561725.30000001,113561118.28,607.0200000107288,71136642.0,161.35626604431806,153.0983383299543,411829844.7,390753123.15999997,21076721.54000002,255230153.0,ok
2018-08-09,161.7946702386381,150.28041356211696,297953398.88,276749289.33000004,21204109.549999952,184155262.0,158.5361358225781,158.5353430433333,112817971.68,112817407.52,564.1600000113249,71162307.0,160.88644904808723,152.5812337849731,410771370.56,389566696.85,21204673.70999998,255317569.0,ok
2018-08-10,159.81061929823503,148.29267511650815,291940203.11,270899355.02,21040848.090000033,182678851.0,156.78163985426153,156.78083646301124,110605050.75999999,110604483.99000001,566.7699999809265,70547196.0,158.9667645327181,150.65742388262294,402545253.87,381503839.01,21041414.860000014,253226047.0,ok
2018-08-13,155.1411218051327,143.44252697945373,276078296.0,255260294.38000003,20818001.619999975,177953010.0,150.4375656285202,150.43700768911165,102276298.33,102275919.00999999,379.3200000077486,67985877.0,153.84089882865902,145.37603945080878,378354594.33,357536213.39,20818380.939999998,245938887.0,ok
2018-08-14,157.11649633222441,145.4358274747253,278949606.61,258211376.95999998,20738229.650000036,177543169.0,153.39283293197568,153.39221158985026,103351073.35000001,103350654.71,418.6400000154972,67376729.0,156.09212770454445,147.62460486979296,382300679.96000004,361562031.66999996,20738648.29000008,244919898.0,ok
2018-08-15,154.79025820864604,143.09623903238383,273422080.18,252765721.79000002,20656358.389999986,176640367.0,150.9913368872316,150.9907126572995,101022922.17999999,101022504.53,417.6499999910593,66906436.0,153.74663011281655,145.26498478405404,374445002.36,353788226.32000005,20656776.03999996,243546803.0,ok
2018-08-16,156.05742392691405,144.2144311182657,274485965.0,253655585.85000002,20830379.149999976,175887797.0,151.3337798586414,151.33319095116124,100505014.16999999,100504623.06,391.1099999845028,66412809.0,154.76270792735863,146.16563068356504,374990979.16999996,354160208.91,20830770.25999993,242300606.0,ok
2018-08-17,154.93868418089554,143.12867850872848,272415814.54,251651262.86,20764551.680000007,175821691.0,150.71207350206507,150.71148548337706,100128073.88,100127683.22,390.6599999964237,66436664.0,153.77958313140533,145.20817912760947,372543888.42,351778946.08000004,20764942.339999974,242258355.0,ok
2018-08-20,154.98357763677802,143.06190877284385,269850432.67,249092959.20000002,20757473.47,174115501.0,149.2242633323771,149.2235886030538,97804324.92999999,97803882.69999999,442.2300000041723,65541838.0,153.4085119755085,144.74701394393767,367654757.6,346896841.9,20757915.700000048,239657339.0,ok
2018-08-21,157.32964125359663,145.32866650313787,272650243.46000004,251852708.67000002,20797534.79000002,173298713.0,151.64678616033768,151.64606667610505,99037322.36000001,99036852.48,469.8800000101328,65307894.0,155.77421367045383,147.05777244047565,371687565.82000005,350889561.15000004,20798004.670000017,238606607.0,ok
2018-08-22,156.9328054973261,145.05414602886026,272660126.77,252021760.01000002,20638366.75999996,173743231.0,151.39890698157598,151.3981900812291,99007952.61,99007483.79,468.81999999284744,65395421.0,155.41949252938,146.78900331009643,371668079.38,351029243.8,20638835.579999983,239138652.0,ok
2018-08-23,156.3928922032746,144.3589503297168,271638767.55,250737017.52,20901750.03,173689970.0,150.64270390014522,150.64198527395502,98314574.52,98314105.52000001,468.99999998509884,65263416.0,154.82238953081838,146.07498511864569,369953342.07,349051123.04,20902219.02999997,238953386.0,ok
2018-08-24,156.2179827698647,144.19378170346386,271070796.55,250206298.73000002,20864497.819999993,173520866.0,149.65692288963643,149.65632229820974,97487701.86,97487310.63,391.2300000041723,65140790.0,154.4271939561167,145.68473846506788,368558498.41,347693609.36,20864889.050000012,238661656.0,ok
2018-08-27,159.46954935389735,147.3864098419209,275466044.26,254593754.49,20872289.76999998,172738962.0,152.95900966013915,152.95822128463655,99391522.44999999,99391010.17,512.2799999862909,64979188.0,157.68992258689545,148.9094394601338,374857566.71,353984764.66,20872802.049999952,237718150.0,ok
2018-08-28,160.04702469978722,148.00646150237918,276058290.1,255290035.93,20768254.170000017,172485737.0,153.36087258778747,153.3599428234502,99800554.00999999,99799948.96000001,605.0499999821186,65075630.0,158.21547453462836,149.47295066289124,375858844.11,355089984.89,20768859.22000003,237561367.0,ok
2018-08-29,161.18995131681575,149.12432603739938,278146721.97,257326477.95000002,20820244.02000001,172558351.0,154.54284449445035,154.5418542561266,100508266.44,100507622.43,644.0099999904633,65035859.0,159.370461262503,150.6072477018695,378654988.41,357834100.38,20820888.03000003,237594210.0,ok
2018-08-30,160.4762267297675,148.43324388885765,277454727.09000003,256633060.32000002,20821666.77000001,172894598.0,154.7456880899377,154.74442415064124,100577284.94,100576463.44,821.5,64995210.0,158.91055409570134,150.15755688028466,378032012.03000003,357209523.76,20822488.27000004,237889808.0,ok
2018-08-31,161.06649254832135,149.07032242076562,278595014.52,257845365.48999998,20749649.03,172968946.0,155.40670133701525,155.40545877324485,101201153.17,101200344.00999999,809.1600000113249,65120199.0,159.51847266703402,150.80305719103657,379796167.69,359045709.5,20750458.189999998,238089145.0,ok
2018-09-03,157.30225835359565,145.4034591959435,271677671.07,251127183.89,20550487.180000007,172710598.0,151.93943546784695,151.93819175189535,98604826.76,98604019.62,807.140000000596,64897455.0,155.83752030071133,147.1882788038333,370282497.83,349731203.51,20551294.319999993,237608053.0,ok
2018-09-04,158.40531619528088,146.30783985799397,273380846.44,252502643.60999998,20878202.830000013,172583126.0,153.95415350633473,153.95290806056954,99958978.68,99958170.04,808.640000000596,64927757.0,157.18851296595113,148.39775306211968,373339825.12,352460813.65,20879011.47000003,237510883.0,ok
2018-09-05,157.74703014083386,145.78894162589415,272599528.86,251934992.15,20664536.71000001,172808026.0,153.559258948523,153.55814249314815,99567869.57,99567145.66000001,723.9099999815226,64840030.0,156.6044362803456,147.90869478435792,372167398.43,351502137.81,20665260.620000005,237648056.0,ok
2018-09-06,156.28356722899758,144.31003113103665,269058830.19,248445110.70000002,20613719.48999998,172160666.0,152.50224946589034,152.5011281588343,98488659.62,98487935.46000001,724.1599999964237,64581775.0,155.252048706383,146.54450832497753,367547489.81,346933046.16,20614443.649999976,236742441.0,ok
2018-09-07,153.0698804803839,140.86926366513575,258413192.16,237816061.44,20597130.72,168820405.0,148.86257904232235,148.86142098166818,94813297.8,94812560.21000001,737.5899999886751,63691828.0,151.9173788847488,143.05854679482607,353226489.96,332628621.65,20597868.310000002,232512233.0,ok
2018-09-10,149.76692494414002,137.4064567953876,246352803.98999998,226020971.79000002,20331832.19999996,164490794.0,144.24155668834484,144.24035123609465,89136556.68,89135811.75,744.9300000071526,61796724.0,148.25800540620185,139.2727209726168,335489360.66999996,315156783.54,20332577.129999936,226287518.0,ok
2018-09-11,151.85849291348094,139.38464062529866,248297557.60000002,227902076.27000004,20395481.329999983,163505875.0,146.22076189252704,146.21951777307063,89121459.33,89120701.03999999,758.2900000065565,60949935.0,150.32759318192743,141.2406198396023,337419016.93,317022777.31000006,20396239.619999945,224455810.0,ok
2018-09-12,150.72483334625448,138.21038557258706,244711619.82,224393595.79,20318024.03,162356537.0,144.26534772956657,144.26413452504266,86891841.25,86891110.53,730.7199999988079,60230570.0,148.97694010192603,139.8484892119111,331603461.07,311284706.32,20318754.75,222587107.0,ok
2018-09-13,151.18856515805317,138.4881000416818,243864325.35,223378712.87,20485612.47999999,161298128.0,144.74649887278665,144.74515205186054,86772393.75999999,86771586.36999999,807.390000000596,59947836.0,149.44305113290113,140.18348341034596,330636719.11,310150299.24,20486419.870000005,221245964.0,ok
2018-09-14,155.0405511016482,142.16512405540522,250045704.64999998,229280522.86,20765181.78999996,161277616.0,149.16361932325745,149.16235573261957,89273364.12,89272607.87,756.25,59849288.0,153.44992519318228,144.05896567429897,339319068.77,318553130.73,20765938.03999996,221126904.0,ok
2018-09-17,154.8903382080115,142.159722127791,250365278.60000002,229787466.71999997,20577811.880000055,161640346.0,149.0375062257401,149.03622971177893,89519598.69,89518831.94999999,766.7400000095367,60065148.0,153.30467060505052,144.02272713638752,339884877.29,319306298.66999996,20578578.620000064,221705494.0,ok
2018-09-18,152.7871255910392,140.0749754562404,246371964.20999998,225873395.46,20498568.74999997,161251783.0,146.74939466556975,146.74811368221668,87728867.57000001,87728101.78,765.7900000065565,59781417.0,151.15413964056077,141.87981590095967,334100831.78,313601497.24,20499334.53999996,221033200.0,ok
2018-09-19,154.0550802574149,141.5218005510382,247386913.48000002,227260544.54000002,20126368.939999998,160583418.0,147.3128412705236,147.31123340920738,87972042.43,87971082.25,960.1800000071526,59717837.0,152.22743779194542,143.0911625038178,335358955.91,315231626.79,20127329.120000005,220301255.0,ok
2018-09-20,152.9634511760909,140.42508517324234,243756128.27,223775515.07,19980613.200000018,159355798.0,145.73867113943297,145.73714922986673,86020611.08,86019712.79,898.2899999916553,59023875.0,151.01073044925752,141.86083512452188,329776739.35,309795227.86,19981511.49000001,218379673.0,ok
2018-09-21,155.49333756718067,142.68138939320696,247128490.89,226766220.28,20362270.609999985,158931884.0,148.5477886669578,148.54627773147357,87300868.41999999,87299980.44999999,887.9699999988079,58769551.0,153.618353186326,144.26464425004824,334429359.30999994,314066200.73,20363158.579999924,217701435.0,ok
2018-09-24,,,,,,,,,,,,,,,,,,,data unavailable: TWSE MI_MARGN total 20180924: missing tables (keys=stat; stat='很抱歉，沒有符合條件的資料')
2018-09-25,156.65451634901905,144.10630415253797,249947887.5,229926765.83999997,20021121.660000026,159553579.0,149.54714676645017,149.54585840348474,88096526.8,88095767.83999999,758.9600000083447,58908865.0,154.73799894868887,145.57309158364993,338044414.3,318022533.67999995,20021880.620000064,218462444.0,ok
2018-09-26,157.02726462438017,144.45095274376797,250577845.07,230509068.24,20068776.829999983,159576011.0,149.27640617697173,149.2747185580041,88004511.02,88003516.1,994.9200000017881,58954066.0,154.93627272643113,145.75228669324088,338582356.09,318512584.34000003,20069771.74999994,218530077.0,ok
2018-09-27,156.16281519680055,143.52951023193938,248338121.44,228247991.67000002,20090129.76999998,159025131.0,148.26802423126856,148.26646606244495,87599970.58000001,87599049.98,920.6000000089407,59082173.0,154.0242283770561,144.81268433357923,335938092.02,315847041.65000004,20091050.369999945,218107304.0,ok
2018-09-28,156.3142143962595,143.85754710436595,248603591.24,228792390.85999998,19811200.380000025,159040937.0,148.8114186980503,148.8098413352627,87816280.41,87815349.58,930.8299999982119,59011789.0,154.28372661115,145.19779057474383,336419871.65,316607740.44,19812131.20999998,218052726.0,ok
2018-10-01,157.24241946272898,144.97957684381782,251340726.94,231739452.75,19601274.189999998,159842826.0,150.85788949611938,150.85688349346577,89350822.84,89350227.0,595.8400000035763,59228472.0,155.51628756953818,146.5685750170705,340691549.78,321089679.75,19601870.02999997,219071298.0,ok
2018-10-02,155.63662399008044,143.5098151345525,249086778.12,229678571.56,19408206.560000002,160043807.0,150.09211320342328,150.09113173465474,88929539.55,88928958.03,581.5199999958277,59249975.0,154.1385782064719,145.28799069642568,338016317.67,318607529.59000003,19408788.079999983,219293782.0,ok
2018-10-03,154.81745795031065,142.72164144572022,246297434.20999998,227054329.4,19243104.809999973,159088928.0,147.9802599360153,147.97933396358818,87218262.97999999,87217717.22,545.7599999904633,58939120.0,152.96917082429687,144.14294376473984,333515697.18999994,314272046.62,19243650.569999933,218028048.0,ok
2018-10-04,153.7116987526541,141.54880667787103,242646542.36,223446418.15999997,19200124.200000048,157858214.0,146.6288216937402,146.62787180665208,86116853.33,86116295.44999999,557.8800000101328,58731191.0,151.79107938820923,142.92606492455158,328763395.69,309562713.60999995,19200682.080000043,216589405.0,ok
2018-10-05,150.1634183305064,137.75726781690182,230970089.79999998,211887881.03,19082208.76999998,153812488.0,141.76552335179304,141.76458774506864,80663033.28999999,80662500.94,532.3499999940395,56898907.0,147.89571446290316,138.83937409744738,311633123.09,292550381.97,19082741.119999945,210711395.0,ok
2018-10-08,150.49813894889718,137.86583765618207,230283324.67000002,210954126.58,19329198.090000004,153014068.0,140.9537256787181,140.95278032307377,78849223.78,78848694.95,528.8299999982119,55939794.0,147.94296955851433,138.6922542403165,309132548.45000005,289802821.53000003,19329726.920000017,208953862.0,ok
2018-10-09,149.94524324630154,137.22079174962454,226355325.44,207146664.35,19208661.090000004,150958657.0,138.92221334616133,138.92127302517102,76228963.47,76228447.5,515.9699999988079,54871688.0,147.006647105411,137.6741179003514,302584288.90999997,283375111.85,19209177.059999943,205830345.0,ok
2018-10-10,,,,,,,,,,,,,,,,,,,data unavailable: TWSE MI_MARGN total 20181010: missing tables (keys=stat; stat='很抱歉，沒有符合條件的資料')
2018-10-11,142.5559444778707,129.59771639494525,198267687.15,180245303.58,18022383.569999993,139080617.0,133.01192829158322,133.0106560251818,65955711.09,65955080.22,630.8700000047684,49586313.0,140.04754211032107,130.49472093493014,264223398.24,246200383.8,18023014.439999998,188666930.0,ok
2018-10-12,147.13820271107488,133.89454561489106,201011393.07999998,182918702.58,18092690.49999997,136614006.0,138.00872108587754,138.00750475064115,66140831.39,66140248.45999999,582.9300000071526,47925110.0,144.76726141356394,134.96268782386497,267152224.46999997,249058951.04000002,18093273.429999948,184539116.0,ok
2018-10-15,147.54105555205643,134.34133154704617,201011230.97,183027810.96,17983420.00999999,136240879.0,139.06262483770993,139.05970604961675,66296571.14,66295179.64,1391.5,47673896.0,145.343299422246,135.56441596386153,267307802.11,249322990.60000002,17984811.50999999,183914775.0,ok
2018-10-16,148.71244869285087,135.12221341222437,202589579.87999997,184075729.29,18513850.589999974,136229066.0,140.78578673270752,140.78224992427792,67090827.5,67089142.04999999,1685.4500000104308,47654546.0,146.65820648552412,136.5890459776263,269680407.38,251164871.33999997,18515536.04000002,183883612.0,ok
2018-10-17,149.17910488310577,135.41604362108012,202616732.54999998,183923588.46,18693144.089999974,135821121.0,141.69432342419694,141.69074761581,67267199.37,67265501.81,1697.5600000023842,47473461.0,147.2405397776569,137.0411975788788,269883931.91999996,251189090.27,18694841.649999946,183294582.0,ok
2018-10-18,148.2154662761924,133.80087805163495,195538382.14,176521437.88000003,19016944.25999996,131928460.0,141.0501539782593,141.04656725898766,66943702.15,66941999.86,1702.289999999106,47460921.0,146.31974469547893,135.7178648941322,262482084.29,243463437.74,19018646.549999982,179389381.0,ok
2018-10-19,148.62456290809035,133.88581612390456,194834903.09,175513586.04,19321317.050000012,131091994.0,139.90293477177963,139.8993146090165,66168794.22,66167082.02,1712.1999999955297,47296216.0,146.31219031235304,135.48018002983494,261003697.31,241680668.06,19323029.25,178388210.0,ok
2018-10-22,150.63979984765965,136.09235381902602,196913080.49,177896974.43,19016106.060000002,130717832.0,142.00737507589935,142.00420507135541,67098612.53,67097114.699999996,1497.8300000056624,47250090.0,148.34791014753773,137.6619372619297,264011693.02,244994089.13,19017603.890000015,177967922.0,ok
2018-10-23,146.60968165047373,132.0253785570978,192103686.27,172993772.42000002,19109913.849999994,131030696.0,137.86635759147964,137.86335627226822,64853687.08,64852275.230000004,1411.8499999940395,47040981.0,144.29996823694765,133.5675901170965,256957373.35000002,237846047.65000004,19111325.699999988,178071677.0,ok
2018-10-24,146.1923197002977,131.31891762926378,190808556.39,171395960.82,19412595.569999993,130518865.0,138.78071422566438,138.77760299995836,65090168.68000001,65088709.47,1459.2100000083447,46901451.0,144.2330454816685,133.29063752202987,255898725.07,236484670.29,19414054.78,177420316.0,ok
2018-10-25,142.26660134407086,127.2305017749778,180136219.32,161097695.14000002,19038524.179999977,126618769.0,135.01560162349526,135.01235256605804,61141164.42,61139693.10000001,1471.3199999928474,45284518.0,140.35646900690156,129.28047631805902,241277383.74,222237388.24,19039995.5,171903287.0,ok
2018-10-26,141.80380358905091,126.66222489743402,181932686.13,162506210.85999998,19426475.27000001,128298876.0,134.12663046511182,134.12299569918198,59701818.04,59700200.150000006,1617.8899999931455,44511532.0,139.82636055694053,128.58392823770197,241634504.17,222206411.01,19428093.159999996,172810408.0,ok
2018-10-29,141.57670182767822,126.05606840087047,181590921.48000002,161683647.97,19907273.51000002,128263280.0,135.00760192328374,135.00356663978076,59215159.099999994,59213389.2,1769.8999999910593,43860611.0,139.9027637482353,128.3360699590506,240806080.58,220897037.17000002,19909043.409999996,172123891.0,ok
2018-10-30,141.70033509867113,125.7542387525163,180244725.03,159961076.8,20283648.22999999,127201340.0,134.3005134677976,134.29641656322943,58439949.82,58438167.08,1782.7400000020862,43514316.0,139.81416844978764,127.93158459936444,238684674.85,218399243.88,20285430.97,170715656.0,ok
2018-10-31,145.89311487970627,129.6418405508643,184696926.69,164123231.86,20573694.829999983,126597425.0,141.03656123888905,141.03169049565162,60941082.92,60938978.300000004,2104.619999997318,43209422.0,144.65730560911953,132.54012670054468,245638009.61,225062210.16000003,20575799.449999988,169806847.0,ok
2018-11-01,148.99491207747477,132.77715934746774,186724391.55,166399871.95,20324519.600000024,125322663.0,145.18832932034786,145.1832334714554,62278409.0,62276223.14,2185.859999999404,42894914.0,148.0242463306911,135.94066634903436,249002800.55,228676095.08999997,20326705.46000004,168217577.0,ok
2018-11-02,150.64192384103083,134.1701617818699,188021071.97,167462131.4,20558940.569999993,124813244.0,147.2348422337907,147.2299583049328,62781019.18,62778936.67,2082.509999997914,42640056.0,149.77434971421883,137.49568869051848,250802091.15,230241068.07,20561023.080000013,167453300.0,ok
2018-11-05,150.2888834815249,134.02525908027957,187864672.20999998,167534755.61,20329916.599999964,125002374.0,146.47764584808738,146.47272347726928,62295921.83,62293828.379999995,2093.4500000029802,42529303.0,149.32136925961768,137.18515095506388,250160594.03999996,229828583.99,20332010.049999952,167531677.0,ok
2018-11-06,147.5163737576809,131.24493643525219,185102859.84,164685535.95000002,20417323.889999986,125479535.0,144.0099239581013,144.00484731687214,61296623.089999996,61294462.260000005,2160.8299999907613,42564166.0,146.62821722189992,134.47692288686267,246399482.93,225979998.21000004,20419484.71999997,168043701.0,ok
2018-11-07,150.84210754049582,134.3328689810398,189191375.33,168484918.76,20706456.570000023,125423450.0,149.1175387592999,149.11255855328446,63719660.04000001,63717531.940000005,2128.10000000149,42731164.0,150.4038630602191,138.08865851281368,252911035.37,232202450.7,20708584.670000017,168154614.0,ok
2018-11-08,150.9557775067209,134.18638905841013,187503540.41,166674130.92,20829409.49000001,124210907.0,147.47049419511265,147.4652149749817,62983952.010000005,62981697.28,2254.7300000041723,42709528.0,150.06400649507054,137.58401013033543,250487492.42000002,229655828.2,20831664.22000003,166920435.0,ok
2018-11-09,150.41140905339327,133.66523501054928,187302631.85,166449144.13,20853487.72,124526878.0,148.37534398693776,148.37033247750847,63285673.410000004,63283535.88,2137.530000001192,42652419.0,149.89194819978218,137.41694344485728,250588305.26,229732680.01,20855625.25,167179297.0,ok
2018-11-12,149.56024703271152,132.56601218770757,186339015.68,165165682.15,21173333.53,124591273.0,147.88553200571332,147.8806734521152,62978726.39,62976657.32,2069.070000000298,42586131.0,149.1336365469582,136.46721028758168,249317742.07,228142339.47,21175402.599999994,167177404.0,ok
2018-11-13,149.97555488501084,132.87268330213396,185873288.27,164676720.72,21196567.550000012,123935723.0,147.86607607697684,147.86097832373684,62671507.41,62669346.78,2160.6299999952316,42383966.0,149.4379872728117,136.69221537565525,248544795.68,227346067.5,21198728.180000007,166319689.0,ok
2018-11-14,150.3726562789845,133.416239912646,186607155.28,165564841.47,21042313.810000002,124096468.0,148.27783759836765,148.2725918867034,63157506.63,63155272.27,2234.359999999404,42594030.0,149.8373721998239,137.2124485104124,249764661.91,228720113.74,21044548.169999987,166690498.0,ok
2018-11-15,151.39472612524466,134.26836024100078,188466107.77,167146081.63,21320026.140000015,124486574.0,149.73113004417536,149.72594819005693,63736632.58,63734426.8,2205.780000001192,42567389.0,150.9708215362721,138.2071423411847,252202740.35000002,230880508.43,21322231.920000017,167053963.0,ok
2018-11-16,151.8772431061477,134.74310641721044,188753980.89000002,167459569.40999997,21294411.48000005,124280621.0,150.16617699462068,150.16093073140638,63974279.76,63972044.730000004,2235.0299999937415,42602323.0,151.4404375860004,138.67900972552354,252728260.65,231431614.14,21296646.51000002,166882944.0,ok
2018-11-19,153.51696539970737,136.3066666447293,190344607.71000004,169005679.10000002,21338928.610000014,123989298.0,152.2125693230652,152.20724294613171,64860941.809999995,64858672.129999995,2269.679999999702,42612080.0,153.18333652678433,140.37359956890634,255205549.52000004,233864351.23000002,21341198.29000002,166601378.0,ok
2018-11-20,152.39605936526303,135.2466643200381,189900693.0,168530835.95000002,21369857.049999982,124609976.0,151.94647116980406,151.94079772527968,64731945.42999999,64729528.44,2416.9899999946356,42601809.0,152.2815143860823,139.49995473704203,254632638.43,233260364.39000002,21372274.03999999,167211785.0,ok
2018-11-21,153.29566668368054,136.24246916153044,191343140.67999998,170057396.32,21285744.359999985,124819667.0,154.60533706477023,154.59952490023582,66168253.44,66165765.94,2487.5,42798169.0,153.63006722029272,140.9296098178955,257511394.11999997,236223162.26,21288231.859999985,167617836.0,ok
2018-11-22,151.519678251063,134.33830659060055,189548329.53,168054749.72000003,21493579.809999973,125098160.0,152.72354380493138,152.7181120923801,64832213.410000004,64829907.61000001,2305.7999999970198,42450700.0,151.82469337004142,138.99507124667997,254380542.94,232884657.33000004,21495885.609999955,167548860.0,ok
2018-11-23,149.4635385105427,132.20288601399045,186688894.52999997,165129307.72,21559586.809999973,124905978.0,151.1022285248299,151.09648502578054,64028050.76,64025617.01,2433.75,42373995.0,149.87863806625552,136.9888580326349,250716945.28999996,229154924.73,21562020.559999973,167279973.0,ok
2018-11-26,152.3737096149764,135.10012232497942,190162919.86,168605422.81,21557497.050000012,124800348.0,153.82826497037632,153.82264214881823,65094976.18,65092596.79,2379.390000000596,42316655.0,152.74202592060607,139.84095897172116,255257896.04000002,233698019.6,21559876.440000027,167117003.0,ok
2018-11-27,153.24594924725102,135.9743662367982,192339850.61,170662189.88,21677660.73000002,125510561.0,157.3618325789946,157.35619270424127,66763914.15,66761521.32,2392.829999998212,42427006.0,154.28576785324037,141.37617654065454,259103764.76000002,237423711.2,21680053.560000032,167937567.0,ok
2018-11-28,155.63625565546724,138.4329321835135,195305644.70000002,173717447.48000002,21588197.22,125488527.0,159.29354508870392,159.2857504998483,67230326.55000001,67227036.82,3289.7300000190735,42205305.0,156.55672490685288,143.68118458882853,262535971.25000003,240944484.3,21591486.950000018,167693832.0,ok
2018-11-29,156.25023319257895,138.83469355048751,195608802.87,173806385.1,21802417.77000001,125189447.0,160.345479817848,160.3382656462342,67253704.6,67250678.76,3025.839999988675,41943000.0,157.27796259095038,144.23115809463377,262862507.47,241057063.86,21805443.609999985,167132447.0,ok
2018-11-30,156.83235647305196,139.67565433168443,196979858.86,175431213.90999997,21548644.950000048,125598992.0,161.80153225093906,161.79459429955082,68031047.98,68028130.85,2917.130000010133,42045985.0,158.07864427694724,145.22316690705262,265010906.84000003,243459344.75999996,21551562.080000073,167644977.0,ok
2018-12-03,163.08174044216946,145.21473048485038,204883685.5,182436912.25,22446773.25,125632511.0,166.3904136570571,166.38139223702413,70521462.0,70517638.44,3823.560000002384,42383128.0,163.916376558256,150.55416995438145,275405147.5,252954550.69,22450596.810000002,168015639.0,ok
2018-12-04,161.33377664303254,143.7304271261928,203479426.65,181277507.49,22201919.159999996,126123265.0,165.29707439004906,165.28746766186475,70503855.34,70499757.8,4097.5400000065565,42652815.0,162.33537476993186,149.17828716604868,273983281.99,251777265.29000002,22206016.699999988,168776080.0,ok
2018-12-05,158.8766707153228,141.87959292868692,202087569.49,180467666.94,21619902.550000012,127197762.0,162.3187418472579,162.3147569794542,69803447.86,69801734.21000001,1713.6499999910593,43003936.0,159.74636008037947,147.04283452565792,271891017.35,250269401.15,21621616.200000018,170201698.0,ok
2018-12-06,153.16658653181642,136.38649529317777,195366526.75,173963241.49,21403285.25999999,127551662.0,156.60462336266357,156.60151253328758,66814086.230000004,66812759.019999996,1327.2100000083447,42664185.0,154.02832203983922,141.45333983503897,262180612.98000002,240776000.51,21404612.47000003,170215847.0,ok
2018-12-07,154.26537669840815,137.46357582752074,197901118.71999997,176346734.58,21554384.139999956,128286154.0,159.76647428765395,159.76360359796084,68666938.86,68665705.05,1233.8100000023842,42979567.0,155.6458910887369,143.05982434745363,266568057.57999998,245012439.63,21555617.949999988,171265721.0,ok
2018-12-10,151.7733326165448,135.0934361914481,194688550.7,173292269.78,21396280.919999987,128275862.0,157.71989214309048,157.71698684154677,67481364.32000001,67480121.27,1243.050000011921,42785576.0,153.26067527855108,140.75199756592718,262169915.01999998,240772391.05,21397523.96999997,171061438.0,ok
2018-12-11,152.64478827538068,135.91790452370452,196344051.22,174828582.81,21515468.409999996,128628074.0,159.52719391355578,159.5242794273606,68427610.51,68426360.37,1250.140000000596,42894010.0,154.36593093749957,141.8213547242115,264771661.73000002,243254943.18,21516718.550000012,171522084.0,ok
2018-12-12,155.86993126123377,139.0747549615722,201074232.96000004,179408237.7,21665995.26000005,129001297.0,163.22200889331592,163.2188363982647,70788813.97999999,70787438.08,1375.8999999910593,43369650.0,157.71976175312193,145.14956269283593,271863046.94000006,250195675.77999997,21667371.160000086,172370947.0,ok
2018-12-13,155.77735688272648,139.14771910441738,199757272.38,178432664.3,21324608.079999983,128232547.0,163.60308905771274,163.59971960971458,70941083.94,70939622.89,1461.0499999970198,43361702.0,157.75491189101564,145.326716159351,270698356.32,249372287.19,21326069.129999995,171594249.0,ok
2018-12-14,154.38148432630814,137.89428569487606,198391741.2,177204459.2,21187282.0,128507471.0,162.1357955421495,162.13257357922828,70539947.13000001,70538545.36,1401.7700000107288,43506708.0,156.34274447224493,144.02475772651277,268931688.33,247743004.56,21188683.76999998,172014179.0,ok
2018-12-17,154.2391424657544,137.46882881605956,198790720.83,177176345.35,21614375.48000002,128884742.0,162.3408241349892,162.33757303422254,70882468.19,70881048.67,1419.5199999958277,43662750.0,156.2892545665051,143.76180792010584,269673189.02,248057394.01999998,21615795.0,172547492.0,ok
2018-12-18,152.70386827120117,135.96491263334184,197142781.39999998,175532560.85000002,21610220.549999952,129101367.0,159.63620596482795,159.63349804605272,69573526.09,69572345.91,1180.1800000071526,43582548.0,154.4534750037373,141.93846992639703,266716307.48999998,245104906.76000002,21611400.72999996,172683915.0,ok
2018-12-19,152.5305242776452,135.8267524773538,196886812.57,175325538.82999998,21561273.74000001,129080270.0,159.0235930721023,159.0208828932573,69268100.96,69266920.45,1180.5099999904633,43558380.0,154.16878753975428,141.67885307258828,266154913.52999997,244592459.27999997,21562454.25,172638650.0,ok
2018-12-20,149.8833038527872,133.58658541733314,192799165.42,171836232.04000002,20962933.379999965,128632850.0,156.07537947973054,156.07257843791282,67665272.75,67664058.38,1214.3700000047684,43354226.0,151.44419233570784,139.25481843763657,260464438.17,239500290.42000002,20964147.74999997,171987076.0,ok
2018-12-21,149.64284330977856,133.8728793091139,192347395.68,172077054.39000002,20270341.28999999,128537651.0,158.5223972676584,158.5193704122279,68827249.69,68825935.49,1314.2000000029802,43417997.0,151.88488916048863,140.0960030577187,261174645.37,240902989.88,20271655.49000001,171955648.0,ok
2018-12-24,150.4501205722403,134.77402600957205,192608013.64999998,172539293.04,20068720.609999985,128021176.0,158.345398977264,158.3426649816851,69204117.15,69202922.27,1194.8800000101328,43704533.0,152.45948456092847,140.77229129972613,261812130.79999998,241742215.31,20069915.48999998,171725709.0,ok
2018-12-25,149.1005723311015,134.0602952229542,189892693.75,170737577.91,19155115.840000004,127358796.0,156.5813897488117,156.57769966324832,68152909.52000001,68151303.38999999,1606.130000025034,43525549.0,151.00599371463784,139.7956502686071,258045603.27,238888881.29999998,19156721.97000003,170884345.0,ok
2018-12-26,147.6398947391961,132.435888298314,187956521.69,168600695.32999998,19355826.360000014,127307407.0,154.62335396825685,154.61965692190375,67195280.15,67193673.50999999,1606.6400000154972,43457394.0,149.41709318655197,138.08136539801313,255151801.84,235794368.83999997,19357433.00000003,170764801.0,ok
2018-12-27,149.83744337637444,134.45990296237292,189851956.67,170367800.57,19484156.099999994,126705283.0,157.88355585357456,157.87980496616413,68748545.58,68746912.30000001,1633.279999986291,43543829.0,151.89536039988275,140.44990312196165,258600502.25,239114712.87,19485789.379999995,170249112.0,ok
2018-12-28,150.3514031673953,134.86279705715634,190003178.79000002,170429803.79,19573375.00000003,126372734.0,157.89668515865372,157.8930443773037,68804761.1,68803174.6,1586.5,43575811.0,152.28605804774617,140.76788853355583,258807939.89000002,239232978.39,19574961.50000003,169948545.0,ok
2018-12-31,,,,,,,,,,,,,,,,,,,data unavailable: TWSE MI_MARGN total 20181231: missing tables (keys=stat; stat='很抱歉，沒有符合條件的資料')
2019-01-01,,,,,,,,,,,,,,,,,,,data unavailable: TWSE MI_MARGN total 20190101: missing tables (keys=stat; stat='很抱歉，沒有符合條件的資料')
2019-01-02,149.29013718367554,134.0158075574389,190110748.4,170659937.44,19450810.96000001,127343140.0,157.0510511557232,157.0475096155467,68397030.02,68395487.65,1542.3699999898672,43550826.0,151.26793793292853,139.8852345026623,258507778.42000002,239055425.09,19452353.330000013,170893966.0,ok
2019-01-03,147.94316203515837,132.60712310043476,187914950.04,168435367.81,19479582.22999999,127018341.0,155.52494926770993,155.52228479941937,67268478.45,67267326.0,1152.4500000029802,43252532.0,149.86910209240546,138.42807619245602,255183428.49,235702693.81,19480734.680000007,170270873.0,ok
2019-01-04,146.6129160625866,131.25852864006475,184958993.52,165588721.65,19370271.870000005,126154638.0,155.36482199201936,155.3614069420307,67064757.309999995,67063283.17,1474.1399999931455,43165986.0,148.8440952296514,137.40322904786836,252023750.83,232652004.82,19371746.01000002,169320624.0,ok
2019-01-07,149.70875627917752,134.03029202700355,188733141.66,168967792.67000002,19765348.98999998,126066869.0,158.836733077974,158.83362459774432,68686785.03999999,68685440.82000001,1344.2199999839067,43243640.0,152.04013514601152,140.3653174830394,257419926.7,237653233.49,19766693.20999998,169310509.0,ok
2019-01-08,150.49395402825965,134.90514891108498,189680021.26,170032156.3,19647864.95999998,126038300.0,159.73601780166874,159.73277795516455,69468245.31,69466836.32000001,1408.9899999946356,43489406.0,152.86484592081956,141.27424848183813,259148266.57,239498992.62,19649273.949999988,169527706.0,ok
2019-01-09,152.3441905568674,136.61217023802465,190339415.15999997,170683768.72,19655646.439999968,124940383.0,160.42237975571365,160.41921037633497,69623786.06,69622410.53999999,1375.5200000107288,43400295.0,154.4268469799082,142.74991767586914,259963201.21999997,240306179.26,19657021.95999998,168340678.0,ok
2019-01-10,152.79818732990108,137.30285897831735,191427330.85,172014604.82999998,19412726.02000001,125281153.0,160.4820033285144,160.47863119232852,69973419.26,69971948.94,1470.3200000077486,43602035.0,154.78198464017626,143.28634876906753,261400750.11,241986553.76999998,19414196.340000033,168883188.0,ok
2019-01-11,152.78900075729584,137.14738050671568,190261989.83,170784110.02,19477879.810000002,124525973.0,159.68515530029842,159.68185195153617,69558432.08,69556993.15,1438.9299999922514,43559736.0,154.5761525210927,142.98723228754685,259820421.91000003,240341103.17000002,19479318.74000001,168085709.0,ok
2019-01-14,152.13095715494137,136.54527597801456,190156547.81,170675178.70999998,19481369.100000024,124995301.0,159.6863724380598,159.68326433767567,70012608.89,70011246.18,1362.7099999934435,43843822.0,154.09293301055584,142.55370474176178,260169156.7,240686424.89,19482731.810000002,168839123.0,ok
2019-01-15,154.2393655143138,138.50835645628726,192075296.77000004,172485367.68,19589929.090000033,124530658.0,160.66527385815274,160.66239889194583,70638226.05,70636962.03999999,1264.0100000053644,43966082.0,155.91608645959562,144.28904067817575,262713522.82000005,243122329.72,19591193.100000054,168496740.0,ok
2019-01-16,154.7277630897899,139.1574113038539,192361700.23,173004221.76000002,19357478.46999997,124322679.0,162.0012859720413,161.99847336198172,71177555.69,71176319.93,1235.7599999904633,43936414.0,156.62705130592855,145.12175082864619,263539255.92,244180541.69000003,19358714.22999996,168259093.0,ok
2019-01-17,154.17034391888478,138.64607693952613,191184667.02999997,171933222.57,19251444.45999998,124008718.0,160.89864972642616,160.89595113599597,70881275.88000001,70880087.06,1188.8200000077486,44053369.0,155.9340048597635,144.47833771694147,262065942.90999997,242813309.63,19252633.27999997,168062087.0,ok
2019-01-18,155.68984080939916,140.15140399189835,191639886.14,172513498.4,19126387.73999998,123090810.0,162.1670898938392,162.16444662245914,71931481.44,71930308.98,1172.4599999934435,44356399.0,157.40564990844368,145.98261078212417,263571367.57999998,244443807.38,19127560.199999988,167447209.0,ok
2019-01-21,155.76971083952864,140.34414793453814,191167090.97,172236196.31,18930894.659999996,122724174.0,162.80585414792765,162.80341358159467,72194312.11999999,72193229.88,1082.2399999946356,44343806.0,157.63727022377356,146.3053699398293,263361403.08999997,244429426.19,18931976.899999976,167067980.0,ok
2019-01-22,154.79983934257535,139.4112102945206,189857829.54999998,170984090.89999998,18873738.650000006,122647304.0,160.77693268770338,160.7745431961041,70878687.63,70877634.22000001,1053.4099999815226,44085110.0,156.3802208129728,145.05981129740016,260736517.17999998,241861725.12,18874792.059999973,166732414.0,ok
2019-01-23,155.29893351229802,140.11932048005676,189834130.2,171278892.43,18555237.76999998,122237884.0,162.08115049307577,162.07948190238787,71669292.73,71668554.91,737.8200000077486,44218154.0,157.1005930887289,145.95291961713036,261503422.93,242947447.34,18555975.590000004,166456038.0,ok
2019-01-24,155.94552275617036,140.76588757146973,190614802.72,172060482.5,18554320.22,122231661.0,163.14956420714543,163.14781800636592,72167162.19999999,72166389.78999999,772.4099999964237,44233745.0,157.8598047692864,146.71328906019068,262781964.92,244226872.29,18555092.629999995,166465406.0,ok
2019-01-25,157.0740592361636,141.8999675912004,190022546.91,171665476.65,18357070.25999999,120976403.0,164.76661064412235,164.76488288095942,72293630.78999999,72292872.71000001,758.0799999833107,43876384.0,159.12146981172967,147.9855777991791,262316177.7,243958349.36,18357828.339999974,164852787.0,ok
2019-01-28,158.21771153709977,143.29476817051906,190768755.83,172775629.07,17993126.76000002,120573578.0,164.7491848790064,164.7475206264711,72031193.79,72030466.15,727.640000000596,43721730.0,159.9558458601873,149.0037044880186,262799949.62,244806095.22,17993854.400000006,164295308.0,ok
2019-01-29,157.07490437746935,142.09875534197036,188549371.09,170572320.63,17977050.46000001,120037871.0,164.41685628301897,164.41392687959043,71658814.57,71657537.83000001,1276.7399999797344,43583618.0,159.03056942600003,148.04281512191838,260208185.66,242229858.46,17978327.199999988,163621489.0,ok
2019-01-30,157.69251748337595,142.9376641533226,186139328.29000002,168722785.44,17416542.850000024,118039417.0,165.29778057968994,165.2936870313193,71011184.35,71009425.78,1758.5699999928474,42959551.0,159.72183911141593,148.90294900523836,257150512.64000002,239732211.22,17418301.420000017,160998968.0,ok
2019-01-31,,,,,,,,,,,,,,,,,,,data unavailable: TWSE MI_MARGN total 20190131: missing tables (keys=stat; stat='很抱歉，沒有符合條件的資料')
2019-02-01,,,,,,,,,,,,,,,,,,,data unavailable: TWSE MI_MARGN total 20190201: missing tables (keys=stat; stat='很抱歉，沒有符合條件的資料')
2019-02-04,,,,,,,,,,,,,,,,,,,data unavailable: TWSE MI_MARGN total 20190204: missing tables (keys=stat; stat='很抱歉，沒有符合條件的資料')
2019-02-05,,,,,,,,,,,,,,,,,,,data unavailable: TWSE MI_MARGN total 20190205: missing tables (keys=stat; stat='很抱歉，沒有符合條件的資料')
2019-02-06,,,,,,,,,,,,,,,,,,,data unavailable: TWSE MI_MARGN total 20190206: missing tables (keys=stat; stat='很抱歉，沒有符合條件的資料')
2019-02-07,,,,,,,,,,,,,,,,,,,data unavailable: TWSE MI_MARGN total 20190207: missing tables (keys=stat; stat='很抱歉，沒有符合條件的資料')
2019-02-08,,,,,,,,,,,,,,,,,,,data unavailable: TWSE MI_MARGN total 20190208: missing tables (keys=stat; stat='很抱歉，沒有符合條件的資料')
2019-02-11,159.26279630211872,144.57031655400507,187921835.48999998,170585471.78,17336363.70999998,117994811.0,167.832878080294,167.82782036305252,72695144.56,72692953.86,2190.7000000029802,43314007.0,161.56400082852258,150.81532966164318,260616980.04999998,243278425.64,17338554.409999996,161308818.0,ok
2019-02-12,160.76111528534852,145.8232759658497,191427331.72000003,173640003.5,17787328.22000003,119075643.0,170.0124290721529,170.00693680608637,74232584.71000001,74230186.62,2398.0900000035763,43663034.0,163.24325681349862,152.31178886872726,265659916.43000004,247870190.12,17789726.310000032,162738677.0,ok
2019-02-13,162.9949485466842,148.02028505616403,195344063.74,177397424.01000002,17946639.72999999,119846698.0,172.5376684623381,172.53201669566567,75850714.77000001,75848230.14999999,2484.6200000196695,43961829.0,165.5559594342729,154.5985784732684,271194778.51,253245654.16000003,17949124.349999964,163808527.0,ok
2019-02-14,163.33060754382564,148.89092245181027,195861264.27999997,178545618.3,17315645.97999996,119917061.0,171.52923355720236,171.52315573541608,75862848.20000002,75860160.14,2688.0600000172853,44227358.0,165.5396596091397,154.98899078621736,271724112.48,254405778.44,17318334.04000002,164144419.0,ok
2019-02-15,161.56576020875272,147.14168699939222,194185334.64,176849090.38,17336244.25999999,120189658.0,170.89051477954476,170.88491432218083,75777651.15,75775167.75,2483.4000000059605,44342807.0,164.0788556775102,153.54067547094732,269962985.78999996,252624258.13,17338727.659999967,164532465.0,ok
2019-02-18,163.25678592483067,148.6733229367343,196841122.99,179257625.83,17583497.159999996,120571480.0,172.220568520325,172.2153240247134,76989505.34,76987160.84,2344.5,44704013.0,165.68132598460926,155.0410057890434,273830628.33000004,256244786.67000002,17585841.660000026,165275493.0,ok
2019-02-19,163.97142061017647,149.60623287913955,197946990.92000002,180605275.67000002,17341715.25,120720422.0,172.79584555172823,172.79024322158315,77932749.34,77930222.63,2526.7100000083447,45101055.0,166.3715371803135,155.91194999427006,275879740.26,258535498.3,17344241.95999998,165821477.0,ok
2019-02-20,165.1457945146799,150.52321348392758,200109375.47,182390997.8,17718377.669999987,121171342.0,173.50117339897224,173.49359786794892,78729885.97,78726448.41,3437.560000002384,45377149.0,167.42226829302226,156.7816343709773,278839261.44,261117446.21,17721815.22999999,166548491.0,ok
2019-02-21,166.16573669756139,151.57434916508907,202018089.74,184278426.35000002,17739663.389999986,121576261.0,173.99895457625445,173.99044012041475,79935507.75,79931596.19,3911.560000002384,45940223.0,168.31394186258112,157.72180518067705,281953597.49,264210022.54000002,17743574.949999988,167516484.0,ok
2019-02-22,165.2599165494589,150.52461873125273,201539350.01,183569219.04000002,17970130.96999997,121952954.0,172.9090448717756,172.90007440696263,79914149.63,79910003.71000001,4145.919999986887,46217449.0,167.36208905915507,156.67395573167536,281453499.64,263479222.75000003,17974276.889999956,168170403.0,ok
2019-02-25,167.57650771091392,153.30945238518825,203184600.2,185885958.69,17298641.50999999,121248857.0,174.00999298769423,174.00093044342896,79886757.53,79882596.98,4160.54999999702,45909293.0,169.34343777434725,158.99228106436928,283071357.73,265768555.67000002,17302802.060000002,167158150.0,ok
2019-02-26,166.30309916215202,151.92563887231407,201489139.69,184069728.26999998,17419411.420000017,121157778.0,172.9893073247201,172.98027151785823,79426877.97000001,79422729.24000001,4148.730000004172,45914328.0,168.14058575403365,157.71181905733562,280916017.66,263492457.51,17423560.150000036,167072106.0,ok
2019-02-27,165.77173927376717,151.04010546756396,201014232.5,183150704.76,17863527.74000001,121259651.0,172.77320033709637,172.76371550056336,79463197.92999999,79458835.59,4362.339999988675,45992780.0,167.69707247483896,157.01388540654455,280477430.43,262609540.35,17867890.080000013,167252431.0,ok
2019-02-28,,,,,,,,,,,,,,,,,,,data unavailable: TWSE MI_MARGN total 20190228: missing tables (keys=stat; stat='很抱歉，沒有符合條件的資料')
2019-03-01,,,,,,,,,,,,,,,,,,,data unavailable: TWSE MI_MARGN total 20190301: missing tables (keys=stat; stat='很抱歉，沒有符合條件的資料')
2019-03-04,167.11439121811094,152.09770403232133,204695374.65,186301707.96999997,18393666.680000037,122488179.0,173.5806487466486,173.570705717791,80726027.50999999,80721403.37,4624.139999985695,46506352.0,168.8938692104776,158.0069542842188,285421402.15999997,267023111.33999997,18398290.819999993,168994531.0,ok
2019-03-05,165.94573760902065,150.46691192311036,205631532.98,186450958.05,19180574.929999977,123914923.0,172.9193574905921,172.90873810679352,80761119.59,80756159.86,4959.730000004172,46704499.0,167.8546611006571,156.61002409795998,286392652.57,267207117.91000003,19185534.659999967,170619422.0,ok
2019-03-06,166.5061802707691,151.1928261307313,206607065.84,187605686.06,19001379.78,124083722.0,172.9617847782671,172.95361345830926,81063004.58,81059174.88,3829.7000000029802,46867581.0,168.27603263135117,157.1587090740104,287670070.42,268664860.94,19005209.48000002,170951303.0,ok
2019-03-07,163.94286261829316,149.2838784292227,202233562.54,184150807.68,18082754.859999985,123356125.0,169.92609591487638,169.9214960833568,79512440.73,79510288.35999998,2152.3700000196695,46792366.0,165.588305611244,154.9594089788313,281746003.27,263661096.04,18084907.22999999,170148491.0,ok
2019-03-08,163.54640300562667,149.39843307917462,202146261.97000003,184659119.58999997,17487142.380000055,123601778.0,171.11926478458588,171.11099381131748,80369626.16,80365741.53,3884.6299999952316,46967024.0,165.63163064837613,155.37710179848713,282515888.13,265024861.11999997,17491027.01000002,170568802.0,ok
2019-03-11,164.2265628146483,149.880065955343,204697118.32999998,186815196.45999998,17881921.870000005,124643124.0,171.80440636259704,171.7952422028233,81102864.27000001,81098538.19,4326.080000013113,47206510.0,166.30817066505946,155.9000903371141,285799982.6,267913734.64999998,17886247.950000048,171849634.0,ok
2019-03-12,165.02331496860816,150.27030089361594,206229663.12,187792819.07,18436844.050000012,124970016.0,172.23345071457697,172.22390976094505,81609735.92,81605215.11,4520.810000002384,47383209.0,167.00551964722447,156.30576925961205,287839399.04,269398034.18,18441364.860000014,172353225.0,ok
2019-03-13,165.07152622617167,150.25493479485618,207212598.19,188613482.54000002,18599115.649999976,125528977.0,171.82366365382816,171.81421098147516,82029239.03,82024726.28999999,4512.740000009537,47740362.0,166.9319216482958,156.19509509988956,289241837.22,270638208.83000004,18603628.389999986,173269339.0,ok
2019-03-14,165.4420789669244,150.7481268106448,208149786.94,189662694.48000002,18487092.45999998,125814296.0,171.90730736333677,171.900075406908,82001848.5,81998398.77,3449.7300000041723,47701200.0,167.21943695449542,156.56301570321995,290151635.44,271661093.25,18490542.189999998,173515496.0,ok
2019-03-15,166.61002526600103,152.1031872574367,210656890.92000002,192314865.06,18342025.860000014,126437104.0,172.55928496044578,172.5522371526961,82424524.83000001,82421158.38,3366.4500000178814,47765917.0,168.24129344461826,157.71025201681203,293081415.75,274736023.44,18345392.310000002,174203021.0,ok
2019-03-18,167.85044413701348,153.35374375468805,212425360.31,194078868.48,18346491.830000013,126556329.0,174.06523637422228,174.05729038669838,83734141.14,83730318.72,3822.420000001788,48105034.0,169.56211514850023,159.05589102725597,296159501.45,277809187.2,18350314.25,174661363.0,ok
2019-03-19,167.9480364298457,153.37336701016213,212889859.47,194415101.5,18474757.97,126759362.0,173.78042384445664,173.77455176800373,83978474.0,83975636.35,2837.6500000059605,48324473.0,169.55781981243445,159.00424950710044,296868333.47,278390737.85,18477595.620000005,175083835.0,ok
2019-03-20,168.36419598189138,153.51845223342707,214603740.45,195680761.49,18922978.95999998,127464001.0,174.63179717954247,174.62759076762256,84724661.34,84722620.54999998,2040.7900000214577,48516171.0,170.09211798588305,159.3380543121642,299328401.78999996,280403382.03999996,18925019.75,175980172.0,ok
2019-03-21,168.86849622566342,154.00706491885154,216163718.87,197140026.88,19023691.99000001,128007132.0,175.15588525986598,175.15156997007685,85595347.91000001,85593239.11000001,2108.7999999970198,48868097.0,170.60561192545512,159.8489893630046,301759066.78000003,282733265.99,19025800.79000002,176875229.0,ok
2019-03-22,167.5497500116176,152.7832635966952,214889189.36,195950585.78000003,18938603.579999983,128253960.0,174.82274934270143,174.8186043399831,85603621.78,85601592.14,2029.640000000596,48965951.0,169.55928340354487,158.8716393836808,300492811.14,281552177.92,18940633.21999997,177219911.0,ok
2019-03-25,164.8623787747382,150.21401813073135,210575959.91,191865853.78,18710106.129999995,127728328.0,172.73744892476935,172.73271821033774,84298115.48,84295806.83,2308.6500000059605,48801297.0,167.03942773911177,156.43927222413802,294874075.39,276161660.61,18712414.77999997,176529625.0,ok
2019-03-26,165.43973459654597,150.52259922549746,212094968.97,192971090.58999997,19123878.380000025,128200743.0,174.25337922311294,174.24808599922738,85370009.93,85367416.68,2593.25,48991882.0,167.87661388277303,157.08244475186254,297464978.9,278338507.27,19126471.629999995,177192625.0,ok
2019-03-27,163.6248491485924,148.54373248422422,209863045.49,190520206.74,19342838.75,128258664.0,174.01722665935085,174.01084820126178,85339525.36,85336397.31,3128.0499999970198,49040849.0,166.49936926222694,155.5879084958344,295202570.85,275856604.05,19345966.800000012,177299513.0,ok
2019-03-28,165.7202937387007,150.68516994590516,212087935.38000003,192846065.29000002,19241870.090000004,127979459.0,173.3334992049654,173.32640409999726,84915545.66,84912069.78999999,3475.8700000047684,48989691.0,167.82782820621563,156.95285595257707,297003481.04,277758135.08000004,19245345.95999998,176969150.0,ok
2019-03-29,167.4435514124827,152.66030582121655,214176324.93,195267139.21,18909185.72,127909569.0,174.48938337101382,174.4846409539582,85899949.12,85897614.46000001,2334.6599999964237,49229327.0,169.4016846813813,158.7255876710443,300076274.05,281164753.67,18911520.379999995,177138896.0,ok
2019-04-01,167.87075813150415,153.07183182285996,213898492.6,195041914.69,18856577.909999996,127418554.0,174.41242387325102,174.40850474472413,85941250.94999999,85939319.81,1931.1399999856949,49274730.0,169.69504259709157,159.02202287439516,299839743.54999995,280981234.5,18858509.049999952,176693284.0,ok
2019-04-02,168.91542931022738,154.18075273814878,215763703.02999997,196942400.60000002,18821302.429999948,127734751.0,176.46281366695084,176.45929365209346,86465411.11,86463686.33,1724.780000001192,48999225.0,171.00793009941674,160.35744419058392,302229114.14,283406086.93,18823027.20999998,176733976.0,ok
2019-04-03,169.93282447419483,155.57676873273212,217153451.86,198808161.19,18345290.670000017,127787820.0,177.07653945555109,177.07296226398356,87229162.35,87227400.2,1762.1499999910593,49260711.0,171.92044039608555,161.55771514986475,304382614.21000004,286035561.39,18347052.820000052,177048531.0,ok
2019-04-04,,,,,,,,,,,,,,,,,,,data unavailable: TWSE MI_MARGN total 20190404: missing tables (keys=stat; stat='很抱歉，沒有符合條件的資料')
2019-04-05,,,,,,,,,,,,,,,,,,,data unavailable: TWSE MI_MARGN total 20190405: missing tables (keys=stat; stat='很抱歉，沒有符合條件的資料')
2019-04-08,170.80605080006845,156.86841639547936,218763118.79,200912226.76,17850892.03,128076914.0,178.6109005594401,178.60602229783368,87771675.61,87769278.36999999,2397.2400000095367,49141276.0,172.97027714818665,162.89609160888054,306534794.4,288681505.13,17853289.26999998,177218190.0,ok
2019-04-09,171.8971265386208,158.66085011806487,219284995.82,202399798.97,16885196.849999994,127567575.0,178.71515612265912,178.71005742241792,88471481.50999999,88468957.44,2524.0699999928474,49504185.0,173.80325204312646,164.26603339233765,307756477.33,290868756.40999997,16887720.920000017,177071760.0,ok
2019-04-10,172.44965345122327,159.07327021594915,221327757.14999998,204160051.44,17167705.70999998,128343405.0,177.92668174122343,177.921621267939,88866417.09,88863889.61,2527.4800000041723,49945526.0,173.98397786119432,164.35341185034085,310194174.24,293023941.05,17170233.189999998,178288931.0,ok
2019-04-11,170.72176504201917,156.856394087134,220282436.83999997,202391937.05,17890499.78999996,129030084.0,176.09423948759095,176.0892216162027,87497357.05000001,87494863.78,2493.270000010729,49687802.0,172.21544008751312,162.20357532093908,307779793.89,289886800.83000004,17892993.059999943,178717886.0,ok
2019-04-12,169.09604256851506,155.10854245589294,217897365.06,199873055.49,18024309.569999993,128860121.0,174.63061299823272,174.62562364408225,86668596.95,86666120.75,2476.2000000029802,49629670.0,170.6349479730188,160.5353306957483,304565962.01,286539176.24,18026785.76999998,178489791.0,ok
2019-04-15,171.14616437056839,157.03878364007522,221541066.39,203279692.07,18261374.319999993,129445534.0,176.2830542555371,176.27827032540708,87917667.03999999,87915281.15,2385.889999985695,49873011.0,172.5748630349415,162.38977023820937,309458733.42999995,291194973.22,18263760.20999992,179318545.0,ok
2019-04-16,172.00660671387044,158.22424536212353,222691162.25,204847603.06,17843559.189999998,129466633.0,177.90945886578214,177.90463150771296,89379696.42,89377271.21000001,2425.2099999934435,50238867.0,173.6568211156587,163.72613763629937,312070858.67,294224874.27,17845984.400000036,179705500.0,ok
2019-04-17,172.73024583090205,158.74644991374998,225269191.88,207031978.18,18237213.699999988,130416761.0,178.14183677647358,178.13462605166407,89018484.12,89014880.88,3603.2400000095367,49970566.0,174.2293548149311,164.11732685633731,314287676.0,296046859.06,18240816.939999998,180387327.0,ok
2019-04-18,170.07939238949285,155.75879207641663,221274277.66,202643093.45,18631184.21000001,130100581.0,176.24069398367902,176.23497623246783,87681248.59,87678403.96000001,2844.6299999952316,49750853.0,171.78374360362344,161.42295390872445,308955526.25,290321497.40999997,18634028.840000033,179851434.0,ok
2019-04-19,171.09182098919547,156.69980626954714,223573999.26,204767254.03,18806745.22999999,130674861.0,177.7389833160245,177.73292282948705,89133929.94,89130890.68,3039.2599999904633,50148779.0,172.9353137676025,162.5330320250162,312707929.2,293898144.71000004,18809784.48999995,180823640.0,ok
2019-04-22,171.03322510019473,156.2666910258726,225730025.04999998,206241121.04000002,19488904.00999996,131980219.0,177.55386931179245,177.54725830167882,89546797.58,89543463.41,3334.170000001788,50433594.0,172.83604648404557,162.15032161517289,315276822.63,295784584.45000005,19492238.179999948,182413813.0,ok
2019-04-23,170.34063239277333,155.8464376235623,224687087.20999998,205568581.2,19118506.00999999,131904575.0,176.2199204774184,176.21355728002047,88941635.44,88938423.81,3211.6299999952316,50471953.0,171.96770115614876,161.48295410580465,313628722.65,294507005.01,19121717.639999986,182376528.0,ok
2019-04-24,169.63059150095344,154.87615245255125,224766107.8,205215991.23000002,19550116.569999993,132503286.0,176.31253752578252,176.30628049877373,89396579.86,89393407.33,3172.530000001192,50703473.0,171.47985662472203,160.80705764791134,314162687.66,294609398.56,19553289.100000024,183206759.0,ok
2019-04-25,169.76981346887047,155.1684926332009,225431977.37,206043344.25,19388633.120000005,132786844.0,176.2884251736688,176.28221986102704,89226142.25,89223001.51,3140.7399999946356,50613727.0,171.56877860538395,160.995325232657,314658119.62,295266345.76,19391773.860000014,183400571.0,ok
2019-04-26,167.40566745222404,152.7961839713483,221505602.89,202174820.99,19330781.899999976,132316669.0,174.01620028911046,174.00997320964015,87620104.68,87616969.24,3135.440000012517,50351694.0,169.22783042074997,158.64366739302307,309125707.57,289791790.23,19333917.339999974,182668363.0,ok
2019-04-29,164.94229630684086,150.44276694410556,216097252.67000002,197100861.02,18996391.650000006,131013850.0,169.65297746318657,169.64667242099523,84440336.5,84437198.33000001,3138.169999986887,49772387.0,166.23919727362875,155.72980776739107,300537589.17,281538059.35,18999529.819999993,180786237.0,ok
2019-04-30,166.4033449367527,151.8035973372911,218437547.76,199272469.89,19165077.870000005,131269926.0,171.6119887247654,171.6055374963358,85239537.50999999,85236333.19,3204.3199999928474,49669920.0,167.83317328014084,157.23944137766094,303677085.27,284508803.08,19168282.189999998,180939846.0,ok
2019-05-01,,,,,,,,,,,,,,,,,,,data unavailable: TWSE MI_MARGN total 20190501: missing tables (keys=stat; stat='很抱歉，沒有符合條件的資料')
2019-05-02,167.1653318677325,152.57646833691282,220161726.94,200947758.63,19213968.310000002,131702982.0,173.2254314783978,173.2174008827659,86642746.1,86638729.41,4016.689999997616,50017336.0,168.83333488333426,158.2577508146337,306804473.03999996,287586488.03999996,19217985.0,181720318.0,ok
2019-05-03,168.41153309341104,153.8234006322162,222943785.37,203631963.83,19311821.53999999,132380355.0,175.00488705846647,174.99683348612038,88013835.81,88009785.49,4050.3200000077486,50292216.0,170.22677212990013,159.65273150942843,310957621.18,291641749.32,19315871.860000014,182672571.0,ok
2019-05-06,163.68761800994008,150.01044646311368,213684508.10000002,195829769.24,17854738.860000014,130544088.0,170.60777014869345,170.60304019167916,85136215.17,85133854.84,2360.329999998212,49901722.0,165.60136434866516,155.70526358024054,298820723.27000004,280963624.08000004,17857099.189999998,180445810.0,ok
2019-05-07,164.9237305320802,151.0973172017956,215107519.84000003,197073938.68,18033581.160000026,130428483.0,172.9942278008399,172.99111393065888,86614609.85000001,86613050.80000001,1559.0499999970198,50067919.0,167.16240675534354,157.17044015093444,301722129.69000006,283686989.48,18035140.21000004,180496402.0,ok
2019-05-08,164.17276737776976,150.53138907785473,213518709.63,195777097.92000002,17741611.70999998,130057325.0,172.09551970626725,172.0924716867791,86072617.33,86071092.88,1524.4500000029802,50014444.0,166.37329028516402,156.51992112100592,299591326.96,281848190.8,17743136.159999967,180071769.0,ok
2019-05-09,160.06003489859688,146.5767121469504,206469235.54000002,189076440.75,17392794.79000002,128994871.0,167.29636939863838,167.29328237161073,82382579.30000001,82381059.14,1520.1600000113249,49243495.0,162.0592812436353,152.30026283454595,288851814.84000003,271457499.89,17394314.950000048,178238366.0,ok
2019-05-10,159.70929012530902,146.17286326129556,203932276.7,186647656.95999998,17284619.74000001,127689677.0,166.5590725739746,166.5559509491302,81351102.02000001,81349577.35,1524.6700000166893,48842192.0,161.60446288596196,151.81238142898718,285283378.72,267997234.30999997,17286144.410000056,176531869.0,ok
2019-05-13,156.21304630347217,142.9411660773501,197524108.15000004,180742434.87,16781673.28000003,126445334.0,163.9455509658552,163.94215551407066,79667419.05000001,79665769.07000001,1649.9800000041723,48593828.0,158.35972020935523,148.77139547777313,277191527.20000005,260408203.94,16783323.26000005,175039162.0,ok
2019-05-14,157.63640592616918,144.7211575688907,197613167.14000005,181422597.98,16190569.160000056,125360107.0,165.2313789767853,165.22813464106537,80210413.0,80208838.06,1574.9399999976158,48544298.0,159.75649388524693,150.44554854145298,277823580.14000005,261631436.04,16192144.100000054,173904405.0,ok
2019-05-15,159.3777602616063,146.3709722588433,200092732.81,183763203.82,16329528.99000001,125546207.0,167.20482933943651,167.20106941489158,81314763.34,81312934.82,1828.5200000107288,48631827.0,161.56313726103946,152.18689323362094,281407496.15,265076138.64,16331357.50999999,174178034.0,ok
2019-05-16,157.18164049188135,143.98189565231013,197293551.08,180725302.24,16568248.840000004,125519463.0,164.16064533988083,164.15617612040748,79762948.91999999,79760777.4,2171.5199999809265,48588350.0,159.12927468682867,149.6119416766208,277056500.0,260486079.64000002,16570420.359999985,174107813.0,ok
2019-05-17,155.06843151982196,141.7466906650194,194400236.60000002,177699548.07999998,16700688.52000004,125364160.0,161.10002269458275,161.09525122323595,77836273.41,77833968.05,2305.359999999404,48315495.0,156.74634430267608,147.12921679283622,272236510.01,255533516.13,16702993.879999995,173679655.0,ok
2019-05-20,154.73127202631065,141.41483266230284,193029825.75,176417346.99,16612478.75999999,124751657.0,159.4541043126011,159.44937254285213,76537987.61,76535716.36,2271.25,48000011.0,156.04353722361742,146.42582979285618,269567813.36,252953063.35000002,16614750.00999999,172751668.0,ok
2019-05-21,157.1840923985346,144.0278703367704,195956282.22,179554849.2,16401433.02000001,124666739.0,161.9026115845768,161.89816613654938,77543352.96000001,77541223.81,2129.1500000059605,47895060.0,158.49373196439615,148.98782610049167,273499635.18,257096073.01,16403562.170000017,172561799.0,ok
2019-05-22,156.40871499483885,143.24515745604552,195278989.67,178844060.08999997,16434929.580000013,124851732.0,161.9990843377895,161.993207518495,77515789.11999999,77512977.09,2812.029999986291,47849523.0,157.9576122883415,148.43959135097194,272794778.78999996,256357037.17999998,16437741.609999985,172701255.0,ok
2019-05-23,153.81561979077708,140.47707258149745,191717805.03,175092464.92,16625340.110000014,124641311.0,160.68663446815646,160.68131513536082,76378922.47,76376394.03999999,2528.4300000071526,47532841.0,155.7125296600851,146.05494264899878,268096727.5,251468858.95999998,16627868.540000021,172174152.0,ok
2019-05-24,154.20662747825904,140.76012407010538,192153698.76,175398288.13,16755410.629999995,124607938.0,159.08046049722645,159.07765837483691,75467948.63,75466619.30000001,1329.3299999833107,47440112.0,155.55052637330093,145.81095654963832,267621647.39,250864907.43,16756739.959999979,172048050.0,ok
2019-05-27,154.3364870635135,140.69154435319882,192165202.72,175175810.05,16989392.669999987,124510546.0,159.6702375158148,159.66751964642413,75771222.21000001,75769932.45,1289.7600000053644,47454819.0,155.80836578923902,145.92807249296973,267936424.93,250945742.5,16990682.430000007,171965365.0,ok
2019-05-28,155.20508798340157,141.9204754926966,192747899.7,176249850.64000002,16498049.059999973,124189163.0,160.72903413091666,160.72614963165066,76169812.34,76168445.37,1366.969999998808,47390201.0,156.73080128680274,147.11460057049752,268917712.03999996,252418296.01000002,16499416.029999942,171579364.0,ok
2019-05-29,155.48889122062008,142.1501489509007,193353625.31,176766625.72,16586999.590000004,124352051.0,160.09174873629433,160.08885594152648,75729378.18,75728009.78,1368.4000000059605,47303736.0,156.75731543498733,147.09357599461532,269083003.49,252494635.5,16588367.99000001,171655787.0,ok
2019-05-30,156.69555385151386,143.20915218955844,195823781.23,178969709.09,16854072.139999986,124970860.0,160.7541110108152,160.75122798412582,76227299.05,76225931.96000001,1367.0899999886751,47418569.0,157.81192724990115,148.034390815228,272051080.28,255195641.05,16855439.22999996,172389429.0,ok
2019-05-31,158.58375818249186,145.17055058189507,196911511.47,180256495.76999998,16655015.700000018,124168776.0,163.72227435883147,163.71913809128918,77286921.84,77285441.33000001,1480.5099999904633,47206113.0,159.9991894436763,150.2798564029996,274198433.31,257541937.1,16656496.210000008,171374889.0,ok
2019-06-03,157.61562389866697,144.05412312542543,196257803.51,179371467.7,16886335.810000002,124516719.0,162.03572145544257,162.03184294548856,76533220.75,76531388.84,1831.9099999964237,47232314.0,158.8311849534547,148.99813528498876,272791024.26,255902856.54,16888167.72,171749033.0,ok
2019-06-04,156.9838551034036,143.20314477256753,195639890.82,178465789.3,17174101.51999998,124624211.0,162.00420636953976,161.99824271869593,76322465.88,76319656.32,2809.560000002384,47111410.0,158.3610640101275,148.35911393129092,271962356.7,254785445.62,17176911.079999983,171735621.0,ok
2019-06-05,157.55672872281713,143.83977483856572,196552236.51,179440317.61,17111918.899999976,124750138.0,162.00077739864588,161.9945503816097,76365974.14000002,76363038.77000001,2935.3700000047684,47139264.0,158.77547276009489,148.81857368961005,272918210.65,255803356.38000003,17114854.26999995,171889402.0,ok
2019-06-06,155.73802731661755,141.88732049513231,194095616.64,176833541.81,17262074.829999983,124629559.0,160.08281471053675,160.07651464319162,75345347.57,75342382.35,2965.219999998808,47066481.0,156.92904985461516,146.87346554993348,269440964.21,252175924.16,17265040.049999982,171696040.0,ok
2019-06-07,,,,,,,,,,,,,,,,,,,data unavailable: TWSE MI_MARGN total 20190607: missing tables (keys=stat; stat='很抱歉，沒有符合條件的資料')
2019-06-10,158.66665313123366,145.06345886906988,196700500.09999996,179836495.84,16864004.25999996,123970914.0,163.05101662484063,163.04315790538183,76585673.94999999,76581982.67999999,3691.2699999958277,46970375.0,159.87136615659892,150.0038288116571,273286174.04999995,256418478.51999998,16867695.52999997,170941289.0,ok
2019-06-11,160.01754981813033,146.42293672306732,197184786.11,180432555.63,16752230.48000002,123226975.0,164.80903432536599,164.80253490721694,77281817.28,77278769.59,3047.689999997616,46891736.0,161.33828064921087,151.48911234108752,274466603.39,257711325.22,16755278.169999987,170118711.0,ok
2019-06-12,160.22896892616626,146.57215381455072,197973144.16,181099275.19,16873868.97,123556399.0,165.46997983828442,165.4632664748999,77664145.84,77660994.89,3150.9500000029802,46935490.0,161.67179073251984,151.77277441040025,275637290.0,258760270.07999998,16877019.920000017,170491889.0,ok
2019-06-13,160.0084535501219,146.26264850771398,198542937.39999998,181486760.37,17056177.02999997,124082780.0,165.93057978445458,165.92301921017082,77868861.56,77865313.49,3548.0700000077486,46928578.0,161.63359100393785,151.6578061791662,276411798.96,259352073.86,17059725.099999964,171011358.0,ok
2019-06-14,160.0389602469665,146.34396671901945,198370525.37,181395389.71,16975135.659999996,123951396.0,165.15715453218974,165.14839969947792,77484615.33,77480507.94,4107.390000000596,46915688.0,161.44428420163123,151.50717832230345,275855140.7,258875897.65,16979243.049999982,170867084.0,ok
2019-06-17,160.64520746788514,146.84328898920185,199327371.8,182202054.59,17125317.21000001,124079252.0,165.7693132101657,165.76145222724756,77725332.07,77721646.24,3685.829999998212,46887648.0,162.05049273865293,152.03159256557848,277052703.87,259923700.82999998,17129003.04000002,170966900.0,ok
2019-06-18,160.01974158018155,146.27706856952528,198052836.91,181043839.45999998,17008997.450000018,123767752.0,165.38520833197663,165.37522386424868,77457740.59,77453064.39000002,4676.199999988079,46834745.0,161.4926993126015,151.52000023188407,275510577.5,258496903.85,17013673.650000006,170602497.0,ok
2019-06-19,163.1051650450401,149.18460648974366,199811116.35,182757810.01,17053306.340000004,122504469.0,167.13624277433706,167.1263701875709,77906389.52,77901787.66,4601.859999999404,46612505.0,164.216222240353,154.12976681453628,277717505.87,260659597.67,17057908.200000018,169116974.0,ok
2019-06-20,164.87845143794857,151.21010198031456,201463449.74,184762220.38,16701229.360000014,122189072.0,168.74880402677732,168.74148585557538,78783187.14,78779770.53,3416.609999999404,46686664.0,165.9484325681932,156.05675341660688,280246636.88,263541990.91,16704645.969999999,168875736.0,ok
2019-06-21,163.98857750011132,150.38091166796158,200337119.63,183713275.34,16623844.289999992,122165289.0,168.3675799320874,168.3599755101049,78319791.29,78316253.92999999,3537.360000014305,46517145.0,165.196164361726,155.33895442248598,278656910.92,262029529.26999998,16627381.650000036,168682434.0,ok
2019-06-24,164.8386515889509,151.49359017034237,201723253.22,185392076.17,16331177.050000012,122376185.0,168.9656243364984,168.95709935564804,78808519.02000001,78804542.82,3976.2000000178814,46641747.0,165.97752020773748,156.31277454631262,280531772.24,264196618.98999998,16335153.25000003,169017932.0,ok
2019-06-25,162.97505459516833,149.3670411958461,199957640.82,183261673.07,16695967.75,122692176.0,166.96177570791428,166.95317380603015,77687606.42,77683603.94,4002.4800000041723,46530175.0,164.07126221760151,154.20260708350517,277645247.24,260945277.01,16699970.23000002,169222351.0,ok
2019-06-26,163.45713169722606,149.8712969587925,201104825.09000003,184389880.38,16714944.710000038,123032151.0,167.6196747437531,167.61294811899293,77967805.61,77964676.74000001,3128.869999989867,46514710.0,164.599113810783,154.7386696354113,279072630.70000005,262354557.12,16718073.580000043,169546861.0,ok
2019-06-27,164.71442495215797,151.24031110802207,201818305.97999996,185308987.92000002,16509318.059999943,122526188.0,167.92308243580422,167.91280478918523,78190995.47,78186209.83,4785.640000000596,46563578.0,165.5980181852046,155.83154674777893,280009301.4499999,263495197.75,16514103.699999928,169089766.0,ok
2019-06-28,164.00626698270153,150.28232516014427,201456360.02,184598617.83999997,16857742.180000037,122834550.0,169.2195370481426,169.21017183373013,78444153.16,78439811.78,4341.379999995232,46356440.0,165.4346447053711,155.46834356841342,279900513.18,263038429.61999997,16862083.560000032,169190990.0,ok
2019-07-01,167.62675285040604,153.95467396341286,204252770.9,187593377.64,16659393.26000002,121849745.0,172.5287870684278,172.51673149182798,79674433.94999999,79668866.64,5567.309999987483,46180371.0,168.9739980004537,159.05615650470654,283927204.85,267262244.27999997,16664960.570000052,168030116.0,ok
2019-07-02,168.00450751940775,154.0904952596558,205787210.89999998,188744062.37,17043148.52999997,122489101.0,173.23502113000657,173.22398444207977,79925022.47,79919930.5,5091.969999998808,46136758.0,169.43559846891574,159.3254999341471,285712233.37,268663992.87,17048240.5,168625859.0,ok
2019-07-03,166.5461985575364,152.83834518848752,205175316.9,188288031.67,16887285.23000002,123194236.0,171.13596600757182,171.1284787235193,78980126.24000001,78976670.82000001,3455.420000001788,46150513.0,167.7970204674017,157.82284603935372,284155443.14,267264702.49,16890740.649999976,169344749.0,ok
2019-07-04,167.3587970908745,153.25707746121958,208002881.76999998,190476475.2,17526406.569999993,124285598.0,171.98815033919604,171.98002405815572,79486635.2,79482879.53,3755.670000001788,46216344.0,168.6136319608606,158.33212898536956,287489516.96999997,269959354.73,17530162.23999995,170501942.0,ok
2019-07-05,167.89220600623744,153.90909197818192,209008644.61,191601096.16,17407548.450000018,124489784.0,173.17401739856743,173.16482938140632,80734601.44,80730317.94,4283.5,46620505.0,169.33128203062063,159.15548719574662,289743246.05,272331414.1,17411831.949999988,171110289.0,ok
2019-07-08,167.16257510774855,152.74370965918146,209332276.74,191275998.71,18056278.03,125226760.0,173.73945901268206,173.72662320819276,80893896.53,80887920.12,5976.409999996424,46560463.0,168.94514516367727,158.4308274370324,290226173.27,272163918.83000004,18062254.439999938,171787223.0,ok
2019-07-09,165.81135479151965,151.40532151425197,208083329.76999998,190004619.92000002,18078709.849999964,125494017.0,171.3362903313452,171.32333090757118,79613968.78,79607946.99000001,6021.789999991655,46466495.0,167.30428120032576,156.78748787977557,287697298.54999995,269612566.91,18084731.639999926,171960512.0,ok
2019-07-10,167.34432022804313,152.72017004177826,210156444.39999998,191790960.58,18365483.819999963,125583255.0,172.5033933649102,172.49031970120626,80409048.15,80402954.12,6094.030000001192,46613024.0,168.7408660845685,158.0718911469626,290565492.54999995,272193914.70000005,18371577.849999905,172196279.0,ok
2019-07-11,167.69137657423812,152.86400085576471,210079443.55,191504088.61,18575354.939999998,125277428.0,172.86494497829796,172.85160642639661,80052027.37,80045850.42,6176.95000000298,46309000.0,169.08765704942584,158.2584020165045,290131470.92,271549939.03000003,18581531.889999986,171586428.0,ok
2019-07-12,167.7626366697907,153.06150268268945,210710936.95,192246219.31,18464717.639999986,125600635.0,172.97366107310975,172.95239940518098,80324911.97,80315038.55,9873.420000001788,46437655.0,169.16922908266523,158.43057836717628,291035848.91999996,272561257.86,18474591.059999943,172038290.0,ok
2019-07-15,168.23769735760436,153.7104610405957,211773562.27,193487027.01,18286535.26000002,125877592.0,175.08281186586416,175.05732303165362,81263022.09,81251191.69,11830.40000000596,46414049.0,170.08171879911458,159.46114222685938,293036584.36,274738218.7,18298365.660000026,172291641.0,ok
2019-07-16,168.50585865192315,153.81830845867043,212953985.24,194392183.46,18561801.78,126377793.0,174.68956241849762,174.6703317966169,81163978.0,81155043.1,8934.90000000596,46461836.0,170.16812923152017,159.42363921644383,294117963.24,275547226.56,18570736.680000007,172839629.0,ok
2019-07-17,168.0728878741337,153.49705698848163,213063675.51,194586096.28,18477579.22999999,126768617.0,172.60371405343565,172.5841301648781,80062526.19000001,80053442.16999999,9084.02000002563,46385170.0,169.28662478516856,158.61018301032018,293126201.7,274639538.45,18486663.25,173153787.0,ok
2019-07-18,166.39000914235896,151.72742493838655,211628424.32999998,192979350.33999997,18649073.99000001,127188180.0,171.38429278563325,171.3642570776561,79715729.30999999,79706410.13,9319.179999992251,46512856.0,167.7273552012666,156.98568457012541,291344153.64,272685760.46999997,18658393.170000017,173701036.0,ok
2019-07-19,167.45155142515108,152.94062655466365,212863640.22,194417419.42000002,18446220.799999982,127119539.0,171.74504808414943,171.72407093475516,80040465.81,80030689.57,9776.240000009537,46604235.0,168.60335191083286,157.9795917799944,292904106.03,274448108.99,18455997.03999996,173723774.0,ok
2019-07-22,167.91765844176476,153.40541745944847,214456647.02,195922285.76999998,18534361.25000003,127715363.0,174.0106330649486,173.98925752057258,81395664.41,81385665.73,9998.679999992251,46776259.0,169.55101227152326,158.92336166145557,295852311.43,277307951.5,18544359.930000007,174491622.0,ok
2019-07-23,167.99873349243512,153.23765864547025,215675127.67,196725004.44,18950123.22999999,128379020.0,172.1022338717954,172.08090086398383,80545155.15,80535171.14,9984.010000005364,46800761.0,169.09501834575303,158.27179027013395,296220282.82,277260175.58,18960107.24000001,175179781.0,ok
2019-07-24,168.61374667975414,154.35557368243985,217006200.54000002,198655905.79999995,18350294.74000007,128700183.0,173.961170939534,173.93836228375838,81629054.5,81618351.83000001,10702.669999986887,46923721.0,170.04248751923885,159.58776182882258,298635255.04,280274257.63,18360997.410000026,175623904.0,ok
2019-07-25,169.15933705186174,155.05987990243446,219031273.41,200774982.57999998,18256290.830000013,129482225.0,174.9578810877158,174.93445538660748,82502289.85999998,82491243.35,11046.509999990463,47155515.0,170.7073263448683,160.36563077063823,301533563.27,283266225.92999995,18267337.340000033,176637740.0,ok
2019-07-26,169.3408984530489,155.64729187845793,220003661.57,202213254.09,17790407.47999999,129917618.0,174.5884111632188,174.56477930716875,82708586.84,82697391.61,11195.230000004172,47373469.0,170.74307204738383,160.7021822253253,302712248.40999997,284910645.7,17801602.70999998,177291087.0,ok
2019-07-29,169.14267807110357,155.63727748066336,220723035.44,203099139.17000002,17623896.26999998,130495176.0,173.49093609790995,173.4673163945274,82446983.75,82435759.11,11224.640000000596,47522358.0,170.30345965246323,160.39706419031737,303170019.19,285534898.28000003,17635120.909999967,178017534.0,ok
2019-07-30,165.12443495703437,151.96771092025955,213015876.07999998,196043275.39999998,16972600.680000007,129003243.0,170.36653038058992,170.33806163822288,80177121.36,80163723.53,13397.829999998212,47061545.0,166.52563000842622,156.8780458986495,293192997.44,276206998.92999995,16985998.51000005,176064788.0,ok
2019-07-31,167.4838103680161,154.09904871858387,217388478.98999998,200015498.46,17372980.52999997,129796712.0,171.43200304044325,171.4033375311923,80831938.04,80818421.96,13516.080000013113,47151020.0,168.53587986649072,158.71009887823823,298220417.03,280833920.42,17386496.609999955,176947732.0,ok
2019-08-01,166.85830071618642,153.25177832147017,218249063.84,200451862.49,17797201.349999994,130799045.0,171.08188385607116,171.05432376534182,80836917.22000001,80823894.96000001,13022.260000005364,47250425.0,167.9791470651387,157.97618350113598,299085981.06,281275757.45000005,17810223.609999955,178049470.0,ok
2019-08-02,162.76640732446603,149.55512138058333,210949975.98000002,193827766.92999998,17122209.05000004,129602895.0,166.56336261640158,166.53682851993446,78036352.84,78023921.39,12431.45000000298,46850851.0,163.7745501985546,154.06399381286016,288986328.82000005,271851688.32,17134640.50000006,176453746.0,ok
2019-08-05,160.86453699279375,147.5391503229305,208192802.89,190946928.49,17245874.399999976,129421193.0,163.2637681985922,163.2173281845438,75865211.88999999,75843632.19999999,21579.689999997616,46467880.0,161.49838641767133,151.68114547399995,284058014.78,266790560.69,17267454.089999974,175889073.0,ok
2019-08-06,161.00753899509422,148.4115677850836,206293739.85000002,190154930.3,16138809.550000012,128126758.0,163.64205154885408,163.5964191017989,75576626.72999999,75555551.78999999,21074.939999997616,46184111.0,161.70555984090703,152.43483301663764,281870366.58000004,265710482.09,16159884.49000004,174310869.0,ok
2019-08-07,160.23602270676494,147.23155094037057,205777164.2,189076654.06,16700510.139999986,128421288.0,163.61531090722252,163.56294833826774,75619092.84,75594892.11,24200.730000004172,46217614.0,161.13034027206606,151.55360182578337,281396257.03999996,264671546.17000002,16724710.869999945,174638902.0,ok
2019-08-08,162.5666612560239,149.66545287033279,209178307.59,192578022.42000002,16600285.169999987,128672328.0,166.4170237390326,166.37171166242788,76940234.94,76919285.63,20949.310000002384,46233392.0,163.58443996571407,154.08147203533423,286118542.53,269497308.05,16621234.47999996,174905720.0,ok
2019-08-09,,,,,,,,,,,,,,,,,,,data unavailable: TWSE MI_MARGN total 20190809: missing tables (keys=stat; stat='很抱歉，沒有符合條件的資料')
2019-08-12,163.8062360138033,151.0565760414144,210897855.55,194482876.41000003,16414979.139999986,128748368.0,165.7251159120887,165.67973957634578,76635940.53,76614957.24000001,20983.289999991655,46242804.0,164.31331523398222,154.92086289358645,287533796.08000004,271097833.65000004,16435962.430000007,174991172.0,ok
2019-08-13,162.3453224269413,149.49540776250586,209189795.72,192632059.51000002,16557736.209999979,128854834.0,164.76659340292278,164.71706794927954,76358644.11,76335692.27,22951.840000003576,46343523.0,162.98579776635688,153.52184597256243,285548439.83,268967751.78000003,16580688.049999952,175198357.0,ok
2019-08-14,163.1361508808813,150.20550134352618,210576314.85,193885418.85,16690896.0,129080105.0,164.85324022930595,164.80474863586528,76423199.23,76400719.34,22479.890000000596,46358324.0,163.58987920485765,154.0632458524808,286999514.08,270286138.19,16713375.889999986,175438429.0,ok
2019-08-15,161.6814595748273,148.9904513489124,208048413.58,191717882.33,16330531.25,128677966.0,163.9828898547894,163.93145407001794,76038249.44999999,76014398.87,23850.57999998331,46369624.0,162.29110211114588,152.9482817786866,284086663.03,267732281.20000002,16354381.829999954,175047590.0,ok
2019-08-16,163.3792108993795,150.88941603933222,210801998.84999996,194686890.27999997,16115108.569999993,129026207.0,165.31938085850484,165.27376819804653,77053801.14999999,77032541.52000001,21259.62999998033,46609055.0,163.8940818159852,154.70665099130264,287855799.99999994,271719431.79999995,16136368.199999988,175635262.0,ok
2019-08-19,164.91451138959354,152.46075929841757,213741901.88,197600880.47999996,16141021.400000036,129607698.0,168.30350184645383,168.26269779013558,78396392.2,78377385.52,19006.680000007153,46580369.0,165.81048822108932,156.63845497550065,292138294.08,275978265.99999994,16160028.080000043,176188067.0,ok
2019-08-20,164.6542480859354,152.19048421121116,213399410.46,197245804.38,16153606.080000013,129604558.0,168.70877847548152,168.66669959481882,78783001.15,78763351.31,19649.840000003576,46697630.0,165.72818234677837,156.55458325338537,292182411.61,276009155.69,16173255.920000017,176302188.0,ok
2019-08-21,165.27952551480797,152.78979888529852,214965114.37,198720782.2,16244332.170000017,130061551.0,170.03623996958038,169.99727336014766,80196364.92,80177986.6,18378.32000000775,47164278.0,166.54540760534405,157.3691432979557,295161479.29,278898768.79999995,16262710.49000007,177225829.0,ok
2019-08-22,165.04505193350641,152.55185897110414,215021576.65,198745378.01999998,16276198.630000025,130280535.0,169.56191175243586,169.52198972772626,80171661.17,80152785.38,18875.790000006557,47281645.0,166.24781122872,157.07070244350456,295193237.82,278898163.4,16295074.420000017,177562180.0,ok
2019-08-23,165.30439150898627,153.1386685869887,215034129.90000004,199208502.89,15825627.01000005,130083737.0,169.41235661497583,169.37479011503655,80453428.39000002,80435588.17000002,17840.219999998808,47489705.0,166.40301328956616,157.48080789017988,295487558.2900001,279644091.06,15843467.230000079,177573442.0,ok
2019-08-26,161.5322915675146,149.47078268422996,210107718.54,194419114.8,15688603.73999998,130071651.0,165.38409128888966,165.34851398974618,78321959.57,78305111.01,16848.559999987483,47357614.0,162.5603747555399,153.70870516202612,288429678.11,272724225.81,15705452.300000012,177429265.0,ok
2019-08-27,162.5692713596976,150.61583501253227,212384804.19,196768518.18,15616286.00999999,130642650.0,167.46906787063637,167.43033918385157,79812981.11,79794523.66,18457.45000000298,47658342.0,163.8789453846673,155.11020928027145,292197785.3,276563041.84000003,15634743.459999979,178300992.0,ok
2019-08-28,163.45398691337135,151.08576520771052,214213359.05,198004281.7,16209077.350000024,131054227.0,167.9060337650534,167.8683063344557,80502474.00999999,80484385.61,18088.39999999106,47944956.0,164.64646828024908,155.58097117683494,294715833.06,278488667.31,16227165.75,178999183.0,ok
2019-08-29,163.8602209732801,151.34990358585756,215316267.92000002,198877410.25,16438857.670000017,131402403.0,168.2578051016709,168.2210697481392,81070534.27000001,81052834.32,17699.95000001788,48182332.0,165.040086614266,155.8764137553228,296386802.19000006,279930244.57,16456557.620000064,179584735.0,ok
2019-08-30,165.58292255767824,153.2426301680612,216638403.24,200493131.75,16145271.49000001,130833784.0,169.0169364452388,168.97952833253694,81779453.16,81761353.11,18100.04999999702,48385360.0,166.51003332545767,157.49125822183373,298417856.4,282254484.86,16163371.539999962,179219144.0,ok
2019-09-02,167.48558008466958,155.41240075160613,220294775.0,204414850.75,15879924.25,131530592.0,170.88844146510723,170.849255424221,83397580.44,83378456.72999999,19123.710000008345,48802353.0,168.40647472373945,159.589978126293,303692355.44,287793307.48,15899047.959999979,180332945.0,ok
2019-09-03,166.44944907783085,154.2603963197589,219970606.96,203862212.8,16108394.159999996,132154602.0,170.43460944031165,170.39430758398817,83774943.88999999,83755134.03,19809.859999984503,49153716.0,167.52984871328408,158.63439140723816,303745550.85,287617346.83000004,16128204.01999998,181308318.0,ok
2019-09-04,168.00867801514275,155.92138188845516,222911968.45,206874683.92000002,16037284.529999971,132678842.0,172.0736276514654,172.03273381936603,85276688.9,85256422.63,20266.27000001073,49558256.0,169.11411602373082,160.30276478063757,308188657.35,292131106.55,16057550.800000012,182237098.0,ok
2019-09-05,168.6810651143475,157.21425461711542,221932260.45000002,206845474.2,15086786.25000003,131569160.0,171.7898627884556,171.75010879504663,85176439.19,85156728.46,19710.730000004172,49581761.0,169.5319559760891,161.1927784016069,307108699.64,292002202.65999997,15106496.98000002,181150921.0,ok
2019-09-06,168.43296682519752,156.5949225305444,222195452.69,206578797.23,15616655.460000008,131919218.0,171.4734569154657,171.42841365862287,84911521.02000001,84889216.16,22304.860000014305,49518755.0,169.2627891681749,160.6433364365242,307106973.71000004,291468013.39,15638960.320000052,181437973.0,ok
2019-09-09,167.52938147274023,155.59710840651314,220455049.23000002,204753147.73000002,15701901.5,131591872.0,170.91020767113022,170.86377943336325,84791724.41,84768690.5,23033.909999996424,49611855.0,168.45501949305932,159.7769775618357,305246773.64,289521838.23,15724935.409999967,181203727.0,ok
2019-09-10,166.2720277316472,154.19135337534092,218994054.45,203082804.11,15911250.339999974,131708296.0,168.8590396068698,168.80976072614925,83432891.8,83408543.21000001,24348.589999988675,49409787.0,166.97777562608147,158.17931736832708,302426946.25,286491347.32000005,15935598.929999948,181118083.0,ok
2019-09-11,166.87739083512275,154.46031476936653,219658526.79999998,203314091.99,16344434.809999973,131628692.0,169.37002014464724,169.3164961673437,83419453.57,83393091.52,26362.04999999702,49252786.0,167.5561167020097,158.50555108246073,303077980.37,286707183.51,16370796.860000014,180881478.0,ok
2019-09-12,167.87144655494512,155.1096579705251,221689400.61,204836306.64999998,16853093.96000004,132059028.0,170.09619575089846,170.0391552457774,83871472.75,83843347.07000001,28125.67999999225,49308259.0,168.47628831763913,159.1685350181149,305560873.36,288679653.71999997,16881219.640000045,181367287.0,ok
2019-09-13,,,,,,,,,,,,,,,,,,,data unavailable: TWSE MI_MARGN total 20190913: missing tables (keys=stat; stat='很抱歉，沒有符合條件的資料')
2019-09-16,167.66101905795588,154.79753176822084,221078606.06,204116751.39,16961854.670000017,131860469.0,169.33710413147037,169.27602817390493,83339332.0,83309273.44,30058.560000002384,49215045.0,168.1165671356316,158.73268476819013,304417938.06,287426024.83,16991913.23000002,181075514.0,ok
2019-09-17,167.50018441032023,154.6421975102939,221466631.65,204465963.51,17000668.140000015,132218739.0,169.98972150791053,169.9287008693418,83469094.21000001,83439131.59,29962.62000000477,49102436.0,168.17436014298937,158.78183841462535,304935725.86,287905095.1,17030630.75999999,181321175.0,ok
2019-09-18,168.22543476018964,155.2146537854023,221831524.32,204674776.41,17156747.909999996,131865627.0,170.8461406420264,170.7811772471943,83555071.08000001,83523299.68,31771.40000000596,48906619.0,168.93444771383764,159.42606371666147,305386595.4,288198076.09000003,17188519.309999943,180772246.0,ok
2019-09-19,167.8997813428055,154.69432355569816,220939320.58999997,203562258.82,17377061.76999998,131589999.0,171.54741226534085,171.4833577504424,83881066.41999999,83849745.86,31320.559999987483,48896725.0,168.88798259200493,159.2427400255766,304820387.01,287412004.68,17408382.329999983,180486724.0,ok
2019-09-20,168.81144391075713,155.61254206149871,222104458.79,204738722.89,17365735.900000006,131569551.0,172.25238140977132,172.2040057727773,84178657.05,84155016.18,23640.869999989867,48869372.0,169.74337396150386,160.10610918465747,306283115.84,288893739.07,17389376.76999998,180438923.0,ok
2019-09-23,169.09926045415403,155.73275047780555,225076712.85000002,207285445.64,17791267.21000004,133103310.0,173.09720005204346,173.04798577053649,84693583.11,84669503.38,24079.730000004172,48928338.0,170.17386776611508,160.38691745514492,309770295.96000004,291954949.02,17815346.940000057,182031648.0,ok
2019-09-24,168.51169528920792,155.31402532925424,224463122.15999997,206883391.57,17579730.589999974,133203290.0,172.53594874236774,172.48723446058162,84646290.00999999,84622390.74000001,23899.269999980927,49060089.0,169.59490922748665,159.9365620835988,309109412.16999996,291505782.31,17603629.859999955,182263379.0,ok
2019-09-25,167.52414382359893,154.341089765051,223708813.34,206104393.39000002,17604419.949999988,133538252.0,171.37017121605146,171.3241101134588,83965913.75999999,83943345.28999999,22568.469999998808,48996808.0,168.5565102397315,158.8997416058044,307674727.1,290047738.68,17626988.420000017,182535060.0,ok
2019-09-26,167.17497935081667,153.76245226703298,223043720.66,205148818.23,17894902.430000007,133419320.0,170.89683752954778,170.85372859858998,83977085.86,83955902.54,21183.319999992847,49139052.0,168.17678814532812,158.36289379815457,307020806.52,289104720.77,17916085.75,182558372.0,ok
2019-09-27,165.3772895963775,151.60095264225376,219374719.38,201100263.07,18274456.310000002,132651055.0,168.5303688819841,168.48662619007627,82282335.33,82260978.64,21356.689999997616,48823447.0,166.22558617628826,156.1438321015478,301657054.71,283361241.71,18295813.0,181474502.0,ok
2019-09-30,,,,,,,,,,,,,,,,,,,data unavailable: TWSE MI_MARGN total 20190930: missing tables (keys=stat; stat='很抱歉，沒有符合條件的資料')
2019-10-01,166.88789957751274,153.11831913343664,222326269.10999998,203982581.79000002,18343687.319999963,133218927.0,170.1076043869762,170.06490937072272,83211492.61,83190607.5,20885.109999999404,48916974.0,167.7526286923521,157.6697332669192,305537761.71999997,287173189.29,18364572.429999948,182135901.0,ok
2019-10-02,167.63338157765543,153.53803780608092,225065179.91000003,206140720.76,18924459.150000036,134260359.0,170.97192368026975,170.92882527252533,83713723.30000001,83692620.84,21102.460000008345,48963433.0,168.5255500060822,158.18542910628116,308778903.21000004,289833341.6,18945561.610000014,183223792.0,ok
2019-10-03,167.5750987728061,153.27858976112313,227456332.62,208051113.51000002,19405219.109999985,135733969.0,170.83542077606083,170.7951476836874,83772623.37,83752874.63999999,19748.730000019073,49037034.0,168.4403672312154,157.92737140145306,311228955.99,291803988.15,19424967.840000033,184771003.0,ok
2019-10-04,167.7351065448049,153.1530494701179,228827030.17000002,208933944.68,19893085.49000001,136421668.0,170.63639423215076,170.5944921323134,83905244.16,83884640.08,20604.079999998212,49171951.0,168.50378586022404,157.7740583635044,312732274.33000004,292818584.76,19913689.570000052,185593619.0,ok
2019-10-07,168.4712210278394,153.7893144852436,231055702.03,210919691.84,20136010.189999998,137148470.0,170.97487956642047,170.93431449720558,84215721.79,84195740.97999999,19980.810000017285,49256196.0,169.13279618225866,158.31976696334414,315271423.82,295115432.82,20155991.0,186404666.0,ok
2019-10-08,168.35325726370874,153.5875487032541,229650733.79,209508825.87,20141907.919999987,136410033.0,169.38990724380054,169.34924017290584,83471045.47999999,83451005.78,20039.69999998808,49277461.0,168.62836183787368,157.77036209557548,313121779.27,292959831.65,20161947.620000005,185687494.0,ok
2019-10-09,167.09300320825653,152.4715379274403,229074107.53000003,209028988.67000002,20045118.860000014,137093776.0,168.91052862786273,168.87046187845104,83060681.56,83040978.99,19702.57000000775,49174366.0,167.57282578681654,156.80081656690388,312134789.09000003,292069967.66,20064821.430000007,186268142.0,ok
2019-10-10,,,,,,,,,,,,,,,,,,,data unavailable: TWSE MI_MARGN total 20191010: missing tables (keys=stat; stat='很抱歉，沒有符合條件的資料')
2019-10-11,,,,,,,,,,,,,,,,,,,data unavailable: TWSE MI_MARGN total 20191011: missing tables (keys=stat; stat='很抱歉，沒有符合條件的資料')
2019-10-14,169.49962328111755,155.69823424490158,230882730.44,212083264.56,18799465.879999995,136214303.0,170.54270364571462,170.48455325073405,84162208.59,84133511.58000001,28697.009999990463,49349639.0,169.77702436931415,159.6305688203153,315044939.03,296216776.14,18828162.889999986,185563942.0,ok
2019-10-15,169.76835631355527,155.957355068047,232712639.78,213780992.99,18931646.78999999,137076570.0,170.65479003146945,170.59569488101468,84433058.11,84403820.22999999,29237.880000010133,49475938.0,170.00344905038747,159.83961642584833,317145697.89,298184813.22,18960884.669999957,186552508.0,ok
2019-10-16,169.5020759564117,155.6062251603676,233522589.68,214378310.5,19144279.180000007,137769752.0,169.8891692720365,169.82466097431688,84269042.44,84237044.8,31997.640000000596,49602363.0,169.60454981254816,159.3702218176915,317791632.12,298615355.3,19176276.819999993,187372115.0,ok
2019-10-17,170.59153911038544,156.9055076840942,236582965.39000002,217602645.99,18980319.400000006,138683880.0,172.03085720446893,171.96671597217684,86062804.18,86030715.9,32088.280000001192,50027539.0,170.97310341882388,160.89824532027922,322645769.57000005,303633361.89,19012407.680000067,188711419.0,ok
2019-10-18,170.40152394808788,156.76896940202303,237056944.49,218091787.07,18965157.420000017,139116681.0,172.8291586441121,172.76362267825053,86389755.87,86356997.29999998,32758.57000002265,49985637.0,171.04322346804867,160.99685481909322,323446700.36,304448784.37,18997915.99000001,189102318.0,ok
2019-10-21,171.03183858174572,157.50290917494402,239581854.43,220630494.13,18951360.300000012,140080266.0,173.53080588976047,173.463169082579,87050717.09,87016787.48,33929.609999999404,50164417.0,171.69077546309137,161.71136914769912,326632571.52,307647281.61,18985289.909999967,190244683.0,ok
2019-10-22,171.4232321275621,157.74330986196043,240966894.63,221737246.78,19229647.849999994,140568400.0,173.65200003719568,173.5847251163155,87769902.83000001,87735899.69,34003.1400000155,50543560.0,172.01267647508826,161.93290386954328,328736797.46000004,309473146.47,19263650.99000001,191111960.0,ok
2019-10-23,171.23368526457654,157.6065240942127,240779378.38000003,221617614.79,19161763.590000033,140614493.0,173.23959934283744,173.17390601853253,87866903.03999999,87833583.47,33319.56999999285,50719872.0,171.76542301744905,161.73320368246448,328646281.42,309451198.26,19195083.160000026,191334365.0,ok
2019-10-24,172.6070857618476,159.36435914679782,242913638.68,224276866.64999998,18636772.03000003,140732136.0,174.61621034428217,174.5502594353302,88691474.16,88657976.22,33497.939999997616,50792234.0,173.13990529769137,163.3916576099428,331605112.84000003,312934842.87,18670269.97000003,191524370.0,ok
2019-10-25,171.73610214176668,158.6311749565112,241613955.87,223176753.32999998,18437202.54000002,140689088.0,174.16506464808373,174.09923225640213,88836379.75,88802800.62,33579.12999999523,51007003.0,172.3824069109474,162.74695656157118,330450335.62,311979553.95,18470781.670000017,191696091.0,ok
2019-10-28,172.07733211805788,159.0702619339079,242550920.33999997,224216856.2,18334064.139999986,140954603.0,175.55923729404606,175.49106592022184,89462097.62,89427358.61,34739.010000005364,50958354.0,173.0018770749283,163.43045290579312,332013017.96,313644214.81,18368803.149999976,191912957.0,ok
2019-10-29,170.7463014670483,157.53560718100314,240220847.45,221634886.0,18585961.449999988,140688756.0,173.66853107257265,173.59631805606938,87597816.6,87561392.6,36424.0,50439660.0,171.51749117724074,161.77410197340828,327818664.04999995,309196278.6,18622385.44999993,191128416.0,ok
2019-10-30,171.61047044057824,158.32409335231284,242688657.97,223899285.64,18789372.330000013,141418328.0,174.55104532039772,174.47930814619073,88892806.17000002,88856272.91,36533.260000020266,50926539.0,172.38903710385992,162.60145821827413,331581464.14,312755558.54999995,18825905.590000033,192344867.0,ok
2019-10-31,170.47796172534234,156.86939576704165,239929733.77,220777113.83999997,19152619.930000037,140739443.0,172.46972922651304,172.39171608064427,88382894.03,88342915.84,39978.189999997616,51245453.0,171.00961306872807,161.01268178930073,328312627.8,309120029.67999995,19192598.120000064,191984896.0,ok
2019-11-01,171.49450348246106,158.19724192190696,241942668.82999998,223183029.98000002,18759638.849999964,141078964.0,174.10822111711178,174.03118250825932,89991913.44,89952094.22999999,39819.210000008345,51687343.0,172.1953319726149,162.44287141424567,331934582.27,313135124.21000004,18799458.059999943,192766307.0,ok
2019-11-04,172.41771164340273,159.75590103958538,243791559.62,225888279.7,17903279.920000017,141395891.0,174.47773246731123,174.4146395628811,90861491.56,90828635.13,32856.43000000715,52076268.0,172.97220070821663,163.7015457247262,334653051.18,316716914.83,17936136.350000024,193472159.0,ok
2019-11-05,173.25197820294278,160.8232280093082,244106524.40999997,226594810.87,17511713.53999996,140896818.0,175.3236385910406,175.28748471407764,91706737.25999999,91687826.21000001,18911.04999998212,52307115.0,173.81284969493865,164.7392121567215,335813261.66999996,318282637.08000004,17530624.589999914,193203933.0,ok
2019-11-06,172.1522952853993,159.7746233027361,243364651.93,225866843.79000002,17497808.139999986,141365906.0,173.79438363975012,173.75786220887426,91335839.55000001,91316646.09,19193.460000008345,52553965.0,172.59731545510363,163.5642021853449,334700491.48,317183489.88,17517001.600000024,193919871.0,ok
2019-11-07,170.6811813582029,158.35534779477717,241175811.94,223759170.60999998,17416641.330000013,141301935.0,171.08109858542068,171.04342895556698,89571440.67000002,89551718.31,19722.360000014305,52356129.0,170.78930036706348,161.78561452519733,330747252.61,313310888.91999996,17436363.690000057,193658064.0,ok
2019-11-08,170.66850473021205,158.32548659795305,241906349.28000003,224411296.75,17495052.53000003,141740475.0,170.64367917793118,170.605876050137,89391201.59,89371398.53,19803.060000002384,52384713.0,170.6618055509623,161.639351653841,331297550.87,313782695.28,17514855.590000033,194125188.0,ok
2019-11-11,166.77861634111068,154.26380278392782,234553485.02999997,216952948.46999997,17600536.560000002,140637625.0,166.97563138868134,166.93785374804557,87121639.57,87101928.61,19710.959999993443,52176260.0,166.83192945362828,157.69345505382043,321675124.59999996,304054877.08,17620247.51999998,192813885.0,ok
2019-11-12,164.9831980186216,152.27257598319977,232782889.81,214848849.47000003,17934040.339999974,141094907.0,168.7821430040744,168.7436784959557,87876527.4,87856500.83,20026.57000000775,52065062.0,166.0071798882925,156.71225868751304,320659417.21000004,302705350.3,17954066.910000026,193159969.0,ok
2019-11-13,168.53690062348196,155.7568647212213,238996564.80999997,220873621.60000002,18122943.20999995,141806669.0,169.07050739911028,169.03110453241717,88035774.02000001,88015256.77000001,20517.25,52070450.0,168.6802137956259,159.3219870210677,327032338.83,308888878.37,18143460.45999998,193877119.0,ok
2019-11-14,167.98818075507268,155.2649816660599,236604438.2,218684335.96999997,17920102.23000002,140845884.0,167.85984992863757,167.82133047176686,87228389.48,87208372.84,20016.640000000596,51965011.0,167.9535939501759,158.64907883447142,323832827.68,305892708.80999994,17940118.870000064,192810895.0,ok
2019-11-15,168.96051697510336,156.14538960640488,237368472.17999998,219364815.12,18003657.059999973,140487539.0,168.95524497481716,168.91824498350286,88118217.72999999,88098920.47,19297.259999990463,52154769.0,168.95908966684513,159.60343227926862,325486689.90999997,307463735.59000003,18022954.319999933,192642308.0,ok
2019-11-18,169.53673619901565,156.94416874611628,238118123.26999998,220431581.71999997,17686541.550000012,140452228.0,169.7640040681,169.72770287600636,88942801.15,88923782.22,19018.930000007153,52392026.0,169.5984804504468,160.41720586603526,327060924.41999996,309355363.93999994,17705560.48000002,192844254.0,ok
2019-11-19,169.62509382641812,157.71102824668407,237471542.09,220792102.38,16679439.710000008,139997884.0,168.9537162897571,168.91723347660056,88815148.61,88795970.42,19178.189999997616,52567739.0,169.44181708902423,160.7701665421351,326286690.7,309588072.8,16698617.899999976,192565623.0,ok
2019-11-20,168.74261149490818,156.4792154011501,236106401.74,218947331.49,17159070.25,139921031.0,167.06554085135278,167.03088734615056,87778011.07,87759803.75,18207.319999992847,52541063.0,168.28478069556908,159.35976215659383,323884412.81,306707135.24,17177277.569999993,192462094.0,ok
2019-11-21,168.7485411211314,156.67599335524375,236048378.67,219161090.0,16887288.669999987,139881730.0,169.2492743843711,169.21389887953998,89216657.72999999,89198010.18,18647.54999998212,52713170.0,168.88559167454588,160.10761457338694,325265036.4,308359100.18,16905936.21999997,192594900.0,ok
2019-11-22,168.53976354256787,156.14830343693413,235835634.94,218496415.99,17339218.949999988,139928780.0,169.1702326257638,169.13692171177127,89685999.75999999,89668339.89999999,17659.859999999404,53015237.0,168.71299756343313,159.71718671639348,325521634.7,308164755.89,17356878.810000002,192944017.0,ok
2019-11-25,169.20030392368756,156.8866732056287,237168159.07,219908136.12,17260022.949999988,140170055.0,169.96839728699865,169.93521583492125,90486794.63,90469129.68,17664.94999998808,53237423.0,169.411729622988,160.47842048796065,327654953.7,310377265.8,17277687.899999976,193407478.0,ok
2019-11-26,170.08649900557035,157.7620888182383,237954927.5,220712793.94,17242133.560000002,139902302.0,171.36313091873876,171.33312450596043,92076462.22,92060339.24,16122.980000004172,53731781.0,170.4407533047785,161.52793368510441,330031389.72,312773133.18,17258256.54000002,193634083.0,ok
2019-11-27,170.55224483052376,158.3447726090413,238945057.71999997,221842291.60000002,17102766.119999945,140100799.0,171.94805004721846,171.9160586853627,92515185.05,92497972.37,17212.67999999225,53804149.0,170.93954857201476,162.1104913578585,331460242.77,314340263.97,17119978.799999952,193904948.0,ok
2019-11-28,169.67686388807496,157.43042220318344,238719642.2,221490032.27999997,17229609.920000017,140690744.0,171.38053912742927,171.34793725451928,92375164.58000001,92357591.97,17572.610000014305,53900615.0,170.14877149812185,161.2854886583119,331094806.78,313847624.25,17247182.52999997,194591359.0,ok
2019-11-29,168.2743603118944,155.98937139880195,237376285.26999998,220046461.35999998,17329823.909999996,141065035.0,169.71380687625722,169.67923583664282,91335191.72,91316586.56,18605.159999996424,53817184.0,168.67186687257498,159.76985972229716,328711476.99,311363047.91999996,17348429.070000052,194882219.0,ok
2019-12-02,167.4642518671557,154.84264539908696,235577755.69,217822505.29,17755250.400000006,140673459.0,168.86792848433174,168.8354203232617,90414229.42,90396824.1,17405.32000000775,53541386.0,167.85121915371607,158.70019070375386,325991985.11,308219329.39,17772655.72000003,194214845.0,ok
2019-12-03,168.60865948275344,156.08660085695348,237696801.26999998,220043773.89999998,17653027.370000005,140975441.0,169.35187731716292,169.3203257905686,91005617.49,90988662.46000001,16955.02999998629,53737590.0,168.81377536565594,159.73889100416704,328702418.76,311032436.36,17669982.399999976,194713031.0,ok
2019-12-04,168.3199826243203,155.87526932734957,238000472.98,220403942.82,17596530.159999996,141397634.0,169.84922728820428,169.81890675017004,91610465.21000001,91594111.42,16353.790000006557,53936345.0,168.742243350298,159.72543836830354,329610938.19,311998054.24,17612883.949999988,195333979.0,ok
2019-12-05,169.4412288502935,157.05567268941817,238946092.09,221479975.59000003,17466116.49999997,141020042.0,172.13851623917657,172.10942864495144,92186704.66,92171127.15,15577.509999990463,53553793.0,170.18362039788136,161.19901359810277,331132796.75,313651102.74,17481694.00999999,194573835.0,ok
2019-12-06,169.89666464737388,157.71124113654778,240109359.75,222888102.08999997,17221257.660000026,141326706.0,172.9770934737398,172.94825958655372,92225875.19,92210501.88000001,15373.309999987483,53316814.0,170.7404566769035,161.88497000568012,332335234.94,315098603.96999997,17236630.97000003,194643520.0,ok
2019-12-09,170.38708715180573,158.14170292915207,240140364.17000002,222881949.37,17258414.800000012,140938124.0,173.53643660943996,173.50755576957363,93171995.67999999,93156489.50999999,15506.170000001788,53690163.0,171.25586675383934,162.38052738962864,333312359.85,316038438.88,17273920.97000003,194628287.0,ok
2019-12-10,169.98889260954417,157.72900528850457,239617757.32999998,222336118.16000003,17281639.169999957,140960832.0,173.43377736254126,173.40346065587752,93726197.45,93709813.85,16383.60000000894,54041490.0,170.94358229231753,162.07290701389698,333343954.78,316045932.01,17298022.76999998,195002322.0,ok
2019-12-11,170.78847651395154,158.55358755424766,240811109.71999997,223559962.29,17251147.429999977,140999624.0,173.5166007953293,173.48629515494923,93856956.5,93840563.86000001,16392.639999985695,54091053.0,171.54487921531992,162.69384628256736,334668066.21999997,317400526.15,17267540.069999993,195090677.0,ok
2019-12-12,170.6823728699198,158.39961860308082,240871738.57999998,223537972.20999998,17333766.370000005,141122797.0,173.63081806671573,173.60011418297984,93662090.64,93645527.97,16562.670000001788,53943241.0,171.49773105044557,162.60313862528952,334533829.21999997,317183500.17999995,17350329.04000002,195066038.0,ok
2019-12-13,170.0622976702291,157.96534857062176,238673644.26,221696201.49,16977442.76999998,140344831.0,172.51867572555616,172.4839771061557,93130877.47999999,93112146.1,18731.37999999523,53983070.0,170.74466406138973,161.9985323620616,331804521.74,314808347.59000003,16996174.149999976,194327901.0,ok
2019-12-16,172.06328074527093,160.25589763403352,245617413.35,228762574.32999998,16854839.02000001,142748303.0,174.07944055139748,174.04382016200498,93596194.36,93577042.57,19151.790000006557,53766369.0,172.61490160388632,164.02827006219667,339213607.71,322339616.9,16873990.810000002,196514672.0,ok
2019-12-17,173.0140327330152,161.54650333677003,246649616.5,230301452.81,16348163.689999998,142560469.0,174.36870607042255,174.33255700635638,93882107.87,93862644.8,19463.07000000775,53841145.0,173.3854001678418,165.0516464747586,340531724.37,324164097.61,16367626.75999999,196401614.0,ok
2019-12-18,172.8429020618454,161.36546210252106,246662886.99,230283513.34,16379373.650000006,142709295.0,173.52629884594947,173.48799510586105,93181047.35,93160478.81,20568.539999991655,53698516.0,173.02974490154062,164.67980092197047,339843934.34000003,323443992.15,16399942.190000057,196407811.0,ok
2019-12-19,172.22426328128412,160.8303521472047,246368825.36999997,230069702.07,16299123.299999982,143051171.0,173.03962190963975,173.00085774396038,93231237.47999999,93210351.91,20885.569999992847,53878549.0,172.44733951279673,164.1601145728537,339600062.84999996,323280053.98,16320008.869999945,196929720.0,ok
2019-12-20,172.10397215039492,160.816171561089,246820247.48999998,230632023.01000002,16188224.47999996,143413452.0,172.06818236751465,172.02892998186832,92830337.00999999,92809160.45,21176.559999987483,53949740.0,172.09418892049538,163.88120813327745,339650584.5,323441183.46000004,16209401.039999962,197363192.0,ok
2019-12-23,171.65296133395265,160.4086927005951,246137774.69,230014317.0,16123457.689999998,143392676.0,171.99869784939708,171.95817754815758,92552863.95,92531059.89,21804.060000002384,53810212.0,171.7473015101077,163.56016900219026,338690638.64,322545376.89,16145261.75,197202888.0,ok
2019-12-24,171.7248037507988,160.4976963596675,246239932.83,230141139.24,16098793.590000004,143392176.0,172.47444618398134,172.43408421178094,92903205.21,92881464.27000001,21740.939999982715,53864910.0,171.9295082965993,163.75716079978997,339143138.04,323022603.51,16120534.530000031,197257086.0,ok
2019-12-25,172.84021145843226,161.60148396173992,248562512.3,232400032.99,16162479.310000002,143810581.0,174.03615079839722,173.9952154522461,94271399.19999999,94249225.46000001,22173.739999979734,54167711.0,173.16742559835802,164.99246212812062,342833911.5,326649258.45000005,16184653.049999952,197978292.0,ok
2019-12-26,172.7377691086893,161.54627377694618,249479668.58999997,233316147.66000003,16163520.929999948,144426821.0,174.0177284148549,173.97487716991168,94504394.21000001,94481122.83999999,23271.37000001967,54307337.0,173.08753878133015,164.9425915498633,343984062.79999995,327797270.5,16186792.299999952,198734158.0,ok
2019-12-27,173.2193280039862,162.23742849967633,250048841.67,234196042.32,15852799.349999994,144353892.0,173.03575774764246,172.99271647889532,94159593.02,94136171.57000001,23421.44999998808,54416263.0,173.1690729375343,165.18184728990124,344208434.69,328332213.89,15876220.800000012,198770155.0,ok
2019-12-30,174.26351457286526,163.29134243961548,252552175.70999998,236650706.31,15901469.399999976,144925446.0,174.49245461277084,174.45302404665014,95305454.47,95283918.02000001,21536.44999998808,54618668.0,174.32617941313967,166.34648733863432,347857630.17999995,331934624.33000004,15923005.849999905,199544114.0,ok
2019-12-31,174.23436157188013,163.14671104973007,253392084.62,237267120.21,16124964.409999996,145431752.0,174.2900191671937,174.25082518464825,95399792.72999999,95378339.42,21453.309999987483,54736234.0,174.24958122424235,166.1831476038331,348791877.35,332645459.63,16146417.720000029,200167986.0,ok
2020-01-01,,,,,,,,,,,,,,,,,,,data unavailable: TWSE MI_MARGN total 20200101: missing tables (keys=stat; stat='很抱歉，沒有符合條件的資料')
2020-01-02,175.84652559609407,165.13257327466306,256040078.05,240440104.26999998,15599973.780000031,145604286.0,176.2139177752555,176.17222711629984,96954924.02,96931985.34,22938.67999999225,55021150.0,175.94728221300912,168.16017766062325,352995002.07,337372089.61,15622912.459999979,200625436.0,ok
2020-01-03,174.4134134720127,163.59516149059533,252231981.60999998,236586916.93,15645064.679999977,144617307.0,173.17066701753996,173.12778635393687,94891655.04,94868157.89,23497.15000000596,54796610.0,174.07192129423944,166.21461521163542,347123636.65,331455074.82,15668561.829999983,199413917.0,ok
2020-01-06,172.25662933890226,161.52570596670904,250566341.35000002,234957025.07,15609316.280000031,145461073.0,170.6563186645286,170.61683803219736,93459767.38,93438145.85,21621.530000001192,54764903.0,171.8189196041177,164.01227127493186,344026108.73,328395170.91999996,15630937.810000062,200225976.0,ok
2020-01-07,169.69002872982642,158.86623569921434,245362750.64,229712121.96000004,15650628.679999948,144594678.0,169.04772138192075,169.00841812699386,92696114.4,92674562.74000001,21551.659999996424,54834288.0,169.51342215754153,161.65489455528746,338058865.03999996,322386684.70000005,15672180.339999914,199428966.0,ok
2020-01-08,168.34796241008596,157.57263267888163,241903900.93,226420527.93,15483373.0,143692800.0,164.49246580635472,164.4554491555736,89847497.19,89827278.31,20218.87999999523,54621041.0,167.28605348327653,159.46834807158015,331751398.12,316247806.24,15503591.879999995,198313841.0,ok
2020-01-09,170.56686483038644,159.87108544748367,245178953.62,229804455.18,15374498.439999998,143743601.0,169.5003569628495,169.46269061380323,91781887.23,91761491.47,20395.760000005364,54148492.0,170.27504017050344,162.4956014033365,336960840.85,321565946.65,15394894.200000048,197892093.0,ok
2020-01-10,170.83026677497799,160.11574230476927,244106689.98000002,228796246.74,15310443.24000001,142894286.0,169.39104686934766,169.35307803733022,91670455.57,91649907.73000002,20547.839999973774,54117651.0,170.4349242299973,162.65316678247777,335777145.55,320446154.47,15330991.079999983,197011937.0,ok
2020-01-13,172.57865481217155,161.90037117210818,245860301.01,230647724.26999998,15212576.74000001,142462752.0,171.618836640439,171.5818998393076,93070534.07,93050502.88999999,20031.180000007153,54230955.0,172.31402074292086,164.56969167803624,338930835.08,323698227.15999997,15232607.920000017,196693707.0,ok
2020-01-14,173.98604664456744,163.24220982203573,246960125.12,231710055.72,15250069.400000006,141942489.0,173.4054096285376,173.36838748497016,93618745.48000002,93598757.83,19987.65000002086,53988365.0,173.82605324631518,166.0324583436971,340578870.6,325308813.55,15270057.050000012,195930854.0,ok
2020-01-15,172.84949162939483,161.9599769115502,246305727.26999998,230788471.08999997,15517256.180000007,142497224.0,172.78609042224952,172.74930815964248,93099996.49000001,93080177.60000001,19818.890000000596,53881650.0,172.83209585976135,164.9203104657785,339405723.76,323868648.69,15537075.069999993,196378874.0,ok
2020-01-16,173.76448224982047,162.96439345415087,248389654.82,232951342.61,15438312.209999979,142946160.0,173.20678057014632,173.17049500182418,93412626.88,93393057.61,19569.269999995828,53931276.0,173.61170921587987,165.7601840263706,341802281.7,326344400.22,15457881.47999996,196877436.0,ok
2020-01-17,173.70246523178614,162.94871952454403,247479276.57,232158082.33999997,15321194.23000002,142473094.0,172.8637134678008,172.8280481125512,92727069.16,92707937.64999999,19131.510000005364,53641720.0,173.47304815535253,165.65093343229032,340206345.73,324866019.98999995,15340325.74000007,196114814.0,ok
2020-01-20,174.4940041880364,163.7667152710122,245465264.75,230374907.76999998,15090356.98000002,140672607.0,173.38987055089822,173.35412833051785,92273385.03999999,92254364.0,19021.039999991655,53217287.0,174.19095076198246,166.39818874211153,337738649.78999996,322629271.77,15109378.01999998,193889894.0,ok
2020-01-21,,,,,,,,,,,,,,,,,,,data unavailable: TWSE MI_MARGN total 20200121: missing tables (keys=stat; stat='很抱歉，沒有符合條件的資料')
2020-01-22,,,,,,,,,,,,,,,,,,,data unavailable: TWSE MI_MARGN total 20200122: missing tables (keys=stat; stat='很抱歉，沒有符合條件的資料')
2020-01-23,,,,,,,,,,,,,,,,,,,data unavailable: TWSE MI_MARGN total 20200123: missing tables (keys=stat; stat='很抱歉，沒有符合條件的資料')
2020-01-24,,,,,,,,,,,,,,,,,,,data unavailable: TWSE MI_MARGN total 20200124: missing tables (keys=stat; stat='很抱歉，沒有符合條件的資料')
2020-01-27,,,,,,,,,,,,,,,,,,,data unavailable: TWSE MI_MARGN total 20200127: missing tables (keys=stat; stat='很抱歉，沒有符合條件的資料')
2020-01-28,,,,,,,,,,,,,,,,,,,data unavailable: TWSE MI_MARGN total 20200128: missing tables (keys=stat; stat='很抱歉，沒有符合條件的資料')
2020-01-29,,,,,,,,,,,,,,,,,,,data unavailable: TWSE MI_MARGN total 20200129: missing tables (keys=stat; stat='很抱歉，沒有符合條件的資料')
2020-01-30,161.4461111818752,151.5137360981272,220415384.98000002,206855143.35000002,13560241.629999995,136525670.0,160.6091580213081,160.5722213289462,82707035.03999999,82688014.18,19020.859999984503,51495840.0,161.216884185219,153.99469854805443,303122420.02,289543157.53000003,13579262.48999995,188021510.0,ok
2020-01-31,162.11933817595326,151.7325732076856,219261157.08,205213393.68,14047763.400000006,135246763.0,161.36518641042719,161.33144043895004,81991955.50999999,81974808.69999999,17146.810000002384,50811428.0,161.91338364135768,154.35396895802347,301253112.59000003,287188202.38,14064910.210000038,186058191.0,ok
2020-02-03,159.93308332778875,149.4317540262622,211697234.59,197797031.29000002,13900203.299999982,132366131.0,157.80616830298132,157.77571268093232,78233886.58,78218787.92000002,15098.659999981523,49575937.0,159.35353728638503,151.7053324962757,289931121.17,276015819.21000004,13915301.959999979,181942068.0,ok
2020-02-04,163.56785909439103,152.77845474567766,216084112.36,201830585.57,14253526.790000021,132106707.0,162.36886319984313,162.33955941858827,79988649.87,79974213.78999999,14436.080000013113,49263540.0,163.24218945900208,155.37542900297203,296072762.23,281804799.36,14267962.870000005,181370247.0,ok
2020-02-05,163.10566285278708,152.1051376698336,214646814.18,200170139.10000002,14476675.079999983,131599854.0,162.83107265186518,162.8029560385282,79653212.37,79639458.36999999,13754.000000014901,48917698.0,163.03125280028172,155.00409482065214,294300026.55,279809597.47,14490429.079999983,180517552.0,ok
2020-02-06,166.2147057504478,154.6994292798272,220111225.27999997,204862023.34,15249201.939999968,132425843.0,166.0434627663146,166.01213135100932,81606542.95,81591144.28,15398.670000001788,49147700.0,166.16835429047057,157.76151243576274,301717768.22999996,286453167.62,15264600.609999955,181573543.0,ok
2020-02-07,163.46797966399686,151.85890921016605,215796348.89,200471053.85000002,15325295.039999962,132011388.0,162.99525682721253,162.96781852122228,79548615.89,79535224.83,13391.060000002384,48804252.0,163.3403862519857,154.8573335138487,295344964.78,280006278.68,15338686.099999964,180815640.0,ok
2020-02-10,162.64361668961357,151.04203611547092,214596976.14000002,199289494.91,15307481.23000002,131943067.0,161.9065265055997,161.88144109964406,79107339.42,79095082.72,12256.70000000298,48859883.0,162.44442668662208,153.97125856077017,293704315.56,278384577.63,15319737.930000007,180802950.0,ok
2020-02-11,165.2750993612669,153.66839758423473,218613702.48000002,203261214.06,15352488.420000017,132272619.0,165.51176017357258,165.48600184203846,81366829.25999999,81354166.27,12662.989999994636,49160754.0,165.33922441049475,156.87046744702252,299980531.74,284615380.33,15365151.410000026,181433373.0,ok
2020-02-12,167.36330955160645,155.37408931502063,221108551.91,205269243.20999998,15839308.700000018,132112918.0,167.79357666541657,167.7644729760804,82440947.5,82426648.17,14299.329999998212,49132362.0,167.47994729021357,158.73290128162233,303549499.40999997,287695891.38,15853608.029999971,181245280.0,ok
2020-02-13,166.74179387725226,154.5714672457094,220135904.47,204068391.95,16067512.52000001,132022032.0,167.48102332630742,167.45107917442903,81894527.44999999,81879885.42,14642.029999986291,48897795.0,166.9415878448745,158.05248220251727,302030431.91999996,285948277.37,16082154.549999952,180919827.0,ok
2020-02-14,168.06651042537246,155.91595859722565,222914327.03000003,206798492.43,16115834.600000024,132634590.0,169.6155646744479,169.58419032249083,83470584.11000001,83455144.28,15439.830000013113,49211630.0,168.48571894428164,159.61488597893322,306384911.14000005,290253636.71000004,16131274.430000007,181846220.0,ok
2020-02-17,167.1015483417427,155.1549864571366,222655218.4,206736967.66000003,15918250.73999998,133245455.0,168.57533966031528,168.54356569859425,83597478.56,83581721.67,15756.890000000596,49590574.0,167.5012844213544,158.78636771858572,306252696.96000004,290318689.33000004,15934007.629999995,182836029.0,ok
2020-02-18,166.2824829319747,154.2741339528386,223975635.38,207800885.37,16174750.00999999,134695869.0,166.74247991696492,166.70828443682274,83040441.22,83023411.32,17029.90000000596,49801611.0,166.40665043229862,157.63049809135606,307016076.6,290824296.69,16191779.910000026,184497480.0,ok
2020-02-19,167.7581018210661,155.8748739315001,226987449.96,210908681.98,16078767.98000002,135306401.0,169.03556350596597,169.00168920753782,84810603.75,84793607.92000002,16995.82999998331,50173231.0,168.10366202904697,159.42574756671934,311798053.71000004,295702289.9,16095763.810000062,185479632.0,ok
2020-02-20,167.91196283685818,156.1399380609874,227468762.72,211521311.06,15947451.659999996,135469063.0,169.91117067242484,169.8752654448804,85514110.53999999,85496039.89999999,18070.640000000596,50328716.0,168.45350624993208,159.86054976469873,312982873.26,297017350.96,15965522.300000012,185797779.0,ok
2020-02-21,167.0124885835333,155.40513365049793,225562240.42000002,209885682.3,15676558.120000005,135057110.0,169.5269468016872,169.4887180401199,85318097.75999999,85298858.31,19239.44999998808,50327160.0,167.69510065767716,159.22847208665547,310880338.18,295184540.61,15695797.569999993,185384270.0,ok
2020-02-24,166.0977349670931,154.2619824769668,225504428.58,209435488.19,16068940.390000015,135766107.0,168.06364187605539,168.0225336869001,84527102.81,84506427.57,20675.240000009537,50294699.0,166.62914562995067,157.98164163601442,310031531.39,293941915.76,16089615.629999995,186060806.0,ok
2020-02-25,165.91282977297791,154.13868105064327,226834642.13,210737123.83999997,16097518.290000021,136719169.0,168.40742170548856,168.3743297553788,84799564.94,84782901.88,16663.060000002384,50353817.0,166.5842908339529,157.97044353587214,311634207.07,295520025.71999997,16114181.350000024,187072986.0,ok
2020-02-26,163.92976510671767,152.32917834736062,225388866.78,209439090.35000002,15949776.429999977,137491118.0,166.88517340142988,166.85680855468473,84160827.11000001,84146522.61000001,14304.5,50430380.0,164.7228748091397,156.22779516157328,309549693.89,293585612.96000004,15964080.929999948,187921498.0,ok
2020-02-27,159.2719451773198,147.39387170997176,215629609.44,199548532.89000002,16081076.549999982,135384552.0,161.97394141546252,161.9456645551965,80391300.19999999,80377265.75999999,14034.439999997616,49632243.0,159.99677739526294,151.29750715333708,296020909.64,279925798.65,16095110.99000001,185016795.0,ok
2020-02-28,,,,,,,,,,,,,,,,,,,data unavailable: TWSE MI_MARGN total 20200228: missing tables (keys=stat; stat='很抱歉，沒有符合條件的資料')
2020-03-02,159.58026840412666,147.4609595067645,216234479.22999996,199812571.47,16421907.75999996,135502015.0,162.26037986971718,162.23131322491403,80548048.37,80533619.33,14429.040000006557,49641230.0,160.29886891093432,151.42123645936962,296782527.59999996,280346190.8,16436336.799999952,185143245.0,ok
2020-03-03,162.19783666404643,149.84033746861905,220781828.37,203960942.7,16820885.670000017,136118849.0,164.98308898505516,164.95378212910782,82284840.47999999,82270223.77,14616.709999993443,49874712.0,162.9447101397236,153.8930514212801,303066668.85,286231166.46999997,16835502.380000055,185993561.0,ok
2020-03-04,162.04598486897567,149.57305758088864,220603657.65,203623456.73,16980200.920000017,136136454.0,163.79893734670668,163.77024129090358,81734745.91,81720426.74000001,14319.169999986887,49899436.0,162.51617016479995,153.3810940835126,302338403.56,285343883.47,16994520.089999974,186035890.0,ok
2020-03-05,164.52386737698345,152.52796146326037,222435278.26,206216885.68,16218392.579999983,135199398.0,167.0016046666617,166.9720736608911,83383894.53,83369149.69999999,14744.830000013113,49929996.0,165.19212113339492,156.42358521413405,305819172.78999996,289586035.38,16233137.409999967,185129394.0,ok
2020-03-06,163.15515930007757,151.1558960944727,222785547.44,206400761.12,16384786.319999993,136548270.0,165.37558319887572,165.3475735807836,83140239.35,83126157.91,14081.439999997616,50273588.0,163.75267330335618,154.97486328928383,305925786.78999996,289526919.03,16398867.75999999,186821858.0,ok
2020-03-09,156.75650415549396,145.68354511812151,210652302.82,195772254.73,14880048.090000004,134381858.0,158.2816224550448,158.24543229325226,78124861.64,78106998.85000001,17862.789999991655,49358138.0,157.16619720618695,149.05804916856533,288777164.46,273879253.58,14897910.879999995,183739996.0,ok
2020-03-10,158.32332824298823,148.02811674536733,211097974.7,197371012.79,13726961.909999996,133333462.0,159.5667060468237,159.53652669611017,78679551.93,78664671.02000001,14880.909999996424,49308251.0,158.65900613295275,151.13507165255288,289777526.63,276035683.81,13741842.819999993,182641713.0,ok
2020-03-11,156.18563101655326,145.67076297664755,207539083.84,193566952.95,13972130.890000015,132879755.0,156.53615213872732,156.50390944847754,76477696.96000001,76461944.39,15752.570000007749,48856252.0,156.27986192081354,148.58304735395663,284016780.8,270028897.34,13987883.460000038,181736007.0,ok
2020-03-12,148.2963812234798,137.62832874556895,186192953.47,172798721.04,13394232.430000007,125554617.0,147.88920307784213,147.85290903802795,66727686.81,66711310.92,16375.890000000596,45120053.0,148.18873842263764,140.33132857968906,252920640.28,239510031.95999998,13410608.320000023,170674670.0,ok
2020-03-13,146.7406054189948,135.4475507267903,168948884.79,155946696.39999998,13002188.390000015,115134379.0,145.24170101144824,145.2015656979114,59448898.07,59432470.28,16427.789999999106,40931012.0,146.34749023888324,138.0057201022871,228397782.85999998,215379166.67999998,13018616.180000007,156065391.0,ok
2020-03-16,142.23747955455715,130.34378319081256,160131096.72,146741161.45999998,13389935.26000002,112580100.0,140.06932407633542,140.02622510830653,55115836.31,55098877.31,16959.0,39348970.0,141.67593669203663,132.8514936410787,215246933.03,201840038.76999998,13406894.26000002,151929070.0,ok
2020-03-17,140.7456666454683,128.82284666009474,151933040.04,139062517.42000002,12870522.619999975,107948645.0,137.61090634498058,137.56573375806835,51377411.690000005,51360546.379999995,16865.310000009835,37335276.0,139.9400913264173,131.0696066634931,203310451.73,190423063.8,12887387.929999977,145283921.0,ok
2020-03-18,139.87127770755507,127.81488502514384,146396840.69,133777968.34,12618872.349999994,104665406.0,137.00343736134514,136.95132440729273,49268622.65,49249882.0,18740.64999999851,35961596.0,139.13790421273433,130.15128512801545,195665463.34,183027850.34,12637613.0,140627002.0,ok
2020-03-19,135.79239418546572,123.28180407149034,126101756.00999999,114483967.02000001,11617788.98999998,92863637.0,131.94564420301677,131.8901738924304,42135667.160000004,42117953.21,17713.95000000298,31934110.0,134.80806121443842,125.4845732351242,168237423.17,156601920.23000002,11635502.939999968,124797747.0,ok
2020-03-20,145.2356407972332,132.6744904141065,133938413.86,122354338.84,11584075.019999996,92221450.0,142.36329539103275,142.3044607008172,44967414.309999995,44948830.559999995,18583.75,31586382.0,144.50283578990383,135.13132949456704,178905828.17,167303169.4,11602658.76999998,123807832.0,ok
2020-03-23,141.64349066176857,128.76227922526576,129300404.92999999,117541686.98999998,11758717.940000013,91285808.0,138.40516720155165,138.3397695759185,43065336.62,43044987.879999995,20348.740000002086,31115411.0,140.82028182252006,131.19695717246083,172365741.54999998,160586674.86999997,11779066.680000007,122401219.0,ok
2020-03-24,148.39715318291,135.88011607745503,135890692.24,124428552.96999998,11462139.270000026,91572304.0,146.5700051893641,146.50257275517103,46122957.03,46101737.25,21219.780000001192,31468210.0,147.9298511951925,138.5968610469231,182013649.27,170530290.21999997,11483359.050000042,123040514.0,ok
2020-03-25,154.75663566983027,141.79377034475752,139894972.15,128176962.92999999,11718009.220000014,90396752.0,152.49899075370558,152.4303356551936,47513979.4,47492588.59,21390.809999994934,31156914.0,154.1779509554241,144.52015912049907,187408951.55,175669551.51999998,11739400.030000031,121553666.0,ok
2020-03-26,156.75141159356488,143.5152876348585,141187404.05,129265508.34,11921895.710000008,90070898.0,155.10994896156402,155.04146993637542,48506774.3,48485359.19,21415.109999999404,31272510.0,156.32837537412829,146.48580459352186,189694178.35000002,177750867.53,11943310.820000023,121343408.0,ok
2020-03-27,155.7920642638888,142.04922736064418,141143626.62,128692967.79000002,12450658.829999983,90597443.0,154.6264023493039,154.56055386971366,48369359.09,48348760.74,20598.35000000149,31281436.0,155.49288544900386,145.26038472178598,189512985.71,177041728.53000003,12471257.179999977,121878879.0,ok
2020-03-30,155.87568116624456,142.1578967276877,142993619.19,130409516.08,12584103.11,91735682.0,155.6395690408176,155.5745623707338,48902178.269999996,48881753.08,20425.189999997616,31420145.0,155.8154430321839,145.58082514439207,191895797.45999998,179291269.16,12604528.299999982,123155827.0,ok
2020-03-31,156.77540735437924,142.6383852526422,144073645.70999998,131081988.74000001,12991656.969999969,91898116.0,155.53692802288296,155.4731984334532,48836640.3,48816630.010000005,20010.289999991655,31398743.0,156.46001656051916,145.90689512212148,192910286.01,179898618.75,13011667.25999999,123296859.0,ok
2020-04-01,157.86774690202526,143.8869129589859,145183202.89,132325717.49000001,12857485.399999976,91965082.0,156.70389198523145,156.63923058242335,49111596.79,49091331.66,20265.130000002682,31340381.0,157.5719314885505,147.1281520997979,194294799.67999998,181417049.15,12877750.529999971,123305463.0,ok
2020-04-02,,,,,,,,,,,,,,,,,,,data unavailable: TWSE MI_MARGN total 20200402: missing tables (keys=stat; stat='很抱歉，沒有符合條件的資料')
2020-04-03,,,,,,,,,,,,,,,,,,,data unavailable: TWSE MI_MARGN total 20200403: missing tables (keys=stat; stat='很抱歉，沒有符合條件的資料')
2020-04-06,161.16783400472642,147.18947695826336,150206018.28000003,137178397.93,13027620.350000024,93198509.0,160.07916656093965,160.0173514870234,50847857.02,50828221.96,19635.060000002384,31764194.0,160.89110628472883,150.450186636888,201053875.30000004,188006619.89000002,13047255.410000026,124962703.0,ok
2020-04-07,164.38353784135543,149.80516700623392,153389412.31,139786056.62,13603355.689999998,93311906.0,164.2284321512577,164.16710512306963,52337957.39999999,52318413.09,19544.309999987483,31868999.0,164.34405048437696,153.46148017543092,205727369.70999998,192104469.71,13622899.99999997,125180905.0,ok
2020-04-08,167.34147369455573,152.7154563015274,157670952.17000002,143890159.89,13780792.280000031,94221085.0,167.9887905514102,167.9277544118784,54247462.69,54227752.70999999,19709.980000004172,32292311.0,167.50670012841962,156.59836733811176,211918414.86,198117912.59999996,13800502.26000005,126513396.0,ok
2020-04-09,166.16104519397132,151.30283912975526,158022291.1,143891856.61,14130434.48999998,95101888.0,165.8848584818572,165.82655980268825,53585779.199999996,53566946.98,18832.219999998808,32302996.0,166.09101916375513,154.98527010157633,211608070.29999998,197458803.59,14149266.709999979,127404884.0,ok
2020-04-10,167.13246675172243,152.50374113102134,160017142.93,146011205.46,14005937.469999999,95742704.0,167.54284189803258,167.48377018217238,54658704.269999996,54639432.88,19271.389999993145,32623718.0,167.2367616509557,156.31084454468942,214675847.2,200650638.34,14025208.859999985,128366422.0,ok
2020-04-13,165.89830124657428,150.7686351282735,160160509.42000002,145554120.96,14606388.460000008,96541380.0,166.31601859609856,166.25844977415488,54355249.85,54336435.26,18814.590000003576,32681909.0,166.00394629330322,154.68616978167148,214515759.27,199890556.22,14625203.050000012,129223289.0,ok
2020-04-14,169.4198246062497,154.50695154345297,164798043.32,150291994.18,14506049.139999986,97271995.0,169.83781594197544,169.78117469997386,55988099.20999999,55969427.07,18672.139999993145,32965626.0,169.5256261860004,158.3731487616777,220786142.52999997,206261421.25,14524721.279999971,130237621.0,ok
2020-04-15,170.62740186517266,155.6192718446736,167008546.53,152318725.59,14689820.939999998,97879089.0,171.59313948528688,171.5363456852575,56784313.83,56765519.39,18794.439999997616,33092415.0,170.87141364735342,159.64102006494483,223792860.36,209084244.98000002,14708615.379999995,130971504.0,ok
2020-04-16,170.5844993244414,155.70010020400218,169295799.95999998,154523846.67000002,14771953.289999962,99244539.0,172.1857088344553,172.13032548087003,58006188.480000004,57987530.849999994,18657.630000010133,33688155.0,170.99028207462644,159.86389136144342,227301988.44,212511377.52,14790610.919999987,132932694.0,ok
2020-04-17,170.56037124763213,155.71750994257152,167747941.58999997,153149829.42,14598112.169999987,98351065.0,170.9405263395784,170.88404524552024,57636954.019999996,57617909.980000004,19044.039999991655,33717548.0,170.6574260835161,159.58957591233275,225384895.60999995,210767739.39999998,14617156.209999979,132068613.0,ok
2020-04-20,171.3081716770266,156.5517561051825,170988433.54,156259560.07999998,14728873.460000008,99813355.0,172.54699580554657,172.49135464101744,58316966.04,58298160.589999996,18805.45000000298,33797729.0,171.62153970699018,160.58377362614615,229305399.57999998,214557720.67,14747678.909999996,133611084.0,ok
2020-04-21,166.17621078392844,151.2489992457275,166768303.27,151787905.48,14980397.790000021,100356304.0,168.15314145681052,168.09777305377446,56962251.650000006,56943495.480000004,18756.170000001788,33875223.0,166.67511718018378,155.50102544836577,223730554.92000002,208731400.95999998,14999153.960000038,134231527.0,ok
2020-04-22,167.88455495149051,153.8257317347684,171493713.60999998,157132655.78,14361057.829999983,102149786.0,170.01490819876554,169.96018871044453,58174133.75,58155410.339999996,18723.410000003874,34217078.0,168.41910169614223,157.8741783781139,229667847.35999998,215288066.12,14379781.23999998,136366864.0,ok
2020-04-23,168.92624941751285,154.75949441546052,174407519.36999997,159781085.61,14626433.75999996,103244771.0,168.52896917584513,168.4755568719823,58138156.42999999,58119730.56,18425.869999989867,34497426.0,168.82675089028814,158.1946715791095,232545675.79999995,217900816.17000002,14644859.629999936,137742197.0,ok
2020-04-24,169.11291933420952,154.9355498888458,176336347.69,161553411.19,14782936.5,104271364.0,171.08342210010957,171.03038013385142,59381228.64,59362818.34,18410.29999999702,34708932.0,169.60503259397288,158.95507196933875,235717576.32999998,220916229.53,14801346.799999982,138980296.0,ok
2020-04-27,172.9885383196311,159.38283598007544,181130178.14,166884128.59000003,14246049.549999952,104706462.0,173.7627491878475,173.71141591622845,61342566.73,61324444.81,18121.919999994338,35302484.0,173.18375132257617,162.9957084313741,242472744.86999997,228208573.40000004,14264171.46999994,140008946.0,ok
2020-04-28,173.2825212516836,159.9496096687402,180920343.46,166999753.39999998,13920590.060000032,104407728.0,175.07101782621586,175.01995710421042,62340378.72,62322196.7,18182.019999995828,35608623.0,173.73736741646695,163.78226432997099,243260722.18,229321950.09999996,13938772.080000043,140016351.0,ok
2020-04-29,174.991565995589,161.24944339544533,182493865.66000003,168162585.97000003,14331279.689999998,104287235.0,176.68783491029353,176.63718104363403,63265252.55,63247115.31,18137.239999994636,35806230.0,175.42511223489262,165.18236684344987,245759118.21000004,231409701.28000003,14349416.930000007,140093465.0,ok
2020-04-30,177.33499864126333,163.57931633984478,185258977.2,170888640.53,14370336.669999987,104468367.0,178.8757203042703,178.82607442918902,64397547.129999995,64379673.980000004,17873.14999999106,36001279.0,177.72987363405187,167.48694199030015,249656524.32999998,235268314.51,14388209.819999993,140469646.0,ok
2020-05-01,,,,,,,,,,,,,,,,,,,data unavailable: TWSE MI_MARGN total 20200501: missing tables (keys=stat; stat='很抱歉，沒有符合條件的資料')
2020-05-04,174.71830269767824,160.8398725172419,186231318.08,171438372.48999998,14792945.590000033,106589473.0,177.47687395888573,177.42761182810844,64528607.17999999,64510696.019999996,17911.159999996424,36358882.0,175.41994467862185,165.05896028674132,250759925.26,235949068.51,14810856.75,142948355.0,ok
2020-05-05,175.5297451442056,161.65840602919792,190564836.74,175505340.86,15059495.879999995,108565552.0,178.61490170112035,178.56662735423757,65868220.97,65850418.730000004,17802.239999994636,36877226.0,176.3119910360898,165.94550991730924,256433057.71,241355759.59000003,15077298.119999975,145442778.0,ok
2020-05-06,175.39506898023083,161.5507207650026,190232707.8,175217189.61,15015518.189999998,108459553.0,177.16315358069147,177.1163759782235,66203673.67,66186193.45999999,17480.210000008345,37368760.0,175.84814374832686,165.5394471099724,256436381.47000003,241403383.07,15032998.400000036,145828313.0,ok
2020-05-07,176.80499632435556,163.0159977970179,194119495.47,178980141.42000002,15139354.049999982,109792992.0,180.34078469795364,180.29542659424467,68163754.45,68146610.35999998,17144.090000018477,37797193.0,177.71049607397674,167.44118301633674,262283249.92000002,247126751.78,15156498.140000015,147590185.0,ok
2020-05-08,175.73016148832005,161.96291743704728,193636325.12,178466256.86,15170068.25999999,110189579.0,179.28663862162193,179.24139434451948,67908262.06,67891124.92,17137.140000000596,37876923.0,176.63994465135673,166.38292824666044,261544587.18,246357381.78000003,15187205.399999976,148066502.0,ok
2020-05-11,176.70158826657462,162.76578114953745,195785430.48,180344550.61999997,15440879.860000014,110800040.0,179.4338507028761,179.39023633041387,68778932.86,68762215.0,16717.859999999404,38331080.0,177.40385999917387,167.03875463417694,264564363.33999997,249106765.61999997,15457597.719999999,149131120.0,ok
2020-05-12,175.1633446217186,161.4657004640761,196245146.48000002,180898920.99,15346225.49000001,112035510.0,178.39147311340702,178.34836744638554,68667425.20000002,68650832.73,16592.47000001371,38492549.0,175.98883121186066,165.78288152908425,264912571.68000004,249549753.72000003,15362817.960000008,150528059.0,ok
2020-05-13,175.71409874161264,162.0730171591614,197497143.62,182164995.16,15332148.460000008,112396868.0,179.50120012207375,179.45421074281055,70004330.00999999,69986004.45,18325.559999987483,38999366.0,176.6896484558526,166.55037773925076,267501473.63,252150999.61,15350474.01999998,151396234.0,ok
2020-05-14,171.05647496138502,157.15333017681024,190255244.75,174791660.49,15463584.25999999,111223644.0,174.30666913643662,174.2590432436143,67649519.91,67631036.0,18483.909999996424,38810632.0,171.8972301102716,161.5782092953213,257904764.66,242422696.49,15482068.169999987,150034276.0,ok
2020-05-15,171.12404157438914,156.96132280000467,190141422.51999998,174404770.49999997,15736652.02000001,111113214.0,174.7313597621384,174.68305696187934,68047950.37,68029139.16999999,18811.20000001788,38944326.0,172.0602462828592,161.56063178831263,258189372.89,242433909.66999996,15755463.220000029,150057540.0,ok
2020-05-18,169.3100707832747,155.25793262392565,189564448.31,173831268.32,15733179.99000001,111962890.0,172.9083763287175,172.8577927557538,67578574.37,67558804.56,19769.810000002384,39083459.0,170.24113749349877,159.81192162413672,257143022.68,241390072.88,15752949.800000012,151046349.0,ok
2020-05-19,170.85432648611868,157.09883407716683,192389282.48,176900009.43,15489273.049999982,112604279.0,174.71603657189004,174.66648640792556,68810387.47999999,68790872.58,19514.89999999106,39384128.0,171.85499546685818,161.65106724883302,261199669.95999998,245690882.01,15508787.949999988,151988407.0,ok
2020-05-20,171.95823159640625,158.2269584990255,194946251.12,179379330.08,15566921.039999992,113368374.0,175.17704616993134,175.12757621380524,70322970.06,70303110.87,19859.189999997616,40143941.0,172.79996147540345,162.64652184419214,265269221.18,249682440.95000002,15586780.22999999,153512315.0,ok
2020-05-21,173.48936895844525,159.90282228571698,198432320.68,182892406.02999997,15539914.650000036,114377222.0,177.54806183208962,177.49831338583417,72518710.44,72498390.91,20319.530000001192,40844552.0,174.55736018066642,164.5328424992746,270951031.12,255390796.93999997,15560234.180000037,155221774.0,ok
2020-05-22,170.7064741747598,157.21805424461914,195732734.64999998,180266857.73,15465876.919999987,114660405.0,175.27715779196978,175.23214497437337,71580369.28,71561986.77,18382.510000005364,40838390.0,171.90686521397157,161.94906494291484,267313103.92999998,251828844.5,15484259.429999977,155498795.0,ok
2020-05-25,172.6914648971577,159.45046888561035,200061228.1,184721674.84,15339553.25999999,115848938.0,177.16165281770066,177.11736707903515,73186444.31,73168149.63,18294.680000007153,41310545.0,173.86648721031997,164.09434515001553,273247672.40999997,257889824.47,15357847.939999968,157159483.0,ok
2020-05-26,173.2479104876088,160.01402585813074,200684894.48,185355181.51,15329712.969999999,115836834.0,176.99919512830013,176.9555897461378,73667592.47,73649443.78,18148.689999997616,41620298.0,174.23947932063183,164.49215224496785,274352486.95,259004625.29,15347861.659999996,157457132.0,ok
2020-05-27,173.02092101323717,159.83241424168406,200166247.71,184908590.44,15257657.27000001,115689043.0,176.7926402228094,176.74953370516428,74342450.83,74324324.25999999,18126.57000000775,42050648.0,174.0263955125917,164.3422229729105,274508698.54,259232914.7,15275783.840000033,157739691.0,ok
2020-05-28,171.88339115700916,158.68859064875582,198483169.26,183246410.17,15236759.090000004,115475479.0,175.44036780096798,175.39613471468553,73707656.46,73689072.84,18583.619999989867,42012940.0,172.83228027071627,163.14563613087003,272190825.71999997,256935483.01,15255342.709999979,157488419.0,ok
2020-05-29,172.50680554535117,159.59297363840983,200796279.39,185764701.99,15031577.399999976,116399048.0,176.49044830698762,176.44851944638773,74331437.28999999,74313778.36,17658.92999999225,42116408.0,173.56523056023002,164.07137001832808,275127716.67999995,260078480.35000002,15049236.329999924,158515456.0,ok
2020-06-01,175.25885869293796,162.6844285910637,203852416.85000002,189226463.07000002,14625953.780000001,116315043.0,179.0129926129022,178.9724941446006,76982564.75,76965148.83000001,17415.919999986887,43003898.0,176.27218699627184,167.08095737342367,280834981.6,266191611.90000004,14643369.699999988,159318941.0,ok
2020-06-02,175.05411527248455,162.75584658875303,203719296.67000002,189407181.57,14312115.100000024,116375040.0,177.76187662272858,177.7215472069353,76414515.67999999,76397179.27,17336.409999996424,42987010.0,175.78451855382133,166.79275953089206,280133812.35,265804360.83999997,14329451.51000005,159362050.0,ok
2020-06-03,177.40384049000295,165.03832371789406,207949068.76,193454468.81,14494599.949999988,117217907.0,180.08023620161978,180.0555537302949,78544330.66,78533565.08,10765.579999998212,43616297.0,178.12964673857556,169.110815439482,286493399.41999996,271988033.89,14505365.529999971,160834204.0,ok
2020-06-04,177.93799230524542,165.37923945752468,209338989.17000002,194563973.49,14775015.680000007,117647157.0,181.0660490135372,181.04131797730727,79662794.87,79651914.07000001,10880.79999999702,43996539.0,178.78939370453398,169.642178659414,289001784.04,274215887.56,14785896.48000002,161643696.0,ok
2020-06-05,178.5328002359356,165.97845744871236,210992573.49,196155674.67,14836898.820000023,118181406.0,181.95893940502904,181.9257635158527,81045712.54,81030935.78,14776.760000005364,44540660.0,179.47061096802938,170.34359092392546,292038286.03000003,277186610.45,14851675.580000043,162722066.0,ok
2020-06-08,178.50477935528343,165.89680660849925,210365820.73999998,195507470.48000002,14858350.25999996,117848845.0,181.84771761083672,181.81931820316746,80821790.75,80809168.7,12622.04999999702,44444765.0,179.4202565892767,170.25725115116978,291187611.49,276316639.18,14870972.310000002,162293610.0,ok
2020-06-09,178.35697283277227,165.89400909193859,210011458.02999997,195336589.17000002,14674868.859999955,117747826.0,180.50060259604302,180.47214183943254,79892859.03999999,79880261.78999999,12597.25,44261824.0,178.94262290548738,169.87682583105394,289904317.06999993,275216850.96000004,14687466.109999895,162009650.0,ok
2020-06-10,179.07416443097807,166.6229400644855,211761067.7,197037086.86,14723980.839999974,118253277.0,180.29600095402174,180.27593223928054,80205325.09,80196397.45,8927.640000000596,44485360.0,179.40815910237714,170.35504869688688,291966392.78999996,277233484.31,14732908.47999996,162738637.0,ok
2020-06-11,174.5714061233805,161.55244553754903,203404759.51000002,188235502.38,15169257.130000025,116516653.0,174.36272276172505,174.3419188193024,75477962.81,75468957.22,9005.590000003576,43287901.0,174.5148779176844,165.01686153449668,278882722.32000005,263704459.6,15178262.720000058,159804554.0,ok
2020-06-12,174.68820461444324,162.19254890773846,204132748.74,189530889.66,14601859.080000013,116855485.0,175.08023559931155,175.05879431061726,76176473.83,76167144.84,9328.989999994636,43509465.0,174.7945686198886,165.68335817770654,280309222.57,265698034.5,14611188.069999993,160364950.0,ok
2020-06-15,173.31384777368567,160.58750316976665,203822793.94,188856193.48,14966600.460000008,117603294.0,173.40729189096405,173.38664489519843,75434917.00999999,75425935.24000001,8981.769999980927,43501583.0,173.3390795798193,164.04353092302725,279257710.95,264282128.72,14975582.22999999,161104877.0,ok
2020-06-16,176.68987533640833,164.11732088840202,208756347.25,193902069.17000002,14854278.079999983,118148449.0,177.4560638189586,177.43565234206247,78242550.6,78233550.93,8999.669999986887,44091224.0,176.89809930151918,167.73679031022212,286998897.85,272135620.1,14863277.75,162239673.0,ok
2020-06-17,176.8954006262526,164.30705433902148,211488900.65999997,196438789.07999998,15050111.579999983,119555907.0,177.45866413044357,177.4398560702333,79261628.4,79253227.81,8400.590000003576,44664840.0,177.0485973127378,167.8789202499487,290750529.05999994,275692016.89,15058512.169999957,164220747.0,ok
2020-06-18,176.35707070779853,163.90940791954336,212932888.76,197903625.76999998,15029262.99000001,120739638.0,179.8354289755055,179.81715561796722,80872397.04,80864179.47,8217.570000007749,44970225.0,177.3010251055485,168.2264411986147,293805285.8,278767805.24,15037480.560000002,165709863.0,ok
2020-06-19,177.89883762233308,165.6410349928685,217245988.39999998,202277040.41,14968947.98999998,122117711.0,180.80071094950415,180.78249530013684,80951066.67,80942910.86,8155.810000002384,44773644.0,178.6773527424473,169.70318880208023,298197055.07,283219951.27,14977103.800000012,166891355.0,ok
2020-06-22,178.02955811677987,165.82823232372212,218630251.0,203646340.75,14983910.25,122805591.0,181.01572175134072,180.99808667668597,82152870.26,82144866.69,8003.570000007749,45384384.0,178.83534453227668,169.9216659256891,300783121.26,285791207.44,14991913.819999993,168189975.0,ok
2020-06-23,177.76717320069926,165.64787099018855,218999005.1,204068716.91000003,14930288.189999968,123194289.0,180.27198774378667,180.254152758803,82178826.19000001,82170695.93,8130.260000005364,45586021.0,178.44370074329169,169.59289436072257,301177831.29,286239412.84000003,14938418.449999988,168780310.0,ok
2020-06-24,178.27680046443288,166.31895886179674,220580806.64,205785441.57,14795365.069999993,123729395.0,180.87710911168972,180.86097097264508,82032408.48,82025089.41999999,7319.060000017285,45352565.0,178.97427680634883,170.21953790339313,302613215.12,287810530.99,14802684.129999995,169081960.0,ok
2020-06-25,,,,,,,,,,,,,,,,,,,data unavailable: TWSE MI_MARGN total 20200625: missing tables (keys=stat; stat='很抱歉，沒有符合條件的資料')
2020-06-26,,,,,,,,,,,,,,,,,,,data unavailable: TWSE MI_MARGN total 20200626: missing tables (keys=stat; stat='很抱歉，沒有符合條件的資料')
2020-06-29,176.33659349186854,164.42242010096302,220401549.39000002,205510129.39,14891420.00000003,124989116.0,178.85537588930563,178.84132663689687,81632791.49,81626379.16,6412.329999998212,45641788.0,177.0103385726656,168.27931038213333,302034340.88,287136508.54999995,14897832.330000043,170630904.0,ok
2020-06-30,177.23101310995963,165.59016896697193,222911877.84,208270634.29000002,14641243.549999982,125774758.0,180.40023235910593,180.3863415665005,83351190.69,83344772.66,6418.030000001192,46203483.0,178.0824520294983,169.56529224531377,306263068.53,291615406.95000005,14647661.579999924,171978241.0,ok
2020-07-01,178.59136397665628,166.98511870272227,224461853.95000002,209874590.19,14587263.76000002,125684607.0,182.81148636459622,182.79735419272674,86025910.09,86019259.89,6650.20000000298,47057169.0,179.7409817298625,171.29258302867046,310487764.04,295893850.08,14593913.960000038,172741776.0,ok
2020-07-02,180.1987105582872,168.5450220663911,228711358.72,213920293.23,14791065.49000001,126921751.0,185.7368022088402,185.72190195780684,89669350.28999999,89662156.8,7193.489999994636,48277643.0,181.72477754689035,173.27825347957537,318380709.01,303582450.03,14798258.98000002,175199394.0,ok
2020-07-03,180.69547347299732,168.93524672114927,229745548.86,214792989.74,14952559.120000005,127145160.0,185.5381382589707,185.52267742465764,90451441.74000001,90443904.45,7537.2900000065565,48750862.0,182.0376532449381,173.53257380090153,320196990.6,305236894.19,14960096.410000026,175896022.0,ok
2020-07-06,183.71954635724953,172.59623633221375,235998727.19,221710171.28999996,14288555.900000036,128455971.0,188.82281411607542,188.80797385626923,94508871.73,94501443.94,7427.7900000065565,50051617.0,185.15044801344806,177.14183400987972,330507598.92,316211615.22999996,14295983.690000057,178507588.0,ok
2020-07-07,182.06770802943396,170.78907845132224,234711977.7,220172170.05,14539807.649999976,128914666.0,185.29117127238322,185.27507275585944,91734027.19,91726057.13,7970.060000002384,49508040.0,182.96214209978407,174.80859593060987,326446004.89,311898227.18,14547777.709999979,178422706.0,ok
2020-07-08,183.2418487901773,171.87785424787575,242898510.35999998,227834826.14,15063684.219999999,132556243.0,188.09366631258578,188.0774805218582,95094860.97,95086677.89000002,8183.079999983311,50557184.0,184.58142413008304,176.3505327383775,337993371.33,322921504.03,15071867.300000012,183113427.0,ok
2020-07-09,182.30972442976883,171.08349882906938,244887925.66000003,229808274.20999998,15079651.450000048,134325213.0,187.04015571612612,187.0245183868573,94834072.35999998,94826143.84,7928.5199999809265,50702520.0,183.60598841688233,175.45176216907979,339721998.02,324634418.04999995,15087579.970000029,185027733.0,ok
2020-07-10,177.75412930110866,166.20995808547838,235852714.51,220535353.79,15317360.719999999,132684802.0,181.24312224377047,181.22673513461393,91090348.26999998,91082112.33,8235.939999982715,50258651.0,178.71263355896096,170.33540201080604,326943062.78,311617466.12,15325596.659999967,182943453.0,ok
2020-07-13,179.565264196302,168.21079307604668,242895970.23000002,227536901.25,15359068.98000002,135268907.0,184.150308870247,184.13497759850256,93805568.85,93797759.15,7809.699999988079,50939675.0,180.81956022843247,172.56705193104364,336701539.08000004,321334660.4,15366878.680000067,186208582.0,ok
2020-07-14,177.20211307066208,165.65504041108306,239884055.75000003,224252421.49,15631634.26000002,135373135.0,180.93995021076634,180.92426544860976,91603031.93,91595091.33,7940.600000008941,50626206.0,178.21949577767592,169.81109240596717,331487087.68000007,315847512.82,15639574.860000074,185999341.0,ok
2020-07-15,175.41460844029,163.7647510159039,236488509.18,220782534.41,15705974.77000001,134816884.0,178.16023217737776,178.14391450438958,89658165.86999999,89649954.09,8211.779999986291,50324455.0,176.16091404092094,167.67324368330293,326146675.05,310432488.5,15714186.550000012,185141339.0,ok
2020-07-16,175.44005942905693,163.7316878623912,239193866.49,223230746.81,15963119.680000007,136339367.0,178.37381130945536,178.3565461358324,89891954.89999999,89883254.07,8700.829999998212,50395265.0,176.23180974271554,167.67859155338684,329085821.39,313114000.88,15971820.50999999,186734632.0,ok
2020-07-17,172.9911911645588,161.14292324935494,233266551.69,217289989.06,15976562.629999995,134843023.0,174.72796956387052,174.7048127090991,85637237.37,85625887.79,11349.579999998212,49011751.0,173.45417914467646,164.75823295727966,318903789.06,302915876.85,15987912.209999979,183854774.0,ok
2020-07-20,173.92607588991643,162.10472351392286,234355297.81,218426711.24,15928586.569999993,134744199.0,175.47706121857152,175.45403040759751,86747455.47,86736070.14,11385.329999998212,49435211.0,174.34237262460553,165.68778311321552,321102753.28,305162781.38,15939971.899999976,184179410.0,ok
2020-07-21,176.35476475553924,164.77283569842936,240772765.56,224960246.44,15812519.120000005,136527508.0,177.51039521162187,177.49257957024142,88782591.00999999,88773680.44,8910.569999992847,50015432.0,176.66460953708568,168.18322198631586,329555356.57,313733926.88,15821429.689999998,186542940.0,ok
2020-07-22,177.7423641326675,166.12006446741444,244645281.41,228648302.94,15996978.469999999,137640389.0,179.59470034902265,179.53239768774532,90896288.35,90864755.78999999,31532.560000002384,50611899.0,178.24036739463162,169.72598958797252,335541569.76,319513058.73,16028511.029999971,188252288.0,ok
2020-07-23,177.2870374100366,165.45090009129189,247464549.27,230943181.26999998,16521368.00000003,139584119.0,178.67753354758656,178.62013076377175,90961130.19,90931907.59,29222.59999999404,50907984.0,177.65863998047206,168.9703057454303,338425679.46000004,321875088.86,16550590.600000024,190492103.0,ok
2020-07-24,173.43423779158454,161.3998136832327,240036330.65,223380455.54000002,16655875.109999985,138401929.0,173.83795365939955,173.76453239882713,87526688.24,87489720.94,36967.29999999702,50349585.0,173.54192925308138,164.69811017250967,327563018.89,310870176.48,16692842.409999967,188751514.0,ok
2020-07-27,173.26969107589386,161.30616038810612,242571594.9,225823064.32,16748530.580000013,139996553.0,172.38125480520088,172.2968684573622,86736343.36,86693883.03999999,42460.32000000775,50316575.0,173.03479887104794,164.21197562366797,329307938.26,312516947.36,16790990.899999976,190313128.0,ok
2020-07-28,170.01679243778904,157.91654190555266,236113777.09000003,219309343.74,16804433.350000024,138876739.0,167.91680487017084,167.8302909413217,83304225.43,83261305.51,42919.92000000179,49610416.0,169.46406906083337,160.52587204151922,319418002.52000004,302570649.25,16847353.27000004,188487155.0,ok
2020-07-29,171.72473155904797,159.6928772028717,240993509.97000003,224108354.37,16885155.600000024,140337101.0,171.3243532958153,171.23879506642444,86059729.67,86016752.02000001,42977.64999999106,50232047.0,171.61919600962904,162.7362611654222,327053239.64000005,310125106.39,16928133.25000006,190569148.0,ok
2020-07-30,173.59545585148484,161.81412111203102,247463848.04,230669316.09,16794531.949999988,142552031.0,173.27024486395845,173.1867745542441,88112149.04,88069702.35,42446.69000001252,50852441.0,173.50994711228807,164.80436834986938,335575997.08,318739018.44,16836978.639999986,193404472.0,ok
2020-07-31,174.14936405054442,162.460832787428,252374259.53000003,235435441.3,16938818.23000002,144918278.0,174.34708871347314,174.26347483657062,89812611.83,89769539.24000001,43072.589999988675,51513686.0,174.20121674291258,165.55603982048464,342186871.36,325204980.54,16981890.819999993,196431964.0,ok
2020-08-03,174.0163432983317,162.45981667136314,255612383.93,238637016.76,16975367.170000017,146889872.0,173.8670749183552,173.79428985207124,89719724.30000001,89682165.39999999,37558.90000002086,51602481.0,173.97753767874374,165.4064638752103,345332108.23,328319182.15999997,17012926.070000052,198492353.0,ok
2020-08-04,176.01377378361693,164.6263836110452,259896841.01,243082550.45999998,16814290.550000012,147657104.0,175.50761598761858,175.42987040812503,91564380.21,91523819.43,40560.77999998629,52171172.0,175.8816260917949,167.4469582522946,351461221.21999997,334606369.89,16854851.329999983,199828276.0,ok
2020-08-05,177.4783218494661,166.21291034140583,265619377.28000003,248759224.68,16860152.600000024,149662998.0,176.89971166987613,176.81972905473583,93928043.64999999,93885575.46,42468.189999997616,53096776.0,177.32680099061463,168.9905218280624,359547420.93,342644800.14,16902620.79000002,202759774.0,ok
2020-08-06,176.77363673816296,165.4819091055081,264749012.70000002,247837702.85999998,16911309.840000033,149767249.0,168.8222392458818,168.73317584601497,89893557.69,89846133.69,47424.0,53247462.0,174.6881142963083,166.33466357519282,354642570.39,337683836.54999995,16958733.840000033,203014711.0,ok
2020-08-07,175.345414097228,163.98030043289052,262829058.45999998,245793642.17000002,17035416.28999996,149892177.0,174.68048208681864,174.58888783436507,92671236.07,92622643.62,48592.44999998808,53051855.0,175.17159338294806,166.75350462633955,355500294.53,338416285.79,17084008.73999995,202944032.0,ok
2020-08-10,174.76313045581557,163.57967361503495,263113729.28,246276533.54,16837195.74000001,150554484.0,173.00874932493167,172.90409845609963,91361797.72,91306534.09,55263.62999999523,52807617.0,174.30756530195367,166.0009736179899,354475527.0,337583067.63,16892459.370000005,203362101.0,ok
2020-08-11,172.85847584267452,161.81490373067123,257304607.0,240865945.44,16438661.560000002,148852757.0,170.07777028910874,169.96757062032844,89306068.37,89248203.67000002,57864.69999998808,52508960.0,172.1333531189546,163.94086921199624,346610675.37,330114149.11,16496526.25999999,201361717.0,ok
2020-08-12,172.57476523478613,161.41061319980486,259118644.0,242355822.78000003,16762821.219999969,150148629.0,170.6503740964585,170.533328772336,89821290.27000001,89759683.83,61606.44000001252,52634687.0,172.0752679032036,163.77851647815052,348939934.27,332115506.61,16824427.659999967,202783316.0,ok
2020-08-13,170.907663501113,159.72228658422637,254844353.05,238165579.93,16678773.120000005,149112303.0,169.75249529533144,169.63202043655835,89910213.75999999,89846403.68,63810.07999998331,52965474.0,170.604888834461,162.31967140553016,344754566.81,328011983.61,16742583.199999988,202077777.0,ok
2020-08-14,174.25068276697425,163.1964244803361,261382286.72000003,244800502.0,16581784.720000029,150003594.0,171.8114002325371,171.6821032673473,91149695.03,91081100.17,68594.8599999994,53052181.0,173.61337383780392,165.4134693632821,352531981.75,335881602.17,16650379.579999983,203055775.0,ok
2020-08-17,176.04475354492,165.41684759910956,265476016.48000002,249449102.43,16026914.050000012,150800300.0,173.09699458152718,172.97126251303987,92413206.94999999,92346080.97999999,67125.96999999881,53388106.0,175.27401797240142,167.3920621183555,357889223.43,341795183.40999997,16094040.02000004,204188406.0,ok
2020-08-18,171.73642021126156,160.9508716055462,258005926.81,241802401.31,16203525.5,150233670.0,171.67715751311167,171.54821261894412,91057428.72,90989036.45,68392.26999999583,53039921.0,171.72095687038853,163.71602239269734,349063355.53,332791437.76,16271917.76999998,203273591.0,ok
2020-08-19,172.16079047335015,161.25762156356203,257716556.69,241395028.76999998,16321527.920000017,149695268.0,169.60965198230357,169.485150002823,89101849.21000001,89036443.99000001,65405.21999999881,52533478.0,171.49807470991288,163.39490764582004,346818405.9,330431472.76,16386933.139999986,202228746.0,ok
2020-08-20,164.20251585560777,152.5946076126752,236764116.64,220026637.76,16737478.879999995,144190310.0,161.34895447205113,161.22555462939795,80660746.44,80599057.02000001,61689.41999998689,49991490.0,163.46787550635537,154.81661761297914,317424863.08,300625694.78,16799168.300000012,194181800.0,ok
2020-08-21,168.6757639386431,157.4400637098116,245048934.89,228725923.75,16323011.139999986,145278094.0,166.30976266780536,166.18919425566705,83580867.16,83520274.13,60593.03000000119,50256140.0,168.0676551247798,159.68876216325373,328629802.04999995,312246197.88,16383604.169999957,195534234.0,ok
2020-08-24,169.56699006285618,158.39770259783515,247353823.82,231060758.98000002,16293064.839999974,145873807.0,168.30418400518562,168.18825576748998,85473358.95,85414484.74,58874.210000008345,50785047.0,169.2408838963335,160.92600830471636,332827182.77,316475243.72,16351939.049999952,196658854.0,ok
2020-08-25,170.72066904407046,159.59035367012072,250822207.73,234469587.45,16352620.280000001,146919649.0,170.50386669639747,170.39241283253605,87056179.69,86999273.37,56906.31999999285,51058185.0,170.66475604536615,162.37618844744003,337878387.41999996,321468860.82,16409526.599999964,197977834.0,ok
2020-08-26,171.4471408942917,160.3325305993232,253979624.0,237514581.01999998,16465042.98000002,148138734.0,171.88119911569885,171.7685080271916,88868081.86,88809816.96000001,58264.89999999106,51703201.0,171.55944064492772,163.29125214885457,342847705.86,326324397.98,16523307.879999995,199841935.0,ok
2020-08-27,170.81916763831242,159.68561505442617,255028543.53,238406441.11,16622102.419999987,149297381.0,171.78829031798386,171.67522325097437,89727152.49000001,89668096.16,59056.33000001311,52231239.0,171.07034029211334,162.79302526360772,344755696.02,328074537.27,16681158.75,201528620.0,ok
2020-08-28,170.92384334956503,160.14664524805735,255836352.55,239705197.3,16131155.25,149678563.0,171.66681777215584,171.55388350256877,90370794.63,90311342.49000001,59452.139999985695,52643135.0,171.11716172923778,163.1147539054363,346207147.18,330016539.79,16190607.389999986,202321698.0,ok
2020-08-31,170.3621377062552,159.4710490694967,259290430.81,242714241.39000002,16576189.419999987,152199564.0,171.60283232567716,171.4916238925565,90777881.13999999,90719051.89,58829.2499999851,52899990.0,170.68214197579385,162.5714375176067,350068311.95,333433293.28000003,16635018.669999957,205099554.0,ok
2020-09-01,171.81352696166306,160.87803846157988,261678674.8,245023501.07999998,16655173.720000029,152303884.0,172.06875174540662,171.95728480971212,91436439.92,91377206.97,59232.95000000298,53139480.0,171.8795427824089,163.7437693290497,353115114.72,336400708.04999995,16714406.670000076,205443364.0,ok
2020-09-02,172.6520822797188,161.66986021569767,265221279.69,248350825.82,16870453.870000005,153616033.0,173.98789109635692,173.8816128101976,93374723.53,93317686.77000001,57036.75999999046,53667369.0,172.99793411341253,164.83158289248843,358596003.22,341668512.59000003,16927490.629999995,207283402.0,ok
2020-09-03,173.38614465532626,162.6123626047981,266409574.59999996,249855548.90999997,16554025.689999998,153651017.0,173.5209547181846,173.41393648386628,93267835.91,93210313.41,57522.5,53750186.0,173.42108208986616,165.41170319055476,359677410.51,343065862.31999993,16611548.190000057,207401203.0,ok
2020-09-04,172.29615338465248,161.332938323376,266778965.18,249803802.87,16975162.310000002,154837447.0,173.26892761150364,173.15817708235681,92967855.49,92908432.03,59423.45999999344,53655238.0,172.5464951779963,164.37614341241755,359746820.67,342712234.9,17034585.77000004,208492685.0,ok
2020-09-07,170.1946420667857,159.30896085175203,264805326.2,247868327.89,16936998.310000002,155589696.0,169.68187331700474,169.56875673906998,90657938.4,90597502.27000001,60436.12999999523,53428181.0,170.06357049545576,161.93152232619795,355463264.6,338465830.15999997,16997434.440000057,209017877.0,ok
2020-09-08,169.25131632477544,158.37838452143802,264949893.2,247929156.33,17020736.869999975,156542294.0,170.82656996117694,170.70490971332316,91198427.56,91133477.34,64950.21999999881,53386559.0,169.65191571832193,161.51311686059657,356148320.76,339062633.67,17085687.089999974,209928853.0,ok
2020-09-09,170.26494622381767,159.56633063818154,267548343.17000002,250736915.23,16811427.940000027,157136480.0,171.4045238065645,171.27829311674577,91707993.6,91640455.34,67538.25999999046,53503835.0,170.55440539480773,162.54123555122862,359256336.77,342377370.57,16878966.199999988,210640315.0,ok
2020-09-10,169.52998537042262,158.76457390443917,266058519.64,249163399.69,16895119.949999988,156938915.0,170.27056204962824,170.14177759742412,91077679.37,91008792.6,68886.77000001073,53489974.0,169.71823626840515,161.6566023356232,357136199.01,340172192.28999996,16964006.72000003,210428889.0,ok
2020-09-11,167.9298546564191,157.15394743956185,260869378.27999997,244129625.70999998,16739752.569999993,155344253.0,168.5757060860251,168.4469141453692,88804877.85999998,88737030.88000001,67846.97999997437,52679523.0,168.0934087745816,160.01375563435593,349674256.14,332866656.59,16807599.550000012,208023776.0,ok
2020-09-14,170.3266418591352,159.8095373905095,266060073.09,249631747.17999998,16428325.910000026,156205788.0,171.86517318805966,171.7325456986953,91250225.67000002,91179808.33000001,70417.34000000358,53094076.0,170.7169283014919,162.8341027063448,357310298.76,340811555.51,16498743.25,209299864.0,ok
2020-09-15,171.1325996466439,160.6605542520881,266364626.14,250065087.29000002,16299538.849999964,155648092.0,172.44177433499001,172.31136699347852,92312987.76999998,92243177.01,69810.75999997556,53532845.0,171.46763899905466,163.64218901075103,358677613.90999997,342308264.3,16369349.609999955,209180937.0,ok
2020-09-16,171.52806016745856,160.87189034559222,267113625.73999998,250519208.74,16594416.99999997,155725906.0,173.32611255279465,173.19370172568708,92438842.19,92368224.42,70617.76999999583,53332323.0,171.9867568236216,164.0152768920663,359552467.92999995,342887433.16,16665034.769999921,209058229.0,ok
2020-09-17,171.57569188660818,160.7904974774446,269012532.17,252102488.41000003,16910043.75999999,156789420.0,173.02626115140006,172.89471080099804,92478877.07999998,92408566.2,70310.87999998033,53447885.0,171.94446497019166,163.86770873513623,361491409.25,344511054.61,16980354.639999986,210237305.0,ok
2020-09-18,172.04654150545164,161.3820111068327,270660379.46,253883141.05,16777238.409999967,157318117.0,173.61816095342022,173.49082115445196,93148117.38999999,93079798.14,68319.2499999851,53651137.0,172.44621666529662,164.46137653309424,363808496.84999996,346962939.19,16845557.659999967,210969254.0,ok
2020-09-21,170.5949781397599,159.83377176483785,267844830.75,250949060.82999998,16895769.920000017,157006281.0,172.07579329097692,171.9462279342602,91856558.72,91787394.85,69163.87000000477,53381453.0,170.9707037721125,162.90705221436528,359701389.47,342736455.67999995,16964933.79000008,210387734.0,ok
2020-09-22,168.5786126922898,157.75959517590908,263268143.91,246372153.28,16895990.629999995,156169362.0,169.71053692950923,169.58138005780552,89277407.44,89209463.57,67943.87000000477,52605695.0,168.86382713333424,160.7383667724253,352545551.35,335581616.85,16963934.5,208775057.0,ok
2020-09-23,167.97960880430557,157.17121757349224,263074335.17,246147219.08999997,16927116.080000013,156610875.0,170.1361245699315,170.0070058370341,89690973.84,89622906.08,68067.76000000536,52717184.0,168.5227057926334,160.40378283448374,352765309.01,335770125.16999996,16995183.840000033,209328059.0,ok
2020-09-24,163.68846003147186,152.71816547838097,254984266.34,237895385.99,17088880.349999994,155774125.0,165.49987121285855,165.36909264093498,86215022.96000001,86146895.55000001,68127.40999999642,52093710.0,164.14241736822822,155.8886114054154,341199289.3,324042281.54,17157007.75999999,207867835.0,ok
2020-09-25,160.6393435779143,149.40012484396564,243957141.49,226888547.87,17068593.620000005,151866371.0,161.23528979276338,161.10047028822308,81513456.88,81445298.07999998,68158.80000001192,50555593.0,160.78818322798213,152.3223270128927,325470598.37,308333845.95,17136752.420000017,202421964.0,ok
2020-09-28,164.00740114538368,152.9231414583725,249295659.9,232447287.12,16848372.78,152002689.0,164.83529058382024,164.7002518470351,83368303.16,83300004.97999999,68298.18000000715,50576732.0,164.21409510297693,155.8634586580243,332663963.06,315747292.1,16916670.95999998,202579421.0,ok
2020-09-29,163.9565918624248,152.89613214201935,249449826.92,232622020.66000003,16827806.25999996,152143823.0,164.71732877585538,164.58318839045626,83283219.46,83215396.33999999,67823.12000000477,50561298.0,164.1463445711369,155.81126685003682,332733046.38,315837417.0,16895629.379999995,202705121.0,ok
2020-09-30,165.3474933632474,154.3061432431706,251086177.39999998,234319486.0,16766691.399999976,151853634.0,166.64235727408035,166.51025486242014,84097425.4,84030758.84,66666.56000000238,50465816.0,165.67047943240254,157.35029174901376,335183602.79999995,318350244.84000003,16833357.95999992,202319450.0,ok
2020-10-01,,,,,,,,,,,,,,,,,,,data unavailable: TWSE MI_MARGN total 20201001: missing tables (keys=stat; stat='很抱歉，沒有符合條件的資料')
2020-10-02,,,,,,,,,,,,,,,,,,,data unavailable: TWSE MI_MARGN total 20201002: missing tables (keys=stat; stat='很抱歉，沒有符合條件的資料')
2020-10-05,166.95575571653174,156.23809300369098,255686362.17,239272671.14,16413691.030000001,153146180.0,167.9138608339462,167.77461372938623,85168103.17,85097475.22,70627.95000000298,50721306.0,167.1941279248423,159.1083270433815,340854465.34,324370146.36,16484318.97999996,203867486.0,ok
2020-10-06,168.5375367895667,157.9149464161943,258448645.29,242159134.1,16289511.189999998,153347824.0,169.7496415062789,169.6086721766491,86073098.75,86001618.97000001,71479.77999998629,50705909.0,168.83873623620497,160.82075453625737,344521744.03999996,328160753.07,16360990.969999969,204053733.0,ok
2020-10-07,168.66190072717436,158.17556389911772,259595642.36,243455617.06,16140025.300000012,153914809.0,169.52070639493442,169.38314600242188,86482770.03,86412592.15,70177.87999999523,51016051.0,168.87569416826727,160.96561016237382,346078412.39,329868209.21000004,16210203.179999948,204930860.0,ok
2020-10-08,169.58614059770235,159.06882332632557,260033066.98000002,243906452.76,16126614.220000029,153333914.0,169.3634954142373,169.2245399153363,86596461.3,86525412.61,71048.68999999762,51130535.0,169.5304635966324,161.6084688492717,346629528.28000003,330431865.37,16197662.910000026,204464449.0,ok
2020-10-09,,,,,,,,,,,,,,,,,,,data unavailable: TWSE MI_MARGN total 20201009: missing tables (keys=stat; stat='很抱歉，沒有符合條件的資料')
2020-10-12,168.59726036830276,158.56209511611536,256833993.78999996,241546844.02,15287149.769999951,152335805.0,168.89967229356463,168.7454632051799,86452565.69999999,86373632.62,78933.07999998331,51185751.0,168.67331708588154,161.12321617666876,343286559.48999995,327920476.64,15366082.849999964,203521556.0,ok
2020-10-13,168.94717006309892,159.12313295188775,258581707.63,243545549.93,15036157.699999988,153054773.0,169.26775766968174,169.1116271154405,86473812.59,86394050.18,79762.40999999642,51086996.0,169.02739792560533,161.62277897670222,345055520.22,329939600.11,15115920.110000014,204141769.0,ok
2020-10-14,169.30978140708143,159.47396357261331,260844729.14999998,245691314.98999998,15153414.159999996,154063591.0,170.38438621224793,170.23025054133248,87885273.38,87805769.28999999,79504.09000000358,51580591.0,169.5793185775613,162.171903448258,348730002.53,333497084.28,15232918.25,205644182.0,ok
2020-10-15,168.09848812660863,158.36883863446016,260123729.77,245067599.62,15056130.150000006,154744836.0,170.00823974234208,169.853685119626,88422936.27000001,88342550.91,80385.3600000143,52010971.0,168.5789004417177,161.25793774198561,348546666.04,333410150.53,15136515.51000005,206755807.0,ok
2020-10-16,166.74402571358274,156.98990499379323,256024516.41,241047703.72000003,14976812.689999968,153543442.0,167.46279974250265,167.30553827313736,86928077.16,86846444.48,81632.67999999225,51908888.0,166.92562871883712,159.5962178671812,342952593.57,327894148.20000005,15058445.369999945,205452330.0,ok
2020-10-19,168.9612983431027,159.27962384420243,259211159.77,244358065.6,14853094.170000017,153414517.0,169.19231614011215,169.03342735038763,88076819.62,87994106.53,82713.09000000358,52057222.0,169.01982777787265,161.75079538797303,347287979.39,332352172.13,14935807.25999999,205471739.0,ok
2020-10-20,168.9787101387509,159.24423426462266,260317407.69000003,245321118.97,14996288.720000029,154053376.0,169.18300905559903,169.02505718441395,88206241.63,88123890.92000002,82350.70999997854,52136584.0,169.0303685591675,161.71738424606124,348523649.32000005,333445009.89,15078639.430000067,206189960.0,ok
2020-10-21,169.1790702877984,159.4376417683192,262017655.09000003,246930527.26999998,15087127.820000052,154875928.0,169.97241043221422,169.81486742412466,88842194.22,88759848.7,82345.51999999583,52268597.0,169.37925311325515,162.05611805091152,350859849.31000006,335690375.96999997,15169473.340000093,207144525.0,ok
2020-10-22,169.1247531728659,159.39194826954053,261950959.26,246876184.38,15074774.879999995,154886233.0,169.51511646705976,169.35749321708388,88683518.16,88601055.99000001,82462.16999998689,52315994.0,169.22331506601034,161.9081248436582,350634477.41999996,335477240.37,15157237.049999952,207202227.0,ok
2020-10-23,169.8773070650383,160.50593977743296,264475845.10000002,249885901.76999998,14589943.330000043,155686389.0,171.0277112248794,170.87026685186314,89864516.68,89781789.36999999,82727.31000001729,52543834.0,170.16759463394516,163.12122526997436,354340361.78000003,339667691.14,14672670.640000045,208230223.0,ok
2020-10-26,169.76852029009152,160.1997384543406,265988294.14,250996209.9,14992084.23999998,156677041.0,169.1758855689993,169.02034871519243,88510015.00999999,88428640.71000001,81374.29999998212,52318340.0,169.6201645480385,162.407824032245,354498309.15,339424850.61,15073458.539999962,208995381.0,ok
2020-10-27,169.66816019855634,160.0347689270765,267459926.64000002,252274130.32,15185796.320000023,157637076.0,169.19505513910903,169.04432244912658,88554974.53,88476082.57,78891.96000000834,52338985.0,169.55023323825472,162.28050534294002,356014901.17,340750212.89,15264688.280000031,209976061.0,ok
2020-10-28,167.88227303227558,158.15767471895043,263690278.82,248415991.7,15274287.120000005,157068566.0,167.57825928098237,167.4280283333514,87354192.88,87275881.38999999,78311.49000000954,52127402.0,167.80651895738256,160.4676592476199,351044471.7,335691873.09,15352598.610000014,209195968.0,ok
2020-10-29,167.47550129330685,157.61415994374462,264169737.86,248614818.25,15554919.610000014,157736347.0,167.16577113550076,167.0140960534206,86560731.47999999,86482192.03999999,78539.43999999762,51781373.0,167.3989528618391,159.9373123619329,350730469.34000003,335097010.28999996,15633459.050000072,209517720.0,ok
2020-10-30,165.0398669737195,154.85085453706932,258671338.91000003,242701830.82999998,15969508.080000043,156732639.0,165.4020076539608,165.25113500811068,85260482.46000001,85182711.49,77770.97000001371,51547429.0,165.1294935096718,157.42482968653536,343931821.37,327884542.32,16047279.050000012,208280068.0,ok
2020-11-02,164.27678702279886,154.09270705829775,257175912.98,241232698.42000002,15943214.559999973,156550367.0,164.6228212898223,164.47296354936375,84874296.59,84797034.69999999,77261.8900000155,51556823.0,164.3625141303383,156.66432914691703,342050209.57,326029733.12,16020476.449999988,208107190.0,ok
2020-11-03,167.2299518668625,157.2121255104222,261543034.19,245875429.95999998,15667604.23000002,156397243.0,167.1676994688273,167.01722853007576,86948980.66,86870716.17,78264.48999999464,52013027.0,167.21441551320865,159.659188642671,348492014.85,332746146.13,15745868.720000029,208410270.0,ok
2020-11-04,168.80732675261828,159.23227702326795,264232913.40999997,249245155.86,14987757.549999952,156529292.0,169.5154691440253,169.36364409357347,88317022.06,88237921.69,79100.37000000477,52099683.0,168.98416697393063,161.76232354590246,352549935.46999997,337483077.55,15066857.919999957,208628975.0,ok
2020-11-05,169.3312243321628,160.06274907439467,263773581.13000003,249335730.57999998,14437850.550000042,155773740.0,170.74320199498234,170.58427168083122,89319940.22,89236799.88999999,83140.33000001311,52312443.0,169.68619264355482,162.70783844884116,353093521.35,338572530.46999997,14520990.880000055,208086183.0,ok
2020-11-06,169.6198209214521,160.03840080446892,263457483.44,248575397.02999997,14882086.410000026,155322345.0,172.01450430310845,171.8620099915368,90590356.72,90510046.55000001,80310.16999998689,52664371.0,170.22617932964525,163.03225999298917,354047840.15999997,339085443.58,14962396.579999983,207986716.0,ok
2020-11-09,172.09968347782677,163.38808374797108,268143515.61,254570225.23000002,13573290.379999995,155807094.0,175.51245261759334,175.3888244788122,94034039.96000001,93967803.9,66236.06000000238,53576848.0,172.97293770980778,166.45881522757844,362177555.57000005,348538029.13,13639526.440000057,209383942.0,ok
2020-11-10,169.98369530456984,161.1293239721007,263908760.69000003,250161876.54999998,13746884.140000045,155255338.0,172.35968723631234,172.23392604260422,91970741.29999998,91903635.41000001,67105.8899999708,53359775.0,170.5914288146516,163.96966981006787,355879501.99,342065511.96,13813990.030000031,208615113.0,ok
2020-11-11,170.81387028398103,161.8650844843575,267199122.19,253200799.3,13998322.889999986,156427064.0,174.0814780510812,173.95752875855504,93941530.75,93874642.61,66888.1400000006,53964116.0,171.65199270235567,164.96672622397955,361140652.94,347075441.91,14065211.029999971,210391180.0,ok
2020-11-12,169.91627617217387,160.7364949151278,265191339.74,250864292.64999998,14327047.090000033,156071770.0,173.15288699795562,173.0214311081245,93339608.25999999,93268745.78999999,70862.46999999881,53905892.0,170.74718547918684,163.89030869388378,358530948.0,344133038.43999994,14397909.560000062,209977662.0,ok
2020-11-13,170.6318932529143,161.3105376344278,267641361.26000002,253020528.9,14620832.360000014,156853069.0,174.35849370699975,174.22646898240097,94871741.34,94799904.2,71837.1400000006,54411884.0,171.59168970160422,164.6370721508172,362513102.6,347820433.1,14692669.5,211264953.0,ok
2020-11-16,171.9656636574075,162.7564738563381,271284045.78,256756109.13,14527936.649999976,157754775.0,176.74898258480587,176.6116001944767,97457176.1,97381425.17000002,75750.92999997735,55138748.0,173.20452810581747,166.34490768420417,368741221.88,354137534.3,14603687.579999983,212893523.0,ok
2020-11-17,171.98777402271298,162.65580729664148,269678484.19000006,255045870.59000003,14632613.600000024,156800962.0,174.62536795760988,174.47597464693104,96973329.53999999,96890368.13,82961.40999999642,55532212.0,172.67759287109797,165.74717557794338,366651813.73,351936238.72,14715575.00999999,212333174.0,ok
2020-11-18,173.76815202376318,164.64049957535184,274034348.01,259639936.5,14394411.50999999,157701135.0,176.06749525159924,175.91198278552284,98317684.52,98230844.94999999,86839.57000000775,55840906.0,174.3694266413797,167.5879746087095,372352032.53,357870781.45,14481251.079999983,213542041.0,ok
2020-11-19,173.0715199430733,163.98801892995297,274542031.55,260132943.2,14409088.350000024,158629237.0,176.94392856391556,176.7877956740745,99505800.16,99417997.61,87802.54999999702,56235781.0,174.0850303095872,167.33805444774634,374047831.71000004,359550940.81,14496890.900000036,214865018.0,ok
2020-11-20,173.5498656273606,164.53779953658722,276985285.29999995,262602043.40999997,14383241.889999986,159599827.0,177.67215908608694,177.51412654181286,100485687.67000002,100396309.52000001,89378.15000000596,56556800.0,174.62845262199616,167.93302059159166,377470972.96999997,362998352.92999995,14472620.040000021,216156627.0,ok
2020-11-23,175.240728725907,166.54321655422712,281840559.49,267852306.22000003,13988253.26999998,160830511.0,178.5499136953726,178.39453198067724,101400776.07,101312532.81,88243.25999999046,56791277.0,176.10430420689312,169.63597368752434,383241335.56,369164839.03000003,14076496.529999971,217621788.0,ok
2020-11-24,174.82316106093563,166.01894085418076,280485297.09999996,266359855.68,14125441.419999957,160439438.0,177.1713808633609,177.01754984062688,100815166.46000001,100727632.57000001,87533.8900000006,56902625.0,175.43795172313236,168.89850182842883,381300463.55999994,367087488.25,14212975.309999943,217342063.0,ok
2020-11-25,173.83678848373344,164.90819009351503,280224696.17,265831806.19,14392889.98000002,161199881.0,176.27964207929094,176.12738325297775,100245353.03,100158767.65,86585.37999999523,56867232.0,174.47383237471485,167.83391535063797,380470049.20000005,365990573.84000003,14479475.360000014,218067113.0,ok
2020-11-26,175.60227281624458,166.83010708105894,286408443.11,272100984.03999996,14307459.070000052,163100647.0,177.8222517925412,177.67071385886814,102431942.17,102344650.93,87291.23999999464,57603557.0,176.18168491253573,169.65949364969956,388840385.28000003,374445634.96999997,14394750.310000062,220704204.0,ok
2020-11-27,176.82929143525544,168.25510165910296,290619400.23,276527697.04,14091703.189999998,164350260.0,178.14087342554222,177.98968248759442,103386847.36,103299101.33,87746.03000000119,58036567.0,177.17157661950904,170.79554733248656,394006247.59000003,379826798.37,14179449.220000029,222386827.0,ok
2020-11-30,177.63908216507193,169.4140544593969,296433004.98,282707592.48,13725412.5,166873754.0,178.02612467002734,177.86792011160995,104153242.47999999,104060685.74000001,92556.73999997973,58504471.0,177.73955201750306,171.60853858885437,400586247.46000004,386768278.22,13817969.24000001,225378225.0,ok
2020-12-01,178.0064143611714,169.82286621694936,299721890.57000005,285942676.32000005,13779214.25,168377017.0,178.26730751486562,178.10254876456176,104889401.5,104792460.3,96941.20000000298,58838271.0,178.07397364476637,171.96692179445253,404611292.07000005,390735136.62000006,13876155.449999988,227215288.0,ok
2020-12-02,178.23010707995553,170.02627601533294,301786073.82000005,287895031.46000004,13891042.360000014,169323847.0,179.1958217281289,179.0256816804953,107081964.75999999,106980294.25,101670.50999999046,59756954.0,178.4820189187308,172.37381918792926,408868038.58000004,394875325.71000004,13992712.870000005,229080801.0,ok
2020-12-03,177.70170312652715,169.3684712619773,302051567.23,287887011.12,14164556.110000014,169976743.0,178.4623955016765,178.2958464275979,107210655.91,107110602.14,100053.76999999583,60074648.0,177.9003471185271,171.69972828375552,409262223.14,394997613.26,14264609.879999995,230051391.0,ok
2020-12-04,178.32345461534592,169.91823673496393,308125455.66,293602062.79,14523392.870000005,172790201.0,177.8359530207542,177.67431940040058,107497010.69,107399307.55000001,97703.1399999857,60447288.0,178.1971106497378,171.92835168106276,415622466.35,401001370.34000003,14621096.00999999,233237489.0,ok
2020-12-07,178.1243377996193,169.739505154414,308556796.15000004,294032126.87,14524669.280000031,173225512.0,177.26534619093565,177.1059548615834,106352570.9,106256942.07000002,95628.82999998331,59996256.0,177.90336236967386,171.63452295756545,414909367.0500001,400289068.94000006,14620298.110000014,233221768.0,ok
2020-12-08,178.92526396395417,170.5756775047881,312669689.04999995,298078889.83000004,14590799.21999991,174748765.0,179.97586162485777,179.8180250787803,109977201.85,109880753.24,96448.6099999994,61106640.0,179.19745824777684,172.97023278733005,422646890.9,407959643.07000005,14687247.829999924,235855405.0,ok
2020-12-09,180.41838496601355,172.20206832304325,318660869.25,304148941.3,14511927.949999988,176623280.0,180.51890387406883,180.36258129319776,111870851.97999999,111773976.03,96875.94999998808,61971821.0,180.44449338044038,174.32165018761222,430531721.23,415922917.33000004,14608803.899999976,238595101.0,ok
2020-12-10,177.93673173829163,169.64529831586015,313795590.14,299173453.28,14622136.860000014,176352340.0,178.59686392928683,178.44097324167595,110034372.63,109938327.63999999,96044.99000000954,61610473.0,178.10764523530824,171.9225688091021,423829962.77,409111780.91999996,14718181.850000024,237962813.0,ok
2020-12-11,175.4394608227639,166.97982373480977,306969805.32000005,292167815.29,14801990.030000031,174971927.0,175.27904691700277,175.12326284313463,107357802.75999999,107262385.56,95417.19999998808,61249650.0,175.3978672659526,169.0913276944214,414327608.08000004,399430200.85,14897407.23000002,236221577.0,ok
2020-12-14,176.25395272812733,167.832038902161,312352136.61,297427065.5,14925071.110000014,177217096.0,175.58637947299607,175.43071564082388,108403094.03999999,108306990.67999999,96103.3599999994,61737758.0,176.08147464123076,169.79527696892904,420755230.65,405734056.18,15021174.469999969,238954854.0,ok
2020-12-15,172.4333115187459,163.83430109736824,303764498.11,288616183.30999994,15148314.800000072,176163466.0,171.82869120397294,171.6683622209141,104225892.1,104128641.57000001,97250.52999998629,60656862.0,172.27844993526065,165.84084153451556,407990390.21000004,392744824.87999994,15245565.330000103,236820328.0,ok
2020-12-16,175.42303694644224,166.9538049993411,311303032.13,296273662.95000005,15029369.179999948,177458467.0,174.7225599699018,174.561914911914,107723758.13,107624713.74,99044.3900000006,61654178.0,175.24242193883137,168.91552376496026,419026790.26,403898376.69000006,15128413.569999933,239112645.0,ok
2020-12-17,175.60931619547492,167.28284527749727,312725430.28,297897633.79999995,14827796.48000002,178080205.0,174.33406214360468,174.17150957659925,107940637.82,107839991.80999999,100646.01000000536,61915977.0,175.28031679270632,169.0600334675324,420666068.09999996,405737625.60999995,14928442.49000001,239996182.0,ok
2020-12-18,175.36886851261636,166.96209248207757,314127397.08000004,299068859.64,15058537.440000057,179123809.0,173.59549198910045,173.43222282650416,107556010.22999999,107454852.19,101158.03999999166,61957836.0,174.9131118256639,168.6249120417276,421683407.31000006,406523711.83,15159695.480000079,241081645.0,ok
2020-12-21,175.82124844593775,167.57559043552249,317884020.72,302975908.39,14908112.330000043,180799547.0,173.02219897859354,172.85660492203274,106574497.60999998,106472498.54,101999.06999997795,61595852.0,175.10997324252017,168.91756552276803,424458518.33000004,409448406.93,15010111.400000036,242395399.0,ok
2020-12-22,172.19786451109582,163.80672782889292,308576951.1,293540113.21,15036837.890000045,179199058.0,169.4388539408327,169.2706485965748,102917405.57,102815237.4,102168.16999998689,60740145.0,171.49942632342578,165.18990879952202,411494356.67,396355350.61,15139006.060000002,239939203.0,ok
2020-12-23,174.18915901343397,166.07536706943617,315082629.88,300405970.78999996,14676659.090000033,180885327.0,172.817451583453,172.64943559394163,105537082.45,105434477.55,102604.90000000596,61068533.0,173.84294358023467,167.7346450848108,420619712.33,405840448.34,14779263.99000001,241953860.0,ok
2020-12-24,173.08070771031444,164.81671563793364,315568708.01,300501417.52,15067290.49000001,182324600.0,173.68035730207697,173.51340998142837,106510889.4,106408507.6,102381.80000001192,61325812.0,173.23163705957532,167.00563802863587,422079597.40999997,406909925.12,15169672.289999962,243650412.0,ok
2020-12-25,173.95384638495605,165.7953408794523,320529690.07000005,305496718.42,15032971.650000036,184261341.0,173.81272787231293,173.64523303402154,107316561.63000001,107213145.9,103415.73000000417,61742637.0,173.9184281402149,167.76552463716666,427846251.70000005,412709864.32000005,15136387.379999995,246003978.0,ok
2020-12-28,175.99165812044004,168.2776825068155,328734885.08000004,314325947.1,14408937.98000002,186790038.0,175.37878750332655,175.20933591035077,109627447.36000001,109521524.94,105922.42000001669,62508955.0,175.837987616741,170.01571764872713,438362332.44000006,423847472.04,14514860.400000036,249298993.0,ok
2020-12-29,174.87809955553274,167.114405206747,325185486.86,310748912.28,14436574.580000043,185949806.0,174.9949044212376,174.8231671770416,109728059.38999999,109620374.0,107685.3899999857,62703574.0,174.90755454440233,169.0583439002518,434913546.25,420369286.28,14544259.970000029,248653380.0,ok
2020-12-30,176.06973866045792,168.50383326702166,329481939.48,315323747.38,14158192.100000024,187131498.0,176.4298958527881,176.25962422155925,111687094.82000001,111579306.15,107788.67000000179,63303951.0,176.16077758225035,170.46430736329182,441169034.3,426903053.53,14265980.77000004,250435449.0,ok
2020-12-31,176.3131626280139,169.0844129394027,330337222.52,316793564.98,13543657.539999962,187358231.0,176.53721723672143,176.35434359068847,111564721.08,111449151.98,115569.09999999404,63196148.0,176.3696748640741,170.9180732219412,441901943.59999996,428242716.96000004,13659226.639999926,250554379.0,ok
2021-01-01,,,,,,,,,,,,,,,,,,,data unavailable: TWSE MI_MARGN total 20210101: missing tables (keys=stat; stat='很抱歉，沒有符合條件的資料')
