Date,TWSEMarginMaintenanceRate_IncludeETF,TWSEMarginMaintenanceRate_ExcludeETF,TWSEMarginMarketValueK_IncludeETF,TWSEMarginMarketValueK_ExcludeETF,TWSEETFMarginMarketValueK,TWSETotalMarginAmountK,TPEXMarginMaintenanceRate_IncludeETF,TPEXMarginMaintenanceRate_ExcludeETF,TPEXMarginMarketValueK_IncludeETF,TPEXMarginMarketValueK_ExcludeETF,TPEXETFMarginMarketValueK,TPEXTotalMarginAmountK,CombinedMarginMaintenanceRate_IncludeETF,CombinedMarginMaintenanceRate_ExcludeETF,CombinedMarginMarketValueK_IncludeETF,CombinedMarginMarketValueK_ExcludeETF,CombinedETFMarginMarketValueK,CombinedTotalMarginAmountK,TWIIOpen,TWIIHigh,TWIILow,TWIIClose,TWIIVolume,MacroMicroOldMarginMaintenanceRate,Status
2021-01-01,,,,,,,,,,,,,,,,,,,,,,,,,data unavailable: TWSE MI_MARGN total 20210101: missing tables (keys=stat; stat='很抱歉，沒有符合條件的資料')
2021-01-04,178.962323,171.759035,340560013.4,326852370.61,13707642.79,190297046.0,178.788479,178.59622,114042190.71,113919556.49,122634.22,63786096.0,178.91868,173.475471,454602204.11,440771927.1,13830277.01,254083142.0,14720.25,14937.13,14720.25,14902.03,,172.0,ok
2021-01-05,179.509217,172.344783,342491892.17,328822619.65,13669272.52,190793486.0,178.627693,178.446106,114724085.93,114607461.27,116624.66,64225252.0,179.287209,173.881372,457215978.1,443430080.92,13785897.18,255018738.0,14913.64,15000.03,14861.99,15000.03,,172.6,ok
2021-01-06,177.15637,169.735383,334625401.22,320608118.5,14017282.72,188887027.0,175.537642,175.37471,111855069.13,111751246.45,103822.68,63721415.0,176.74804,171.157924,446480470.35,432359364.95,14121105.4,252608442.0,15145.85,15197.68,14837.0,14983.13,,170.0,ok
2021-01-07,178.019654,170.740296,341526061.32,327560803.82,13965257.5,191847391.0,178.010124,177.856358,115118974.66,115019533.99,99440.67,64669903.0,178.017251,172.534308,456645035.98,442580337.81,14064698.17,256517294.0,15059.52,15270.4,15049.86,15214.0,,171.0,ok
2021-01-08,178.488969,171.124697,344072577.1,329876494.82,14196082.28,192769659.0,177.863483,177.699678,115533607.07,115427205.03,106402.04,64956339.0,178.331324,172.781832,459606184.17,445303699.85,14302484.32,257725998.0,15365.13,15463.95,15275.38,15463.95,,171.4,ok
2021-01-11,180.092558,172.598372,350721151.68,336126603.26,14594548.42,194744944.0,179.208821,179.051812,116870998.26,116768605.02,102393.24,65214981.0,179.870859,174.217318,467592149.94,452895208.28,14696941.66,259959925.0,15425.58,15557.3,15395.73,15557.3,,172.9,ok
2021-01-12,176.458243,168.716776,337930822.89,323105330.09,14825492.8,191507530.0,175.324202,175.172635,111890969.59,111794240.16,96729.43,63819466.0,176.174787,170.33043,449821792.48,434899570.25,14922222.23,255326996.0,15549.53,15642.03,15421.23,15500.7,,169.0,ok
2021-01-13,179.047241,171.468417,349522722.55,334727904.39,14794818.16,195212571.0,178.414491,178.278359,115360394.14,115272372.99,88021.15,64658646.0,178.889806,173.162801,464883116.69,450000277.38,14882839.31,259871217.0,15550.16,15778.52,15550.16,15769.98,,171.8,ok
2021-01-14,179.934898,172.524457,357485479.19,342762791.53,14722687.66,198674900.0,178.777949,178.646144,115775904.28,115690548.22,85356.06,64759611.0,179.650488,174.02934,473261383.47,458453339.75,14808043.72,263434511.0,15651.2,15760.15,15620.96,15707.19,,172.8,ok
2021-01-15,176.125585,168.327846,344221532.73,328981556.05,15239976.68,195440959.0,175.15879,175.027737,110935462.28,110852460.54,83001.74,63334225.0,175.888966,169.967618,455156995.01,439834016.59,15322978.42,258775184.0,15987.16,16041.59,15615.11,15616.39,,168.7,ok
2021-01-18,176.396965,168.720702,345628940.45,330588213.48,15040726.97,195938145.0,176.595515,176.464109,112259974.86,112176441.27,83533.59,63568984.0,176.445602,170.61753,457888915.31,442764654.75,15124260.56,259507129.0,15676.45,15676.45,15320.97,15612.0,,169.1,ok
2021-01-19,177.577471,169.863451,351653062.17,336377145.8,15275916.37,198027971.0,176.030129,175.909047,111695351.95,111618522.61,76829.34,63452406.0,177.201983,171.330512,463348414.12,447995668.41,15352745.71,261480377.0,15716.64,15928.14,15716.64,15877.37,,170.2,ok
2021-01-20,172.960545,165.083697,334214978.32,318994393.37,15220584.95,193231918.0,170.713419,170.582232,105279584.93,105198681.4,80903.53,61670363.0,172.416881,166.413997,439494563.25,424193074.77,15301488.48,254902281.0,15934.85,16004.32,15745.48,15806.18,,168.4,ok
2021-01-21,175.622406,168.093837,342007671.83,327346512.27,14661159.56,194740341.0,171.626157,171.493451,107098875.14,107016063.42,82811.72,62402420.0,174.652611,168.918843,449106546.97,434362575.69,14743971.28,257142761.0,15775.73,16238.46,15775.73,16153.77,,168.6,ok
2021-01-22,178.30716,170.778074,352642603.1,337752138.66,14890464.44,197772542.0,175.461588,175.336974,110879755.33,110801007.81,78747.52,63193179.0,177.618101,171.882018,463522358.43,448553146.47,14969211.96,260965721.0,15984.89,16138.04,15973.02,16019.03,,171.3,ok
2021-01-25,178.16364,171.035182,355625232.41,341396404.17,14228828.24,199605953.0,175.513316,175.387305,111090861.99,111011103.38,79758.61,63294834.0,177.52556,172.08298,466716094.4,452407507.55,14308586.85,262900787.0,16006.21,16014.96,15772.63,15946.54,,167.8,ok
2021-01-26,174.043677,166.601783,344905816.34,330158067.35,14747748.99,198171989.0,173.121067,172.985742,108297723.87,108213069.91,84653.96,62556063.0,173.822317,168.133476,453203540.21,438371137.26,14832402.95,260728052.0,15955.16,16023.87,15589.21,15658.85,,167.1,ok
2021-01-27,175.085071,167.694438,351940378.59,337084388.44,14855990.15,201011072.0,174.960185,174.830301,110740664.32,110658454.53,82209.79,63294780.0,175.055164,169.403303,462681042.91,447742842.97,14938199.94,264305852.0,15711.76,15837.47,15642.12,15701.45,,168.2,ok
2021-01-28,172.324261,164.879134,345142682.24,330231078.35,14911603.89,200286762.0,171.254005,171.11987,108041718.34,107957094.37,84623.97,63088579.0,172.067893,166.374031,453184400.58,438188172.72,14996227.86,263375341.0,15519.85,15557.02,15367.45,15415.88,,165.4,ok
2021-01-29,169.258417,161.758782,335456559.5,320592885.38,14863674.12,198191951.0,167.599403,167.464939,104731898.02,104647872.26,84025.76,62489422.0,168.860725,163.126637,440188457.52,425240757.64,14947699.88,260681373.0,15544.36,15603.41,15138.31,15138.31,,162.2,ok
2021-02-01,170.500048,162.975491,334785017.92,320010189.26,14774828.66,196354794.0,167.480814,167.343512,103799368.12,103714272.86,85095.26,61976871.0,169.775697,164.023432,438584386.04,423724462.12,14859923.92,258331665.0,15176.56,15429.98,15089.96,15410.09,,163.5,ok
2021-02-02,174.036008,166.509464,339034487.02,324372244.35,14662242.67,194807092.0,170.322406,170.177035,105088300.82,104998607.98,89692.84,61699634.0,173.142746,167.391654,444122787.84,429370852.33,14751935.51,256506726.0,15546.69,15838.15,15546.69,15760.05,,167.0,ok
2021-02-03,174.260687,166.789568,338879678.8,324350811.06,14528867.74,194467085.0,169.781741,169.632432,104163473.6,104071869.99,91603.61,61351399.0,173.186529,167.471355,443043152.4,428422681.05,14620471.35,255818484.0,15828.64,15896.4,15741.16,15771.32,,167.3,ok
2021-02-04,173.715256,166.480834,335993540.99,322000993.59,13992547.4,193416254.0,169.148401,168.986271,103180272.33,103081373.76,98898.57,60999851.0,172.620288,167.081548,439173813.32,425082367.35,14091445.97,254416105.0,15697.75,15801.37,15606.74,15706.22,,167.0,ok
2021-02-05,174.585337,167.783098,331629457.59,318708425.83,12921031.76,189952641.0,168.766088,168.593129,102179574.74,102074856.87,104717.87,60545087.0,173.178829,167.978882,433809032.33,420783282.7,13025749.63,250497728.0,15805.76,15938.09,15774.34,15802.4,,168.3,ok
2021-02-08,,,,,,,,,,,,,,,,,,,,,,,,,data unavailable: TWSE MI_MARGN total 20210208: missing tables (keys=stat; stat='很抱歉，沒有符合條件的資料')
2021-02-09,,,,,,,,,,,,,,,,,,,,,,,,,data unavailable: TWSE MI_MARGN total 20210209: missing tables (keys=stat; stat='很抱歉，沒有符合條件的資料')
2021-02-10,,,,,,,,,,,,,,,,,,,,,,,,,data unavailable: TWSE MI_MARGN total 20210210: missing tables (keys=stat; stat='很抱歉，沒有符合條件的資料')
2021-02-11,,,,,,,,,,,,,,,,,,,,,,,,,data unavailable: TWSE MI_MARGN total 20210211: missing tables (keys=stat; stat='很抱歉，沒有符合條件的資料')
2021-02-12,,,,,,,,,,,,,,,,,,,,,,,,,data unavailable: TWSE MI_MARGN total 20210212: missing tables (keys=stat; stat='很抱歉，沒有符合條件的資料')
2021-02-15,,,,,,,,,,,,,,,,,,,,,,,,,data unavailable: TWSE MI_MARGN total 20210215: missing tables (keys=stat; stat='很抱歉，沒有符合條件的資料')
2021-02-16,,,,,,,,,,,,,,,,,,,,,,,,,data unavailable: TWSE MI_MARGN total 20210216: missing tables (keys=stat; stat='很抱歉，沒有符合條件的資料')
2021-02-17,180.185363,173.511982,347846018.42,334963123.65,12882894.77,193048987.0,174.713427,174.53078,107318187.03,107205995.92,112191.11,61425266.0,178.864541,173.757901,455164205.45,442169119.57,12995085.88,254474253.0,16197.45,16406.78,16197.45,16362.29,,174.1,ok
2021-02-18,182.32501,175.465726,358127148.66,344653978.31,13473170.35,196422393.0,177.647057,177.461565,110701795.75,110586205.39,115590.36,62315581.0,181.198352,175.946413,468828944.41,455240183.7,13588760.71,258737974.0,16366.23,16517.73,16323.22,16424.51,,176.0,ok
2021-02-19,182.173522,175.201689,363805253.68,349882322.15,13922931.53,199702597.0,179.535407,179.357004,113730701.82,113617688.48,113013.34,63347227.0,181.538215,176.202365,477535955.5,463500010.63,14035944.87,263049824.0,16376.91,16382.7,16211.25,16341.38,,175.7,ok
2021-02-22,184.328297,177.232315,374276613.97,359868300.37,14408313.6,203048919.0,183.231482,183.054418,118571706.57,118457126.01,114580.56,64711427.0,184.063222,178.639382,492848320.54,478325426.38,14522894.16,267760346.0,16445.87,16579.17,16410.16,16410.16,,177.7,ok
2021-02-23,183.603559,176.37826,376685417.7,361861822.15,14823595.55,205162372.0,181.79859,181.623197,118474241.66,118359941.46,114300.2,65167855.0,183.16844,177.642644,495159659.36,480221763.61,14937895.75,270330227.0,16320.88,16467.75,16211.75,16443.4,,176.8,ok
2021-02-24,180.491634,172.805831,370170513.24,354407691.11,15762822.13,205090123.0,178.816531,178.639291,117001117.46,116885147.55,115969.91,65430817.0,180.086477,174.216768,487171630.7,471292838.66,15878792.04,270520940.0,16329.54,16456.94,16212.53,16212.53,,173.3,ok
2021-02-25,181.95195,174.337232,377817991.02,362006249.07,15811741.95,207647124.0,179.765864,179.588976,119770696.44,119652843.43,117853.01,66625940.0,181.42091,175.612977,497588687.46,481659092.5,15929594.96,274273064.0,16376.8,16474.05,16322.27,16452.18,,174.8,ok
2021-02-26,178.748302,171.110463,373958772.65,357979672.82,15979099.83,209209692.0,177.862842,177.686591,118080711.3,117963700.65,117010.65,66388634.0,178.535005,172.694581,492039483.95,475943373.47,16096110.48,275598326.0,16190.04,16190.04,15953.8,15953.8,,171.5,ok
2021-03-01,,,,,,,,,,,,,,,,,,,,,,,,,data unavailable: TWSE MI_MARGN total 20210301: missing tables (keys=stat; stat='很抱歉，沒有符合條件的資料')
2021-03-02,176.581095,168.900531,366231737.51,350302137.73,15929599.78,207401442.0,174.761011,174.590127,115261783.02,115149078.38,112704.64,65953946.0,176.141954,170.273291,481493520.53,465451216.11,16042304.42,273355388.0,16127.87,16262.91,15946.88,15946.88,,169.4,ok
2021-03-03,178.983898,171.364375,373380771.52,357485578.38,15895193.14,208611375.0,175.541901,175.374415,115797782.55,115687299.23,110483.32,65965893.0,178.156975,172.327768,489178554.07,473172877.61,16005676.46,274577268.0,15992.32,16211.73,15884.55,16211.73,,171.8,ok
2021-03-04,175.905138,168.309907,370498430.54,354501052.66,15997377.88,210623996.0,173.839586,173.668536,115052110.93,114938904.74,113206.19,66182918.0,175.411277,169.591124,485550541.47,469439957.4,16110584.07,276806914.0,16091.75,16091.75,15840.99,15906.41,,168.8,ok
2021-03-05,174.606761,167.074301,369173680.04,353247686.4,15925993.64,211431492.0,172.965824,172.790626,114548777.46,114432749.94,116027.52,66226249.0,174.215369,168.437744,483722457.5,467680436.34,16042021.16,277657741.0,15759.58,15934.43,15636.43,15855.23,,167.5,ok
2021-03-08,173.167591,165.449309,366809425.99,350460300.3,16349125.69,211823369.0,171.879919,171.705349,113183425.15,113068470.34,114954.81,65850290.0,172.86222,166.932928,479992851.14,463528770.64,16464080.5,277673659.0,15943.37,16074.97,15816.5,15820.11,,165.9,ok
2021-03-09,173.491079,165.887474,371951753.82,355650200.57,16301553.25,214392438.0,171.376295,171.189963,113135526.39,113012517.44,123008.95,66015855.0,172.9932,167.135826,485087280.21,468662718.01,16424562.2,280408293.0,15715.07,15864.26,15657.92,15853.09,,166.3,ok
2021-03-10,173.946531,166.322897,373014811.91,356666520.05,16348291.86,214442225.0,172.981722,172.793546,115049108.82,114923953.91,125154.91,66509402.0,173.718133,167.854687,488063920.73,471590473.96,16473446.77,280951627.0,15921.45,15986.07,15857.32,15911.67,,166.8,ok
2021-03-11,177.74476,170.014437,383619052.77,366935022.96,16684029.81,215825802.0,176.548924,176.356241,118123620.43,117994701.62,128918.81,66907018.0,177.461772,171.515187,501742673.2,484929724.58,16812948.62,282732820.0,15947.21,16216.22,15947.21,16179.56,,170.5,ok
2021-03-12,178.450295,170.667572,385152240.1,368354659.59,16797580.51,215831664.0,176.713968,176.531669,118526418.0,118404145.14,122272.86,67072467.0,178.038637,172.057864,503678658.1,486758804.73,16919853.37,282904131.0,16241.55,16298.03,16166.35,16255.18,,171.1,ok
2021-03-15,178.970034,171.425065,391268919.24,374773912.28,16495006.96,218622587.0,178.289077,178.113703,120558357.25,120439769.72,118587.53,67619598.0,178.80917,173.005136,511827276.49,495213682.0,16613594.49,286242185.0,16256.58,16281.91,16194.91,16249.33,,171.9,ok
2021-03-16,179.190623,171.741066,392928634.7,376593269.43,16335365.27,219279686.0,179.332447,179.160307,122232000.6,122114670.97,117329.63,68159445.0,179.224253,173.500365,515160635.3,498707940.4,16452694.9,287439131.0,16253.93,16340.66,16244.99,16313.16,,172.2,ok
2021-03-17,178.959029,171.606441,393394887.12,377232134.25,16162752.87,219823995.0,179.128681,178.956867,122627971.46,122510351.4,117620.06,68458033.0,178.999316,173.351939,516022858.58,499742485.65,16280372.93,288282028.0,16312.98,16349.21,16166.35,16215.82,,173.9,ok
2021-03-18,180.295187,173.097662,398942013.52,383015935.13,15926078.39,221271582.0,179.199521,179.025159,123409463.46,123289384.84,120078.62,68867072.0,180.035121,174.504608,522351476.98,506305319.97,16046157.01,290138654.0,16264.61,16410.02,16264.61,16287.84,,173.6,ok
2021-03-19,178.774009,171.575454,397035886.28,381048748.53,15987137.75,222088148.0,178.575514,178.404754,123987664.86,123869103.78,118561.08,69431504.0,178.726733,173.201995,521023551.14,504917852.31,16105698.83,291519652.0,16186.46,16186.46,16022.17,16070.24,,172.0,ok
2021-03-22,179.773649,172.65965,405562622.54,389513706.23,16048916.31,225596256.0,178.780485,178.608988,124575907.84,124456407.49,119500.35,69680932.0,179.539278,174.063603,530138530.38,513970113.72,16168416.66,295277188.0,16065.5,16235.63,15983.77,16189.22,,173.1,ok
2021-03-23,177.924825,170.756254,400386036.19,384254528.81,16131507.38,225031013.0,175.923006,175.749515,121350982.0,121231309.12,119672.88,68979598.0,177.455166,171.927753,521737018.19,505485837.93,16251180.26,294010611.0,16250.2,16351.38,16166.29,16177.59,,171.2,ok
2021-03-24,177.66055,170.514805,403517522.78,387287510.02,16230012.76,227128377.0,177.202805,177.02496,121879153.82,121756833.13,122320.69,68779472.0,177.554154,172.027996,525396676.6,509044343.15,16352333.45,295907849.0,15994.96,16125.54,15967.95,16032.12,,170.9,ok
2021-03-25,176.752825,169.531389,403082408.89,386614022.93,16468385.96,228048637.0,176.511961,176.340465,121669124.44,121550913.09,118211.35,68929677.0,176.69692,171.111799,524751533.33,508164936.02,16586597.31,296978314.0,16010.54,16146.58,15944.96,16060.14,,169.9,ok
2021-03-26,179.810224,172.613383,413143961.31,396608019.28,16535942.03,229766669.0,178.359974,178.190361,124247244.9,124129091.0,118153.9,69660946.0,179.472827,173.91085,537391206.21,520737110.28,16654095.93,299427615.0,16140.37,16325.62,16140.37,16305.88,,173.0,ok
2021-03-29,181.051465,173.935985,416775330.98,400395697.15,16379633.83,230197160.0,181.127041,180.955956,126812752.3,126692970.43,119781.87,70013153.0,181.06909,175.573138,543588083.28,527088667.58,16499415.7,300210313.0,16411.67,16520.89,16411.67,16475.97,,176.2,ok
2021-03-30,182.35579,175.339635,421811265.15,405582039.83,16229225.32,231312242.0,182.501719,182.331994,128767254.54,128647501.58,119752.96,70556735.0,182.389898,176.973979,550578519.69,534229541.41,16348978.28,301868977.0,16490.31,16556.19,16438.4,16554.9,,175.7,ok
2021-03-31,181.075599,173.945993,420289302.07,403740981.36,16548320.71,232107089.0,183.224705,183.050969,129695493.98,129572515.25,122978.73,70784938.0,181.577839,176.073798,549984796.05,533313496.61,16671299.44,302892027.0,16529.23,16550.2,16427.2,16431.13,,174.3,ok
2021-04-01,181.916649,174.919713,423525477.74,407235707.43,16289770.31,232812929.0,183.004005,182.825806,130531109.33,130404005.39,127103.94,71326914.0,182.171656,176.773851,554056587.07,537639712.82,16416874.25,304139843.0,16538.28,16602.47,16496.16,16571.28,,175.3,ok
2021-04-02,,,,,,,,,,,,,,,,,,,,,,,,,data unavailable: TWSE MI_MARGN total 20210402: missing tables (keys=stat; stat='很抱歉，沒有符合條件的資料')
2021-04-05,,,,,,,,,,,,,,,,,,,,,,,,,data unavailable: TWSE MI_MARGN total 20210405: missing tables (keys=stat; stat='很抱歉，沒有符合條件的資料')
2021-04-06,184.210988,177.375955,430454555.28,414482807.61,15971747.67,233674744.0,185.01632,184.839123,133598127.71,133470175.71,127952.0,72208834.0,184.4011,179.137758,564052682.99,547952983.32,16099699.67,305883578.0,16711.79,16804.45,16711.79,16739.87,,177.7,ok
2021-04-07,185.531477,178.76979,438044380.93,422079871.4,15964509.53,236102460.0,187.049871,186.876629,137117921.6,136990926.05,126995.55,73305542.0,185.891218,180.690478,575162302.53,559070797.45,16091505.08,309408002.0,16771.35,16816.34,16715.32,16815.36,,179.1,ok
2021-04-08,187.522977,180.939446,449108254.21,433341021.42,15767232.79,239495053.0,188.653968,188.480024,139835269.7,139706337.64,128932.06,74122623.0,187.790284,182.721639,588943523.91,573047359.06,15896164.85,313617676.0,16786.56,16926.72,16735.78,16926.44,,181.3,ok
2021-04-09,184.549269,177.935564,443246779.41,427362112.4,15884667.01,240178019.0,186.244445,186.068381,138107992.58,137977433.56,130559.02,74154154.0,184.949179,179.854178,581354771.99,565339545.96,16015226.03,314332173.0,16974.28,17016.13,16815.59,16854.1,,178.2,ok
2021-04-12,183.76861,177.139345,446482110.04,430375721.77,16106388.27,242958854.0,183.600669,183.424552,135596159.23,135466089.5,130069.73,73853848.0,183.729461,178.604522,582078269.27,565841811.27,16236458.0,316812702.0,16908.55,16979.35,16793.54,16859.7,,177.5,ok
2021-04-13,180.967029,174.326324,437961975.81,421890669.38,16071306.43,242012027.0,179.608783,179.424563,131334252.94,131199546.58,134706.36,73122400.0,180.651868,175.509297,569296228.75,553090215.96,16206012.79,315134427.0,16872.4,17041.37,16802.22,16824.91,,173.5,ok
2021-04-14,179.38806,172.708262,431902274.98,415819711.83,16082563.15,240764227.0,176.710088,176.508577,127034856.98,126889993.48,144863.5,71888854.0,178.772309,173.582075,558937131.96,542709705.31,16227426.65,312653081.0,16869.78,16935.39,16559.57,16865.97,,173.0,ok
2021-04-15,181.203026,174.637987,444598126.76,428490204.46,16107922.3,245359107.0,180.22183,180.022084,130179531.41,130035249.61,144281.8,72232943.0,180.979863,175.862543,574777658.17,558525454.07,16252204.1,317592050.0,16851.06,17076.73,16851.06,17076.73,,175.0,ok
2021-04-16,183.488692,177.012549,454645317.68,438598835.26,16046482.42,247778385.0,180.497781,180.298552,130677372.17,130533133.43,144238.74,72398326.0,182.812388,177.75558,585322689.85,569131968.69,16190721.16,320176711.0,17028.35,17158.81,16998.91,17158.81,,177.3,ok
2021-04-19,184.38863,178.007221,467830798.93,451639888.9,16190910.03,253719982.0,179.841883,179.636533,130019295.11,129870834.2,148460.91,72296449.0,183.380357,178.368532,597850094.04,581510723.1,16339370.94,326016431.0,17141.25,17294.15,17135.52,17263.28,,178.3,ok
2021-04-20,184.832437,178.451767,470684856.66,454436166.37,16248690.29,254654899.0,181.746201,181.543385,133715876.51,133566658.8,149217.71,73572859.0,184.140652,179.144759,604400733.17,588002825.17,16397908.0,328227758.0,17231.58,17323.87,17175.02,17323.87,,178.8,ok
2021-04-21,185.019484,178.815437,479880799.91,463789502.84,16091297.07,259367710.0,180.753555,180.554814,135514051.0,135365051.27,148999.73,74971721.0,184.0629,179.205472,615394850.91,599154554.11,16240296.8,334339431.0,17282.76,17282.76,17167.39,17202.11,,179.1,ok
2021-04-22,180.238146,173.876105,459787583.32,443558016.04,16229567.28,255100041.0,173.744811,173.54082,127317528.95,127168047.46,149481.49,73278464.0,178.789142,173.801286,587105112.27,570726063.5,16379048.77,328378505.0,17302.73,17428.15,17066.17,17096.97,,174.2,ok
2021-04-23,182.265197,176.180545,473610589.43,457799807.39,15810782.04,259846969.0,178.125784,177.924778,132350017.03,132200666.7,149350.33,74301437.0,181.344754,176.568394,605960606.46,590000474.09,15960132.37,334148406.0,17117.49,17300.27,17055.48,17300.27,,176.5,ok
2021-04-26,185.51456,179.694083,496790915.3,481204213.26,15586702.04,267790795.0,179.750088,179.550106,135281315.04,135130806.82,150508.22,75260778.0,184.249915,179.662496,632072230.34,616335020.08,15737210.26,343051573.0,17378.36,17572.29,17378.36,17572.29,,180.0,ok
2021-04-27,185.405168,179.614308,497826394.65,482277511.64,15548883.01,268507291.0,179.474863,179.275366,135033385.18,134883287.86,150097.32,75238049.0,184.107159,179.540121,632859779.83,617160799.5,15698980.33,343745340.0,17586.02,17630.19,17489.71,17595.9,,179.9,ok
2021-04-28,185.51021,179.85938,504054254.52,488700249.69,15354004.83,271712406.0,178.670582,178.472449,134366431.43,134217428.45,149002.98,75203444.0,184.027535,179.558725,638420685.95,622917678.14,15503007.81,346915850.0,17610.72,17628.81,17497.74,17567.53,,180.1,ok
2021-04-29,184.635046,179.126297,506016744.93,490919290.56,15097454.37,274063216.0,178.226749,178.024865,134474914.06,134322589.35,152324.71,75451589.0,183.251653,178.888525,640491658.99,625241879.91,15249779.08,349514805.0,17646.93,17709.23,17548.3,17566.66,,179.4,ok
2021-04-30,,,,,,,,,,,,,,,,,,,,,,,,,data unavailable: TWSE MI_MARGN total 20210430: missing tables (keys=stat; stat='很抱歉，沒有符合條件的資料')
2021-05-03,178.554299,172.999782,480524387.4,465576102.49,14948284.91,269119473.0,171.322252,171.117682,125452533.15,125302734.93,149798.22,73226059.0,177.007399,172.59721,605976920.55,590878837.42,15098083.13,342345532.0,17505.52,17546.94,17222.35,17222.35,,173.3,ok
2021-05-04,171.853424,166.148941,447200330.63,432356012.23,14844318.4,260221949.0,165.601309,165.394111,116819876.31,116673713.2,146163.11,70542846.0,170.520024,165.987957,564020206.94,549029725.43,14990481.51,330764795.0,17249.56,17328.55,16647.61,16933.78,,166.5,ok
2021-05-05,170.444311,164.71304,443550490.67,428635892.69,14914597.98,260231912.0,162.865393,162.652636,113219127.29,113071225.07,147902.22,69516995.0,168.846539,164.27867,556769617.96,541707117.76,15062500.2,329748907.0,16968.75,17052.2,16843.44,16843.44,,165.0,ok
2021-05-06,170.51929,164.723622,442989374.83,427932902.72,15056472.11,259788424.0,163.389111,163.174562,112502518.13,112354789.38,147728.75,68855579.0,169.025416,164.399072,555491892.96,540287692.1,15204200.86,328644003.0,16925.52,17088.73,16764.71,16994.36,,165.0,ok
2021-05-07,176.56952,170.90969,466670763.39,451711912.93,14958850.46,264298597.0,170.29487,170.083418,117885823.3,117739446.54,146376.76,69224530.0,175.267182,170.738193,584556586.69,569451359.47,15105227.22,333523127.0,17032.23,17285.0,17032.23,17285.0,,171.2,ok
2021-05-10,176.410043,170.849837,476711982.22,461686665.48,15025316.74,270229503.0,167.693629,167.484318,116382041.63,116236776.42,145265.21,69401588.0,174.628896,170.162113,593094023.85,577923441.9,15170581.95,339631091.0,17274.23,17304.47,17188.15,17235.61,,171.1,ok
2021-05-11,167.726936,161.851315,432043100.48,416908252.38,15134848.1,257587189.0,158.572546,158.348022,104650841.08,104502665.43,148175.65,65995561.0,165.859874,161.136809,536693941.56,521410917.81,15283023.75,323582750.0,17137.19,17137.19,16460.87,16583.13,,162.2,ok
2021-05-12,160.005043,154.006809,391436285.14,376762207.87,14674077.27,244639968.0,152.800483,152.565719,95179686.5,95033451.61,146234.89,62290174.0,158.542908,153.714346,486615971.64,471795659.48,14820312.16,306930142.0,16515.88,16552.63,15165.27,15902.37,,154.3,ok
2021-05-13,158.335285,152.116767,374679685.18,359964377.34,14715307.84,236636884.0,154.431923,154.188128,92675540.71,92529237.58,146303.13,60010611.0,157.545651,152.535795,467355225.89,452493614.92,14861610.97,296647495.0,15668.33,16031.93,15368.54,15670.1,,152.5,ok
2021-05-14,157.767852,151.322752,364155328.97,349278930.91,14876398.06,230817194.0,154.079607,153.833695,92034641.32,91887753.26,146888.06,59731877.0,157.009612,151.838959,456189970.29,441166684.17,15023286.12,290549071.0,15819.24,16075.48,15702.1,15827.09,,143.0,ok
2021-05-17,152.300166,145.292817,326829217.33,311791766.15,15037451.18,214595444.0,148.912808,148.654222,83365858.64,83221094.73,144763.91,55983001.0,151.599318,145.988296,410195075.97,395012860.88,15182215.09,270578445.0,15554.99,15719.74,15159.86,15353.89,,156.2,ok
2021-05-18,163.439701,156.54407,353463017.34,338550174.75,14912842.59,216265090.0,159.017987,158.755702,88839407.05,88692874.89,146532.16,55867521.0,162.531945,156.998108,442302424.39,427243049.64,15059374.75,272132611.0,15564.96,16153.77,15564.96,16145.98,,156.9,ok
2021-05-19,166.50133,159.697551,364026210.78,349150930.28,14875280.5,218632614.0,160.019151,159.759129,89576968.76,89431410.84,145557.92,55978905.0,165.179954,159.710103,453603179.54,438582341.12,15020838.42,274611519.0,16112.21,16273.98,16009.76,16132.66,,160.1,ok
2021-05-20,163.55603,156.58577,354215456.14,339119871.55,15095584.59,216571322.0,157.679903,157.42095,88451686.21,88306424.67,145261.54,56095726.0,162.347136,156.757591,442667142.35,427426296.22,15240846.13,272667048.0,16122.52,16154.08,15943.45,16042.36,,157.0,ok
2021-05-21,168.262233,161.385709,370158387.7,355030792.14,15127595.56,219988990.0,161.375826,161.122612,90638004.09,90495784.49,142219.6,56165788.0,166.86164,161.332199,460796391.79,445526576.63,15269815.16,276154778.0,16136.86,16431.14,16136.86,16302.06,,161.7,ok
2021-05-24,170.977248,164.185696,379627721.67,364548162.72,15079558.95,222034058.0,165.070864,164.832645,94034932.05,93899227.34,135704.71,56966402.0,169.771281,164.31779,473662653.72,458447390.06,15215263.66,279000460.0,16246.52,16397.59,16136.97,16338.29,,164.5,ok
2021-05-25,172.582503,166.056046,384848547.55,370294943.29,14553604.26,222993954.0,168.700995,168.453556,96785876.4,96643917.66,141958.74,57371254.0,171.788228,166.54665,481634423.95,466938860.95,14695563.0,280365208.0,16444.75,16657.6,16444.75,16595.67,,166.4,ok
2021-05-26,173.603296,167.290192,391855800.08,377605919.18,14249880.9,225719102.0,168.984524,168.736852,97478404.96,97335536.09,142868.87,57684812.0,172.663178,167.584649,489334205.04,474941455.27,14392749.77,283403914.0,16645.17,16706.29,16523.23,16643.69,,167.6,ok
2021-05-27,174.302296,168.004403,395554039.59,381261876.0,14292163.59,226935645.0,169.141547,168.891842,97255868.61,97112289.15,143579.46,57499692.0,173.259031,168.183802,492809908.2,478374165.15,14435743.05,284435337.0,16591.7,16601.61,16419.42,16601.61,,168.3,ok
2021-05-28,178.220469,172.05135,415904848.98,401508261.77,14396587.21,233365365.0,171.637543,171.391991,99361352.9,99219202.46,142150.44,57890221.0,176.912041,171.920296,515266201.88,500727464.23,14538737.65,291255586.0,16690.04,16889.01,16690.04,16870.86,,172.4,ok
2021-05-31,179.480234,173.266864,420069548.28,405527291.48,14542256.8,234047805.0,172.99948,172.756377,100086428.82,99945785.07,140643.75,57853601.0,178.195777,173.165688,520155977.1,505473076.55,14682900.55,291901406.0,16948.47,17113.33,16939.91,17068.43,,173.6,ok
2021-06-01,181.802748,175.757481,436555845.77,422039584.0,14516261.77,240126099.0,175.423423,175.181665,102229526.21,102088639.09,140887.12,58275870.0,180.556909,175.645028,538785371.98,524128223.09,14657148.89,298401969.0,17098.49,17184.3,17060.45,17162.38,,176.1,ok
2021-06-02,179.915718,173.827752,432694056.82,418052607.7,14641449.12,240498196.0,172.522878,172.288178,101608140.95,101469913.01,138227.94,58895459.0,178.46143,173.524893,534302197.77,519522520.71,14779677.06,299393655.0,17192.91,17274.66,17056.42,17165.04,,174.1,ok
2021-06-03,182.039391,176.053529,447741302.11,433018566.94,14722735.17,245958470.0,174.317089,174.082747,103380225.99,103241247.87,138978.12,59305847.0,180.539125,175.670652,551121528.1,536259814.81,14861713.29,305264317.0,17201.3,17311.28,17198.89,17246.16,,176.3,ok
2021-06-04,179.756147,173.841157,442840396.82,428268451.8,14571945.02,246356191.0,172.243728,172.012974,102039565.03,101902863.25,136701.78,59241382.0,178.299833,173.486756,544879961.85,530171315.05,14708646.8,305597573.0,17225.06,17225.06,17084.49,17147.41,,172.6,ok
2021-06-07,177.851128,171.765443,437373586.22,422407599.62,14965986.6,245921177.0,172.06008,171.832184,101920898.22,101785902.25,134995.97,59235645.0,176.726996,171.778399,539294484.44,524193501.87,15100982.57,305156822.0,17176.09,17189.23,16775.85,17083.91,,172.0,ok
2021-06-08,178.448136,172.330167,441653706.64,426511918.47,15141788.17,247496957.0,172.708631,172.492606,102956122.85,102827344.52,128778.33,59612610.0,177.334049,172.361698,544609829.49,529339262.99,15270566.5,307109567.0,17094.34,17181.52,17056.53,17076.21,,172.6,ok
2021-06-09,177.090153,171.020504,439107176.38,424057065.73,15050110.65,247956857.0,172.723693,172.502421,103374802.22,103242371.41,132430.81,59849810.0,176.24114,171.308647,542481978.6,527299437.14,15182541.46,307806667.0,17082.52,17082.52,16907.43,16966.22,,171.3,ok
2021-06-10,177.405787,171.429785,440035376.15,425212566.66,14822809.49,248038908.0,175.021493,174.806884,106460686.06,106330145.11,130540.95,60827207.0,176.936231,172.094861,546496062.21,531542711.77,14953350.44,308866115.0,17024.54,17159.22,16978.01,17159.22,,171.7,ok
2021-06-11,178.955017,172.907063,450000132.73,434791953.46,15208179.27,251459915.0,174.716004,174.505521,105679183.43,105551870.12,127313.31,60486264.0,178.133073,173.217003,555679316.16,540343823.58,15335492.58,311946179.0,17200.45,17278.55,17193.61,17213.52,,173.2,ok
2021-06-14,,,,,,,,,,,,,,,,,,,,,,,,,data unavailable: TWSE MI_MARGN total 20210614: missing tables (keys=stat; stat='很抱歉，沒有符合條件的資料')
2021-06-15,182.738295,176.876804,468302266.22,453281059.46,15021206.76,256269364.0,177.022597,176.814761,108085080.17,107958180.87,126899.3,61057222.0,181.63853,176.864866,576387346.39,561239240.33,15148106.06,317326586.0,17279.7,17371.29,17279.7,17371.29,,177.1,ok
2021-06-16,179.581224,173.681434,456083020.91,441099305.79,14983715.12,253970327.0,174.935008,174.738889,106587972.11,106468476.79,119495.32,60930041.0,178.682228,173.886041,562670993.02,547567782.58,15103210.44,314900368.0,17357.37,17398.22,17275.02,17307.86,,173.9,ok
2021-06-17,182.763429,177.016366,475321681.22,460375015.58,14946665.64,260074832.0,178.034333,177.830969,109574641.18,109449477.1,125164.08,61546916.0,181.858449,177.172252,584896322.4,569824492.68,15071829.72,321621748.0,17254.84,17390.61,17150.52,17390.61,,177.3,ok
2021-06-18,182.660985,176.916569,479680075.64,464594853.34,15085222.3,262606750.0,178.392314,178.195759,111696140.75,111573072.34,123068.41,62612642.0,181.839162,177.162844,591376216.39,576167925.68,15208290.71,325219392.0,17384.74,17417.5,17318.54,17318.54,,177.2,ok
2021-06-21,182.21431,176.457804,480995011.84,465799440.7,15195571.14,263972139.0,175.623806,175.42422,108768659.82,108645050.41,123609.41,61932754.0,180.961895,176.261389,589763671.66,574444491.11,15319180.55,325904893.0,17305.49,17305.49,17023.31,17062.98,,177.5,ok
2021-06-22,181.669513,175.920146,481122562.64,465896285.9,15226276.74,264833958.0,174.496687,174.299715,107961051.32,107839185.14,121866.18,61869972.0,180.31115,175.613275,589083613.96,573735471.04,15348142.92,326703930.0,17162.71,17270.47,17075.55,17075.55,,176.2,ok
2021-06-23,180.116076,174.341923,473178275.31,458009148.27,15169127.04,262707409.0,177.861263,177.661935,112632112.18,112505886.01,126226.17,63325825.0,179.678121,174.986773,585810387.49,570515034.28,15295353.21,326033234.0,17127.59,17375.79,17127.59,17336.71,,174.6,ok
2021-06-24,183.144208,177.488079,492769119.6,477550698.25,15218421.35,269060717.0,178.70284,178.507003,114079527.4,113954509.67,125017.73,63837557.0,182.292518,177.683471,606848647.0,591505207.92,15343439.08,332898274.0,17358.57,17439.63,17319.89,17407.96,,177.7,ok
2021-06-25,184.594533,179.083499,502152634.17,487160965.72,14991668.45,272030069.0,178.293546,178.106826,114682245.75,114562143.58,120102.17,64322152.0,183.389566,178.896725,616834879.92,601723109.3,15111770.62,336352221.0,17471.07,17597.33,17471.07,17502.99,,179.3,ok
2021-06-28,188.39656,183.025589,528055211.02,513000957.93,15054253.09,280289200.0,179.681574,179.497089,117826790.71,117705814.15,120976.56,65575333.0,186.744213,182.356591,645882001.73,630706772.08,15175229.65,345864533.0,17531.82,17595.51,17481.23,17590.97,,183.3,ok
2021-06-29,186.401369,180.978348,515610992.22,500610192.15,15000800.07,276613307.0,177.129574,176.946608,117127716.96,117006730.09,120986.87,66125444.0,184.612539,180.200494,632738709.18,617616922.24,15121786.94,342738751.0,17621.15,17713.24,17541.14,17598.19,,181.2,ok
2021-06-30,187.07356,181.843136,536620539.11,521617067.51,15003471.6,286850018.0,179.192089,179.008391,119016886.06,118894875.89,122010.17,66418605.0,185.591752,181.310171,655637425.17,640511943.4,15125481.77,353268623.0,17648.25,17797.27,17648.25,17755.46,,182.1,ok
2021-07-01,190.615215,185.27623,541566014.26,526397167.9,15168846.36,284114788.0,175.898462,175.713468,115304544.82,115183277.64,121267.18,65551764.0,187.856275,183.483505,656870559.08,641580445.54,15290113.54,349666552.0,17801.19,17863.9,17644.36,17713.94,,185.6,ok
2021-07-02,188.760696,183.487762,545766501.72,530520790.79,15245710.93,289131431.0,178.661455,178.49058,118564504.79,118451107.21,113397.58,66362666.0,186.875397,182.554901,664331006.51,648971898.0,15359108.51,355494097.0,17745.69,17795.88,17676.98,17710.15,,183.8,ok
2021-07-05,190.332805,185.204621,567310220.3,552025040.93,15285179.37,298062239.0,181.474152,181.301353,124109629.83,123991453.16,118176.67,68389701.0,188.679544,184.476167,691419850.13,676016494.09,15403356.04,366451940.0,17783.8,17945.52,17783.8,17919.33,,186.3,ok
2021-07-06,190.204161,185.06133,568015941.49,552657653.99,15358287.5,298634866.0,179.52091,179.34627,122287085.7,122168123.38,118962.32,68118575.0,188.219918,183.999849,690303027.19,674825777.37,15477249.82,366753441.0,17929.22,18008.37,17895.78,17913.07,,185.3,ok
2021-07-07,186.413675,181.197231,550923068.91,535506500.32,15416568.59,295537905.0,179.786657,179.613627,123084956.94,122966497.79,118459.15,68461675.0,185.167254,180.899384,674008025.85,658472998.11,15535027.74,363999580.0,17901.25,17933.62,17756.82,17850.69,,181.4,ok
2021-07-08,188.199742,183.060481,563377204.88,547992791.76,15384413.12,299350679.0,180.945313,180.777719,124784412.98,124668836.19,115576.79,68962501.0,186.841431,182.633059,688161617.86,672661627.95,15499989.91,368313180.0,17880.9,17935.11,17742.08,17866.09,,183.3,ok
2021-07-09,182.429647,177.238161,539010667.55,523671790.7,15338876.85,295462211.0,179.736364,179.568207,123473331.63,123357812.97,115518.66,68696912.0,181.921571,177.677714,662483999.18,647029603.67,15454395.51,364159123.0,17778.12,17778.12,17597.46,17661.48,,177.5,ok
2021-07-12,183.796872,178.659976,550016414.19,534644130.61,15372283.58,299252325.0,182.625282,182.459996,128606803.52,128490407.42,116396.1,70421139.0,183.57369,179.383862,678623217.71,663134538.03,15488679.68,369673464.0,17843.3,17947.9,17759.9,17814.33,,178.9,ok
2021-07-13,178.284112,173.08032,522993454.02,507728216.99,15265237.03,293348324.0,179.249282,179.096223,128992985.11,128882839.26,110145.85,71962902.0,178.474241,174.265396,651986439.13,636611056.25,15375382.88,365311226.0,17931.47,18018.04,17786.76,17847.52,,173.3,ok
2021-07-14,175.404138,170.183269,510863228.7,495657487.6,15205741.1,291249246.0,179.213163,179.052063,128338055.32,128222688.19,115367.13,71611958.0,176.155863,171.933557,639201284.02,623880175.79,15321108.23,362861204.0,17892.51,17940.86,17716.44,17845.75,,170.4,ok
2021-07-15,180.747772,175.573418,535893518.42,520552234.13,15341284.29,296486929.0,181.439401,181.282131,132970309.3,132855051.78,115257.52,73286347.0,180.884848,176.704843,668863827.72,653407285.91,15456541.81,369773276.0,17878.78,18034.19,17878.78,18034.19,,175.8,ok
2021-07-16,181.893982,176.7067,537840096.65,522501884.7,15338211.95,295688780.0,181.441159,181.283076,133237300.03,133121215.22,116084.81,73432787.0,181.803898,177.617121,671077396.68,655623099.92,15454296.76,369121567.0,17839.58,17926.38,17779.61,17895.25,,177.0,ok
2021-07-19,181.952861,176.862041,545726767.43,530457996.19,15268771.24,299927555.0,181.464607,181.30917,134578402.7,134463126.66,115276.04,74162342.0,181.856066,177.743673,680305170.13,664921122.85,15384047.28,374089897.0,17854.35,17854.35,17708.15,17789.25,,177.1,ok
2021-07-20,176.075847,170.938687,520507579.2,505321334.99,15186244.21,295615548.0,178.948462,178.791781,130913319.13,130798695.87,114623.26,73156996.0,176.645715,172.496581,651420898.33,636120030.86,15300867.47,368772544.0,17724.92,17724.92,17500.69,17528.74,,171.2,ok
2021-07-21,172.474851,167.293752,506685566.29,491464865.39,15220700.9,293773592.0,178.822344,178.666213,131421413.5,131306668.48,114745.02,73492725.0,173.745032,169.569466,638106979.79,622771533.87,15335445.92,367266317.0,17593.6,17707.56,17352.24,17458.79,,167.6,ok
2021-07-22,173.637189,168.464237,511572120.13,496331502.0,15240618.13,294621287.0,181.222985,181.070987,134550579.82,134437727.47,112852.35,74245869.0,175.164064,171.001733,646122699.95,630769229.47,15353470.48,368867156.0,17482.81,17667.38,17482.81,17572.33,,168.7,ok
2021-07-23,175.115199,170.008011,519138536.14,503997999.73,15140536.41,296455441.0,179.751897,179.600097,133185338.07,133072863.19,112474.88,74093982.0,176.04234,171.926017,652323874.21,637070862.92,15253011.29,370549423.0,17603.95,17672.6,17511.86,17572.92,,170.3,ok
2021-07-26,173.882403,169.097148,518204708.4,503943681.38,14261027.02,298020214.0,182.826582,182.677694,138576314.92,138463463.04,112851.88,75796590.0,175.69596,171.850794,656781023.32,642407144.42,14373878.9,373816804.0,17554.93,17637.36,17403.56,17403.56,,169.4,ok
2021-07-27,169.673691,164.898907,503202465.34,489041854.6,14160610.74,296570707.0,177.758016,177.603541,132291255.75,132176292.2,114963.55,74422104.0,171.295427,167.447489,635493721.09,621218146.8,14275574.29,370992811.0,17394.77,17459.35,17264.5,17269.87,,165.2,ok
2021-07-28,167.31023,162.718597,484393166.93,471099564.83,13293602.1,289517961.0,172.661748,172.503831,123835854.81,123722594.07,113260.74,71721650.0,168.372737,164.661388,608229021.74,594822158.9,13406862.84,361239611.0,17252.87,17252.87,16893.7,17135.22,,163.0,ok
2021-07-29,173.074696,168.45437,504690625.59,491217627.22,13472998.37,291602781.0,176.920251,176.762003,128706674.85,128591552.07,115122.78,72748413.0,173.842521,170.113119,633397300.44,619809179.29,13588121.15,364351194.0,17216.58,17402.81,17190.48,17402.81,,168.7,ok
2021-07-30,169.024025,164.41757,492648514.29,479222238.22,13426276.07,291466562.0,174.153943,173.995719,126560235.4,126445252.13,114983.27,72671473.0,170.047809,166.329093,619208749.69,605667490.35,13541259.34,364138035.0,17414.77,17429.01,17237.67,17247.41,,164.7,ok
2021-08-02,172.596577,167.976505,503924210.77,490435147.24,13489063.53,291966515.0,177.094808,176.937119,130154616.26,130038723.68,115892.58,73494315.0,173.501173,169.778488,634078827.03,620473870.92,13604956.11,365460830.0,17256.61,17503.28,17231.22,17503.28,,168.3,ok
2021-08-03,173.137998,168.52692,507269806.26,493760001.58,13509804.68,292985833.0,177.857599,177.701005,131883183.25,131767067.11,116116.14,74150997.0,174.091221,170.37982,639152989.51,625527068.69,13625920.82,367136830.0,17489.12,17553.76,17456.2,17553.76,,168.8,ok
2021-08-04,173.998365,169.387104,510892690.93,497353142.44,13539548.49,293619248.0,177.442035,177.286026,132360533.38,132244160.45,116372.93,74593674.0,174.695994,170.987292,643253224.31,629597302.89,13655921.42,368212922.0,17588.64,17636.11,17557.18,17623.89,,169.7,ok
2021-08-05,172.921512,168.322463,508232718.31,494715676.56,13517041.75,293909481.0,177.92588,177.768923,132592479.44,132475513.37,116966.07,74521188.0,173.933728,170.233165,640825197.75,627191189.93,13634007.82,368430669.0,17624.82,17643.97,17566.72,17603.12,,168.6,ok
2021-08-06,172.558985,167.974665,506567056.96,493109250.15,13457806.81,293561681.0,175.53146,175.372793,130221027.11,130103317.58,117709.53,74186717.0,173.158629,169.467106,636788084.07,623212567.73,13575516.34,367748398.0,17593.85,17593.85,17469.68,17526.28,,168.2,ok
2021-08-09,170.757659,166.131419,495534534.5,482109299.78,13425234.72,290197545.0,170.36777,170.206282,123798740.15,123681394.02,117346.13,72665587.0,170.679581,166.947436,619333274.65,605790693.8,13542580.85,362863132.0,17505.01,17510.09,17350.15,17485.15,,166.4,ok
2021-08-10,168.517708,163.755608,480737252.58,467152218.52,13585034.06,285274027.0,167.502545,167.340136,119958251.08,119841940.09,116310.99,71615778.0,168.313999,164.474902,600695503.66,586994158.61,13701345.05,356889805.0,17492.45,17524.91,17305.06,17323.64,,164.0,ok
2021-08-11,165.238177,160.439814,459502679.71,446159149.21,13343530.5,278085058.0,163.059414,162.892496,113283535.19,113167570.99,115964.2,69473778.0,164.802662,160.930082,572786214.9,559326720.2,13459494.7,347558836.0,17308.62,17327.2,17090.25,17227.18,,160.7,ok
2021-08-12,167.997984,163.208097,470687832.98,457267780.64,13420052.34,280174691.0,165.292535,165.125557,114601159.29,114485389.42,115769.87,69332326.0,167.461299,163.588467,585288992.27,571753170.06,13535822.21,349507017.0,17221.35,17233.11,17139.21,17219.94,,163.5,ok
2021-08-13,163.986799,159.11729,455527674.32,442001000.58,13526673.74,277783137.0,160.158313,159.990163,109032015.99,108917542.96,114473.03,68077650.0,163.233217,159.289103,564559690.31,550918543.54,13641146.77,345860787.0,17216.34,17216.34,16978.11,16982.11,,159.4,ok
2021-08-16,162.107269,157.155898,443036359.39,429504348.24,13532011.15,273298269.0,158.940998,158.769771,106121874.78,106007549.98,114324.8,66768094.0,161.485608,157.472763,549158234.17,535511898.22,13646335.95,340066363.0,16941.33,16983.59,16773.57,16858.77,,157.4,ok
2021-08-17,158.617741,153.659826,427180580.53,413828194.94,13352385.59,269314502.0,155.327504,155.15663,101943685.35,101831538.46,112146.89,65631445.0,157.973031,153.953119,529124265.88,515659733.4,13464532.48,334945947.0,16841.62,16870.55,16657.63,16661.36,,154.0,ok
2021-08-18,165.728408,160.846336,447595531.9,434410140.1,13185391.8,270077735.0,162.316939,162.143035,106000390.52,105886823.05,113567.47,65304577.0,165.064138,161.098825,553595922.42,540296963.15,13298959.27,335382312.0,16630.99,16826.27,16418.54,16826.27,,161.2,ok
2021-08-19,158.728294,153.75153,424016900.38,410722281.37,13294619.01,267133785.0,157.194369,157.018716,101863014.0,101749189.44,113824.56,64800676.0,158.428839,154.389354,525879914.38,512471470.81,13408443.57,331934461.0,16777.78,16777.78,16375.4,16375.4,,154.1,ok
2021-08-20,160.453558,155.611281,426332638.57,413466482.04,12866156.53,265704696.0,159.282131,159.104525,103210389.74,103095305.82,115083.92,64797218.0,160.223892,156.296156,529543028.31,516561787.86,12981240.45,330501914.0,16426.98,16507.11,16248.08,16341.94,,155.9,ok
2021-08-23,167.015719,162.231335,451376070.1,438445810.36,12930259.74,270259633.0,164.82235,164.645179,108044261.11,107928122.23,116138.88,65551948.0,166.587564,162.702528,559420331.21,546373932.59,13046398.62,335811581.0,16459.13,16785.29,16459.13,16741.84,,162.5,ok
2021-08-24,165.758663,160.93236,445136356.74,432175568.69,12960788.05,268544853.0,164.554137,164.375474,108567594.8,108449718.5,117876.3,65976825.0,165.521097,161.611436,553703951.54,540625287.19,13078664.35,334521678.0,16830.63,16904.3,16779.9,16818.73,,161.2,ok
2021-08-25,169.068158,164.221149,455298913.81,442245963.98,13052949.83,269299032.0,167.384037,167.205574,110094828.11,109977446.41,117381.7,65773792.0,168.73757,164.806982,565393741.92,552223410.39,13170331.53,335072824.0,16821.08,17045.86,16821.08,17045.86,,164.5,ok
2021-08-26,168.353686,163.616632,457364485.07,444495387.07,12869098.0,271668828.0,167.219675,167.043204,110902029.66,110784992.04,117037.62,66321161.0,168.131168,164.289002,568266514.73,555280379.11,12986135.62,337989989.0,17177.39,17201.42,16984.69,17066.96,,163.9,ok
2021-08-27,167.787374,162.995252,452245658.14,439329214.01,12916444.13,269534976.0,166.863561,166.685631,110425432.58,110307683.42,117749.16,66177080.0,167.605268,163.722716,562671090.72,549636897.43,13034193.29,335712056.0,17061.1,17229.89,17000.26,17209.93,,163.3,ok
2021-08-30,168.483898,163.647788,454899099.02,441841814.01,13057285.01,269995592.0,168.230966,168.053555,111862596.9,111744629.94,117966.96,66493464.0,168.433917,164.51841,566761695.92,553586443.95,13175251.97,336489056.0,17244.62,17396.52,17244.62,17396.52,,163.9,ok
2021-08-31,168.196043,163.390385,451158976.22,438268569.73,12890406.49,268234002.0,168.847999,168.672941,112874127.56,112757102.33,117025.23,66849550.0,168.326109,164.444261,564033103.78,551025672.06,13007431.72,335083552.0,17384.61,17490.29,17207.57,17490.29,,163.7,ok
2021-09-01,168.161892,163.401615,449924894.72,437188554.23,12736340.49,267554611.0,172.699786,172.526602,117328202.36,117210545.02,117657.34,67937665.0,169.080822,165.249438,567253097.08,554399099.25,12853997.83,335492276.0,17463.8,17503.93,17415.52,17473.99,,163.7,ok
2021-09-02,165.763351,161.010075,443092690.61,430386977.01,12705713.6,267304376.0,169.920733,169.748498,115328810.76,115211911.03,116899.73,67872124.0,166.605207,162.779577,558421501.37,545598888.04,12822613.33,335176500.0,17455.92,17523.16,17319.76,17319.76,,161.3,ok
2021-09-03,165.99527,161.280445,445411795.98,432760598.65,12651197.33,268328004.0,170.914752,170.741087,116706580.08,116587995.28,118584.8,68283503.0,166.993215,163.199588,562118376.06,549348593.93,12769782.13,336611507.0,17380.52,17540.78,17380.52,17516.92,,161.6,ok
2021-09-06,162.988618,158.192272,435115319.56,422310966.11,12804353.45,266960555.0,167.522487,167.348186,115125822.05,115006038.06,119783.99,68722608.0,163.916813,160.066713,550241141.61,537317004.17,12924137.44,335683163.0,17534.05,17633.67,17461.07,17495.3,,158.5,ok
2021-09-07,163.530669,158.701043,433622061.5,420815702.67,12806358.83,265162531.0,164.697825,164.520323,111213184.57,111093325.53,119859.04,67525594.0,163.767566,159.88218,544835246.07,531909028.2,12926217.87,332688125.0,17534.38,17559.21,17388.37,17428.87,,159.0,ok
2021-09-08,160.900677,156.067286,423091614.5,410382114.63,12709499.87,262952042.0,161.72393,161.54513,107751175.32,107632046.65,119128.67,66626612.0,161.067103,157.17467,530842789.82,518014161.28,12828628.54,329578654.0,17411.53,17447.58,17167.08,17270.49,,156.3,ok
2021-09-09,162.619302,157.822459,427927524.11,415304784.43,12622739.68,263146821.0,165.374649,165.196019,110226242.05,110107180.44,119061.61,66652442.0,163.176158,159.312656,538153766.16,525411964.87,12741801.29,329799263.0,17175.04,17319.09,17122.95,17304.33,,158.1,ok
2021-09-10,165.295692,160.508145,436819948.6,424168099.42,12651849.18,264265779.0,166.864322,166.683971,111520538.79,111400004.96,120533.83,66833064.0,165.612324,161.75475,548340487.39,535568104.38,12772383.01,331098843.0,17270.28,17474.57,17270.28,17474.57,,160.8,ok
2021-09-13,164.88148,160.047343,436365260.38,423571529.46,12793730.92,264653896.0,165.24069,165.062467,111093404.77,110973583.01,119821.76,67231264.0,164.954247,161.063276,547458665.15,534545112.47,12913552.68,331885160.0,17452.16,17482.57,17387.57,17446.31,,160.3,ok
2021-09-14,162.804919,157.997534,430251877.18,417547183.62,12704693.56,264274494.0,164.861074,164.684559,111320323.13,111201133.98,119189.15,67523716.0,163.223364,159.3584,541572200.31,528748317.6,12823882.71,331798210.0,17463.78,17529.47,17424.54,17434.9,,158.3,ok
2021-09-15,162.193877,157.437839,428273536.75,415715202.24,12558334.51,264050373.0,162.95895,162.782819,109621464.21,109502981.91,118482.3,67269373.0,162.349213,158.523055,537895000.96,525218184.15,12676816.81,331319746.0,17434.02,17439.75,17316.52,17354.0,,157.7,ok
2021-09-16,161.703206,156.993465,427327492.49,414881220.89,12446271.6,264266555.0,163.109593,162.936548,109972188.68,109855517.62,116671.06,67422269.0,161.989082,158.201513,537299681.17,524736738.51,12562942.66,331688824.0,17332.34,17411.37,17254.1,17278.7,,157.3,ok
2021-09-17,163.861078,159.177668,433214116.68,420832169.38,12381947.3,264378901.0,163.568466,163.397561,110121709.36,110006647.9,115061.46,67324535.0,163.801688,160.034163,543335826.04,530838817.28,12497008.76,331703436.0,17279.29,17408.71,17235.45,17276.79,,159.4,ok
2021-09-20,,,,,,,,,,,,,,,,,,,,,,,,,data unavailable: TWSE MI_MARGN total 20210920: missing tables (keys=stat; stat='很抱歉，沒有符合條件的資料')
2021-09-21,,,,,,,,,,,,,,,,,,,,,,,,,data unavailable: TWSE MI_MARGN total 20210921: missing tables (keys=stat; stat='很抱歉，沒有符合條件的資料')
2021-09-22,160.180859,155.569775,422203715.29,410049847.3,12153867.99,263579380.0,162.463225,162.291497,108919755.34,108804623.98,115131.36,67042714.0,160.643672,156.932788,531123470.63,518854471.28,12268999.35,330622094.0,17196.79,17196.79,16838.58,16925.82,,155.8,ok
2021-09-23,161.887615,157.266652,426778143.19,414596073.81,12182069.38,263626185.0,163.870799,163.703579,110506296.52,110393531.72,112764.8,67435014.0,162.291577,158.577812,537284439.71,524989605.53,12294834.18,331061199.0,16998.07,17145.25,16998.07,17078.22,,157.5,ok
2021-09-24,164.369669,159.731797,435970789.77,423669391.39,12301398.38,265237980.0,166.730452,166.565628,113241080.16,113129134.2,111945.96,67918655.0,164.850948,161.124969,549211869.93,536798525.59,12413344.34,333156635.0,17130.74,17273.59,17130.74,17260.19,,160.0,ok
2021-09-27,164.579984,159.930906,438119463.8,425743405.07,12376058.73,266204586.0,165.760248,165.596752,112966114.72,112854691.27,111423.45,68150305.0,164.820552,161.085754,551085578.52,538598096.34,12487482.18,334354891.0,17278.11,17335.99,17235.68,17313.77,,160.2,ok
2021-09-28,162.185168,157.563508,432524653.86,420199348.59,12325305.27,266685702.0,164.240081,164.074643,112022855.83,111910015.9,112839.93,68206771.0,162.603687,158.889616,544547509.69,532109364.49,12438145.2,334892473.0,17286.89,17286.89,17113.47,17181.44,,157.9,ok
2021-09-29,158.792025,154.135581,421713361.32,409346967.64,12366393.68,265575908.0,158.915687,158.746453,106093059.81,105980078.01,112981.8,66760596.0,158.816866,155.061824,527806421.13,515327045.65,12479375.48,332336504.0,17127.86,17127.86,16801.78,16855.46,,154.4,ok
2021-09-30,161.026724,156.419126,428354955.76,416098063.97,12256891.79,266014824.0,161.814193,161.647413,108104919.86,107993497.16,111422.7,66808058.0,161.184794,157.468609,536459875.62,524091561.13,12368314.49,332822882.0,16886.57,16994.21,16767.2,16934.77,,156.7,ok
2021-10-01,154.582109,149.917039,401023327.17,388921009.69,12102317.48,259424153.0,156.50059,156.334053,102285147.02,102176302.28,108844.74,65357675.0,154.968176,151.208371,503308474.19,491097311.97,12211162.22,324781828.0,16883.0,16883.0,16503.74,16570.89,,150.2,ok
2021-10-04,151.363846,146.534459,383230530.07,371003246.78,12227283.29,253184985.0,152.904237,152.73285,97849123.23,97739446.35,109676.88,63993729.0,151.674634,147.785041,481079653.3,468742693.13,12336960.17,317178714.0,16600.52,16680.29,16380.06,16408.35,,146.9,ok
2021-10-05,154.572765,149.696543,388907474.27,376638825.15,12268649.12,251601551.0,156.814654,156.636871,99661971.3,99548982.82,112988.48,63553991.0,155.024862,151.096124,488569445.57,476187807.97,12381637.6,315155542.0,16362.27,16460.75,16162.17,16460.75,,150.1,ok
2021-10-06,152.233251,147.250418,382489158.96,369969689.02,12519469.94,251252047.0,155.420952,155.244672,99002473.39,98890184.15,112289.24,63699567.0,152.877969,148.867271,481491632.35,468859873.17,12631759.18,314951614.0,16488.21,16568.21,16303.63,16393.16,,147.6,ok
2021-10-07,155.276613,150.257406,389807678.38,377207419.28,12600259.1,251040817.0,161.280119,161.101839,103017232.2,102903356.74,113875.46,63874725.0,156.494312,152.456996,492824910.58,480110776.02,12714134.56,314915542.0,16465.57,16731.58,16465.57,16713.86,,150.7,ok
2021-10-08,154.653012,149.709556,388758045.59,376331463.19,12426582.4,251374377.0,162.151194,161.971834,104238353.66,104123052.24,115301.42,64284666.0,156.180034,152.206796,492996399.25,480454515.43,12541883.82,315659043.0,16742.35,16771.71,16605.49,16640.43,,150.1,ok
2021-10-11,,,,,,,,,,,,,,,,,,,,,,,,,data unavailable: TWSE MI_MARGN total 20211011: missing tables (keys=stat; stat='很抱歉，沒有符合條件的資料')
2021-10-12,151.363849,146.343932,376609653.02,364119556.67,12490096.35,248810833.0,159.864451,159.687102,102730905.67,102616938.97,113966.7,64261257.0,153.108685,149.082755,479340558.69,466736495.64,12604063.05,313072090.0,16589.72,16589.72,16349.49,16462.84,,146.8,ok
2021-10-13,149.816611,144.759945,370461384.52,357957433.3,12503951.22,247276575.0,156.021421,155.84167,99050090.13,98935974.91,114115.22,63484930.0,151.084181,147.023811,469511474.65,456893408.21,12618066.44,310761505.0,16480.98,16543.33,16328.47,16347.99,,145.2,ok
2021-10-14,151.322106,146.301759,373021287.31,360645722.96,12375564.35,246508125.0,157.031422,156.850101,99109750.59,98995310.89,114439.7,63114598.0,152.485914,148.451971,472131037.9,459641033.85,12490004.05,309622723.0,16392.51,16519.96,16347.88,16387.28,,146.8,ok
2021-10-15,153.958815,148.947274,379327593.18,366980032.93,12347560.25,246382510.0,160.787046,160.598237,101968818.11,101849078.27,119739.84,63418553.0,155.356604,151.332312,481296411.29,468829111.2,12467300.09,309801063.0,16426.76,16781.19,16426.76,16781.19,,149.4,ok
2021-10-18,155.575824,150.555476,381963092.87,369637351.16,12325741.71,245515713.0,161.390504,161.193659,102987323.61,102861712.01,125611.6,63812505.0,156.775356,152.750068,484950416.48,472499063.17,12451353.31,309328218.0,16816.94,16862.03,16695.89,16705.46,,151.0,ok
2021-10-19,157.692374,152.662245,387520983.59,375159697.61,12361285.98,245744911.0,164.757083,164.580391,105785438.66,105671990.34,113448.32,64206914.0,159.155837,155.131104,493306422.25,480831687.95,12474734.3,309951825.0,16791.12,16916.72,16772.15,16900.67,,153.1,ok
2021-10-20,158.121007,153.061164,390060942.63,377579065.1,12481877.53,246685086.0,166.115863,165.94033,107585649.94,107471965.19,113684.75,64765428.0,159.783519,155.739358,497646592.57,485051030.29,12595562.28,311450514.0,16936.2,16973.86,16855.81,16887.82,,153.5,ok
2021-10-21,158.419498,153.402293,392879901.01,380437248.93,12442652.08,247999714.0,165.732583,165.557913,107649892.48,107536437.35,113455.13,64953970.0,159.937339,155.925209,500529793.49,487973686.28,12556107.21,312953684.0,16904.46,17026.89,16873.99,16889.51,,153.7,ok
2021-10-22,158.411858,153.425715,393655891.43,381265250.43,12390641.0,248501531.0,168.023223,167.851378,110234539.1,110121796.89,112742.21,65606728.0,160.419351,156.438754,503890430.53,491387047.32,12503383.21,314108259.0,16900.32,16932.89,16800.49,16888.74,,153.8,ok
2021-10-25,160.765258,155.835703,401939575.4,389614876.6,12324698.8,250016440.0,168.880495,168.710314,111960091.12,111847268.78,112822.34,66295454.0,162.466122,158.534078,513899666.52,501462145.38,12437521.14,316311894.0,16879.34,16930.98,16784.11,16894.24,,156.2,ok
2021-10-26,160.740588,155.816444,403678804.73,391312468.07,12366336.66,251136823.0,168.043619,167.873456,112071769.96,111958284.55,113485.41,66692071.0,162.273029,158.346444,515750574.69,503270752.62,12479822.07,317828894.0,16909.32,17067.15,16909.32,17034.34,,156.2,ok
2021-10-27,162.309613,157.424444,410534383.13,398178185.8,12356197.33,252932883.0,170.088318,169.920803,114296428.99,114183862.41,112566.58,67198283.0,163.94243,160.047538,524830812.12,512362048.21,12468763.91,320131166.0,17037.37,17079.6,16973.16,17074.55,,157.9,ok
2021-10-28,163.035931,158.168115,414303369.21,401933379.78,12369989.43,254117829.0,171.257971,171.0904,116187487.38,116073801.1,113686.28,67843550.0,164.768476,160.891093,530490856.59,518007180.88,12483675.71,321961379.0,17081.17,17104.86,16994.37,17041.63,,158.6,ok
2021-10-29,164.025557,159.18253,418976103.37,406605392.02,12370711.35,255433428.0,173.043131,172.87558,118769945.36,118654945.66,114999.7,68636036.0,165.935427,162.082638,537746048.73,525260337.68,12485711.05,324069464.0,17058.04,17073.97,16920.68,16987.41,,159.6,ok
2021-11-01,166.07863,161.31691,430884032.17,418529949.24,12354082.93,259445801.0,177.362675,177.198474,124473666.48,124358429.3,115237.18,70180305.0,168.481103,164.698235,555357698.65,542888378.54,12469320.11,329626106.0,17021.77,17119.43,17021.77,17068.24,,161.7,ok
2021-11-02,164.753941,160.008272,429707864.09,417330306.49,12377557.6,260817958.0,172.091526,171.930808,119655138.04,119543390.81,111747.23,69529942.0,166.298318,162.517666,549363002.13,536873697.3,12489304.83,330347900.0,17094.42,17237.09,17026.63,17065.97,,160.4,ok
2021-11-03,167.038958,162.327654,438129583.22,425772216.25,12357366.97,262291856.0,174.009491,173.850716,122055397.21,121944027.66,111369.55,70142954.0,168.509724,164.758993,560184980.43,547716243.91,12468736.52,332434810.0,17087.89,17153.76,17080.51,17122.16,,162.7,ok
2021-11-04,166.057136,161.333622,436835029.39,424409206.05,12425823.34,263063087.0,172.275556,172.11612,120942041.72,120830113.16,111928.56,70202671.0,167.367051,163.604963,557777071.11,545239319.21,12537751.9,333265758.0,17158.28,17219.65,17061.46,17078.86,,161.7,ok
2021-11-05,168.028509,163.306362,444182241.45,431699276.81,12482964.64,264349332.0,173.068555,172.909953,122715696.84,122603238.86,112457.98,70905831.0,169.094469,165.337503,566897938.29,554302515.67,12595422.62,335255163.0,17097.16,17296.9,17097.16,17296.9,,163.7,ok
2021-11-08,170.543882,165.859857,452990647.81,440549161.08,12441486.73,265615302.0,171.66562,171.507457,121336939.31,121225145.73,111793.58,70682143.0,170.779646,167.046855,574327587.12,561774306.81,12553280.31,336297445.0,17323.39,17415.3,17279.46,17415.3,,166.2,ok
2021-11-09,171.121106,166.417064,454732793.13,442232395.05,12500398.08,265737409.0,172.980141,172.822721,122142720.04,122031564.54,111155.5,70610834.0,171.51138,167.761828,576875513.17,564263959.59,12611553.58,336348243.0,17433.1,17581.52,17433.1,17541.36,,166.8,ok
2021-11-10,170.792229,166.178735,457627533.15,445265952.73,12361580.42,267944002.0,174.58996,174.434083,124215082.26,124104181.03,110901.23,71146750.0,171.589055,167.910841,581842615.41,569370133.76,12472481.65,339090752.0,17549.09,17575.44,17489.87,17559.65,,166.5,ok
2021-11-11,168.372216,163.757767,451799975.4,439417838.21,12382137.19,268334044.0,174.800698,174.646204,124648925.41,124538756.61,110168.8,71309169.0,169.721896,166.043829,576448900.81,563956594.82,12492305.99,339643213.0,17527.18,17527.18,17403.48,17452.52,,164.1,ok
2021-11-12,169.382592,164.751767,454762304.95,442329358.82,12432946.13,268482316.0,175.403021,175.250208,126251670.77,126141678.9,109991.87,71978048.0,170.655394,166.971283,581013975.72,568471037.72,12542938.0,340460364.0,17479.55,17602.05,17479.55,17518.13,,165.1,ok
2021-11-15,170.733417,166.155558,461675284.04,449296428.26,12378855.78,270407102.0,178.360876,178.208021,129250967.08,129140199.67,110767.41,72465986.0,172.345475,168.702837,590926251.12,578436627.93,12489623.19,342873088.0,17560.52,17683.19,17560.52,17634.47,,166.5,ok
2021-11-16,171.523098,166.967318,464244666.6,451913986.1,12330680.5,270660146.0,177.507513,177.352306,129561526.77,129448242.39,113284.38,72989320.0,172.794156,169.173034,593806193.37,581362228.49,12443964.88,343649466.0,17639.96,17708.1,17629.8,17693.13,,167.3,ok
2021-11-17,172.628677,168.115216,473089842.84,460720679.97,12369162.87,274050553.0,178.768307,178.614281,131097617.69,130984664.25,112953.44,73333814.0,173.92477,170.331598,604187460.53,591705344.22,12482116.31,347384367.0,17705.29,17764.04,17669.58,17764.04,,168.5,ok
2021-11-18,172.817078,168.327064,474353011.8,462028699.87,12324311.93,274482717.0,178.07341,177.922445,132063062.31,131951103.69,111958.62,74162146.0,173.935181,170.36815,606416074.11,593979803.56,12436270.55,348644863.0,17767.06,17841.37,17748.21,17841.37,,168.7,ok
2021-11-19,172.130948,167.680271,474516527.05,462247265.4,12269261.65,275671826.0,177.794898,177.64596,132126205.39,132015523.85,110681.54,74313834.0,173.333597,169.796325,606642732.44,594262789.25,12379943.19,349985660.0,17864.19,17986.18,17786.05,17818.31,,168.0,ok
2021-11-22,173.258239,168.788807,477068396.35,464761769.28,12306627.07,275351060.0,180.022976,179.874396,135269708.98,135158065.46,111643.52,75140247.0,174.7085,171.165396,612338105.33,599919834.74,12418270.59,350491307.0,17828.53,17857.73,17790.64,17803.54,,169.2,ok
2021-11-23,170.861729,166.381971,467560172.35,455301391.85,12258780.5,273648274.0,175.690807,175.541352,131452950.88,131341127.84,111823.04,74820620.0,171.898592,168.348604,599013123.23,586642519.69,12370603.54,348468894.0,17797.9,17797.9,17650.07,17666.12,,166.8,ok
2021-11-24,172.122943,167.693525,474654150.34,462439383.47,12214766.87,275764603.0,176.8763,176.729185,134215218.41,134103586.89,111631.52,75880838.0,173.14866,169.643311,608869368.75,596542970.36,12326398.39,351645441.0,17680.16,17722.89,17588.78,17642.52,,168.1,ok
2021-11-25,171.911361,167.549391,477585527.27,465467573.57,12117953.7,277809171.0,175.717126,175.570055,133258767.43,133147232.85,111534.58,75837097.0,172.727482,169.269369,610844294.7,598614806.42,12229488.28,353646268.0,17686.12,17724.5,17609.51,17654.19,,167.9,ok
2021-11-26,167.540809,163.180771,457741509.27,445829365.15,11912144.12,273211949.0,171.374951,171.232036,128792451.72,128685047.8,107403.92,75152437.0,168.367946,164.917666,586533960.99,574514412.95,12019548.04,348364386.0,17641.79,17641.79,17330.44,17369.39,,163.5,ok
2021-11-29,167.906145,163.484194,455852235.51,443846979.57,12005255.94,271492289.0,173.752629,173.61306,130596659.61,130491756.55,104903.06,75162408.0,169.173792,165.680356,586448895.12,574338736.12,12110159.0,346654697.0,17320.01,17415.63,17167.24,17328.09,,163.8,ok
2021-11-30,170.542089,166.088568,465764432.02,453601503.15,12162928.87,273108202.0,175.096432,174.957366,133033704.57,132928045.18,105659.39,75977393.0,171.533327,168.018835,598798136.59,586529548.33,12268588.26,349085595.0,17369.79,17535.23,17369.79,17427.76,,166.4,ok
2021-12-01,172.134567,167.714651,474032507.04,461860727.08,12171779.96,275384843.0,176.323183,176.185918,135139375.63,135034171.0,105204.63,76642999.0,173.046507,169.559003,609171882.67,596894898.08,12276984.59,352027842.0,17428.61,17626.21,17374.59,17585.99,,168.1,ok
2021-12-02,171.766529,167.33015,475574358.5,463291244.39,12283114.11,276872544.0,174.220346,174.084256,134512116.06,134407043.43,105072.63,77208041.0,172.301589,168.802898,610086474.56,597698287.82,12388186.74,354080585.0,17575.91,17741.55,17559.44,17724.88,,167.7,ok
2021-12-03,173.331445,168.878074,482662421.66,470261469.32,12400952.34,278462123.0,177.327213,177.192756,137557925.1,137453623.07,104302.03,77572936.0,174.202043,170.689677,620220346.76,607715092.39,12505254.37,356035059.0,17720.93,17781.14,17670.32,17697.14,,169.2,ok
2021-12-06,174.833895,170.450925,489057903.78,476797546.8,12260356.98,279727169.0,177.624229,177.491336,139150366.32,139046258.22,104108.1,78339744.0,175.444378,171.991263,628208270.1,615843805.02,12364465.08,358066913.0,17650.67,17763.42,17585.95,17688.21,,170.8,ok
2021-12-07,175.557933,171.17309,491419271.54,479145280.88,12273990.66,279918579.0,176.608821,176.484836,138893637.95,138796130.8,97507.15,78644791.0,175.788427,172.338131,630312909.49,617941411.68,12371497.81,358563370.0,17734.19,17796.92,17642.32,17796.92,,171.5,ok
2021-12-08,176.037642,171.607553,490984748.34,478628835.11,12355913.23,278908956.0,177.518331,177.394531,140558043.43,140460018.98,98024.45,79179453.0,176.365047,172.887153,631542791.77,619088854.09,12453937.68,358088409.0,17845.06,17988.88,17832.42,17832.42,,171.9,ok
2021-12-09,176.061613,171.674037,492175296.67,479909948.84,12265347.83,279547192.0,176.814536,176.689525,140659577.56,140560128.67,99448.89,79552044.0,176.22841,172.785129,632834874.23,620470077.51,12364796.72,359099236.0,17880.41,17925.12,17807.12,17914.12,,172.0,ok
2021-12-10,174.133968,169.761427,486671463.75,474451039.37,12220424.38,279481062.0,176.388304,176.263727,140194374.97,140095360.65,99014.32,79480539.0,174.633119,171.201153,626865838.72,614546400.02,12319438.7,358961601.0,17893.29,17893.29,17767.8,17826.26,,170.1,ok
2021-12-13,173.980932,169.611738,485459983.3,473268597.35,12191385.95,279030569.0,175.916617,175.790832,140069169.28,139969016.16,100153.12,79622478.0,174.410662,170.983523,625529152.58,613237613.51,12291539.07,358653047.0,17841.03,17919.35,17767.6,17767.6,,169.9,ok
2021-12-14,169.595287,165.25437,466127183.24,454196311.52,11930871.72,274846778.0,172.443631,172.317592,135448162.08,135349163.4,98998.68,78546341.0,170.22837,166.824265,601575345.32,589545474.92,12029870.4,353393119.0,17754.38,17754.38,17566.99,17599.37,,165.6,ok
2021-12-15,172.376682,168.01552,476001919.9,463958982.74,12042937.16,276140551.0,174.915539,174.790628,137782978.42,137684583.89,98394.53,78771148.0,172.940171,169.519226,613784898.32,601643566.63,12141331.69,354911699.0,17592.87,17678.78,17556.87,17660.1,,168.4,ok
2021-12-16,173.995906,169.680319,485702662.95,473655873.42,12046789.53,279146029.0,178.504002,178.382106,143115469.37,143017739.12,97730.25,80174936.0,175.001793,171.62194,628818132.32,616673612.54,12144519.78,359320965.0,17719.06,17814.32,17719.06,17785.74,,170.0,ok
2021-12-17,173.109332,168.78692,482963850.71,470904599.04,12059251.67,278993538.0,174.977187,174.856421,140055485.35,139958821.54,96663.81,80042140.0,173.525745,170.140033,623019336.06,610863420.58,12155915.48,359035678.0,17744.54,17822.74,17718.27,17812.59,,169.1,ok
2021-12-20,172.318509,167.964349,481678527.13,469507428.7,12171098.43,279528026.0,174.057626,173.945975,139383898.55,139294489.51,89409.04,80079168.0,172.705785,169.296368,621062425.68,608801918.21,12260507.47,359607194.0,17812.81,17812.81,17646.39,17669.11,,168.3,ok
2021-12-21,174.140907,169.7722,488240926.19,475992329.97,12248596.22,280371186.0,175.623884,175.511091,140888579.15,140798094.99,90484.16,80221765.0,174.470827,171.048941,629129505.34,616790424.96,12339080.38,360592951.0,17686.84,17825.89,17652.32,17789.27,,170.1,ok
2021-12-22,174.24642,169.862535,489566562.33,477249502.23,12317060.1,280962193.0,176.954762,176.839364,142837078.85,142743929.79,93149.06,80719545.0,174.850863,171.419612,632403641.18,619993432.02,12410209.16,361681738.0,17805.74,17870.16,17799.72,17826.83,,170.2,ok
2021-12-23,174.960645,170.573306,492298414.26,479953465.14,12344949.12,281376657.0,178.072501,177.95725,144234029.67,144140679.37,93350.3,80997363.0,175.656203,172.223755,636532443.93,624094144.51,12438299.42,362374020.0,17855.78,17960.99,17855.78,17946.66,,170.9,ok
2021-12-24,174.595867,170.237385,491632321.26,479359574.41,12272746.85,281583023.0,177.134912,177.019427,143707029.92,143613338.55,93691.37,81128575.0,175.163782,171.75434,635339351.18,622972912.96,12366438.22,362711598.0,17966.35,18039.85,17953.57,17961.64,,167.7265,ok
2021-12-27,175.454917,171.112818,495363465.21,483104377.09,12259088.12,282330910.0,178.099439,177.985296,144827112.32,144734293.28,92819.04,81318118.0,176.046278,172.649621,640190577.53,627838670.37,12351907.16,363649028.0,17975.41,18099.78,17975.41,18048.94,,168.5126,ok
2021-12-28,176.008377,171.665204,495797562.12,483563289.41,12234272.71,281689753.0,177.78996,177.675251,144839177.9,144745728.45,93449.45,81466455.0,176.408038,173.013432,640636740.02,628309017.86,12327722.16,363156208.0,18099.71,18197.36,18099.71,18196.81,,168.9536,ok
2021-12-29,176.096953,171.750565,496562049.43,484306008.86,12256040.57,281982192.0,179.170752,179.059093,146296296.2,146205124.75,91171.45,81651885.0,176.787157,173.391652,642858345.63,630511133.61,12347212.02,363634077.0,18209.14,18283.25,18192.86,18248.28,,169.3025,ok
2021-12-30,175.868174,171.540429,496331332.71,484117665.8,12213666.91,282217824.0,179.472348,179.35932,146631034.95,146538690.07,92344.88,81701185.0,176.677324,173.295799,642962367.66,630656355.87,12306011.79,363919009.0,18270.0,18291.25,18216.45,18218.84,,169.0126,ok
2021-12-31,,,,,,,,,,,,,,,,,,,,,,,,,data unavailable: TWSE MI_MARGN total 20211231: missing tables (keys=stat; stat='很抱歉，沒有符合條件的資料')
2022-01-03,174.066048,169.746224,491648699.22,479447376.91,12201322.31,282449509.0,178.099849,177.987723,145535278.04,145443654.18,91623.86,81715554.0,174.971199,171.595547,637183977.26,624891031.09,12292946.17,364165063.0,18260.23,18379.69,18238.47,18270.51,,167.2315,ok
2022-01-04,174.8722,170.540701,495897061.5,483613933.45,12283128.05,283576842.0,178.439888,178.327662,146811403.29,146719070.04,92333.25,82274992.0,175.674523,172.29188,642708464.79,630333003.49,12375461.3,365851834.0,18395.14,18526.35,18395.14,18526.35,,168.1456,ok
2022-01-05,173.87367,169.566055,494406236.07,482157621.61,12248614.46,284347962.0,175.253026,175.139782,143214466.86,143121924.72,92542.14,81718684.0,174.18159,170.810303,637620702.93,625279546.33,12341156.6,366066646.0,18598.13,18619.61,18446.52,18499.96,,166.9877,ok
2022-01-06,172.536963,168.208494,490179885.25,477882646.03,12297239.22,284101376.0,174.322595,174.206613,141413504.69,141319418.1,94086.59,81121730.0,172.933579,169.540769,631593389.94,619202064.13,12391325.81,365223106.0,18395.72,18427.15,18253.82,18367.92,,165.6985,ok
2022-01-07,169.544586,165.189732,476845093.07,464597041.23,12248051.84,281250557.0,169.904534,169.785529,134691878.8,134597537.49,94341.31,79275035.0,169.623734,166.20029,611536971.87,599194578.72,12342393.15,360525592.0,18388.16,18444.12,18134.41,18169.76,,162.6824,ok
2022-01-10,169.517396,165.177513,476401714.13,464205160.96,12196553.17,281034115.0,170.757344,170.636182,133592421.1,133497630.19,94790.91,78235242.0,169.78741,166.366204,609994135.23,597702791.15,12291344.08,359269357.0,18095.39,18243.26,18043.97,18239.38,,162.7355,ok
2022-01-11,167.208334,162.851561,465984306.25,453842639.02,12141667.23,278684857.0,167.320519,167.196606,129020111.18,128924561.83,95549.35,77109557.0,167.232647,163.793241,595004417.43,582767200.85,12237216.58,355794414.0,18266.54,18293.53,18135.43,18288.21,,160.5485,ok
2022-01-12,166.413413,162.063115,461171460.82,449115742.08,12055718.74,277123972.0,166.99069,166.864205,128202794.21,128105688.06,97106.15,76772420.0,166.538645,163.104638,589374255.03,577221430.14,12152824.89,353896392.0,18348.39,18394.7,18255.38,18375.4,,159.7687,ok
2022-01-13,165.777759,161.411421,457927365.35,445866245.47,12061119.88,276229676.0,166.666429,166.541201,127094000.58,126998505.91,95494.67,76256509.0,165.970013,162.521193,585021365.93,572864751.38,12156614.55,352486185.0,18356.21,18459.73,18346.81,18436.93,,159.2051,ok
2022-01-14,165.262241,160.816379,452424164.31,440253111.94,12171052.37,273761363.0,165.646486,165.51978,125102214.34,125006521.29,95693.05,75523615.0,165.345324,161.833365,577526378.65,565259633.23,12266745.42,349284978.0,18509.0,18509.0,18213.44,18403.33,,158.6457,ok
2022-01-17,166.553488,162.117696,455897277.91,443755439.0,12141838.91,273724245.0,168.342767,168.215729,127645911.71,127549584.71,96327.0,75825005.0,166.941623,163.440495,583543189.62,571305023.71,12238165.91,349549250.0,18512.15,18535.42,18435.02,18525.44,,159.9612,ok
2022-01-18,166.396515,161.924748,454179636.09,441973940.08,12205696.01,272950210.0,167.903573,167.776463,127265873.01,127169527.02,96345.99,75797001.0,166.72406,163.196564,581445509.1,569143467.1,12302042.0,348747211.0,18492.81,18575.41,18378.64,18378.64,,159.8889,ok
2022-01-19,164.612476,160.104343,445198970.49,433006600.53,12192369.96,270452751.0,166.697716,166.573219,125678040.4,125584178.71,93861.69,75392779.0,165.067049,161.514529,570877010.89,558590779.24,12286231.65,345845530.0,18275.18,18359.14,18199.35,18227.46,,158.1174,ok
2022-01-20,165.770092,161.2235,448115710.11,435825197.11,12290513.0,270323618.0,166.698418,166.572706,125785965.01,125691106.93,94858.08,75457204.0,165.972674,162.390818,573901675.12,561516304.04,12385371.08,345780822.0,18212.26,18292.14,18125.2,18218.28,,159.1704,ok
2022-01-21,161.084013,156.509681,429601434.24,417401962.66,12199471.58,266694022.0,161.951689,161.827565,119446433.22,119354886.12,91547.1,73754361.0,161.271986,157.661741,549047867.46,536756848.78,12291018.68,340448383.0,18113.94,18113.94,17851.39,17899.3,,154.6202,ok
2022-01-24,160.933176,156.261133,423818398.65,411514548.53,12303850.12,263350547.0,162.783077,162.658929,119127750.05,119036896.1,90853.95,73181901.0,161.335453,157.652389,542946148.7,530551444.63,12394704.07,336532448.0,17843.33,18004.45,17682.33,17989.04,,154.4586,ok
2022-01-25,157.339096,152.620206,410015320.49,397718203.06,12297117.43,260593413.0,159.45014,159.325776,114787912.13,114698382.53,89529.6,71989847.0,157.796046,154.071671,524803232.62,512416585.59,12386647.03,332583260.0,17890.71,17890.71,17645.66,17701.12,,150.993,ok
2022-01-26,157.7716,152.99126,404597401.91,392338458.08,12258943.83,256445014.0,159.920804,159.796368,113474109.26,113385814.0,88295.26,70956440.0,158.237389,154.466105,518071511.17,505724272.08,12347239.09,327401454.0,17657.97,17776.42,17633.03,17674.4,,151.729,ok
2022-01-27,,,,,,,,,,,,,,,,,,,,,,,,,data unavailable: TWSE MI_MARGN total 20220127: missing tables (keys=stat; stat='很抱歉，沒有符合條件的資料')
2022-01-28,,,,,,,,,,,,,,,,,,,,,,,,,data unavailable: TWSE MI_MARGN total 20220128: missing tables (keys=stat; stat='很抱歉，沒有符合條件的資料')
2022-01-31,,,,,,,,,,,,,,,,,,,,,,,,,data unavailable: TWSE MI_MARGN total 20220131: missing tables (keys=stat; stat='很抱歉，沒有符合條件的資料')
2022-02-01,,,,,,,,,,,,,,,,,,,,,,,,,data unavailable: TWSE MI_MARGN total 20220201: missing tables (keys=stat; stat='很抱歉，沒有符合條件的資料')
2022-02-02,,,,,,,,,,,,,,,,,,,,,,,,,data unavailable: TWSE MI_MARGN total 20220202: missing tables (keys=stat; stat='很抱歉，沒有符合條件的資料')
2022-02-03,,,,,,,,,,,,,,,,,,,,,,,,,data unavailable: TWSE MI_MARGN total 20220203: missing tables (keys=stat; stat='很抱歉，沒有符合條件的資料')
2022-02-04,,,,,,,,,,,,,,,,,,,,,,,,,data unavailable: TWSE MI_MARGN total 20220204: missing tables (keys=stat; stat='很抱歉，沒有符合條件的資料')
2022-02-07,162.276048,157.523326,420346478.0,408035419.81,12311058.19,259031744.0,163.629869,163.504849,116943611.83,116854262.04,89349.79,71468377.0,162.568803,158.81679,537290089.83,524889681.85,12400407.98,330500121.0,17750.7,17900.3,17712.35,17900.3,,156.6618,ok
2022-02-08,164.921483,160.145559,430746579.05,418272686.06,12473892.99,261182820.0,166.232425,166.108601,120231280.15,120141721.59,89558.56,72327213.0,165.205782,161.438744,550977859.2,538414407.65,12563451.55,333510033.0,17955.95,18063.55,17955.95,17966.56,,159.5943,ok
2022-02-09,167.451454,162.686985,438527528.9,426050176.17,12477352.73,261883380.0,169.436126,169.310422,123797977.13,123706131.64,91845.49,73064688.0,167.884386,164.131804,562325506.03,549756307.81,12569198.22,334948068.0,18060.33,18168.6,18039.23,18151.76,,162.1463,ok
2022-02-10,167.852847,163.075358,441942675.87,429363942.42,12578733.45,263291737.0,170.005802,169.878889,125357356.8,125263774.72,93582.08,73737105.0,168.323883,164.563873,567300032.67,554627717.14,12672315.53,337028842.0,18217.29,18338.05,18145.04,18338.05,,162.7217,ok
2022-02-11,167.441535,162.672127,441224435.89,428656590.86,12567845.03,263509550.0,170.237138,170.107739,125412252.55,125316925.17,95327.38,73669150.0,168.052338,164.296712,566636688.44,553973516.03,12663172.41,337178700.0,18258.81,18310.94,18191.75,18310.94,,162.355,ok
2022-02-14,163.815783,159.084108,431085689.37,418634159.02,12451530.35,263152721.0,166.203291,166.074578,122716429.01,122621393.67,95035.34,73835138.0,164.338893,160.615743,553802118.38,541255552.69,12546565.69,336987859.0,18182.73,18182.73,17965.22,17997.67,,158.8335,ok
2022-02-15,164.092021,159.353731,432466439.05,419978620.83,12487818.22,263551169.0,166.162148,166.033401,122430092.04,122335229.31,94862.73,73681096.0,164.544318,160.813157,554896531.09,542313850.14,12582680.95,337232265.0,17978.44,18085.91,17942.68,17951.81,,159.2457,ok
2022-02-16,166.788207,162.038281,440378579.42,427837131.53,12541447.89,264034602.0,168.886682,168.75755,125138964.71,125043283.03,95681.68,74096408.0,167.248057,163.51071,565517544.13,552880414.56,12637129.57,338131010.0,18109.17,18233.79,18109.17,18231.47,,161.9417,ok
2022-02-17,166.942048,162.166144,442019566.28,429374200.16,12645366.12,264774256.0,168.201903,168.072151,124509640.5,124413592.57,96047.93,74023919.0,167.217314,163.456545,566529206.78,553787792.73,12741414.05,338798175.0,18213.3,18330.63,18190.24,18268.57,,162.1353,ok
2022-02-18,168.5711,163.801779,450143232.5,437407494.18,12735738.32,267034642.0,169.510654,169.381217,125533426.85,125437570.88,95855.97,74056364.0,168.775092,165.013165,575676659.35,562845065.06,12831594.29,341091006.0,18250.37,18262.96,18098.52,18232.35,,163.693,ok
2022-02-21,168.78331,164.016376,455469693.7,442605898.58,12863795.12,269854700.0,168.896474,168.766182,125446432.19,125349659.05,96773.14,74274157.0,168.807734,165.041538,580916125.89,567955557.63,12960568.26,344128857.0,18196.4,18253.1,18129.65,18221.49,,164.0118,ok
2022-02-22,162.344936,157.541257,434284116.44,421433937.99,12850178.45,267507030.0,164.702807,164.573339,120512986.44,120418254.27,94732.17,73169965.0,162.851355,159.051594,554797102.88,541852192.26,12944910.62,340676995.0,18159.51,18159.51,17840.38,17969.29,,160.1998,ok
2022-02-23,167.264699,162.483026,450577108.19,437696253.34,12880854.85,269379678.0,167.205271,167.075142,122426518.68,122331239.6,95279.08,73219294.0,167.251998,163.464441,573003626.87,560027492.94,12976133.93,342598972.0,17954.75,18109.28,17954.75,18055.73,,162.3969,ok
2022-02-24,161.932924,157.032845,427555914.13,414618103.69,12937810.44,264032727.0,161.139956,161.009193,115712399.32,115618500.62,93898.7,71808633.0,161.763373,157.883057,543268313.45,530236604.31,13031709.14,335841360.0,17939.53,17939.53,17561.07,17594.55,,157.2244,ok
2022-02-25,163.740867,158.871253,435825760.46,422864406.33,12961354.13,266167981.0,163.843545,163.712144,117659523.36,117565161.52,94361.84,71812120.0,163.762684,159.899818,553485283.82,540429567.85,13055715.97,337980101.0,17617.36,17737.32,17554.97,17652.18,,159.0513,ok
2022-02-28,,,,,,,,,,,,,,,,,,,,,,,,,data unavailable: TWSE MI_MARGN total 20220228: missing tables (keys=stat; stat='很抱歉，沒有符合條件的資料')
2022-03-01,167.435523,162.588357,446869992.62,433933353.31,12936639.31,266890791.0,167.069784,166.933662,119814374.72,119716754.66,97620.06,71715167.0,167.358061,163.508673,566684367.34,553650107.97,13034259.37,338605958.0,17657.5,17944.5,17657.5,17898.25,,162.7883,ok
2022-03-02,167.491222,162.596222,450568072.89,437400035.37,13168037.52,269009962.0,168.291284,168.156493,121342187.58,121245000.28,97187.3,72102479.0,167.660335,163.771522,571910260.47,558645035.65,13265224.82,341112441.0,17864.11,17918.98,17784.64,17867.6,,162.8858,ok
2022-03-03,168.975713,164.073508,459025940.13,445709002.61,13316937.52,271652022.0,168.785013,168.650889,123369281.69,123271246.89,98034.8,73092557.0,168.935281,165.044002,582395221.82,568980249.5,13414972.32,344744579.0,17932.15,18026.03,17906.24,17934.4,,164.4562,ok
2022-03-04,167.330077,162.497339,458231949.09,444997537.44,13234411.65,273849123.0,166.876762,166.742962,121581799.31,121484316.39,97482.92,72857238.0,167.234817,163.389518,579813748.4,566481853.83,13331894.57,346706361.0,17845.01,17845.01,17710.54,17736.52,,162.9299,ok
2022-03-07,160.867206,156.071571,432786320.18,419884465.33,12901854.85,269033280.0,159.65399,159.51966,113877043.56,113781229.16,95814.4,71327402.0,160.612959,156.794167,546663363.74,533665694.49,12997669.25,340360682.0,17581.57,17581.57,17135.68,17178.69,,156.4429,ok
2022-03-08,157.056362,152.181382,411957417.46,399170388.21,12787029.25,262299095.0,155.426727,155.291862,108086820.48,107993032.27,93788.21,69541978.0,156.714849,152.833227,520044237.94,507163420.48,12880817.46,331841073.0,17000.0,17113.67,16764.78,16825.25,,152.4137,ok
2022-03-09,160.523877,155.628442,423886432.34,410959331.51,12927100.83,264064412.0,158.766948,158.632205,110263245.21,110169666.43,93578.78,69449748.0,160.158021,156.253935,534149677.55,521128997.94,13020679.61,333514160.0,16944.08,17072.74,16944.08,17015.36,,155.8657,ok
2022-03-10,163.708531,158.84113,432092121.14,419245106.22,12847014.92,263939892.0,162.444359,162.307134,112633999.47,112538852.28,95147.19,69336972.0,163.445525,159.562219,544726120.61,531783958.5,12942162.11,333276864.0,17224.73,17478.43,17224.73,17433.2,,159.2535,ok
2022-03-11,163.378311,158.576351,433948601.85,421194129.97,12754471.88,265609675.0,161.257104,161.121284,111920983.43,111826717.05,94266.38,69405304.0,162.938859,159.103587,545869585.28,533020847.02,12848738.26,335014979.0,17373.82,17373.9,17239.9,17264.74,,159.0045,ok
2022-03-14,164.58606,159.745636,441531587.38,428546283.05,12985304.33,268267912.0,161.94869,161.81119,112686982.12,112591307.23,95674.89,69581904.0,164.04288,160.171048,554218569.5,541137590.28,13080979.22,337849816.0,17287.9,17363.04,17217.58,17263.04,,160.23,ok
2022-03-15,159.847437,155.124104,425250820.6,412685082.11,12565738.49,266035433.0,156.230311,156.091358,107500257.16,107404644.93,95612.23,68808835.0,159.104135,155.32287,532751077.76,520089727.04,12661350.72,334844268.0,17177.27,17177.27,16911.95,16926.06,,155.594,ok
2022-03-16,158.773486,153.897426,419316024.28,406438495.67,12877528.61,264097007.0,157.323823,157.182861,108072800.71,107975967.86,96832.85,68694492.0,158.474248,154.575602,527388824.99,514414463.53,12974361.46,332791499.0,17007.58,17085.77,16808.43,16940.83,,154.5349,ok
2022-03-17,164.346313,159.453428,434869055.39,421922223.39,12946832.0,264605301.0,164.038364,163.894755,113494179.52,113394819.76,99359.76,69187583.0,164.282482,160.374013,548363234.91,535317043.15,13046191.76,333792884.0,17172.81,17472.95,17172.81,17448.22,,160.1393,ok
2022-03-18,163.815262,158.857786,432650243.98,419557121.88,13093122.1,264108630.0,165.271237,165.129006,114985340.94,114886385.88,98955.06,69573716.0,164.118837,160.165353,547635584.92,534443507.76,13192077.16,333682346.0,17439.91,17472.38,17359.5,17456.52,,159.6045,ok
2022-03-21,164.714003,159.743228,435875474.06,422721527.51,13153946.55,264625633.0,165.949213,165.806978,116097973.09,115998465.43,99507.66,69959942.0,164.972279,161.011123,551973447.15,538719992.94,13253454.21,334585575.0,17503.95,17603.99,17503.95,17560.36,,160.6224,ok
2022-03-22,165.018787,159.966563,436458893.29,423096244.96,13362648.33,264490426.0,166.757711,166.61347,116581029.19,116480189.86,100839.33,69910428.0,165.38233,161.356177,553039922.48,539576434.82,13463487.66,334400854.0,17512.41,17573.29,17468.55,17559.71,,160.8471,ok
2022-03-23,166.353543,161.278665,440507571.67,427069192.32,13438379.35,264802038.0,168.149131,168.005616,118353445.6,118252431.09,101014.51,70385999.0,166.730598,162.691255,558861017.27,545321623.41,13539393.86,335188037.0,17581.62,17738.69,17581.62,17731.37,,162.1771,ok
2022-03-24,165.659987,160.604626,441440173.74,427968969.37,13471204.37,266473625.0,168.549225,168.407726,119235103.02,119135003.28,100099.74,70742006.0,166.2661,162.241581,560675276.76,547103972.65,13571304.11,337215631.0,17711.17,17711.17,17603.22,17699.06,,161.5188,ok
2022-03-25,163.666212,158.521703,434379274.57,420725458.66,13653815.91,265405589.0,166.492304,166.352045,117890611.27,117791296.59,99314.68,70808445.0,164.261402,160.170814,552269885.84,538516755.25,13753130.59,336214034.0,17695.8,17747.13,17633.86,17676.95,,159.5816,ok
2022-03-28,163.267981,158.175454,433604456.32,420079805.56,13524650.76,265578378.0,166.535444,166.398114,118229773.38,118132277.6,97495.78,70993760.0,163.957193,159.909874,551834229.7,538212083.16,13622146.54,336572138.0,17510.15,17527.15,17368.66,17520.01,,159.1698,ok
2022-03-29,163.605221,158.510638,435313775.73,421758326.41,13555449.32,266075724.0,167.584921,167.446946,119002436.29,118904459.92,97976.37,71010229.0,164.443581,160.393152,554316212.02,540662786.33,13653425.69,337085953.0,17568.32,17585.91,17493.01,17548.66,,159.5731,ok
2022-03-30,164.722671,159.592287,437984526.97,424343242.73,13641284.24,265892074.0,168.552404,168.413773,120646674.2,120547444.24,99229.96,71578139.0,165.534966,161.463343,558631201.17,544890686.97,13740514.2,337470213.0,17572.9,17770.07,17572.9,17740.56,,160.7379,ok
2022-03-31,163.605715,158.50084,434918212.86,421347763.79,13570449.07,265833142.0,166.706196,166.568946,119793618.99,119694991.76,98627.23,71859128.0,164.265481,160.21769,554711831.85,541042755.55,13669076.3,337692270.0,17754.1,17767.81,17682.53,17693.47,,159.7244,ok
2022-04-01,163.997799,158.895858,435702174.7,422147561.82,13554612.88,265675623.0,167.136638,166.997683,120224137.79,120124185.47,99952.32,71931648.0,164.66657,160.622058,555926312.49,542271747.29,13654565.2,337607271.0,17657.76,17657.76,17465.61,17625.59,,159.9763,ok
2022-04-04,,,,,,,,,,,,,,,,,,,,,,,,,data unavailable: TWSE MI_MARGN total 20220404: missing tables (keys=stat; stat='很抱歉，沒有符合條件的資料')
2022-04-05,,,,,,,,,,,,,,,,,,,,,,,,,data unavailable: TWSE MI_MARGN total 20220405: missing tables (keys=stat; stat='很抱歉，沒有符合條件的資料')
2022-04-06,162.645441,157.637746,435660766.8,422247193.78,13413573.02,267859193.0,166.374834,166.236263,119994887.53,119894945.46,99942.07,72123220.0,163.436588,159.461819,555655654.33,542142139.24,13513515.09,339982413.0,17484.19,17528.99,17381.07,17522.5,,158.6816,ok
2022-04-07,158.078918,153.013389,419648627.76,406201280.07,13447347.69,265467802.0,161.052963,160.915568,114714039.63,114616176.43,97863.2,71227525.0,158.708074,154.685086,534362667.39,520817456.5,13545210.89,336695327.0,17430.13,17438.6,17178.63,17178.63,,154.1672,ok
2022-04-08,160.531625,155.447363,427321730.24,413787850.26,13533879.98,266191618.0,162.557199,162.417678,116650249.43,116550129.62,100119.81,71759510.0,160.961729,156.927418,543971979.67,530337979.88,13633999.79,337951128.0,17210.4,17316.69,17210.4,17284.54,,156.6379,ok
2022-04-11,157.333619,152.321752,415617238.66,402377739.7,13239498.96,264163019.0,158.14511,158.003799,112249665.77,112149364.57,100301.2,70978904.0,157.505483,153.525139,527866904.43,514527104.27,13339800.16,335141923.0,17273.05,17316.35,17046.67,17048.37,,153.5331,ok
2022-04-12,156.956861,151.934659,413386360.68,400159096.85,13227263.83,263375783.0,157.692549,157.547067,111429900.78,111327099.76,102801.02,70662756.0,157.112489,153.121912,524816261.46,511486196.61,13330064.85,334038539.0,17005.84,17100.85,16905.13,16990.91,,153.1289,ok
2022-04-13,159.953821,154.866855,422647545.22,409206203.93,13441341.29,264230977.0,159.770936,159.625941,113430173.32,113327233.13,102940.19,70995499.0,159.915089,155.874752,536077718.54,522533437.06,13544281.48,335226476.0,17080.4,17333.21,17080.4,17301.65,,156.4227,ok
2022-04-14,160.004971,154.88302,423753495.51,410188638.72,13564856.79,264837707.0,159.896447,159.751023,114462268.42,114358166.23,104102.19,71585248.0,159.981879,155.918851,538215763.93,524546804.95,13668958.98,336422955.0,17353.25,17374.14,17245.65,17245.65,,156.3294,ok
2022-04-15,158.073633,152.972724,417811139.73,404328710.23,13482429.5,264314252.0,156.896855,156.750066,111280084.19,111175973.46,104110.73,70925631.0,157.824665,153.771884,529091223.92,515504683.69,13586540.23,335239883.0,17139.34,17141.33,17004.18,17004.18,,154.3909,ok
2022-04-18,156.568489,151.422698,412454289.65,398898537.69,13555751.96,263433781.0,156.104393,155.956452,110579280.01,110474483.83,104796.18,70836751.0,156.47014,152.383466,523033569.66,509373021.52,13660548.14,334270532.0,16958.66,16999.36,16845.51,16898.87,,152.9031,ok
2022-04-19,158.327052,153.135699,417008333.7,403335135.7,13673198.0,263384134.0,156.885697,156.738718,111266056.48,111161816.76,104239.72,70921734.0,158.021274,153.900066,528274390.18,514496952.46,13777437.72,334305868.0,16926.34,17106.26,16926.34,16993.4,,154.6813,ok
2022-04-20,159.522914,154.343198,421833823.11,408136860.34,13696962.77,264434627.0,158.422612,158.276251,113131200.0,113026682.18,104517.82,71411018.0,159.288956,155.179485,534965023.11,521163542.52,13801480.59,335845645.0,17057.13,17148.88,16983.55,17148.88,,156.0503,ok
2022-04-21,160.182138,154.975642,423588405.22,409820256.15,13768149.07,264441722.0,159.356123,159.207483,113737350.53,113631261.6,106088.93,71373066.0,160.00658,155.875065,537325755.75,523451517.75,13874238.0,335814788.0,17159.88,17213.66,17106.37,17127.95,,156.8823,ok
2022-04-22,158.998768,153.929388,421187309.77,407758535.18,13428774.59,264899731.0,156.534391,156.385017,112037765.16,111930852.67,106912.49,71573898.0,158.474552,154.451744,533225074.93,519689387.85,13535687.08,336473629.0,17088.76,17088.76,16923.87,17025.09,,155.8201,ok
2022-04-25,153.616638,148.49492,398926960.42,385626373.01,13300587.41,259689943.0,151.254861,151.104932,105193481.53,105089209.77,104271.76,69547174.0,153.117743,149.046252,504120441.95,490715582.78,13404859.17,329237117.0,16912.3,16912.3,16579.89,16620.9,,150.2708,ok
2022-04-26,153.200358,148.032274,394336121.73,381033528.01,13302593.72,257398956.0,151.020557,150.871925,104163263.96,104060747.72,102516.24,68972904.0,152.739696,148.632384,498499385.69,485094275.73,13405109.96,326371860.0,16677.84,16729.47,16582.11,16644.79,,149.7941,ok
2022-04-27,152.259661,146.971464,384969885.53,371599325.73,13370559.8,252837739.0,150.584792,150.427272,101221683.41,101115799.88,105883.53,67219061.0,151.907902,147.69726,486191568.94,472715125.61,13476443.33,320056800.0,16427.32,16427.32,16219.41,16303.35,,148.4397,ok
2022-04-28,153.233621,147.793039,387630441.36,373867565.76,13762875.6,252966966.0,151.142819,150.985273,101870956.9,101764770.04,106186.86,67400461.0,152.793748,148.464636,489501398.26,475632335.8,13869062.46,320367427.0,16350.72,16455.57,16256.88,16419.38,,149.5542,ok
2022-04-29,155.378798,149.836369,391224489.7,377269342.03,13955147.67,251787563.0,152.215558,152.057002,102802903.71,102695818.8,107084.91,67537711.0,154.709769,150.306036,494027393.41,479965160.83,14062232.58,319325274.0,16599.84,16663.66,16521.94,16592.18,,151.8741,ok
2022-05-02,,,,,,,,,,,,,,,,,,,,,,,,,data unavailable: TWSE MI_MARGN total 20220502: missing tables (keys=stat; stat='很抱歉，沒有符合條件的資料')
2022-05-03,155.842783,150.267153,392486950.63,378444837.14,14042113.49,251848012.0,152.131706,151.970572,102935308.06,102826281.35,109026.71,67661969.0,155.056896,150.627882,495422258.69,481271118.49,14151140.2,319509981.0,16593.21,16604.87,16465.99,16498.9,,152.5064,ok
2022-05-04,157.195806,151.667902,396915967.07,382958129.58,13957837.49,252497809.0,153.801225,153.638457,104308685.67,104198295.7,110389.97,67820452.0,156.477077,152.085124,501224652.74,487156425.28,14068227.46,320318261.0,16531.37,16617.06,16514.3,16565.83,,154.0749,ok
2022-05-05,159.036736,153.333464,402591081.5,388153620.47,14437461.03,253143450.0,156.623473,156.457954,106898165.86,106785196.22,112969.64,68251689.0,158.524254,153.996983,509489247.36,494938816.69,14550430.67,321395139.0,16689.98,16783.78,16650.81,16696.12,,156.087,ok
2022-05-06,156.855884,151.198881,396871616.55,382558453.02,14313163.53,253016723.0,154.541562,154.375576,105702915.45,105589385.17,113530.28,68397727.0,156.363391,151.874889,502574532.0,488147838.19,14426693.81,321414450.0,16491.11,16491.11,16312.17,16408.2,,154.0356,ok
2022-05-09,152.277076,146.611549,380884983.21,366714011.77,14170971.44,250126279.0,150.130515,149.969255,102253524.55,102143690.88,109833.67,68109754.0,151.817663,147.330174,483138507.76,468857702.65,14280805.11,318236033.0,16345.84,16345.84,16048.92,16048.92,,149.4753,ok
2022-05-10,154.099862,148.530077,383240984.67,369389123.73,13851860.94,248696514.0,152.848554,152.689572,103521814.21,103414138.3,107675.91,67728357.0,153.832029,149.420385,486762798.88,472803262.03,13959536.85,316424871.0,15891.4,16071.5,15734.44,16061.7,,151.2642,ok
2022-05-11,152.607012,147.0494,379048450.28,365244339.17,13804111.11,248382067.0,152.055769,151.892683,102861076.47,102750753.91,110322.56,67646941.0,152.489017,148.086119,481909526.75,467995093.08,13914433.67,316029008.0,16053.75,16081.15,15953.27,16006.25,,149.7652,ok
2022-05-12,149.45874,143.874582,364851977.87,351220183.01,13631794.86,244115519.0,148.227322,148.068716,99389666.77,99283318.47,106348.3,67052191.0,149.193387,144.778358,464241644.64,450503501.48,13738143.16,311167710.0,15943.62,15943.62,15616.68,15616.68,,146.6637,ok
2022-05-13,152.722727,147.060345,372362474.21,358556679.52,13805794.69,243816019.0,152.962214,152.803806,102475560.83,102369437.01,106123.82,66994036.0,152.774348,148.298329,474838035.04,460926116.53,13911918.51,310810055.0,15687.15,15860.69,15687.15,15832.54,,150.0533,ok
2022-05-16,152.211234,146.535347,368777041.84,355025515.85,13751525.99,242279780.0,153.052044,152.894613,102225243.46,102120093.11,105150.35,66791165.0,152.392935,147.909603,471002285.3,457145608.96,13856676.34,309070945.0,15943.69,16032.85,15847.46,15901.04,,149.7516,ok
2022-05-17,153.715153,147.968427,371377203.46,357493061.91,13884141.55,241600907.0,156.772174,156.61091,104883950.25,104776060.94,107889.31,66902147.0,154.3781,149.842641,476261153.71,462269122.85,13992030.86,308503054.0,15915.93,16085.85,15915.93,16056.09,,151.3981,ok
2022-05-18,155.528146,149.670142,374579552.08,360470925.24,14108626.84,240843578.0,158.314478,158.156458,105814506.07,105708888.43,105617.64,66838174.0,156.133425,151.513637,480394058.15,466179813.67,14214244.48,307681752.0,16174.78,16316.58,16172.8,16296.86,,153.4904,ok
2022-05-19,154.233602,148.32644,372205058.82,357949568.8,14255490.02,241325531.0,158.178383,158.020522,105353481.33,105248339.46,105141.87,66604222.0,155.086845,150.423239,477558540.15,463197908.26,14360631.89,307929753.0,16111.49,16111.49,15892.73,16020.32,,152.2811,ok
2022-05-20,154.822815,148.925639,374366469.55,360106909.21,14259560.34,241803166.0,158.358299,158.200493,105688834.21,105583513.97,105320.24,66740319.0,155.587568,150.931861,480055303.76,465690423.18,14364880.58,308543485.0,16061.92,16181.66,16058.2,16144.85,,152.9384,ok
2022-05-23,156.533261,150.731193,379575606.49,365506243.28,14069363.21,242488788.0,157.486938,157.331721,104797982.27,104694694.48,103287.79,66543920.0,156.738616,152.152483,484373588.76,470200937.76,14172651.0,309032708.0,16193.92,16249.45,16125.45,16156.41,,154.9044,ok
2022-05-24,153.951927,148.096318,372991308.0,358804467.65,14186840.35,242277778.0,153.980318,153.826713,101955248.02,101853541.26,101706.76,66213169.0,153.958021,149.326265,474946556.02,460658008.91,14288547.11,308490947.0,16166.57,16219.8,15963.63,15963.63,,152.4636,ok
2022-05-25,156.054488,150.105831,379208831.49,364753730.62,14455100.87,242997709.0,156.225405,156.071421,103716827.65,103614599.03,102228.62,66389220.0,156.091164,151.385946,482925659.14,468368329.65,14557329.49,309386929.0,15987.74,16169.18,15980.9,16104.03,,154.6962,ok
2022-05-26,154.616951,148.623288,376279379.81,361693061.55,14586318.26,243362307.0,154.800833,154.646069,103080708.8,102977652.65,103056.15,66589247.0,154.656456,149.917207,479360088.61,464670714.2,14689374.41,309951554.0,16128.21,16179.01,15949.61,15968.83,,153.3389,ok
2022-05-27,156.815758,150.78799,380535747.3,365908511.29,14627236.01,242664227.0,158.171332,158.014951,105504039.57,105399729.79,104309.78,66702378.0,157.108033,152.346192,486039786.87,471308241.08,14731545.79,309366605.0,16075.91,16266.22,16075.91,16266.22,,155.7087,ok
2022-05-30,159.613906,153.522607,385067518.16,370372298.1,14695220.06,241249354.0,161.949534,161.792834,108583368.19,108478304.26,105063.93,67047657.0,160.121853,155.321195,493650886.35,478850602.36,14800283.99,308297011.0,16368.93,16610.62,16368.93,16610.62,,158.7381,ok
2022-05-31,159.97986,153.97174,384897278.37,370442275.85,14455002.52,240591083.0,162.494734,162.334194,108764764.78,108657308.15,107456.63,66934332.0,160.527234,155.791867,493662043.15,479099584.0,14562459.15,307525415.0,16561.68,16807.77,16493.07,16807.77,,159.185,ok
2022-06-01,160.687759,154.642706,388660606.22,374039243.45,14621362.77,241873188.0,163.489903,163.334009,110272091.88,110166943.4,105148.48,67448870.0,161.298778,156.537878,498932698.1,484206186.85,14726511.25,309322058.0,16718.91,16811.04,16649.91,16675.09,,160.0802,ok
2022-06-02,159.845299,153.853266,388177607.31,373626206.92,14551400.39,242845808.0,162.427404,162.2716,109588915.18,109483794.71,105120.47,67469474.0,160.406706,155.6836,497766522.49,483110001.63,14656520.86,310315282.0,16605.46,16617.26,16540.55,16552.57,,159.3147,ok
2022-06-03,,,,,,,,,,,,,,,,,,,,,,,,,data unavailable: TWSE MI_MARGN total 20220603: missing tables (keys=stat; stat='很抱歉，沒有符合條件的資料')
2022-06-06,159.932268,154.011551,388579268.13,374194003.52,14385264.61,242964895.0,161.969124,161.805839,109505670.99,109395275.69,110395.3,67608979.0,160.375673,155.708293,498084939.12,483589279.21,14495659.91,310573874.0,16570.89,16654.12,16509.01,16605.96,,159.4854,ok
2022-06-07,159.925298,153.98856,389036107.89,374594330.93,14441776.96,243261143.0,161.984118,161.811463,109718060.15,109601114.2,116945.95,67733838.0,160.373703,155.692366,498754168.04,484195445.13,14558722.91,310994981.0,16593.75,16593.75,16465.87,16512.88,,159.4742,ok
2022-06-08,160.567253,154.451234,389784391.16,374937473.42,14846917.74,242754599.0,162.078773,161.905751,109715654.5,109598531.4,117123.1,67692797.0,160.896839,156.076685,499500045.66,484536004.82,14964040.84,310447396.0,16538.67,16702.99,16538.67,16670.51,,160.246,ok
2022-06-09,159.895735,153.791979,388090650.98,373275930.24,14814720.74,242714824.0,163.030994,162.860815,110322357.6,110207198.27,115159.33,67669561.0,160.579279,155.769153,498413008.58,483483128.51,14929880.07,310384385.0,16643.95,16643.95,16557.54,16621.34,,159.5708,ok
2022-06-10,158.920804,152.709241,384902852.32,369858577.83,15044274.49,242197902.0,162.588807,162.416656,110214233.62,110097537.95,116695.67,67787098.0,159.722918,154.832045,495117085.94,479956115.78,15160970.16,309985000.0,16581.81,16581.81,16403.33,16460.12,,158.5191,ok
2022-06-13,154.351257,148.169947,372845768.25,357914400.9,14931367.35,241556677.0,158.661867,158.488666,107208480.6,107091448.06,117032.54,67570414.0,155.29349,150.42546,480054248.85,465005848.96,15048399.89,309127091.0,16295.07,16295.07,16055.89,16070.98,,153.8885,ok
2022-06-14,154.385859,148.174696,372956223.19,357951664.17,15004559.02,241574083.0,158.394089,158.222021,107014477.55,106898224.62,116252.93,67562166.0,155.261863,150.370554,479970700.74,464849888.79,15120811.95,309136249.0,15975.17,16067.8,15869.06,16047.37,,153.9026,ok
2022-06-15,153.57054,147.286727,369315669.77,354203976.98,15111692.79,240486013.0,157.133639,156.955413,105891743.56,105771637.66,120105.9,67389608.0,154.350452,149.403065,475207413.33,459975614.64,15231798.69,307875621.0,16025.84,16106.75,15981.56,15999.25,,152.9876,ok
2022-06-16,149.85482,143.376605,352968162.03,337709369.07,15258792.96,235540080.0,153.249322,153.079798,101710136.28,101597624.71,112511.57,66369061.0,150.601037,145.50967,454678298.31,439306993.78,15371304.53,301909141.0,16098.29,16209.25,15838.29,15838.61,,149.1338,ok
2022-06-17,149.12131,142.564813,345512273.42,330320948.34,15191325.08,231698791.0,152.527139,152.366613,100069221.12,99963904.11,105317.01,65607486.0,149.872885,144.727806,445581494.54,430284852.45,15296642.09,297306277.0,15794.16,15794.16,15573.38,15641.26,,147.999,ok
2022-06-20,144.9807,138.178408,322875396.87,307726534.93,15148861.94,222702330.0,146.912217,146.74425,93801390.95,93694146.22,107244.73,63848598.0,145.411076,140.087029,416676787.82,401420681.15,15256106.67,286550928.0,15649.2,15667.68,15367.58,15367.58,,142.8648,ok
2022-06-21,149.825556,142.89256,328461167.22,313262024.11,15199143.11,219229066.0,151.779887,151.608145,96193476.48,96084631.71,108844.77,63376959.0,150.263832,144.847109,424654643.7,409346655.82,15307987.88,282606025.0,15427.33,15728.64,15427.33,15728.64,,147.623,ok
2022-06-22,145.333456,138.340142,311179301.48,296205635.49,14973665.99,214114018.0,147.343062,147.15392,92110158.32,91991917.51,118240.81,62514079.0,145.787599,140.331932,403289459.8,388197553.0,15091906.8,276628097.0,15687.46,15687.46,15346.95,15347.75,,142.573,ok
2022-06-23,144.79396,137.592398,304653380.34,289500951.82,15152428.52,210404758.0,147.966934,147.789179,91632245.11,91522166.21,110078.9,61927515.0,145.515484,139.911114,396285625.45,381023118.03,15262507.42,272332273.0,15305.51,15380.28,15102.4,15176.44,,141.6125,ok
2022-06-24,147.168021,139.984201,308351635.39,293299842.54,15051792.85,209523532.0,149.247807,149.081004,92323763.34,92220580.47,103182.87,61859377.0,147.64209,142.057738,400675398.73,385520423.01,15154975.72,271382909.0,15232.34,15424.37,15232.34,15303.32,,144.1429,ok
2022-06-27,151.025222,143.966696,316592792.36,301796068.5,14796723.86,209629086.0,153.972903,153.803245,95139433.03,95034602.18,104830.85,61789725.0,151.696275,146.206031,411732225.39,396830670.68,14901554.71,271418811.0,15409.08,15656.35,15409.08,15548.01,,148.6043,ok
2022-06-28,149.479659,142.571531,312901567.28,298440977.62,14460589.66,209327189.0,150.957614,150.793321,93746317.89,93644289.9,102027.99,62101086.0,149.817806,144.452625,406647885.17,392085267.52,14562617.65,271428275.0,15519.56,15533.34,15375.65,15439.92,,147.5079,ok
2022-06-29,147.097765,140.273249,308502722.94,294189918.23,14312804.71,209726316.0,151.113454,150.954961,94041249.8,93942615.77,98634.03,62232215.0,148.016674,142.717543,402543972.74,388132534.0,14411438.74,271958531.0,15365.54,15365.54,15218.07,15240.13,,145.3262,ok
2022-06-30,143.542644,136.589906,296738681.15,282365627.53,14373053.62,206725105.0,146.145875,145.987843,89975630.26,89878337.01,97293.25,61565631.0,144.140017,138.746485,386714311.41,372243964.54,14470346.87,268290736.0,15146.92,15147.77,14825.73,14825.73,,141.3256,ok
2022-07-01,139.05801,131.805576,273173305.14,258926220.91,14247084.23,196445574.0,140.916706,140.747664,82349398.12,82250612.6,98785.52,58438350.0,139.484161,133.855768,355522703.26,341176833.51,14345869.75,254883924.0,14812.13,14812.13,14336.03,14343.08,,135.5934,ok
2022-07-04,140.649511,133.139314,272033628.13,257507974.32,14525653.81,193412424.0,141.030428,140.857687,81014378.16,80915147.64,99230.52,57444609.0,140.736738,134.906771,353048006.29,338423121.96,14624884.33,250857033.0,14237.83,14412.47,14167.1,14217.06,,136.8325,ok
2022-07-05,144.007004,136.419544,278193246.37,263535765.53,14657480.84,193180359.0,144.018174,143.841721,82216086.94,82115354.94,100732.0,57087300.0,144.009552,138.11258,360409333.31,345651120.47,14758212.84,250267659.0,14345.54,14488.8,14100.89,14349.2,,140.4646,ok
2022-07-06,140.371015,132.801588,268185684.6,253723923.95,14461760.65,191054887.0,139.148758,138.970756,78243498.55,78143407.43,100091.12,56230109.0,140.093086,134.204394,346429183.15,331867331.38,14561851.77,247284996.0,14289.67,14319.32,13985.51,13985.51,,137.1723,ok
2022-07-07,144.811895,137.188201,274811743.8,260344144.59,14467599.21,189771527.0,144.249102,144.069288,80508419.94,80408062.11,100357.83,55812077.0,144.683993,138.752018,355320163.74,340752206.7,14567957.04,245583604.0,14052.18,14355.15,13951.81,14336.27,,141.9839,ok
2022-07-08,147.028826,139.400868,279288218.17,264798551.41,14489666.76,189954736.0,147.581168,147.400409,81894351.61,81794046.56,100305.05,55491058.0,147.153701,141.209426,361182569.78,346592597.97,14589971.81,245445794.0,14462.5,14552.42,14373.84,14464.53,,144.9095,ok
2022-07-11,146.169652,138.581694,278168987.03,263728681.55,14440305.48,190305569.0,146.922216,146.751561,81656194.02,81561347.75,94846.27,55577840.0,146.339756,140.428356,359825181.05,345290029.3,14535151.75,245883409.0,14478.31,14525.03,14313.94,14340.53,,144.467,ok
2022-07-12,141.315062,133.654387,265980177.17,251561418.52,14418758.65,188217854.0,142.942151,142.773044,78451711.3,78358899.02,92812.28,54883539.0,141.6824,135.713051,344431888.47,329920317.54,14511570.93,243101393.0,14235.63,14235.63,13928.66,13950.62,,139.4633,ok
2022-07-13,145.19948,137.420605,273681891.99,259019736.03,14662155.96,188486826.0,145.147023,144.975926,79877536.26,79783377.84,94158.42,55032156.0,145.187626,139.12801,353559428.25,338803113.87,14756314.38,243518982.0,14194.94,14403.51,14194.94,14324.68,,143.5263,ok
2022-07-14,147.782116,139.958179,279545440.34,264745638.92,14799801.42,189160534.0,149.075217,148.901711,82280157.71,82184393.7,95764.01,55193720.0,148.074196,141.978307,361825598.05,346930032.62,14895565.43,244354254.0,14252.02,14450.47,14159.39,14438.52,,146.4538,ok
2022-07-15,148.516179,140.753896,283076216.24,268281075.69,14795140.55,190602949.0,151.376123,151.201904,83938411.37,83841806.8,96604.57,55450232.0,149.160692,143.108446,367014627.61,352122882.49,14891745.12,246053181.0,14483.96,14579.73,14378.33,14550.62,,147.4374,ok
2022-07-18,150.73702,142.957007,287822822.87,272967379.3,14855443.57,190943686.0,154.014712,153.84259,85407329.25,85311880.66,95448.59,55454007.0,151.474694,145.406905,373230152.12,358279259.96,14950892.16,246397693.0,14589.1,14719.64,14589.1,14719.64,,150.1282,ok
2022-07-19,151.290264,143.498709,289900533.26,274970453.33,14930079.93,191618764.0,153.237889,153.03339,85125268.79,85011667.48,113601.31,55551058.0,151.72799,145.641615,375025802.05,359982120.81,15043681.24,247169822.0,14638.45,14720.13,14598.99,14694.08,,151.1019,ok
2022-07-20,151.522114,143.728858,289443605.84,274556617.18,14886988.66,191024002.0,155.252171,155.04301,86176707.29,86060607.48,116099.81,55507570.0,152.361951,146.276285,375620313.13,360617224.66,15003088.47,246531572.0,14810.4,14906.95,14694.2,14733.22,,151.7389,ok
2022-07-21,154.376756,146.5712,294623926.66,279727231.02,14896695.64,190847336.0,158.302239,158.127151,88092245.34,87994811.92,97433.42,55648136.0,155.262962,149.18004,382716172.0,367722042.94,14994129.06,246495472.0,14744.17,14937.7,14716.02,14937.7,,155.0266,ok
2022-07-22,154.114658,146.351008,294583509.28,279743627.48,14839881.8,191145679.0,157.451277,157.278516,88212901.44,88116111.39,96790.05,56025523.0,154.870959,148.827912,382796410.72,367859738.87,14936671.85,247171202.0,14953.27,14996.24,14902.32,14949.36,,154.9803,ok
2022-07-25,153.569772,145.800279,294217393.11,279332174.04,14885219.07,191585486.0,157.346474,157.174651,88739353.61,88642449.91,96903.7,56397421.0,154.428687,148.387092,382956746.72,367974623.95,14982122.77,247982907.0,14902.25,14968.23,14851.37,14936.33,,154.5519,ok
2022-07-26,151.311875,143.487314,289276916.61,274317979.16,14958937.45,191179256.0,154.570299,154.395616,87479240.06,87380378.14,98861.92,56595116.0,152.056144,145.978922,376756156.67,361698357.3,15057799.37,247774372.0,14912.41,14912.41,14750.71,14806.78,,152.2706,ok
2022-07-27,152.765644,144.867037,292040911.21,276941205.28,15099705.93,191169234.0,156.251634,156.078941,88892166.98,88793921.43,98245.55,56890392.0,153.565126,147.438393,380933078.19,365735126.71,15197951.48,248059626.0,14791.71,14921.59,14717.02,14921.59,,153.9891,ok
2022-07-28,151.242391,143.486314,290444098.3,275549420.17,14894678.13,192038817.0,155.13343,154.965477,88370146.48,88274473.65,95672.83,56963961.0,152.132538,146.112383,378814244.78,363823893.82,14990350.96,249002778.0,14978.95,15031.99,14849.94,14891.9,,152.3686,ok
2022-07-29,152.790444,144.955837,291648683.41,276693869.42,14954813.99,190881495.0,157.244099,157.081251,89547775.41,89455035.84,92739.57,56948258.0,153.81384,147.74211,381196458.82,366148905.26,15047553.56,247829753.0,14950.18,15035.27,14929.49,15000.07,,154.2273,ok
2022-08-01,153.11698,145.340702,292499969.29,277644916.08,14855053.21,191030394.0,156.680358,156.517214,89467024.48,89373866.39,93158.09,57101621.0,153.937006,147.912708,381966993.77,367018782.47,14948211.3,248132015.0,14982.27,14994.36,14886.81,14981.69,,154.5941,ok
2022-08-02,150.033587,142.252862,286847165.3,271971304.23,14875861.07,191188634.0,153.564152,153.404779,87401777.21,87311069.35,90707.86,56915482.0,150.843504,144.81113,374248942.51,359282373.58,14966568.93,248104116.0,14860.94,14860.94,14663.46,14747.23,,151.4945,ok
2022-08-03,148.968547,141.043709,284027543.02,268917828.39,15109714.63,190662760.0,151.56389,151.39223,86308166.51,86210414.62,97751.89,56945072.0,149.565426,143.423671,370335709.53,355128243.01,15207466.52,247607832.0,14757.51,14777.02,14673.35,14777.02,,150.4597,ok
2022-08-04,148.344893,140.26099,281890456.9,266529125.43,15361331.47,190023702.0,150.980958,150.810479,85705898.72,85609124.6,96774.12,56766032.0,148.951235,142.68756,367596355.62,352138250.03,15458105.59,246789734.0,14741.47,14766.57,14545.69,14702.2,,149.9709,ok
2022-08-05,152.281861,144.14216,289302094.28,273838450.19,15463644.09,189978040.0,155.088979,154.920644,88003042.14,87907522.72,95519.42,56743582.0,152.927471,146.621107,377305136.42,361745972.91,15559163.51,246721622.0,14802.34,15041.41,14802.34,15036.04,,154.2493,ok
2022-08-08,152.505804,144.363574,289878396.36,274401891.97,15476504.39,190076960.0,155.655372,155.487285,88410560.97,88315089.37,95471.6,56798914.0,153.230428,146.922814,378288957.33,362716981.34,15571975.99,246875874.0,14972.21,15034.87,14908.17,15020.41,,154.5988,ok
2022-08-09,152.983486,144.822228,291283721.56,275744517.03,15539204.53,190402068.0,156.380861,156.213503,89230453.3,89134959.11,95494.19,57059702.0,153.766852,147.448827,380514174.86,364879476.14,15634698.72,247461770.0,14965.12,15077.63,14905.23,15050.28,,155.3932,ok
2022-08-10,152.223445,144.038091,292748317.56,277006664.98,15741652.58,192314868.0,155.574921,155.411302,89210606.43,89116783.37,93823.06,57342537.0,152.993228,146.650346,381958923.99,366123448.35,15835475.64,249657405.0,14940.76,14982.33,14890.55,14939.02,,154.5746,ok
2022-08-11,153.834618,145.72681,293920480.83,278429488.05,15490992.78,191062639.0,157.575321,157.408575,90984608.01,90888327.97,96280.04,57740392.0,154.702733,148.437828,384905088.84,369317816.02,15587272.82,248803031.0,15087.59,15204.79,15087.59,15197.85,,156.718,ok
2022-08-12,155.513462,147.411139,296559719.24,281108821.73,15450897.51,190697137.0,159.579249,159.420636,92573880.14,92481867.24,92012.9,58011227.0,156.461807,150.212354,389133599.38,373590688.97,15542910.41,248708364.0,15203.91,15298.42,15198.93,15288.97,,158.7483,ok
2022-08-15,156.895324,149.028215,299047774.24,284052798.45,14994975.79,190603369.0,162.089406,161.937959,93727301.13,93639727.59,87573.54,57824446.0,158.104307,152.033107,392775075.37,377692526.04,15082549.33,248427815.0,15332.92,15437.23,15315.12,15417.35,,160.4267,ok
2022-08-16,156.334805,148.560118,297394412.1,282604688.1,14789724.0,190229176.0,162.371531,162.221535,94028712.35,93941849.99,86862.36,57909605.0,157.743632,151.748363,391423124.45,376546538.09,14876586.36,248138781.0,15435.04,15451.83,15392.49,15420.57,,159.9741,ok
2022-08-17,156.793055,148.984913,299444288.19,284532252.64,14912035.55,190980581.0,162.96506,162.813124,94575913.54,94487738.55,88174.99,58034473.0,158.231479,152.207662,394020201.73,379019991.19,15000210.54,249015054.0,15423.44,15475.89,15390.84,15465.45,,160.486,ok
2022-08-18,157.304638,149.44762,301662728.46,286595344.24,15067384.22,191769761.0,165.047437,164.89973,96090815.68,96004820.58,85995.1,58220120.0,159.107858,153.046261,397753544.14,382600164.82,15153379.32,249989881.0,15384.73,15396.76,15311.22,15396.76,,161.0432,ok
2022-08-19,157.928989,150.202097,304621397.71,289717379.87,14904017.84,192885043.0,166.013987,165.865217,97153061.97,97066000.27,87061.7,58521010.0,159.810973,153.848078,401774459.68,386783380.14,14991079.54,251406053.0,15394.36,15458.45,15346.26,15408.78,,161.6906,ok
2022-08-22,155.978733,148.363033,301123325.69,286420904.84,14702420.85,193054091.0,164.27142,164.126471,96913581.63,96828067.8,85513.83,58996009.0,157.919758,152.052696,398036907.32,383248972.64,14787934.68,252050100.0,15375.2,15375.2,15229.36,15245.14,,159.3331,ok
2022-08-23,154.900624,147.254118,300157352.89,285340402.45,14816950.44,193774141.0,163.863182,163.720403,96964548.45,96880060.24,84488.21,59174091.0,156.997303,151.106201,397121901.34,382220462.69,14901438.65,252948232.0,15225.17,15225.17,15086.43,15095.89,,158.1844,ok
2022-08-24,154.721419,147.052526,299881522.36,285017652.13,14863870.23,193820303.0,163.649836,163.510118,97860584.16,97777034.72,83549.44,59798767.0,156.826577,150.932927,397742106.52,382794686.85,14947419.67,253619070.0,15112.15,15183.96,15053.52,15069.19,,158.0167,ok
2022-08-25,156.714298,149.09054,304167610.77,289370617.52,14796993.25,194090529.0,166.143112,165.999891,100175854.72,100089499.65,86355.07,60294919.0,158.949134,153.098426,404343465.49,389460117.17,14883348.32,254385448.0,15105.31,15244.06,15105.31,15200.04,,159.9592,ok
2022-08-26,157.632028,150.080827,305374066.25,290745434.77,14628631.48,193725901.0,166.236437,166.098586,101377437.81,101293370.4,84067.41,60983885.0,159.692138,153.915879,406751504.06,392038805.17,14712698.89,254709786.0,15221.5,15337.25,15221.5,15278.44,,160.8574,ok
2022-08-29,153.586288,146.015625,296265402.34,281661719.45,14603682.89,192898342.0,162.731303,162.594832,99328565.79,99245266.15,83299.64,61038389.0,155.784461,150.000744,395593968.13,380906985.6,14686982.53,253936731.0,15197.19,15197.19,14843.72,14926.19,,156.5054,ok
2022-08-30,154.915329,147.33333,300745833.71,286026471.48,14719362.23,194135619.0,165.373843,165.237495,102151004.58,102066782.7,84221.88,61769747.0,157.439777,151.654989,402896838.29,388093254.18,14803584.11,255905366.0,14919.67,15027.5,14911.97,14953.63,,157.9124,ok
2022-08-31,156.470645,148.811011,303483600.85,288627310.83,14856290.02,193955614.0,167.377188,167.241236,104930729.16,104845499.12,85230.04,62691177.0,159.134789,153.312967,408414330.01,393472809.95,14941520.06,256646791.0,14912.12,15095.44,14874.33,15095.44,,159.3718,ok
2022-09-01,153.583852,145.796637,299679052.42,284484321.45,15194730.97,195124063.0,164.767621,164.631017,103844565.97,103758471.53,86094.44,63024862.0,156.314274,150.39489,403523618.39,388242792.98,15280825.41,258148925.0,14981.0,14981.0,14773.19,14801.86,,156.4437,ok
2022-09-02,152.768118,144.830268,298266727.83,282768753.75,15497974.08,195241476.0,164.92472,164.782716,104376618.41,104286747.67,89870.74,63287431.0,155.744033,149.714593,402643346.24,387055501.42,15587844.82,258528907.0,14790.28,14817.4,14673.04,14673.04,,155.6053,ok
2022-09-05,150.850829,142.850474,292638175.97,277118145.04,15520030.93,193991758.0,161.891105,161.748962,102651528.2,102561398.5,90129.7,63407763.0,153.570489,147.505925,395289704.17,379679543.54,15610160.63,257399521.0,14670.18,14753.03,14632.79,14661.1,,153.5992,ok
2022-09-06,149.5261,141.433979,287994197.67,272408398.25,15585799.42,192604634.0,158.559199,158.413295,98982306.76,98891224.47,91082.29,62426089.0,151.73721,145.590154,386976504.43,371299622.72,15676881.71,255030723.0,14705.16,14789.31,14623.22,14677.2,,152.2415,ok
2022-09-07,142.717173,134.68961,274423171.78,258987402.72,15435769.06,192284618.0,157.106471,156.971534,98118749.21,98034475.84,84273.37,62453665.0,146.244968,140.152424,372541920.99,357021878.56,15520042.43,254738283.0,14557.86,14557.86,14397.12,14410.05,,151.4161,ok
2022-09-08,145.052143,136.930938,278929863.4,263313088.65,15616774.75,192296272.0,160.504903,160.373703,100526364.92,100444193.03,82171.89,62631336.0,148.848621,142.690423,379456228.32,363757281.68,15698946.64,254927608.0,14447.09,14583.42,14447.09,14583.42,,154.017,ok
2022-09-09,,,,,,,,,,,,,,,,,,,,,,,,,data unavailable: TWSE MI_MARGN total 20220909: missing tables (keys=stat; stat='很抱歉，沒有符合條件的資料')
2022-09-12,147.370472,139.295943,282630026.47,267144534.27,15485492.2,191781992.0,162.393637,162.258192,101979873.41,101894816.38,85057.03,62797949.0,151.076278,144.960105,384609899.88,369039350.65,15570549.23,254579941.0,14711.34,14856.23,14711.34,14807.43,,156.6457,ok
2022-09-13,147.698281,139.723658,282698647.68,267434996.27,15263651.41,191402802.0,162.266161,162.118424,101954082.98,101861257.86,92825.12,62831389.0,151.298584,145.258296,384652730.66,369296254.13,15356476.53,254234191.0,14895.87,14949.56,14856.98,14894.41,,157.0033,ok
2022-09-14,146.889332,138.817302,283008840.15,267456615.82,15552224.33,192668070.0,162.392438,162.262872,102449938.09,102368197.99,81740.1,63087875.0,150.713516,144.600671,385458778.24,369824813.81,15633964.43,255755945.0,14695.19,14699.78,14522.7,14658.31,,156.0739,ok
2022-09-15,146.971724,138.927212,284289518.52,268728903.76,15560614.76,193431438.0,160.699006,160.568315,102509746.36,102426379.09,83367.27,63789907.0,150.376037,144.294123,386799264.88,371155282.85,15643982.03,257221345.0,14647.0,14750.28,14624.55,14670.04,,156.1819,ok
2022-09-16,145.807103,137.735784,282757653.96,267105279.75,15652374.21,193925843.0,158.427073,158.29511,101281249.02,101196886.41,84362.61,63929256.0,148.935935,142.832997,384038902.98,368302166.16,15736736.82,257855099.0,14602.16,14602.16,14521.65,14561.76,,154.9505,ok
2022-09-19,149.083273,141.026715,287453418.36,271919245.82,15534172.54,192813997.0,156.187302,156.055215,99062881.92,98979104.66,83777.26,63425695.0,150.841697,144.746642,386516300.28,370898350.48,15617949.8,256239692.0,14567.27,14585.06,14424.33,14425.68,,153.4918,ok
2022-09-20,150.279042,142.223539,289312119.73,273803938.65,15508181.08,192516612.0,157.444438,157.311625,100182196.83,100097687.38,84509.45,63630191.0,152.059019,145.971615,389494316.56,373901626.03,15592690.53,256146803.0,14474.95,14558.72,14461.39,14549.3,,154.7536,ok
2022-09-21,149.174448,141.066956,287078780.12,271476315.9,15602464.22,192445009.0,156.242311,156.111954,99272973.88,99190147.94,82825.94,63537830.0,150.928771,144.801294,386351754.0,370666463.84,15685290.16,255982839.0,14517.34,14525.46,14384.11,14424.52,,153.5206,ok
2022-09-22,148.72928,140.734583,286472046.27,271073214.39,15398831.88,192613079.0,157.609873,157.479989,100496094.76,100413277.14,82817.62,63762563.0,150.937951,144.899293,386968141.03,371486491.53,15481649.5,256375642.0,14325.67,14325.67,14151.8,14284.63,,152.8309,ok
2022-09-23,146.740513,138.768923,281131118.24,265858839.72,15272278.52,191583846.0,153.749419,153.611877,98047981.91,97960269.26,87712.65,63771286.0,148.490887,142.475738,379179100.15,363819108.98,15359991.17,255355132.0,14231.03,14277.53,14109.71,14118.38,,150.6207,ok
2022-09-26,141.859109,133.648278,262282055.59,247101121.83,15180933.76,184889118.0,147.18144,147.039027,90337021.6,90249610.91,87410.69,61377998.0,143.185612,136.9857,352619077.19,337350732.74,15268344.45,246267116.0,13993.42,13993.42,13743.19,13778.19,,144.5238,ok
2022-09-27,144.139411,135.864644,265996923.27,250726549.84,15270373.43,184541425.0,149.452474,149.304093,90932230.84,90841950.89,90279.95,60843577.0,145.456793,139.196975,356929154.11,341568500.73,15360653.38,245385002.0,13812.99,13862.84,13732.32,13826.59,,146.8719,ok
2022-09-28,138.839532,130.263971,249536266.71,234123412.39,15412854.32,179729983.0,142.345609,142.191173,84219357.29,84127984.77,91372.52,59165406.0,139.707855,133.21789,333755624.0,318251397.16,15504226.84,238895389.0,13816.7,13854.09,13466.07,13466.07,,140.6704,ok
2022-09-29,138.299175,129.697387,247588750.4,232189483.14,15399267.26,179024025.0,145.386693,145.232736,85599285.72,85508640.49,90645.23,58876974.0,140.053231,133.542156,333188036.12,317698123.63,15489912.49,237900999.0,13550.7,13651.29,13462.57,13534.26,,142.7656,ok
2022-09-30,139.669832,130.998325,248324623.88,232907202.73,15417421.15,177794031.0,147.905462,147.750612,86792318.26,86701450.87,90867.39,58680942.0,141.713492,135.155382,335116942.14,319608653.6,15508288.54,236474973.0,13409.65,13466.82,13274.72,13424.58,,144.2419,ok
2022-10-03,139.471007,130.755802,248322134.75,232805086.66,15517048.09,178045703.0,147.119253,146.966607,86316840.03,86227280.33,89559.7,58671342.0,141.366658,134.77372,334638974.78,319032366.99,15606607.79,236717045.0,13359.26,13440.23,13273.48,13300.48,,144.2324,ok
2022-10-04,143.419634,134.708826,254912714.51,239430207.11,15482507.4,177739064.0,151.403238,151.248579,88793171.1,88702468.48,90702.62,58646811.0,145.400348,138.812302,343705885.61,328132675.59,15573210.02,236385875.0,13447.36,13586.96,13447.36,13576.52,,148.7429,ok
2022-10-05,144.794753,136.311446,256102825.92,241098147.05,15004678.87,176873002.0,151.014095,150.85338,88404517.84,88310434.48,94083.36,58540574.0,146.341324,139.927606,344507343.76,329408581.53,15098762.23,235413576.0,13727.3,13902.02,13727.3,13801.43,,150.5495,ok
2022-10-06,146.044347,137.579555,258284640.36,243314352.91,14970287.45,176853569.0,152.436985,152.274784,89594621.58,89499288.08,95333.5,58774858.0,147.638919,141.245114,347879261.94,332813640.99,15065620.95,235628427.0,13865.45,13899.23,13814.33,13892.05,,152.0871,ok
2022-10-07,144.589108,136.080438,256639538.43,241537008.68,15102529.75,177495761.0,150.913451,150.764131,89062075.62,88973954.17,88121.45,59015333.0,146.167187,139.74438,345701614.05,330510962.85,15190651.2,236511094.0,13847.52,13847.52,13684.21,13702.28,,150.8846,ok
2022-10-10,,,,,,,,,,,,,,,,,,,,,,,,,data unavailable: TWSE MI_MARGN total 20221010: missing tables (keys=stat; stat='很抱歉，沒有符合條件的資料')
2022-10-11,141.286579,132.667833,248808399.42,233630621.01,15177778.41,176101935.0,143.857648,143.704802,83714331.38,83625386.59,88944.79,58192479.0,141.925164,135.409121,332522730.8,317256007.6,15266723.2,234294414.0,13394.12,13394.12,13106.03,13106.03,,145.0215,ok
2022-10-12,141.165286,132.432277,248031023.08,232686902.63,15344120.45,175702561.0,144.967696,144.813866,83851610.42,83762632.31,88978.11,57841583.0,142.107024,135.49881,331882633.5,316449534.94,15433098.56,233544144.0,13076.91,13130.73,12991.59,13081.24,,144.8781,ok
2022-10-13,137.09156,127.948029,233518594.22,217943713.93,15574880.29,170337688.0,138.62178,138.463262,76770084.78,76682296.23,87788.55,55380969.0,137.467006,130.527983,310288679.0,294626010.16,15662668.84,225718657.0,13108.4,13111.39,12809.43,12810.73,,139.9618,ok
2022-10-14,142.483319,133.391885,241511535.64,226101407.37,15410128.27,169501621.0,144.192347,144.029754,79590291.06,79500544.23,89746.83,55197306.0,142.903142,136.005078,321101826.7,305601951.6,15499875.1,224698927.0,13023.71,13221.87,13023.71,13128.12,,146.2134,ok
2022-10-17,141.986364,132.937851,240272173.36,224960098.4,15312074.96,169222006.0,143.606343,143.438393,77878394.89,77787314.87,91080.02,54230470.0,142.379522,135.486265,318150568.25,302747413.27,15403154.98,223452476.0,12988.83,12988.83,12814.82,12966.05,,145.6942,ok
2022-10-18,143.5141,134.47864,243281011.43,227964356.99,15316654.44,169517149.0,144.90503,144.736324,78931336.42,78839440.4,91896.02,54471081.0,143.852357,136.973178,322212347.85,306803797.39,15408550.46,223988230.0,13075.05,13143.15,12978.13,13124.68,,147.5495,ok
2022-10-19,143.035513,133.926394,242680973.92,227226001.46,15454972.46,169664840.0,143.937558,143.768591,78417753.0,78325698.9,92054.1,54480397.0,143.254763,136.318623,321098726.92,305551700.36,15547026.56,224145237.0,13096.35,13155.62,12976.76,12976.76,,147.3766,ok
2022-10-20,140.93939,131.771171,239286357.33,223720590.0,15565767.33,169779618.0,142.727916,142.56608,77528907.52,77440999.28,87908.24,54319372.0,141.372911,134.387749,316815264.85,301161589.28,15653675.57,224098990.0,12912.93,12946.1,12698.91,12946.1,,146.702,ok
2022-10-21,139.129327,129.832918,235318441.41,219594824.05,15723617.36,169136477.0,140.060131,139.898226,75752407.17,75664839.43,87567.74,54085632.0,139.354856,132.271693,311070848.58,295259663.48,15811185.1,223222109.0,12931.2,12954.02,12813.6,12819.2,,144.7426,ok
2022-10-24,140.47373,131.115525,237314856.2,221505201.63,15809654.57,168938958.0,141.52681,141.35834,75896162.25,75805817.21,90345.04,53626703.0,140.727468,133.583509,313211018.45,297311018.84,15899999.61,222565661.0,12913.58,13027.84,12856.77,12856.98,,146.5355,ok
2022-10-25,139.077525,129.894625,233488487.06,218071893.99,15416593.07,167883694.0,139.164548,138.994822,73877867.48,73787765.65,90101.83,53086701.0,139.098432,132.080888,307366354.54,291859659.64,15506694.9,220970395.0,12830.29,12843.31,12629.48,12666.12,,145.0382,ok
2022-10-26,138.759932,129.467427,231586498.56,216077563.26,15508935.3,166897241.0,138.430971,138.257126,72919255.84,72827681.92,91573.92,52675536.0,138.681014,131.576077,304505754.4,288905245.18,15600509.22,219572777.0,12666.42,12791.97,12635.52,12729.05,,144.773,ok
2022-10-27,142.107864,132.784416,236407062.92,220896809.76,15510253.16,166357481.0,143.976178,143.799132,75757179.58,75664021.66,93157.92,52617857.0,142.556804,135.431156,312164242.5,296560831.42,15603411.08,218975338.0,12807.69,12954.32,12807.69,12926.37,,148.88,ok
2022-10-28,139.633507,130.399747,231687966.02,216366779.84,15321186.18,165925766.0,141.090498,140.918482,74275601.19,74185045.54,90555.65,52643943.0,139.984433,132.933254,305963567.21,290551825.38,15411741.83,218569709.0,12874.83,12891.38,12723.98,12788.42,,146.5304,ok
2022-10-31,143.190695,134.075526,236719822.69,221650817.99,15069004.7,165317881.0,144.647938,144.478148,76132262.83,76042897.61,89365.22,52632802.0,143.542604,136.58765,312852085.52,297693715.6,15158369.92,217950683.0,12862.37,12977.61,12826.34,12949.75,,149.2124,ok
2022-11-01,144.745465,135.552327,239319029.42,224119294.28,15199735.14,165337843.0,147.322743,147.157249,77909153.1,77821634.29,87518.81,52883317.0,145.370038,138.364643,317228182.52,301940928.57,15287253.95,218221160.0,12933.12,13062.9,12907.61,13037.21,,150.9894,ok
2022-11-02,146.253606,136.979042,241422618.0,226112981.59,15309636.41,165071224.0,149.458997,149.276141,79310491.47,79213458.85,97032.62,53065050.0,147.033368,139.970503,320733109.47,305326440.44,15406669.03,218136274.0,13033.15,13100.17,13014.04,13100.17,,152.684,ok
2022-11-03,146.616559,137.33639,243249524.47,227852923.14,15396601.33,165908630.0,150.801861,150.608813,80288352.67,80185571.73,102780.94,53240956.0,147.633351,140.560838,323537877.14,308038494.87,15499382.27,219149586.0,12985.55,12991.37,12905.35,12986.6,,153.1993,ok
2022-11-04,148.164686,138.722507,247269983.54,231512061.5,15757922.04,166888609.0,151.940773,151.747589,81286242.67,81182891.6,103351.07,53498637.0,149.081325,141.884324,328556226.21,312694953.1,15861273.11,220387246.0,12941.78,13029.94,12868.25,13026.71,,154.6255,ok
2022-11-07,150.039,140.611028,249329512.01,233662442.16,15667069.85,166176469.0,153.921894,153.726355,82916542.38,82811206.6,105335.78,53869232.0,150.989568,143.821782,332246054.39,316473648.76,15772405.63,220045701.0,13109.35,13246.59,13103.35,13223.73,,156.9405,ok
2022-11-08,150.473339,141.179299,249194673.7,233803075.8,15391597.9,165607194.0,153.351847,153.154958,82850891.96,82744518.94,106373.02,54026667.0,151.181409,144.125133,332045565.66,316547594.74,15497970.92,219633861.0,13274.91,13389.25,13274.91,13347.76,,157.8165,ok
2022-11-09,153.114821,143.647073,251909293.96,236332658.69,15576635.27,164523129.0,155.81436,155.614651,84135003.61,84027167.04,107836.57,53996951.0,153.781885,146.604296,336044297.57,320359825.73,15684471.84,218520080.0,13410.19,13638.81,13410.19,13638.81,,160.9678,ok
2022-11-10,152.025749,142.538688,251059138.52,235391968.04,15667170.48,165142511.0,155.590448,155.386632,84487341.77,84376667.41,110674.36,54301111.0,152.90783,145.717899,335546480.29,319768635.45,15777844.84,219443622.0,13556.51,13559.4,13463.85,13503.76,,160.0423,ok
2022-11-11,154.676567,145.255733,252690191.72,237299674.97,15390516.75,163366822.0,157.886345,157.688423,85423705.98,85316621.09,107084.89,54104556.0,155.475125,148.348854,338113897.7,322616296.06,15497601.64,217471378.0,13878.95,14045.51,13878.95,14007.56,,162.6766,ok
2022-11-14,156.688765,147.21618,254612746.36,239220188.61,15392557.75,162495854.0,159.433556,159.232882,86578820.54,86469846.67,108973.87,54304014.0,157.37628,150.226122,341191566.9,325690035.28,15501531.62,216799868.0,14080.91,14217.3,14076.94,14174.9,,164.8619,ok
2022-11-15,158.354373,148.633465,258142392.49,242295791.93,15846600.56,163015639.0,160.732706,160.534414,88298627.69,88189696.02,108931.67,54935072.0,158.953838,151.633131,346441020.18,330485487.95,15955532.23,217950711.0,14325.49,14568.51,14278.53,14546.31,,166.4635,ok
2022-11-16,158.220359,148.481504,258307119.09,242407675.37,15899443.72,163257826.0,161.845113,161.653183,89077302.15,88971666.38,105635.77,55038611.0,159.134261,151.802451,347384421.24,331379341.75,16005079.49,218296437.0,14637.85,14657.66,14481.06,14537.35,,166.1053,ok
2022-11-17,158.912583,149.27292,260583734.62,244776684.01,15807050.61,163979296.0,163.968418,163.774592,91239052.37,91131199.07,107853.3,55644284.0,160.19354,152.947094,351822786.99,335907883.08,15914903.91,219623580.0,14489.41,14545.89,14383.55,14535.23,,166.7329,ok
2022-11-18,157.534768,147.85178,258067308.44,242205015.32,15862293.12,163816097.0,162.86099,162.666999,91141423.31,91032860.79,108562.52,55962710.0,158.890994,151.624208,349208731.75,333237876.11,15970855.64,219778807.0,14584.31,14669.98,14470.48,14504.99,,165.0854,ok
2022-11-21,156.900337,147.189027,257147688.76,241231591.77,15916096.99,163892375.0,162.687302,162.494996,91822561.12,91714021.43,108539.69,56441136.0,158.382739,151.109839,348970249.88,332945613.2,16024636.68,220333511.0,14514.71,14530.76,14421.65,14449.39,,164.3782,ok
2022-11-22,156.727582,147.098822,257279577.02,241473276.53,15806300.49,164157179.0,161.402653,161.209482,91706827.86,91597070.66,109757.2,56818662.0,157.929665,150.727041,348986404.88,333070347.19,15916057.69,220975841.0,14404.08,14542.79,14371.09,14542.2,,164.0224,ok
2022-11-23,157.496022,147.902129,258836713.72,243069638.28,15767075.44,164344922.0,163.691737,163.494511,93923396.89,93810232.18,113164.71,57378215.0,159.099368,151.937175,352760110.61,336879870.46,15880240.15,221723137.0,14595.5,14647.98,14573.41,14608.54,,164.8129,ok
2022-11-24,159.8003,150.180206,262523156.38,246719071.6,15804084.78,164282017.0,165.545877,165.339564,95507606.29,95388579.26,119027.03,57692531.0,161.29361,154.120215,358030762.67,342107650.86,15923111.81,221974548.0,14649.8,14784.0,14649.8,14784.0,,167.2256,ok
2022-11-25,158.799115,149.091261,260311948.59,244398317.7,15913630.89,163925314.0,163.183014,162.978987,93597945.39,93480920.02,117025.37,57357652.0,159.935444,152.691029,353909893.98,337879237.72,16030656.26,221282966.0,14764.94,14835.66,14756.01,14778.51,,165.9338,ok
2022-11-28,158.426212,148.837811,261592474.01,245760160.69,15832313.32,165119440.0,164.308962,164.090463,94787712.57,94661663.37,126049.2,57688705.0,159.949353,152.786975,356380186.58,340421824.06,15958362.52,222808145.0,14636.9,14638.19,14503.12,14556.87,,165.4505,ok
2022-11-29,159.519179,150.069262,263734544.88,248110908.91,15623635.97,165330932.0,163.986782,163.789535,95534425.72,95419514.68,114911.04,58257394.0,160.683242,153.644168,359268970.6,343530423.59,15738547.01,223588326.0,14503.79,14716.58,14449.05,14709.64,,166.1899,ok
2022-11-30,161.568414,152.040579,267235766.87,251476633.33,15759133.54,165400997.0,166.296655,166.099336,97254519.36,97139122.21,115397.15,58482547.0,162.803518,155.712988,364490286.23,348615755.54,15874530.69,223883544.0,14678.23,14879.55,14678.23,14879.55,,168.282,ok
2022-12-01,162.78598,153.270462,270341459.05,254538874.99,15802584.06,166071709.0,168.426858,168.230347,98819158.41,98703861.89,115296.52,58671853.0,164.258595,157.175909,369160617.46,353242736.88,15917880.58,224743562.0,15059.92,15152.38,14998.03,15012.8,,169.6923,ok
2022-12-02,163.49079,154.026271,274182538.44,258310048.08,15872490.36,167705189.0,169.766382,169.570126,100312379.63,100196414.89,115964.74,59088483.0,165.125823,158.076043,374494918.07,358506462.97,15988455.1,226793672.0,14933.2,15021.73,14921.06,14970.68,,170.2061,ok
2022-12-05,164.57019,155.096823,277429025.57,261459020.69,15970004.88,168577934.0,170.899461,170.70346,101670268.61,101553664.85,116603.76,59491275.0,166.221164,159.167775,379099294.18,363012685.54,16086608.64,228069209.0,14972.17,15088.06,14969.97,14980.74,,170.8511,ok
2022-12-06,161.287861,151.709323,271612611.87,255482125.09,16130486.78,168402389.0,166.592474,166.394772,98912878.62,98795494.8,117383.82,59374158.0,162.670607,155.537356,370525490.49,354277619.89,16247870.6,227776547.0,14955.29,14957.82,14728.88,14728.88,,167.1283,ok
2022-12-07,158.608411,148.845579,266154735.24,249772098.46,16382636.78,167806192.0,163.019722,162.814408,96263323.26,96142085.44,121237.82,59050109.0,159.756664,152.481629,362418058.5,345914183.9,16503874.6,226856301.0,14708.08,14823.15,14630.01,14630.01,,164.1439,ok
2022-12-08,159.092401,149.348417,268516354.47,252070446.72,16445907.75,168780126.0,164.652116,164.435525,97982412.67,97853522.02,128890.65,59508748.0,160.541668,153.281219,366498767.14,349923968.74,16574798.4,228288874.0,14631.21,14634.16,14464.2,14553.04,,164.5263,ok
2022-12-09,159.909932,150.026137,269739029.37,253066861.46,16672167.91,168681849.0,164.016614,163.806325,98075939.02,97950193.76,125745.26,59796344.0,160.984715,153.632629,367814968.39,351017055.22,16797913.17,228478193.0,14620.27,14742.79,14620.27,14705.43,,165.318,ok
2022-12-12,159.419711,149.594238,269737539.37,253112875.48,16624663.89,169199616.0,162.937125,162.726747,97109235.79,96983852.18,125383.61,59599208.0,160.335953,153.015091,366846775.16,350096727.66,16750047.5,228798824.0,14658.46,14658.46,14538.66,14612.59,,164.3381,ok
2022-12-13,158.668292,148.87603,268475592.03,251906539.68,16569052.35,169205573.0,162.254608,162.043792,96969243.8,96843252.16,125991.64,59763630.0,159.604362,152.312969,365444835.83,348749791.84,16695043.99,228969203.0,14617.86,14658.7,14515.74,14522.96,,163.5308,ok
2022-12-14,160.904646,151.063029,271082178.12,254501631.33,16580546.79,168473804.0,165.357487,165.137238,98635018.64,98503640.71,131377.93,59649563.0,162.068972,154.743145,369717196.76,353005272.04,16711924.72,228123367.0,14557.56,14739.36,14557.56,14739.36,,165.9185,ok
2022-12-15,161.34128,151.514548,272889827.88,256269064.75,16620763.13,169138256.0,165.288568,165.073251,98858778.35,98729997.65,128780.7,59809810.0,162.37246,155.056589,371748606.23,354999062.4,16749543.83,228948066.0,14692.92,14756.38,14649.54,14734.13,,166.2758,ok
2022-12-16,159.464645,149.526586,269727531.91,252917736.48,16809795.43,169145664.0,162.428221,162.199612,96921150.06,96784738.95,136411.11,59670142.0,160.23748,152.831433,366648681.97,349702475.43,16946206.54,228815806.0,14554.21,14568.31,14447.77,14528.55,,164.1012,ok
2022-12-19,158.144696,148.188368,268154368.33,251272154.05,16882214.28,169562670.0,161.561399,161.325875,96563997.62,96423226.92,140770.7,59769226.0,159.035168,151.612308,364718365.95,347695380.97,17022984.98,229331896.0,14478.45,14493.72,14411.81,14433.32,,162.621,ok
2022-12-20,153.878905,143.898598,256539914.15,239901199.22,16638714.93,166715453.0,156.440795,156.244495,91809693.07,91694490.93,115202.14,58686542.0,154.545929,147.113024,348349607.22,331595690.15,16753917.07,225401995.0,14410.75,14451.91,14157.99,14170.03,,158.3443,ok
2022-12-21,154.859039,144.726432,259367861.3,242397121.49,16970739.81,167486421.0,157.249047,157.046537,92000370.96,91881890.57,118480.39,58506155.0,155.477777,147.915926,351368232.26,334279012.06,17089220.2,225992576.0,14205.06,14291.98,14197.86,14234.4,,159.464,ok
2022-12-22,156.881392,146.782366,262946849.25,246020003.46,16926845.79,167608692.0,159.702477,159.495762,94129647.69,94007808.65,121839.04,58940631.0,157.615345,150.089971,357076496.94,340027812.11,17048684.83,226549323.0,14323.04,14442.94,14323.04,14442.94,,161.5975,ok
2022-12-23,156.276947,146.220869,262305833.23,245427029.05,16878804.18,167846786.0,159.189674,158.980221,94199621.83,94075679.33,123942.5,59174455.0,157.036167,149.546671,356505455.06,339502708.38,17002746.68,227021241.0,14318.12,14318.12,14192.98,14271.63,,160.7808,ok
2022-12-26,155.837619,145.758726,262140422.42,245186330.58,16954091.84,168213827.0,158.652981,158.443988,94534768.76,94410238.11,124530.65,59585876.0,156.574037,149.076827,356675191.18,339596568.69,17078622.49,227799703.0,14271.2,14301.11,14253.2,14285.13,,160.1706,ok
2022-12-27,156.701713,146.457123,263581656.64,246349644.1,17232012.54,168205983.0,160.190991,159.977475,95188304.34,95061429.78,126874.56,59421759.0,157.612582,149.986584,358769960.98,341411073.88,17358887.1,227627742.0,14310.19,14410.24,14310.19,14328.43,,161.0822,ok
2022-12-28,154.050451,143.773312,257830983.9,240630352.59,17200631.31,167367886.0,156.862644,156.633947,92638409.1,92503347.86,135061.24,59057024.0,154.783938,147.127673,350469393.0,333133700.45,17335692.55,226424910.0,14249.83,14249.83,14119.3,14173.1,,158.2341,ok
2022-12-29,154.16225,143.931956,257732696.63,240629410.19,17103286.44,167182755.0,156.41193,156.182591,92176494.21,92041340.2,135154.01,58931882.0,154.74858,147.124819,349909190.84,332670750.39,17238440.45,226114637.0,14097.51,14120.57,13981.63,14085.02,,158.3763,ok
2022-12-30,154.51191,144.187399,257311963.33,240118336.4,17193626.93,166532123.0,156.918444,156.685278,92467775.81,92330376.95,137398.86,58927283.0,155.140894,147.453912,349779739.14,332448713.35,17331025.79,225459406.0,14183.52,14248.9,14137.69,14137.69,,158.6709,ok
2023-01-02,,,,,,,,,,,,,,,,,,,,,,,,,data unavailable: TWSE MI_MARGN total 20230102: missing tables (keys=stat; stat='很抱歉，沒有符合條件的資料')
2023-01-03,156.263751,145.929665,259077620.37,241944214.05,17133406.32,165795086.0,159.10895,158.872302,93551294.28,93412152.39,139141.89,58797003.0,157.008609,149.317978,352628914.65,335356366.44,17272548.21,224592089.0,14108.16,14237.94,14001.97,14224.12,,160.5894,ok
2023-01-04,156.367564,146.085233,259693983.95,242617172.26,17076811.69,166079190.0,159.780897,159.54094,94241511.46,94099980.7,141530.76,58981714.0,157.262096,149.61157,353935495.41,336717152.96,17218342.45,225060904.0,14186.95,14257.45,14177.97,14199.13,,160.5886,ok
2023-01-05,156.495392,146.273901,258854145.55,241947095.44,16907050.11,165406880.0,159.479637,159.247598,94389767.61,94252433.25,137334.36,59186094.0,157.281818,149.692808,353243913.16,336199528.69,17044384.47,224592974.0,14285.12,14357.6,14270.93,14301.05,,160.5249,ok
2023-01-06,157.863205,147.559359,259492415.68,242555157.52,16937258.16,164378023.0,160.682004,160.450205,94548726.74,94412330.81,136395.93,58842138.0,158.606257,150.957461,354041142.42,336967488.33,17073654.09,223220161.0,14278.52,14384.92,14278.52,14373.34,,161.9646,ok
2023-01-09,160.092612,149.873505,260310384.33,243694128.33,16616256.0,162599873.0,162.85878,162.616874,95715023.6,95572850.98,142172.62,58771792.0,160.827,153.256732,356025407.93,339266979.31,16758428.62,221371665.0,14504.47,14752.21,14504.47,14752.21,,164.4699,ok
2023-01-10,159.901373,149.71774,257472629.27,241074980.18,16397649.09,161019649.0,162.426885,162.180702,94971889.75,94827945.12,143944.63,58470548.0,160.57415,153.03778,352444519.02,335902925.3,16541593.72,219490197.0,14796.27,14816.13,14728.56,14802.96,,164.3135,ok
2023-01-11,159.737125,149.687394,256097147.51,239985005.22,16112142.29,160324125.0,162.420486,162.177482,94569941.84,94428451.81,141490.03,58225378.0,160.452019,153.01497,350667089.35,334413457.03,16253632.32,218549503.0,14822.86,14842.74,14734.44,14751.44,,164.2133,ok
2023-01-12,159.076872,149.010635,253286839.47,237259082.85,16027756.62,159222919.0,160.493254,160.241727,92522975.78,92377972.77,145003.01,57649137.0,159.453376,151.996095,345809815.25,329637055.62,16172759.63,216872056.0,14780.58,14813.31,14700.73,14731.64,,163.2268,ok
2023-01-13,158.088371,148.187537,248078391.25,232541619.89,15536771.36,156923871.0,159.63006,159.383012,91479171.1,91337595.8,141575.3,57306983.0,158.500774,151.182339,339557562.35,323879215.69,15678346.66,214230854.0,14923.05,14962.31,14822.15,14824.13,,162.304,ok
2023-01-16,159.506438,149.579376,246012691.86,230701817.07,15310874.79,154233707.0,161.473547,161.22146,91649409.1,91506329.51,143079.59,56758157.0,160.035603,152.711171,337662100.96,322208146.58,15453954.38,210991864.0,14895.26,14960.92,14895.26,14927.01,,163.1552,ok
2023-01-17,160.057302,150.037798,243263186.63,228035036.94,15228149.69,151985060.0,161.895926,161.655987,90513999.66,90379852.75,134146.91,55908757.0,160.551762,153.16227,333777186.29,318414889.69,15362296.6,207893817.0,14922.34,14945.23,14884.78,14932.93,,163.5108,ok
2023-01-18,,,,,,,,,,,,,,,,,,,,,,,,,data unavailable: TWSE MI_MARGN total 20230118: missing tables (keys=stat; stat='很抱歉，沒有符合條件的資料')
2023-01-19,,,,,,,,,,,,,,,,,,,,,,,,,data unavailable: TWSE MI_MARGN total 20230119: missing tables (keys=stat; stat='很抱歉，沒有符合條件的資料')
2023-01-20,,,,,,,,,,,,,,,,,,,,,,,,,data unavailable: TWSE MI_MARGN total 20230120: missing tables (keys=stat; stat='很抱歉，沒有符合條件的資料')
2023-01-23,,,,,,,,,,,,,,,,,,,,,,,,,data unavailable: TWSE MI_MARGN total 20230123: missing tables (keys=stat; stat='很抱歉，沒有符合條件的資料')
2023-01-24,,,,,,,,,,,,,,,,,,,,,,,,,data unavailable: TWSE MI_MARGN total 20230124: missing tables (keys=stat; stat='很抱歉，沒有符合條件的資料')
2023-01-25,,,,,,,,,,,,,,,,,,,,,,,,,data unavailable: TWSE MI_MARGN total 20230125: missing tables (keys=stat; stat='很抱歉，沒有符合條件的資料')
2023-01-26,,,,,,,,,,,,,,,,,,,,,,,,,data unavailable: TWSE MI_MARGN total 20230126: missing tables (keys=stat; stat='很抱歉，沒有符合條件的資料')
2023-01-27,,,,,,,,,,,,,,,,,,,,,,,,,data unavailable: TWSE MI_MARGN total 20230127: missing tables (keys=stat; stat='很抱歉，沒有符合條件的資料')
2023-01-30,164.373231,154.423567,248440309.62,233401987.07,15038322.55,151144020.0,165.979931,165.711602,93241506.76,93090769.15,150737.61,56176374.0,164.808589,157.482219,341681816.38,326492756.22,15189060.16,207320394.0,15291.53,15493.82,15291.53,15493.82,,167.6511,ok
2023-01-31,165.118563,155.242594,251727776.63,236671591.35,15056185.28,152452742.0,168.618586,168.350416,95657187.13,95505054.89,152132.24,56729919.0,166.067762,158.797409,347384963.76,332176646.24,15208317.52,209182661.0,15419.21,15441.98,15265.2,15265.2,,168.5432,ok
2023-02-01,166.989929,157.015864,256153419.5,240853749.31,15299670.19,153394532.0,170.236036,169.972536,96665051.56,96515428.57,149622.99,56782955.0,167.866919,160.516325,352818471.06,337369177.88,15449293.18,210177487.0,15346.35,15420.13,15291.68,15420.13,,170.1288,ok
2023-02-02,168.832455,158.726052,259839387.69,244285260.29,15554127.4,153903696.0,172.681624,172.415044,98606401.6,98454176.25,152225.35,57103008.0,169.874124,162.430591,358445789.29,342739436.54,15706352.75,211006704.0,15508.83,15602.09,15496.52,15595.16,,172.1277,ok
2023-02-03,167.713784,157.57432,258300319.99,242684271.35,15616048.64,154012577.0,171.756927,171.467411,98446455.72,98280512.77,165942.95,57317313.0,168.810373,161.342432,356746775.71,340964784.12,15781991.59,211329890.0,15591.95,15617.73,15504.03,15602.66,,170.925,ok
2023-02-06,166.479076,156.344299,258710695.98,242961118.48,15749577.5,155401329.0,171.432798,171.145217,98304896.15,98139988.21,164907.94,57343109.0,167.814301,160.333737,357015592.13,341101106.69,15914485.44,212744438.0,15514.8,15514.8,15392.82,15392.82,,169.2501,ok
2023-02-07,166.908835,156.765222,260333695.07,244512338.95,15821356.12,155973586.0,173.322795,173.028844,99646739.51,99477741.15,168998.36,57491999.0,168.636286,161.145451,359980434.58,343990080.1,15990354.48,213465585.0,15376.12,15462.1,15363.65,15400.91,,169.5889,ok
2023-02-08,168.593577,158.42559,263628477.74,247728875.17,15899602.57,156369230.0,174.571894,174.280858,101433867.88,101264763.38,169104.5,58104352.0,170.213199,162.721038,365062345.62,348993638.55,16068707.07,214473582.0,15538.71,15631.22,15520.05,15618.17,,170.7832,ok
2023-02-09,168.155236,158.005844,264029506.46,248093405.08,15936101.38,157015335.0,174.557649,174.266829,102227850.69,102057535.4,170315.29,58563948.0,169.894506,162.423279,366257357.15,350150940.48,16106416.67,215579283.0,15590.0,15617.34,15553.84,15598.71,,169.9546,ok
2023-02-10,166.094543,155.886278,260589151.0,244573194.3,16015956.7,156892061.0,171.876346,171.581608,100513478.11,100341114.96,172363.15,58480111.0,167.664479,160.148039,361102629.11,344914309.26,16188319.85,215372172.0,15627.33,15628.3,15546.11,15586.65,,167.7023,ok
2023-02-13,165.358101,155.241189,259726273.42,243835742.34,15890531.08,157068974.0,170.789643,170.484966,100003689.22,99825289.59,178399.63,58553720.0,166.833071,159.380734,359729962.64,343661031.93,16068930.71,215622694.0,15564.76,15569.99,15465.56,15544.28,,166.7615,ok
2023-02-14,166.592546,156.30693,262783695.33,246559125.81,16224569.52,157740368.0,170.708491,170.396126,99845747.31,99663047.88,182699.43,58489034.0,167.70589,160.117991,362629442.64,346222173.69,16407268.95,216229402.0,15584.74,15669.63,15584.74,15654.48,,167.9179,ok
2023-02-15,166.547864,156.209103,261962454.23,245700658.95,16261795.28,157289591.0,170.41557,170.095982,100806862.85,100617815.16,189047.69,59153552.0,167.604902,160.004364,362769317.08,346318474.11,16450842.97,216443143.0,15497.67,15553.68,15388.85,15432.89,,167.3127,ok
2023-02-16,168.953713,158.57727,266453138.87,250088681.05,16364457.82,157707773.0,173.522876,173.167207,102652472.0,102442065.74,210406.26,59157890.0,170.200116,162.557199,369105610.87,352530746.79,16574864.08,216865663.0,15474.46,15585.48,15474.46,15550.5,,169.7602,ok
2023-02-17,168.681681,158.358482,268598293.88,252160269.28,16438024.6,159233826.0,174.327776,173.962108,103509916.49,103292795.57,217120.92,59376606.0,170.215212,162.59657,372108210.37,355453064.85,16655145.52,218610432.0,15503.75,15503.75,15418.43,15479.7,,169.4229,ok
2023-02-20,170.303222,160.032491,273482006.03,256988718.15,16493287.88,160585339.0,175.420205,175.058817,104950574.0,104734362.22,216211.78,59828099.0,171.692154,164.111174,378432580.03,361723080.37,16709499.66,220413438.0,15452.01,15575.32,15436.66,15551.23,,170.5152,ok
2023-02-21,171.286534,161.050945,276500901.42,259978004.38,16522897.04,161425942.0,175.915509,175.546574,104678704.98,104459169.59,219535.39,59505103.0,172.533293,164.955167,381179606.4,364437173.97,16742432.43,220931045.0,15535.64,15567.74,15496.73,15563.0,,171.2305,ok
2023-02-22,168.992647,158.756214,273582348.97,257010578.13,16571770.84,161890090.0,172.741273,172.339642,103259346.91,103019264.59,240082.32,59776882.0,170.003538,162.419254,376841695.88,360029842.72,16811853.16,221666972.0,15541.17,15541.17,15345.93,15418.77,,168.5892,ok
2023-02-23,171.583028,161.178898,278289842.71,261415424.84,16874417.87,162189609.0,175.227493,174.819255,105226737.71,104981584.78,245152.93,60051500.0,172.567795,164.864642,383516580.42,366397009.62,17119570.8,222241109.0,15463.46,15657.63,15463.46,15615.41,,171.1261,ok
2023-02-24,169.883029,159.400694,275793577.76,258776216.97,17017360.79,162343219.0,173.344124,172.964324,104238388.31,104010000.21,228388.1,60133788.0,170.818536,163.066836,380031966.07,362786217.18,17245748.89,222477007.0,15669.88,15717.96,15503.79,15503.79,,169.3562,ok
2023-02-27,,,,,,,,,,,,,,,,,,,,,,,,,data unavailable: TWSE MI_MARGN total 20230227: missing tables (keys=stat; stat='很抱歉，沒有符合條件的資料')
2023-02-28,,,,,,,,,,,,,,,,,,,,,,,,,data unavailable: TWSE MI_MARGN total 20230228: missing tables (keys=stat; stat='很抱歉，沒有符合條件的資料')
2023-03-01,170.156779,159.794786,276506934.4,259668562.27,16838372.13,162501274.0,173.74359,173.345037,104874304.57,104633731.97,240572.6,60361539.0,171.128253,163.464819,381381238.97,364302294.24,17078944.73,222862813.0,15435.38,15617.03,15387.38,15598.49,,169.4083,ok
2023-03-02,170.639624,160.304713,279136758.38,262230641.19,16906117.19,163582615.0,174.55781,174.15198,106063212.53,105816625.43,246587.1,60761081.0,171.700822,164.055096,385199970.91,368047266.62,17152704.29,224343696.0,15580.28,15618.06,15492.37,15598.72,,169.864,ok
2023-03-03,170.902894,160.588521,280357529.46,263437323.05,16920206.41,164044928.0,175.266906,174.809887,107495577.15,107215275.42,280301.73,61332501.0,172.090483,164.458615,387853106.61,370652598.47,17200508.14,225377429.0,15621.36,15713.42,15606.85,15608.42,,170.1337,ok
2023-03-06,173.064746,162.795435,285780311.93,268822687.49,16957624.44,165129131.0,177.521762,177.076206,108867732.52,108594488.71,273243.81,61326415.0,174.271751,166.66281,394648044.45,377417176.2,17230868.25,226455546.0,15675.28,15818.88,15675.28,15763.51,,171.9185,ok
2023-03-07,173.286315,162.940601,287138594.02,269995556.63,17143037.39,165701829.0,177.524995,177.079598,109906159.51,109630412.87,275746.64,61910245.0,174.439232,166.786394,397044753.53,379625969.5,17418784.03,227612074.0,15763.87,15879.16,15749.04,15857.89,,171.9696,ok
2023-03-08,173.153198,162.811222,289124510.7,271855878.88,17268631.82,166976131.0,177.72691,177.297749,110919277.48,110651438.39,267839.09,62409951.0,174.397585,166.752627,400043788.18,382507317.27,17536470.91,229386082.0,15819.18,15821.49,15740.98,15818.2,,171.8281,ok
2023-03-09,172.43248,162.071616,290900445.97,273421256.1,17479189.87,168703974.0,176.635919,176.212421,110464496.62,110199649.82,264846.8,62537958.0,173.569274,165.895909,401364942.59,383620905.92,17744036.67,231241932.0,15827.98,15878.75,15770.66,15770.66,,170.938,ok
2023-03-10,168.808373,158.216128,282223953.48,264515203.12,17708750.36,167185992.0,171.652241,171.224452,105926257.93,105662270.56,263987.37,61709802.0,169.575074,161.723144,388150211.41,370177473.68,17972737.73,228895794.0,15729.29,15729.29,15488.71,15526.2,,167.0993,ok
2023-03-13,168.976441,158.396652,283948326.5,266170028.5,17778298.0,168040186.0,170.471396,170.032499,104473244.81,104204267.09,268977.72,61284912.0,169.375953,161.506219,388421571.31,370374295.59,18047275.72,229325098.0,15514.03,15571.17,15349.67,15560.49,,167.0342,ok
2023-03-14,166.903952,156.350318,281381333.95,263589092.59,17792241.36,168588779.0,169.072112,168.624218,104212947.37,103936873.5,276073.87,61638165.0,167.484428,159.636383,385594281.32,367525966.09,18068315.23,230226944.0,15517.74,15517.74,15348.12,15360.42,,164.9556,ok
2023-03-15,167.469697,156.749059,282361790.64,264286289.84,18075500.8,168604706.0,170.212546,169.762363,105057978.3,104780117.8,277860.5,61721642.0,168.204711,160.236296,387419768.94,369066407.64,18353361.3,230326348.0,15425.99,15526.73,15387.59,15387.59,,165.5131,ok
2023-03-16,165.229253,154.286158,276721187.34,258394007.18,18327180.16,167477116.0,167.495171,167.043659,102794792.68,102517692.05,277100.63,61371795.0,165.836918,157.707414,379515980.02,360911699.23,18604280.79,228848911.0,15334.25,15334.25,15186.74,15221.12,,163.1627,ok
2023-03-17,167.987846,156.900768,282261066.6,263632037.01,18629029.59,168024695.0,170.402715,169.963409,105259907.58,104988542.93,271364.65,61771262.0,168.636985,160.412126,387520974.18,368620579.94,18900394.24,229795957.0,15337.97,15452.96,15337.97,15452.96,,165.9231,ok
2023-03-20,168.785413,157.776565,284718265.54,266147820.88,18570444.66,168686535.0,171.920933,171.478324,106892249.32,106617055.97,275193.35,62175238.0,169.629865,161.466696,391610514.86,372764876.85,18845638.01,230861773.0,15454.75,15488.98,15399.07,15419.97,,167.0294,ok
2023-03-21,169.378303,158.309385,287815892.12,269007045.79,18808846.33,169924888.0,172.644467,172.200406,108077142.16,107799155.28,277986.88,62600988.0,170.257625,162.049148,395893034.28,376806201.07,19086833.21,232525876.0,15437.95,15547.97,15437.95,15513.45,,167.6023,ok
2023-03-22,170.534933,159.474057,289969568.25,271162175.22,18807393.03,170035290.0,175.943967,175.499082,111695073.37,111412645.69,282427.68,63483321.0,172.005409,163.830548,401664641.62,382574820.91,19089820.71,233518611.0,15535.17,15760.46,15535.17,15760.46,,168.6902,ok
2023-03-23,170.95956,159.963632,291447423.81,272701850.56,18745573.25,170477406.0,176.657858,176.235007,113421297.82,113149810.85,271486.97,64203936.0,172.518496,164.415142,404868721.63,385851661.41,19017060.22,234681342.0,15711.6,15882.75,15680.84,15863.95,,168.9232,ok
2023-03-24,171.150903,160.213473,292479726.94,273788755.93,18690971.01,170889970.0,177.381928,176.958201,115675642.07,115399318.23,276323.84,65212755.0,172.871943,164.838451,408155369.01,389188074.16,18967294.85,236102725.0,15869.84,15921.97,15845.99,15914.7,,169.0662,ok
2023-03-27,170.510824,159.586663,292623604.11,273876011.4,18747592.71,171615852.0,177.173506,176.772233,115856133.23,115593735.37,262397.86,65391342.0,172.349088,164.328238,408479737.34,389469746.77,19009990.57,237007194.0,15873.67,15902.06,15821.63,15830.31,,168.4612,ok
2023-03-28,167.852448,156.963638,286278925.08,267707633.52,18571291.56,170553917.0,173.644856,173.227843,112851972.4,112580955.1,271017.3,64990104.0,169.45066,161.451175,399130897.48,380288588.62,18842308.86,235544021.0,15790.7,15846.54,15685.59,15701.48,,165.8548,ok
2023-03-29,168.037623,157.071186,285692964.73,267048129.0,18644835.73,170017261.0,173.825414,173.397001,113023184.2,112744625.02,278559.18,65021093.0,169.63876,161.587565,398716148.93,379792754.02,18923394.91,235038354.0,15766.29,15811.2,15681.1,15769.76,,165.8099,ok
2023-03-30,169.072416,158.123281,287816499.61,269177494.58,18639005.03,170232677.0,175.336356,174.9138,114426671.42,114150905.95,275765.47,65261235.0,170.80831,162.776353,402243171.03,383328400.53,18914770.5,235493912.0,15824.65,15885.21,15791.75,15849.43,,166.8605,ok
2023-03-31,169.948152,159.067637,287645602.14,269229795.87,18415806.27,169254916.0,175.383556,174.957927,114606050.98,114327919.31,278131.67,65345950.0,171.462135,163.493734,402251653.12,383557715.18,18693937.94,234600866.0,15874.19,15951.8,15857.19,15868.06,,167.5569,ok
2023-04-03,,,,,,,,,,,,,,,,,,,,,,,,,data unavailable: TWSE MI_MARGN total 20230403: missing tables (keys=stat; stat='很抱歉，沒有符合條件的資料')
2023-04-04,,,,,,,,,,,,,,,,,,,,,,,,,data unavailable: TWSE MI_MARGN total 20230404: missing tables (keys=stat; stat='很抱歉，沒有符合條件的資料')
2023-04-05,,,,,,,,,,,,,,,,,,,,,,,,,data unavailable: TWSE MI_MARGN total 20230405: missing tables (keys=stat; stat='很抱歉，沒有符合條件的資料')
2023-04-06,169.901669,159.095937,289042767.08,270659672.19,18383094.89,170123560.0,175.486627,175.033917,115683164.03,115384731.7,298432.33,65921356.0,171.461406,163.547011,404725931.11,386044403.89,18681527.22,236044916.0,15838.07,15838.07,15733.29,15810.77,,167.4331,ok
2023-04-07,170.689816,159.94066,291655009.28,273288094.47,18366914.81,170868430.0,175.813358,175.369837,116229005.06,115935796.53,293208.53,66109314.0,172.119123,164.244914,407884014.34,389223891.0,18660123.34,236977744.0,15856.19,15877.99,15811.19,15836.5,,168.3028,ok
2023-04-10,171.874252,161.230732,295338027.07,277048864.83,18289162.24,171833782.0,176.524993,176.082263,116909021.79,116615810.71,293211.08,66228028.0,173.168073,165.36238,412247048.86,393664675.54,18582373.32,238061810.0,15850.94,15919.76,15850.94,15876.17,,169.2711,ok
2023-04-11,172.248576,161.58035,296341691.41,277987750.48,18353940.93,172043043.0,177.240553,176.787274,117398382.05,117098144.87,300237.18,66236750.0,173.63624,165.807554,413740073.46,395085895.35,18654178.11,238279793.0,15886.46,15945.63,15838.1,15913.88,,169.6287,ok
2023-04-12,173.10516,162.448107,299530212.34,281089922.15,18440290.19,173033671.0,178.242296,177.783745,119554809.91,119247240.12,307569.79,67074321.0,174.540222,166.732127,419085022.25,400337162.27,18747859.98,240107992.0,15914.15,15944.32,15867.02,15932.97,,170.4135,ok
2023-04-13,171.396499,160.700224,297772495.3,279189523.19,18582972.11,173733126.0,176.547224,176.081344,118954691.48,118640788.73,313902.75,67378398.0,172.835864,164.998464,416727186.78,397830311.92,18896874.86,241111524.0,15888.63,15913.2,15800.42,15804.76,,168.5447,ok
2023-04-14,172.77602,162.096531,301376712.93,282748263.86,18628449.07,174432026.0,176.247908,175.76701,119873608.17,119546528.9,327079.27,68014202.0,173.75,165.931554,421250321.1,402294792.76,18955528.34,242446228.0,15854.25,15973.82,15854.25,15929.43,,170.0722,ok
2023-04-17,173.79392,163.236536,305038626.4,286508576.91,18530049.49,175517433.0,178.306252,177.806845,122228128.08,121885786.74,342341.34,68549547.0,175.06127,167.328806,427266754.48,408394363.65,18872390.83,244066980.0,15934.64,15963.55,15894.77,15963.55,,170.8929,ok
2023-04-18,171.998181,161.501601,302613417.06,284145745.24,18467671.82,175939894.0,177.06765,176.530151,121737111.73,121367571.31,369540.42,68751752.0,173.422565,165.724218,424350528.79,405513316.55,18837212.24,244691646.0,15967.89,15967.89,15851.71,15869.44,,168.8914,ok
2023-04-19,171.122094,160.687921,302985447.36,284510903.84,18474543.52,177058053.0,177.662691,177.10856,123257562.14,122873121.14,384441.0,69377291.0,172.963424,165.310713,426243009.5,407384024.98,18858984.52,246435344.0,15874.65,15915.39,15756.75,15770.47,,167.944,ok
2023-04-20,168.725305,158.353213,298720063.01,280356772.45,18363290.56,177045206.0,172.716189,172.127397,118465170.21,118061321.09,403849.12,68589500.0,169.839694,162.19943,417185233.22,398418093.54,18767139.68,245634706.0,15771.45,15804.38,15686.54,15707.52,,165.5673,ok
2023-04-21,165.490914,154.983884,288991595.48,270643498.22,18348097.26,174626865.0,168.197922,167.572756,113224824.42,112803985.49,420838.93,67316423.0,166.244091,158.486514,402216419.9,383447483.71,18768936.19,241943288.0,15776.54,15802.93,15592.96,15602.99,,162.2631,ok
2023-04-24,166.828154,156.362497,291717752.21,273417375.61,18300376.6,174861224.0,169.836262,169.199089,114468113.58,114038665.12,429448.46,67399101.0,167.665038,159.933758,406185865.79,387456040.73,18729825.06,242260325.0,15555.1,15643.86,15529.39,15626.87,,163.4441,ok
2023-04-25,162.649673,152.074831,280966007.75,262698702.15,18267305.6,172743051.0,165.26823,164.628892,109949284.25,109523946.85,425337.4,66527780.0,163.377747,155.56541,390915292.0,372222649.0,18692643.0,239270831.0,15606.83,15639.49,15353.22,15370.73,,159.1528,ok
2023-04-26,163.236733,152.66653,282310151.35,264029489.02,18280662.33,172945235.0,166.177435,165.553674,110547287.23,110132338.09,414949.14,66523645.0,164.05365,156.246535,392857438.58,374161827.11,18695611.47,239468880.0,15352.03,15398.4,15284.46,15374.63,,159.9441,ok
2023-04-27,164.149975,153.641735,285969313.36,267662675.79,18306637.57,174212219.0,167.047986,166.402343,111676087.05,111244457.81,431629.24,66852699.0,164.953658,157.180537,397645400.41,378907133.6,18738266.81,241064918.0,15374.39,15455.88,15306.69,15411.49,,160.6464,ok
2023-04-28,166.416021,155.931874,290010534.25,271739978.63,18270555.62,174268398.0,170.438308,169.76871,114429402.89,113979846.22,449556.67,67138312.0,167.534671,159.780076,404439937.14,385719824.85,18720112.29,241406710.0,15477.34,15580.63,15477.34,15579.18,,162.9352,ok
2023-05-01,,,,,,,,,,,,,,,,,,,,,,,,,data unavailable: TWSE MI_MARGN total 20230501: missing tables (keys=stat; stat='很抱歉，沒有符合條件的資料')
2023-05-02,168.41373,157.984364,295414086.55,277119962.69,18294123.86,175409740.0,172.718034,172.01911,115881387.68,115412459.93,468927.75,67092813.0,169.604596,161.867336,411295474.23,392532422.62,18763051.61,242502553.0,15588.68,15651.23,15532.63,15636.48,,164.9666,ok
2023-05-03,166.757638,156.336598,294448351.45,276047647.74,18400703.71,176572633.0,171.190755,170.51862,115282662.01,114830035.11,452626.9,67341640.0,167.981565,160.252075,409731013.46,390877682.85,18853330.61,243914273.0,15629.51,15629.51,15530.79,15553.41,,163.3835,ok
2023-05-04,167.315854,156.848435,296983176.53,278403661.95,18579514.58,177498527.0,172.35125,171.699426,116699803.27,116258450.39,441352.88,67710448.0,168.706296,160.949293,413682979.8,394662112.34,19020867.46,245208975.0,15548.02,15622.41,15523.5,15609.03,,163.7369,ok
2023-05-05,167.532132,156.990886,297458344.69,278742044.32,18716300.37,177553011.0,172.535993,171.873048,117814088.97,117361405.15,452683.82,68283775.0,168.922007,161.124564,415272433.66,396103449.47,19168984.19,245836786.0,15627.93,15673.62,15578.67,15626.07,,163.9703,ok
2023-05-08,167.855218,157.332988,298709294.69,279984300.33,18724994.36,177956514.0,172.743961,172.088373,118093840.27,117645657.22,448183.05,68363513.0,169.212037,161.428189,416803134.96,397629957.55,19173177.41,246320027.0,15648.54,15757.8,15648.54,15699.57,,164.2348,ok
2023-05-09,166.17257,155.621914,292640717.32,274060325.17,18580392.15,176106512.0,169.248818,168.571283,115499504.53,115037138.19,462366.34,68242429.0,167.031713,159.238449,408140221.85,389097463.36,19042758.49,244348941.0,15702.26,15744.27,15635.9,15727.7,,162.4862,ok
2023-05-10,166.477169,155.8561,293604549.46,274872885.97,18731663.49,176363252.0,169.999318,169.297966,116003672.41,115525085.87,478586.54,68237728.0,167.459763,159.606054,409608221.87,390397971.84,19210250.03,244600980.0,15708.48,15711.39,15579.49,15641.76,,162.8464,ok
2023-05-11,163.303214,152.51402,285283431.37,266435191.61,18848239.76,174695540.0,165.351154,164.641369,111248125.65,110770582.86,477542.79,67279921.0,163.872632,155.885962,396531557.02,377205774.47,19325782.55,241975461.0,15666.49,15675.37,15501.58,15514.64,,159.8568,ok
2023-05-12,165.395138,154.646256,288842258.76,270070657.68,18771601.08,174637696.0,166.972173,166.285055,111698703.2,111239044.68,459658.52,66896598.0,165.831922,157.869798,400540961.96,381309702.36,19231259.6,241534294.0,15477.12,15545.99,15424.42,15502.36,,161.8276,ok
2023-05-15,164.17832,153.328344,288012870.9,268979099.69,19033771.21,175426860.0,164.722783,164.026291,110096514.26,109630996.54,465517.72,66837454.0,164.32853,156.279763,398109385.16,378610096.23,19499288.93,242264314.0,15489.18,15510.09,15434.52,15475.05,,160.4708,ok
2023-05-16,165.89141,154.895627,291189741.83,271888807.12,19300934.71,175530331.0,167.193084,166.465945,111868208.74,111381682.91,486525.83,66909591.0,166.250652,158.088852,403057950.57,383270490.03,19787460.54,242439922.0,15550.57,15723.95,15550.57,15673.9,,162.2211,ok
2023-05-17,167.911184,156.792666,295194345.39,275647561.28,19546784.11,175803861.0,169.596702,168.825104,113858961.36,113340948.17,518013.19,67135127.0,168.37697,160.117778,409053306.75,388988509.45,20064797.3,242938988.0,15702.74,15961.97,15698.63,15925.29,,164.4018,ok
2023-05-18,169.545185,158.527152,299137774.79,279698060.69,19439714.1,176435429.0,170.147851,169.367738,114976773.74,114449615.31,527158.43,67574626.0,169.712084,161.529276,414114548.53,394147676.0,19966872.53,244010055.0,16060.26,16128.72,16015.62,16101.88,,165.9218,ok
2023-05-19,170.16301,159.058115,299917106.16,280344415.33,19572690.83,176252821.0,169.125646,168.359977,114460822.42,113942633.13,518189.29,67677981.0,169.875196,161.638893,414377928.58,394287048.46,20090880.12,243930802.0,16146.29,16189.81,16099.9,16174.92,,166.3431,ok
2023-05-22,170.985753,159.958098,304732897.72,285079276.56,19653621.16,178221222.0,171.200103,170.436651,116897010.71,116375718.15,521292.56,68280923.0,171.045128,162.86065,421629908.43,401454994.71,20174913.72,246502145.0,16168.74,16202.92,16131.55,16180.89,,167.2198,ok
2023-05-23,171.369628,160.400882,306650586.43,287022998.01,19627588.42,178941035.0,172.955792,172.174724,118545555.26,118010203.36,535351.9,68540957.0,171.808922,163.661686,425196141.69,405033201.37,20162940.32,247481992.0,16186.15,16239.5,16121.45,16188.03,,167.6634,ok
2023-05-24,171.248246,160.305511,307792834.18,288124923.3,19667910.88,179734883.0,172.180758,171.347717,118258903.29,117686745.79,572157.5,68682996.0,171.506068,163.358479,426051737.47,405811669.09,20240068.38,248417879.0,16186.62,16186.62,16070.16,16159.32,,167.5264,ok
2023-05-25,171.345888,160.512008,307709412.29,288253522.47,19455889.82,179583774.0,171.29268,170.432854,118204520.63,117611177.65,593342.98,69007339.0,171.331118,163.265973,425913932.92,405864700.12,20049232.8,248591113.0,16163.95,16323.77,16163.95,16292.0,,167.6586,ok
2023-05-26,170.940864,159.979555,305602566.18,286006291.45,19596274.73,178776776.0,170.461641,169.583198,117284376.24,116679972.51,604403.73,68803970.0,170.807686,162.648457,422886942.42,402686263.96,20200678.46,247580746.0,16509.14,16537.79,16457.74,16505.05,,167.0437,ok
2023-05-29,173.795508,163.005614,313397043.24,293940149.82,19456893.42,180325169.0,173.34807,172.456295,120021134.87,119403695.97,617438.9,69237076.0,173.671373,165.627555,433418178.11,413343845.79,20074332.32,249562245.0,16610.86,16683.76,16597.38,16636.3,,169.7567,ok
2023-05-30,172.675435,161.950336,313322685.68,293861798.95,19460886.73,181451800.0,172.396599,171.525406,119613894.67,119009434.38,604460.29,69382978.0,172.598307,164.598879,432936580.35,412871233.33,20065347.02,250834778.0,16648.77,16681.19,16579.13,16622.74,,168.5921,ok
2023-05-31,173.115369,162.398112,316011484.09,296447788.29,19563695.8,182543864.0,173.597785,172.735168,121193314.91,120591098.69,602216.22,69812708.0,173.248826,165.257787,437204799.0,417038886.98,20165912.02,252356572.0,16593.53,16636.65,16491.9,16578.96,,168.9491,ok
2023-06-01,173.955421,163.195775,320263742.09,300454502.59,19809239.5,184106790.0,174.254069,173.411254,122611779.66,122018742.64,593037.02,70363797.0,174.038001,166.020462,442875521.75,422473245.23,20402276.52,254470587.0,16511.0,16555.5,16477.43,16512.65,,169.5184,ok
2023-06-02,174.656286,163.94324,321846944.5,302105536.61,19741407.89,184274470.0,174.819075,173.970658,124176604.58,123573960.88,602643.7,71031496.0,174.701577,166.733079,446023549.08,425679497.49,20344051.59,255305966.0,16525.0,16752.2,16525.0,16706.91,,169.7713,ok
2023-06-05,175.309087,164.83123,324837367.1,305422517.71,19414849.39,185294084.0,176.465523,175.636873,125984996.22,125393393.24,591602.98,71393547.0,175.630731,167.836646,450822363.32,430815910.95,20006452.37,256687631.0,16714.48,16781.19,16703.6,16714.43,,170.2528,ok
2023-06-06,174.365086,163.932977,322536395.93,303239328.64,19297067.29,184977626.0,174.734125,173.892629,124624000.33,124023827.63,600172.7,71322073.0,174.46778,166.70451,447160396.26,427263156.27,19897239.99,256299699.0,16712.98,16793.81,16699.83,16761.66,,169.0642,ok
2023-06-07,175.32088,164.941856,326175983.08,306866314.1,19309668.98,186045144.0,176.735971,175.980138,126851723.88,126309226.36,542497.52,71774706.0,175.714828,168.014814,453027706.96,433175540.46,19852166.5,257819850.0,16771.76,16922.48,16771.76,16922.48,,169.9556,ok
2023-06-08,172.989683,162.65719,321966482.66,302735761.39,19230721.27,186118893.0,174.170314,173.38027,124931317.43,124364623.93,566693.5,71729398.0,173.318116,165.640185,446897800.09,427100385.32,19797414.77,257848291.0,16864.18,16899.51,16694.21,16733.69,,167.3785,ok
2023-06-09,174.727782,164.377106,327062394.73,307687588.6,19374806.13,187183967.0,176.338509,175.5833,127989305.6,127441163.49,548142.11,72581597.0,175.177839,167.508251,455051700.33,435128752.09,19922948.24,259765564.0,16775.92,16895.99,16775.92,16886.4,,168.942,ok
2023-06-12,174.231086,163.861005,325766114.41,306376801.84,19389312.57,186973589.0,174.656264,173.90442,126051624.42,125509009.2,542615.22,72171259.0,174.349497,166.658073,451817738.83,431885811.04,19931927.79,259144848.0,16899.49,16999.72,16899.49,16955.37,,168.2306,ok
2023-06-13,176.24413,165.731597,330037126.77,310351215.07,19685911.7,187261344.0,176.391209,175.642047,127735671.1,127193157.45,542513.65,72416121.0,176.285146,168.495319,457772797.87,437544372.52,20228425.35,259677465.0,17135.84,17254.96,17129.23,17216.6,,170.1166,ok
2023-06-14,177.071546,166.591439,334214164.32,314433458.17,19780706.15,188745268.0,175.97678,175.226328,128346199.02,127798867.68,547331.34,72933599.0,176.766419,168.998105,462560363.34,442232325.85,20328037.49,261678867.0,17190.7,17259.23,17182.18,17238.14,,170.5361,ok
2023-06-15,178.739263,168.320843,340281149.44,320446717.04,19834432.4,190378512.0,176.727545,175.987962,128114511.04,127578367.24,536143.8,72492667.0,178.184487,170.435225,468395660.48,448025084.28,20370576.2,262871179.0,17259.37,17346.32,17259.37,17334.98,,171.892,ok
2023-06-16,178.591326,168.450369,339894828.58,320594568.13,19300260.45,190319897.0,175.859353,175.144304,127777603.52,127258056.08,519547.44,72658975.0,177.836504,170.29985,467672432.1,447852624.21,19819807.89,262978872.0,17342.86,17342.86,17250.79,17288.91,,171.381,ok
2023-06-19,178.167689,168.26578,341198656.5,322236081.47,18962575.03,191504227.0,176.158188,175.448712,128950423.57,128431076.85,519346.72,73201493.0,177.611984,170.252142,470149080.07,450667158.32,19481921.75,264705720.0,17274.07,17306.81,17210.87,17274.56,,170.8456,ok
2023-06-20,177.245021,167.44001,340482591.76,321647446.09,18835145.67,192097126.0,175.802603,175.079655,128721623.47,128192284.87,529338.6,73219407.0,176.846957,169.548322,469204215.23,449839730.96,19364484.27,265316533.0,17233.8,17247.16,17121.59,17184.91,,169.6537,ok
2023-06-21,178.052032,168.398883,345248647.89,326530879.61,18717768.28,193903234.0,175.554228,174.867545,129312217.27,128806410.41,505806.86,73659415.0,177.364392,170.179691,474560865.16,455337290.02,19223575.14,267562649.0,17186.72,17246.77,17131.45,17202.4,,170.017,ok
2023-06-22,,,,,,,,,,,,,,,,,,,,,,,,,data unavailable: TWSE MI_MARGN total 20230622: missing tables (keys=stat; stat='很抱歉，沒有符合條件的資料')
2023-06-23,,,,,,,,,,,,,,,,,,,,,,,,,data unavailable: TWSE MI_MARGN total 20230623: missing tables (keys=stat; stat='很抱歉，沒有符合條件的資料')
2023-06-26,176.515577,166.895839,342810015.31,324127570.87,18682444.44,194209498.0,173.923879,173.211768,127624688.76,127102143.81,522544.95,73379624.0,175.804869,168.627824,470434704.07,451229714.68,19204989.39,267589122.0,17182.48,17182.48,17011.28,17059.24,,168.3896,ok
2023-06-27,173.216452,163.496526,331858394.3,313236380.97,18622013.33,191585955.0,172.281004,171.566713,125486423.49,124966146.86,520276.63,72838224.0,172.958774,165.719538,457344817.79,438202527.83,19142289.96,264424179.0,17022.15,17035.49,16887.9,16887.9,,164.8309,ok
2023-06-28,174.004592,164.155686,334718617.02,315773071.04,18945545.98,192361945.0,173.3916,172.669845,126453272.84,125926902.08,526370.76,72929296.0,173.836078,166.496252,461171889.86,441699973.12,19471916.74,265291241.0,16906.23,17011.12,16903.71,16935.63,,165.5772,ok
2023-06-29,175.826691,165.980752,339021763.62,320037231.79,18984531.83,192815870.0,175.202909,174.464848,127986951.61,127447792.92,539158.69,73050700.0,175.655298,168.311881,467008715.23,447485024.71,19523690.52,265866570.0,16930.41,17077.44,16911.38,16942.3,,167.2575,ok
2023-06-30,176.399958,166.690685,342842989.6,323972486.65,18870502.95,194355483.0,176.508218,175.749916,129328923.69,128773309.62,555614.07,73270766.0,176.429597,169.170923,472171913.29,452745796.27,19426117.02,267626249.0,16870.27,16919.95,16792.34,16915.54,,167.5777,ok
2023-07-03,179.237697,169.70735,352379736.3,333643157.81,18736578.49,196599121.0,178.686058,177.917756,132030188.18,131462493.91,567694.27,73889474.0,179.087005,171.95019,484409924.48,465105651.72,19304272.76,270488595.0,16946.71,17103.73,16946.71,17084.2,,170.2236,ok
2023-07-04,180.003244,170.630687,358488652.09,339822569.45,18666082.64,199156773.0,179.16546,178.397592,133269220.67,132698055.36,571165.31,74383322.0,179.775427,172.742729,491757872.76,472520624.81,19237247.95,273540095.0,17055.19,17154.1,17042.6,17140.77,,170.6786,ok
2023-07-05,178.48731,169.240284,358615811.75,340036734.87,18579076.88,200919501.0,178.632654,177.867179,134040475.93,133466086.57,574389.36,75036939.0,178.526831,171.586074,492656287.68,473502821.44,19153466.24,275956440.0,17130.26,17153.17,17020.01,17056.43,,169.1994,ok
2023-07-06,177.177552,167.899777,357047841.78,338351288.6,18696553.18,201519796.0,177.4431,176.636588,133426555.43,132820107.02,606448.41,75193995.0,177.249712,170.273912,490474397.21,471171395.62,19303001.59,276713791.0,17017.09,17017.09,16749.29,16762.17,,167.9053,ok
2023-07-07,175.592203,166.271427,354929953.86,336089582.23,18840371.63,202133095.0,175.505491,174.672932,132082469.94,131455899.99,626569.95,75258312.0,175.568677,168.550817,487012423.8,467545482.22,19466941.58,277391407.0,16736.94,16762.39,16593.84,16664.21,,166.2425,ok
2023-07-10,175.17759,165.81591,355067509.89,336092318.17,18975191.72,202690030.0,174.641716,173.794584,131809638.72,131170272.03,639366.69,75474315.0,175.032191,167.980763,486877148.61,467262590.2,19614558.41,278164345.0,16667.43,16798.81,16635.83,16652.8,,165.7708,ok
2023-07-11,177.126709,167.763081,359967117.33,340937812.57,19029304.76,203225770.0,175.268946,174.38676,132328574.72,131662521.9,666052.82,75500297.0,176.623485,169.557279,492295692.05,472600334.47,19695357.58,278726067.0,16675.69,16898.91,16675.69,16898.91,,167.3681,ok
2023-07-12,178.026865,168.735205,364354224.86,345337682.05,19016542.81,204662496.0,174.839247,173.922095,133170335.71,132471765.74,698569.97,76167301.0,177.162312,170.142005,497524560.57,477809447.79,19715112.78,280829797.0,16903.25,16962.03,16864.01,16962.03,,167.9484,ok
2023-07-13,178.320698,169.054511,363206225.21,344332718.58,18873506.63,203681473.0,174.422314,173.47938,131831554.3,131118867.56,712686.74,75581817.0,177.265612,170.252089,495037779.51,475451586.14,19586193.37,279263290.0,16994.59,17223.86,16994.59,17061.4,,168.1548,ok
2023-07-14,181.12367,172.0491,377685094.64,358762500.73,18922593.91,208523323.0,177.852375,176.900169,136262303.51,135532766.46,729537.05,76615397.0,180.244689,173.352559,513947398.15,494295267.19,19652130.96,285138720.0,17152.81,17287.4,17128.07,17283.71,,170.4352,ok
2023-07-17,181.112452,172.151188,382497496.52,363571901.05,18925595.47,211193373.0,179.004486,178.073831,138410857.98,137691251.95,719606.03,77322564.0,180.547515,173.738462,520908354.5,501263153.0,19645201.5,288515937.0,17279.11,17346.66,17235.92,17334.29,,170.2751,ok
2023-07-18,178.990381,170.05643,380847560.89,361838308.3,19009252.59,212775435.0,175.206731,174.222282,134973152.61,134214767.4,758385.21,77036511.0,177.984628,171.163778,515820713.5,496053075.7,19767637.8,289811946.0,17368.36,17401.59,17164.92,17227.91,,168.1031,ok
2023-07-19,177.497185,168.54333,378638487.22,359538049.84,19100437.38,213320841.0,175.197174,174.236905,136003796.78,135258349.31,745447.47,77628990.0,176.883514,170.062446,514642284.0,494796399.15,19845884.85,290949831.0,17265.38,17340.82,17082.54,17116.44,,166.6173,ok
2023-07-20,179.414543,170.551459,387006511.19,367888376.83,19118134.36,215705207.0,177.288554,176.285832,138499066.53,137715733.01,783333.52,78120704.0,178.849298,172.07608,525505577.72,505604109.84,19901467.88,293825911.0,17104.91,17214.41,17098.65,17164.89,,168.1985,ok
2023-07-21,181.439197,172.779452,395097697.61,376240441.19,18857256.42,217757631.0,176.97188,175.973631,139366001.39,138579877.06,786124.33,78750365.0,180.25271,173.627803,534463699.0,514820318.25,19643380.75,296507996.0,17106.29,17106.29,16859.13,17030.7,,169.4948,ok
2023-07-24,181.603121,173.058299,401500975.18,382609480.23,18891494.95,221087046.0,176.265272,175.288059,139680769.71,138906380.53,774389.18,79244634.0,180.194692,173.646637,541181744.89,521515860.76,19665884.13,300331680.0,17036.79,17098.73,16941.15,17033.61,,169.2644,ok
2023-07-25,182.013156,173.552136,402128643.33,383435387.95,18693255.38,220933834.0,177.1464,176.134927,141205774.2,140399515.76,806258.44,79711343.0,180.722812,174.236922,543334417.53,523834903.71,19499513.82,300645177.0,17061.88,17270.2,17061.88,17198.89,,169.3506,ok
2023-07-26,180.400967,171.963784,399101720.43,380436108.31,18665612.12,221230366.0,173.824649,172.786649,138533717.35,137706458.23,827259.12,79697395.0,178.659302,172.181711,537635437.78,518142566.54,19492871.24,300927761.0,17205.47,17247.02,17121.99,17162.55,,167.4841,ok
2023-07-27,181.166969,172.705578,402749620.37,383939227.25,18810393.12,222308527.0,175.680761,174.608282,140883922.11,140023867.87,860054.24,80193142.0,179.712576,173.209985,543633542.48,523963095.12,19670447.36,302501669.0,17189.3,17282.86,17189.3,17241.82,,167.953,ok
2023-07-28,182.469531,174.111899,409082509.79,390345348.19,18737161.6,224192229.0,177.730084,176.62052,143275049.01,142380587.15,894461.86,80613842.0,181.216062,174.775369,552357558.8,532725935.34,19631623.46,304806071.0,17244.51,17328.21,17179.94,17292.93,,168.7625,ok
2023-07-31,177.637644,169.219059,396536124.2,377743523.78,18792600.42,223227529.0,174.452021,173.312138,140596492.6,139677823.89,918668.71,80593215.0,176.792608,170.304812,537132616.8,517421347.67,19711269.13,303820744.0,17341.04,17463.76,17081.48,17145.43,,163.8935,ok
2023-08-01,175.729454,167.355699,394101161.25,375321688.25,18779473.0,224265854.0,172.727357,171.596547,139907740.78,138991794.44,915946.34,80999179.0,174.932876,168.480968,534008902.03,514313482.69,19695419.34,305265033.0,17141.97,17252.32,17095.86,17212.87,,163.4599,ok
2023-08-02,170.92609,162.426407,376559700.56,357834424.12,18725276.44,220305572.0,167.792439,166.591698,132841723.73,131891093.97,950629.76,79170268.0,170.097669,163.527555,509401424.29,489725518.09,19675906.2,299475840.0,17207.22,17212.55,16844.57,16893.73,,158.4403,ok
2023-08-03,,,,,,,,,,,,,,,,,,,,,,,,,data unavailable: TWSE MI_MARGN total 20230803: missing tables (keys=stat; stat='很抱歉，沒有符合條件的資料')
2023-08-04,171.699994,163.152055,381695649.12,362693254.65,19002394.47,222303822.0,169.518505,168.240338,134151972.59,133140469.01,1011503.58,79137067.0,171.127289,164.487879,515847621.71,495833723.66,20013898.05,301440889.0,16847.24,16887.38,16748.51,16843.68,,159.2207,ok
2023-08-07,175.663675,167.199995,396225313.81,377134716.13,19090597.68,225559048.0,172.24739,170.916083,136151895.0,135099572.1,1052322.9,79044388.0,174.777151,168.164317,532377208.81,512234288.23,20142920.58,304603436.0,16870.81,17032.32,16868.74,16996.0,,162.9541,ok
2023-08-08,174.623468,166.175528,394405856.85,375325276.9,19080579.95,225860740.0,170.308913,168.951477,133937307.12,132869768.36,1067538.76,78643745.0,173.509157,166.892466,528343163.97,508195045.26,20148118.71,304504485.0,17006.46,17043.56,16812.59,16877.07,,162.133,ok
2023-08-09,172.664506,164.229014,389277240.57,370259172.54,19018068.03,225452960.0,169.102782,167.765179,132747718.39,131697683.55,1050034.84,78501203.0,171.744632,165.142287,522024958.96,501956856.09,20068102.87,303954163.0,16836.64,16956.73,16798.5,16870.94,,160.531,ok
2023-08-10,166.434432,157.773806,365971154.17,346927383.05,19043771.12,219889088.0,163.782952,162.437525,128141713.0,127089067.62,1052645.38,78238737.0,165.738595,158.997722,494112867.17,474016450.67,20096416.5,298127825.0,16827.11,16827.11,16601.17,16634.7,,155.0963,ok
2023-08-11,167.288667,158.467893,365405612.19,346138555.25,19267056.94,218428193.0,163.61321,162.22606,126152826.81,125083274.32,1069552.49,77104304.0,166.329742,159.448397,491558439.0,471221829.57,20336609.43,295532497.0,16644.65,16766.84,16601.25,16601.25,,155.8146,ok
2023-08-14,164.797309,156.125051,353810186.19,335191356.48,18618829.71,214694153.0,160.673812,159.271264,121613060.58,120551480.12,1061580.46,75689410.0,163.722506,156.945122,475423246.77,455742836.6,19680410.17,290383563.0,16585.41,16585.41,16307.28,16393.66,,153.4123,ok
2023-08-15,168.019528,159.300046,361059287.49,342321883.06,18737404.43,214891264.0,163.848159,162.452408,124177303.65,123119491.1,1057812.55,75788037.0,166.931938,160.121953,485236591.14,465441374.16,19795216.98,290679301.0,16438.63,16546.01,16437.63,16454.8,,156.6884,ok
2023-08-16,170.237181,161.606886,368914340.23,350211966.03,18702374.2,216706091.0,165.801142,164.425968,127040365.01,125986676.95,1053688.06,76622129.0,169.078415,162.343276,495954705.24,476198642.98,19756062.26,293328220.0,16422.2,16446.78,16304.44,16446.78,,158.473,ok
2023-08-17,171.5418,163.131978,374571877.42,356208524.91,18363352.51,218356038.0,169.325319,167.944373,130165120.97,129103548.43,1061572.54,76872804.0,170.964664,164.385048,504736998.39,485312073.34,19424925.05,295228842.0,16411.63,16550.11,16264.65,16516.66,,161.0523,ok
2023-08-18,167.895325,159.386571,363167965.0,344763005.5,18404959.5,216306181.0,165.802613,164.397286,127288108.23,126209226.39,1078881.84,76770870.0,167.347144,160.699117,490456073.23,470972231.89,19483841.34,293077051.0,16508.46,16583.95,16344.29,16381.31,,157.5682,ok
2023-08-21,168.279622,159.889953,364186723.52,346030001.49,18156722.03,216417602.0,167.456082,166.021861,129025926.19,127920850.37,1105075.82,77050606.0,168.0634,161.499896,493212649.71,473950851.86,19261797.85,293468208.0,16414.14,16485.25,16347.77,16381.49,,158.2921,ok
2023-08-22,168.83146,160.426381,364218051.01,346085876.83,18132174.18,215728781.0,166.538753,165.114447,128710978.83,127610191.27,1100787.56,77285903.0,168.226733,161.662911,492929029.84,473696068.1,19232961.74,293014684.0,16429.69,16535.07,16407.83,16437.61,,159.1105,ok
2023-08-23,170.107002,161.680465,367395223.57,349195681.95,18199541.62,215978895.0,166.519517,165.057446,128617113.96,127487832.58,1129281.38,77238462.0,169.161997,162.57002,496012337.53,476683514.53,19328823.0,293217357.0,16440.39,16588.51,16440.39,16576.9,,160.3634,ok
2023-08-24,170.198443,161.645879,366126349.16,347728301.71,18398047.45,215117332.0,166.707905,165.250613,127938824.99,126820435.88,1118389.11,76744306.0,169.280614,162.593735,494065174.15,474548737.59,19516436.56,291861638.0,16651.03,16822.36,16651.03,16770.87,,161.0584,ok
2023-08-25,167.418382,158.929786,362299933.81,343930278.34,18369655.47,216403915.0,165.063587,163.590103,126530805.07,125401294.18,1129510.89,76655795.0,166.802437,160.148788,488830738.88,469331572.52,19499166.36,293059710.0,16708.53,16708.53,16481.58,16481.58,,158.42,ok
2023-08-28,167.275757,158.678337,361337502.27,342765951.57,18571550.7,216013073.0,163.364089,161.873751,124418911.88,123283863.15,1135048.73,76160503.0,166.256107,159.511281,485756414.15,466049814.72,19706599.43,292173576.0,16498.86,16582.96,16498.86,16509.26,,157.3214,ok
2023-08-29,169.633097,160.97534,367217432.36,348475339.66,18742092.7,216477468.0,165.279657,163.774838,126770389.71,125616185.41,1154204.3,76700540.0,168.49416,161.707738,493987822.07,474091525.07,19896297.0,293178008.0,16528.49,16627.7,16495.76,16623.65,,159.5204,ok
2023-08-30,170.926952,162.297168,371987191.58,353206249.72,18780941.86,217629337.0,168.123247,166.65397,129776617.61,128642462.5,1134155.11,77191358.0,170.192872,163.437886,501763809.19,481848712.22,19915096.97,294820695.0,16666.33,16780.42,16666.33,16719.82,,161.2239,ok
2023-08-31,171.761516,163.208833,376819428.35,358056102.56,18763325.79,219385248.0,169.29602,167.842307,131244066.3,130117098.05,1126968.25,77523421.0,171.11777,164.418642,508063494.65,488173200.61,19890294.04,296908669.0,16707.35,16712.22,16630.67,16634.51,,161.7898,ok
2023-09-01,170.454936,161.901761,373884493.23,355123525.5,18760967.73,219345067.0,169.23025,167.799148,131257120.66,130147140.1,1109980.56,77561264.0,170.135009,163.442344,505141613.89,485270665.6,19870948.29,296906331.0,16640.92,16730.13,16619.23,16644.94,,160.7841,ok
2023-09-04,171.322929,162.830855,376754378.59,358079550.87,18674827.72,219908906.0,170.953993,169.542833,133736173.74,132632232.75,1103940.99,78229336.0,171.226123,164.59203,510490552.33,490711783.62,19778768.71,298138242.0,16649.67,16789.69,16648.51,16789.69,,161.7576,ok
2023-09-05,172.609929,164.147786,383068538.16,364288733.73,18779804.43,221927290.0,172.282368,170.88599,135414149.46,134316594.71,1097554.75,78600121.0,172.524259,165.9101,518482687.62,498605328.44,19877359.18,300527411.0,16784.12,16791.61,16727.44,16791.61,,163.2199,ok
2023-09-06,172.364631,163.929076,383865712.32,365079258.4,18786453.92,222705616.0,172.096143,170.688706,135400242.74,134292911.92,1107330.82,78677093.0,172.294541,165.693703,519265955.06,499372170.32,19893784.74,301382709.0,16796.37,16841.19,16732.69,16738.16,,163.2021,ok
2023-09-07,170.974533,162.566266,382398708.72,363592921.95,18805786.77,223658285.0,171.237017,169.82788,134799728.31,133690439.49,1109288.82,78721138.0,171.042868,164.456747,517198437.03,497283361.44,19915075.59,302379423.0,16715.45,16715.45,16609.94,16619.14,,162.2683,ok
2023-09-08,169.579903,161.195681,379363975.22,360607792.85,18756182.37,223708098.0,169.395362,168.001376,133406456.7,132308630.02,1097826.68,78754492.0,169.531852,162.967732,512770431.92,492916422.87,19854009.05,302462590.0,16609.93,16609.93,16505.64,16576.02,,161.0066,ok
2023-09-11,166.357027,157.765993,367360127.33,348388862.36,18971264.97,220826336.0,166.592419,165.212242,130287830.86,129208428.92,1079401.94,78207539.0,166.41859,159.713441,497647958.19,477597291.28,20050666.91,299033875.0,16579.83,16600.03,16398.3,16432.95,,157.9805,ok
2023-09-12,166.572606,157.921667,366126397.27,347111644.72,19014752.55,219799886.0,166.892035,165.501637,130077444.5,128993753.56,1083690.94,77941074.0,166.656224,159.905912,496203841.77,476105398.28,20098443.49,297740960.0,16433.82,16579.86,16422.91,16572.71,,158.3746,ok
2023-09-13,167.601182,158.983102,370842975.68,351774168.98,19068806.7,221265131.0,168.676509,167.284146,131760152.09,130672520.01,1087632.08,78114109.0,167.881757,161.149013,502603127.77,482446688.99,20156438.78,299379240.0,16578.13,16653.3,16542.72,16581.51,,159.4809,ok
2023-09-14,170.229587,161.599455,378204400.83,359030566.04,19173834.79,222173129.0,171.836253,170.438854,135116220.63,134017434.02,1098786.61,78630800.0,170.649573,163.910093,513320621.46,493048000.06,20272621.4,300803929.0,16581.62,16807.56,16581.62,16807.56,,162.4664,ok
2023-09-15,170.858046,162.30569,381722726.89,362615470.88,19107256.01,223415131.0,170.696556,169.275702,134813286.26,133691118.97,1122167.29,78978328.0,170.815868,164.1261,516536013.15,496306589.85,20229423.3,302393459.0,16809.74,16920.92,16787.74,16920.92,,163.1778,ok
2023-09-18,169.386161,160.862264,382480820.68,363233515.13,19247305.55,225804055.0,169.426974,167.992681,134143816.6,133008215.25,1135601.35,79175006.0,169.396756,162.713377,516624637.28,496241730.38,20382906.9,304979061.0,16893.97,16893.97,16698.24,16698.24,,161.4677,ok
2023-09-19,167.708078,159.178297,379353794.34,360059524.76,19294269.58,226198880.0,167.222487,165.799772,132097370.34,130973496.63,1123873.71,78994980.0,167.58239,160.892169,511451164.68,491033021.39,20418143.29,305193860.0,16706.48,16762.52,16636.32,16636.32,,159.8591,ok
2023-09-20,165.969198,157.472703,376093519.57,356840088.32,19253431.25,226604409.0,165.427538,163.99948,130477821.19,129351467.65,1126353.54,78873096.0,165.829343,159.157892,506571340.76,486191555.97,20379784.79,305477505.0,16626.61,16665.27,16522.38,16534.75,,158.3391,ok
2023-09-21,164.191171,155.699268,371634175.29,352413401.58,19220773.71,226342362.0,163.274218,161.831057,127773985.05,126644606.31,1129378.74,78257294.0,163.955589,157.274639,499408160.34,479058007.89,20350152.45,304599656.0,16475.42,16475.42,16300.54,16316.67,,156.7083,ok
2023-09-22,166.574749,158.04184,378285419.86,358907481.84,19377938.02,227096497.0,165.774405,164.287726,129673286.55,128510365.72,1162920.83,78222743.0,166.369701,159.642035,507958706.41,487417847.56,20540858.85,305319240.0,16267.32,16360.96,16202.43,16344.48,,159.068,ok
2023-09-25,168.353841,159.846238,384183146.43,364768813.85,19414332.58,228199811.0,167.430983,165.960494,131898366.48,130739948.09,1158418.39,78777753.0,168.117014,161.415302,516081512.91,495508761.94,20572750.97,306977564.0,16345.78,16498.38,16345.78,16452.23,,160.7849,ok
2023-09-26,166.698209,158.22575,380282535.09,360954623.44,19327911.65,228126347.0,164.831929,163.325849,130002840.11,128814996.04,1187844.07,78869938.0,166.218746,159.536009,510285375.2,489769619.48,20515755.72,306996285.0,16440.26,16440.26,16276.07,16276.07,,159.2521,ok
2023-09-27,167.497932,159.009729,382352713.62,362976429.7,19376283.92,228273095.0,165.518334,164.021027,131206373.09,130019458.24,1186914.85,79269994.0,166.987686,160.301403,513559086.71,492995887.94,20563198.77,307543089.0,16273.84,16324.22,16212.86,16310.36,,160.1092,ok
2023-09-28,168.254534,159.789921,386052274.36,366630610.63,19421663.73,229445392.0,165.964176,164.454584,132040932.33,130839902.68,1201029.65,79559900.0,167.664833,160.990936,518093206.69,497470513.31,20622693.38,309005292.0,16330.71,16411.28,16311.41,16353.74,,160.86,ok
2023-09-29,,,,,,,,,,,,,,,,,,,,,,,,,data unavailable: TWSE MI_MARGN total 20230929: missing tables (keys=stat; stat='很抱歉，沒有符合條件的資料')
2023-10-02,171.098151,162.578418,393542468.51,373946249.17,19596219.34,230009773.0,169.108454,167.067052,137089273.03,135434392.96,1654880.07,81065890.0,170.579639,163.74815,530631741.54,509380642.13,21251099.41,311075663.0,16382.96,16575.31,16382.96,16557.31,,163.7778,ok
2023-10-03,168.977834,160.517561,390853299.95,371284310.37,19568989.58,231304480.0,167.356082,165.088857,137298102.76,135438082.86,1860019.9,82039506.0,168.553228,161.714415,528151402.71,506722393.23,21429009.48,313343986.0,16520.24,16571.66,16453.8,16454.34,,161.7674,ok
2023-10-04,167.979658,159.619143,387813422.89,368511563.21,19301859.68,230869278.0,167.128479,165.244539,137663825.02,136112022.66,1551802.36,82370058.0,167.75583,161.098409,525477247.91,504623585.87,20853662.04,313239336.0,16419.48,16419.48,16203.34,16273.38,,160.7227,ok
2023-10-05,169.846066,161.466054,394259889.43,374807554.7,19452334.73,232127773.0,168.641159,167.037483,138831369.0,137511165.4,1320203.6,82323538.0,169.53062,162.924657,533091258.43,512318720.1,20772538.33,314451311.0,16313.89,16477.61,16313.89,16453.52,,162.4871,ok
2023-10-06,169.959104,161.613784,394159924.96,374805913.05,19354011.91,231914570.0,168.438227,166.873527,139427752.08,138132543.9,1295208.18,82776787.0,169.559051,162.997313,533587677.04,512938456.95,20649220.09,314691357.0,16482.93,16539.13,16482.93,16520.57,,162.5464,ok
2023-10-09,,,,,,,,,,,,,,,,,,,,,,,,,data unavailable: TWSE MI_MARGN total 20231009: missing tables (keys=stat; stat='很抱歉，沒有符合條件的資料')
2023-10-10,,,,,,,,,,,,,,,,,,,,,,,,,data unavailable: TWSE MI_MARGN total 20231010: missing tables (keys=stat; stat='很抱歉，沒有符合條件的資料')
2023-10-11,167.503393,159.151541,382902873.13,363811032.72,19091840.41,228594100.0,165.444002,163.829781,135787871.65,134463003.09,1324868.56,82074823.0,166.959328,160.387473,518690744.78,498274035.81,20416708.97,310668923.0,16567.43,16729.5,16567.43,16672.03,,160.3028,ok
2023-10-12,170.50775,162.141305,390060538.6,370921115.13,19139423.47,228764111.0,168.434503,166.884273,139215290.79,137933986.77,1281304.02,82652478.0,169.957494,163.400127,529275829.39,508855101.9,20420727.49,311416589.0,16698.85,16825.91,16684.43,16825.91,,163.3351,ok
2023-10-13,168.651719,160.32199,386239203.32,367162800.93,19076402.39,229015871.0,168.111329,166.550963,139548898.17,138253640.97,1295257.2,83009812.0,168.507956,161.979116,525788101.49,505416441.9,20371659.59,312025683.0,16815.91,16815.91,16726.43,16782.57,,161.8268,ok
2023-10-16,166.757761,158.400444,381752714.49,362620599.21,19132115.28,228926505.0,166.751834,165.203667,138663299.43,137375913.77,1287385.66,83155487.0,166.756182,160.213189,520416013.92,499996512.98,20419500.94,312081992.0,16712.93,16712.93,16614.1,16652.24,,159.9949,ok
2023-10-17,165.596883,157.229418,377885579.73,358791352.56,19094227.17,228196070.0,166.010592,164.396871,137744180.72,136405226.14,1338954.58,82973128.0,165.707198,159.140616,515629760.45,495196578.7,20433181.75,311169198.0,16678.28,16770.64,16618.3,16642.55,,158.7221,ok
2023-10-18,162.521068,154.065322,366870104.96,347782361.72,19087743.24,225736952.0,162.88946,161.170657,132601182.79,131201980.32,1399202.47,81405625.0,162.618707,155.948533,499471287.75,478984342.04,20486945.71,307142577.0,16608.02,16612.25,16398.76,16440.91,,155.6584,ok
2023-10-19,162.982457,154.639273,369404802.57,350494717.96,18910084.61,226653107.0,164.524733,162.768022,134042916.32,132611674.91,1431241.41,81472806.0,163.390256,156.788628,503447718.89,483106392.87,20341326.02,308125913.0,16416.54,16479.35,16382.4,16452.73,,156.3241,ok
2023-10-20,161.860024,153.492431,365822998.96,346911237.1,18911761.86,226011951.0,163.156173,161.378862,132257749.75,130817025.21,1440724.54,81062057.0,162.202184,155.574308,498080748.71,477728262.31,20352486.4,307074008.0,16434.43,16462.56,16271.82,16440.72,,155.1915,ok
2023-10-23,160.840298,152.499388,362308518.45,343519803.57,18788714.88,225259791.0,162.850734,161.031682,131639494.76,130169074.69,1470420.07,80834450.0,161.371221,154.752627,493948013.21,473688878.26,20259134.95,306094241.0,16391.41,16391.41,16245.84,16251.36,,154.2912,ok
2023-10-24,163.192153,154.796449,368618255.85,349654048.57,18964207.28,225879890.0,165.511443,163.331049,134641524.68,132867801.28,1773723.4,81348771.0,163.80626,157.056262,503259780.53,482521849.85,20737930.68,307228661.0,16257.8,16318.77,16163.0,16309.76,,156.7112,ok
2023-10-25,164.001058,155.611242,372154048.35,353115732.17,19038316.18,226921736.0,167.434417,165.254742,137168313.84,135382645.23,1785668.61,81923607.0,164.911783,158.169255,509322362.19,488498377.4,20823984.79,308845343.0,16320.71,16459.34,16320.71,16358.89,,157.6843,ok
2023-10-26,160.377926,152.040706,363949157.79,345029321.61,18919836.18,226932201.0,163.879372,161.672338,133638205.18,131838441.59,1799763.59,81546691.0,161.303537,154.586837,497587362.97,476867763.2,20719599.77,308478892.0,16305.16,16305.16,16073.74,16073.74,,154.237,ok
2023-10-27,160.826995,152.391119,363904139.34,344816236.43,19087902.91,226270558.0,164.912895,162.697881,134400752.46,132595559.59,1805192.87,81498025.0,161.908953,155.12038,498304891.8,477411796.02,20893095.78,307768583.0,16112.75,16200.3,16112.75,16134.61,,154.681,ok
2023-10-30,161.78752,153.3576,366054342.44,346981124.82,19073217.62,226256230.0,165.922648,163.741714,135394924.97,133615255.78,1779669.19,81601232.0,162.883584,156.110031,501449267.41,480596380.6,20852886.81,307857462.0,16142.06,16203.33,16101.24,16149.68,,155.7495,ok
2023-10-31,157.503772,148.926124,351955994.05,332788486.07,19167507.98,223458771.0,162.472766,160.299999,130824359.42,129074830.59,1749528.83,80520793.0,158.820003,151.938936,482780353.47,461863316.66,20917036.81,303979564.0,16176.58,16215.35,15975.91,16001.27,,151.6098,ok
2023-11-01,159.024747,150.578009,356186160.04,337267022.32,18919137.72,223981592.0,164.038006,162.049147,132494102.96,130887693.6,1606409.36,80770369.0,160.353443,153.618278,488680263.0,468154715.92,20525547.08,304751961.0,16027.72,16099.03,15978.26,16038.56,,153.0658,ok
2023-11-02,162.928222,154.525161,366194544.86,347307976.27,18886568.59,224758204.0,167.631334,165.725404,136237203.93,134688217.57,1548986.36,81271920.0,164.17722,157.499591,502431748.79,481996193.84,20435554.95,306030124.0,16094.26,16396.95,16094.26,16396.95,,157.0287,ok
2023-11-03,163.240378,154.784538,365628921.77,346689370.29,18939551.48,223981913.0,167.74069,165.857129,137189284.78,135648785.24,1540499.54,81786527.0,164.444115,157.74622,502818206.55,482338155.53,20480051.02,305768440.0,16412.54,16520.1,16412.54,16507.65,,157.6471,ok
2023-11-06,165.863634,157.588762,372262679.06,353690639.3,18572039.76,224438999.0,171.378138,169.51099,141537772.78,139995732.93,1542039.85,82587998.0,167.346995,160.795753,513800451.84,493686372.23,20114079.61,307026997.0,16572.56,16720.56,16572.56,16649.36,,160.1167,ok
2023-11-07,165.707825,157.535687,372378770.17,354014335.07,18364435.1,224720088.0,172.035488,170.145287,143294305.48,141719891.82,1574413.66,83293457.0,167.418961,160.945593,515673075.65,495734226.89,19938848.76,308013545.0,16650.14,16684.95,16608.1,16684.95,,160.0944,ok
2023-11-08,166.670182,158.514366,376899443.25,358456296.83,18443146.42,226134896.0,172.17115,170.316132,143776086.15,142227004.28,1549081.87,83507653.0,168.153741,161.69719,520675529.4,500683301.11,19992228.29,309642549.0,16691.32,16775.23,16665.4,16740.83,,161.2491,ok
2023-11-09,166.28182,158.172526,376870389.74,358491034.57,18379355.17,226645577.0,171.41056,169.568492,142692642.16,141159192.19,1533449.97,83246121.0,167.659552,161.233821,519563031.9,499650226.76,19912805.14,309891698.0,16741.16,16759.43,16680.91,16745.65,,160.9914,ok
2023-11-10,165.020798,156.97899,374847017.84,356579941.35,18267076.49,227151379.0,169.536601,167.621175,140628301.42,139039481.95,1588819.47,82948638.0,166.22873,159.825668,515475319.26,495619423.3,19855895.96,310100017.0,16725.94,16725.94,16651.23,16682.67,,159.8733,ok
2023-11-13,165.886886,157.870257,376590891.12,358391807.27,18199083.85,227016674.0,169.896292,168.012483,140370477.34,138814050.67,1556426.67,82621272.0,166.956723,160.576526,516961368.46,497205857.94,19755510.52,309637946.0,16711.53,16961.02,16711.53,16839.29,,160.8761,ok
2023-11-14,167.171226,159.17209,381963968.93,363687008.78,18276960.15,228486671.0,170.724477,168.824858,141004672.58,139435740.48,1568932.1,82591949.0,168.114621,161.734917,522968641.51,503122749.26,19845892.25,311078620.0,16884.52,16946.38,16884.52,16915.71,,162.1544,ok
2023-11-15,168.006436,159.861994,383517548.57,364925781.43,18591767.14,228275510.0,171.29925,169.344266,140995372.69,139386237.73,1609134.96,82309393.0,168.879078,162.37493,524512921.26,504312019.16,20200902.1,310584903.0,17039.62,17143.88,17034.95,17128.78,,163.0965,ok
2023-11-16,168.323692,160.222592,385240461.1,366699569.13,18540891.97,228868828.0,172.131017,170.16849,141668669.41,140053454.36,1615215.05,82302813.0,169.330704,162.853216,526909130.51,506753023.49,20156107.02,311171641.0,17136.52,17194.32,17089.4,17171.18,,163.8539,ok
2023-11-17,169.856989,161.817339,391758480.8,373215816.55,18542664.25,230640189.0,172.899042,170.948384,142997298.64,141383994.72,1613303.92,82705663.0,170.65992,164.227421,534755779.44,514599811.27,20155968.17,313345852.0,17155.86,17253.47,17147.56,17208.95,,165.3071,ok
2023-11-20,170.143779,162.119821,394340296.5,375743261.17,18597035.33,231768860.0,174.386406,172.448562,146112674.06,144489018.09,1623655.97,83786734.0,171.270287,164.862322,540452970.56,520232279.26,20220691.3,315555594.0,17197.82,17219.76,17151.82,17210.47,,165.5413,ok
2023-11-21,171.057761,162.977601,396888473.63,378140873.83,18747599.8,232020150.0,174.875427,172.95364,147490895.49,145870049.09,1620846.4,84340549.0,172.075536,165.637174,544379369.12,524010922.92,20368446.2,316360699.0,17239.94,17421.17,17239.94,17416.7,,166.3918,ok
2023-11-22,170.532912,162.54867,397020438.95,378432195.64,18588243.31,232811622.0,176.565153,174.66061,150805748.18,149179062.7,1626685.48,85410822.0,172.151964,165.799512,547826187.13,527611258.34,20214928.79,318222444.0,17325.6,17344.53,17264.95,17310.26,,166.1279,ok
2023-11-23,169.410653,161.41269,395143192.48,376488280.57,18654911.91,233245776.0,175.365082,173.635149,150031547.98,148551523.99,1480023.99,85553832.0,171.008598,164.692738,545174740.46,525039804.56,20134935.9,318799608.0,17291.33,17343.61,17228.45,17294.55,,164.8339,ok
2023-11-24,169.405647,161.409325,396657013.82,377933922.52,18723091.3,234146276.0,175.211379,173.447567,149695784.09,148188831.83,1506952.26,85437250.0,170.957748,164.62762,546352797.91,526122754.35,20230043.56,319583526.0,17304.65,17336.13,17268.38,17287.42,,164.8497,ok
2023-11-27,166.888034,158.875612,388932705.7,370259751.2,18672954.5,233050086.0,172.748121,170.959039,147216800.46,145692136.18,1524664.28,85220493.0,168.457137,162.111085,536149506.16,515951887.38,20197618.78,318270579.0,17291.23,17351.93,17133.76,17137.42,,162.6391,ok
2023-11-28,169.889125,161.891818,398741644.62,379971405.99,18770238.63,234706986.0,176.164587,174.378272,150931232.95,149400785.59,1530447.36,85676262.0,171.567297,165.230921,549672877.57,529372191.58,20300685.99,320383248.0,17150.3,17360.38,17145.2,17341.25,,165.4011,ok
2023-11-29,170.645858,162.675004,403249066.4,384413336.52,18835729.88,236307562.0,177.894407,176.157481,153889426.57,152386880.02,1502546.55,86506051.0,172.58829,166.287974,557138492.97,536800216.54,20338276.43,322813613.0,17352.11,17441.79,17323.27,17370.56,,166.24,ok
2023-11-30,170.920983,162.940879,404490911.57,385605694.48,18885217.09,236653747.0,178.329643,176.638509,155598251.95,154122684.62,1475567.33,87253162.0,172.916708,166.630709,560089163.52,539728379.1,20360784.42,323906909.0,17389.2,17433.85,17313.3,17433.85,,166.5527,ok
2023-12-01,171.170745,163.15229,406350030.47,387314654.45,19035376.02,237394556.0,178.774668,177.087491,157844573.28,156354923.15,1489650.13,88292472.0,173.232139,166.930068,564194603.75,543669577.6,20525026.15,325687028.0,17422.35,17450.13,17355.89,17438.35,,166.97,ok
2023-12-04,170.362989,162.368994,405111750.56,386102568.85,19009181.71,237793287.0,177.982837,176.270865,157659757.75,156143269.16,1516488.59,88581439.0,172.431093,166.142104,562771508.31,542245838.01,20525670.3,326374726.0,17450.64,17516.61,17398.1,17421.48,,166.3546,ok
2023-12-05,169.333441,161.39723,402595196.56,383726622.16,18868574.4,237752917.0,176.163637,174.316826,155923488.44,154288865.29,1634623.15,88510598.0,171.186375,164.902131,558518685.0,538015487.45,20503197.55,326263515.0,17401.59,17401.59,17252.57,17328.01,,165.1271,ok
2023-12-06,169.815886,161.870214,404989814.65,386040373.46,18949441.19,238487591.0,177.293665,175.380544,157495673.59,155796185.88,1699487.71,88833221.0,171.845317,165.536849,562485488.24,541836559.34,20648928.9,327320812.0,17340.82,17439.85,17337.47,17360.72,,165.5659,ok
2023-12-07,169.526961,161.529348,403667923.11,384624462.64,19043460.47,238114292.0,175.34422,173.260437,155802739.63,153951186.92,1851552.71,88855361.0,171.107825,164.71732,559470662.74,538575649.56,20895013.18,326969653.0,17356.92,17387.94,17273.71,17278.74,,165.3616,ok
2023-12-08,170.528418,162.529772,407241397.92,388139715.13,19101682.79,238811456.0,176.398062,174.263233,157003126.54,155103021.52,1900105.02,89005018.0,172.122077,165.715508,564244524.46,543242736.65,21001787.81,327816474.0,17309.36,17465.35,17309.36,17383.99,,166.3697,ok
2023-12-11,170.388962,162.432797,409722563.63,390590922.85,19131640.78,240463090.0,176.044227,173.904705,156820767.46,154914874.84,1905892.62,89080324.0,171.917662,165.533819,566543331.09,545505797.69,21037533.4,329543414.0,17416.96,17451.82,17372.82,17418.34,,166.0455,ok
2023-12-12,170.014839,161.947889,409246901.92,389828748.17,19418153.75,240712461.0,175.766447,173.54729,156424602.85,154449648.19,1974954.66,88995713.0,171.567328,165.07883,565671504.77,544278396.36,21393108.41,329708174.0,17429.61,17528.72,17404.88,17450.63,,165.6721,ok
2023-12-13,170.325121,162.287588,411296875.25,391888040.38,19408834.87,241477519.0,175.396416,173.169229,155953858.73,153973553.02,1980305.71,88915077.0,171.689905,165.216049,567250733.98,545861593.4,21389140.58,330392596.0,17447.51,17507.92,17438.69,17468.93,,166.0746,ok
2023-12-14,171.137743,163.003092,414711597.98,394999205.77,19712392.21,242326205.0,175.413906,172.984225,156966521.6,154792358.01,2174163.59,89483511.0,172.290952,165.694836,571678119.58,549791563.78,21886555.8,331809716.0,17482.38,17668.35,17482.38,17653.11,,166.8067,ok
2023-12-15,169.810197,161.652262,410070640.97,390370235.58,19700405.39,241487642.0,174.243365,171.721157,156313976.88,154051300.39,2262676.49,89710146.0,171.010991,164.379581,566384617.85,544421535.97,21963081.88,331197788.0,17693.33,17743.54,17642.79,17673.87,,165.456,ok
2023-12-18,169.163674,161.012034,409204116.96,389485435.75,19718681.21,241898339.0,173.470737,170.501579,155518855.68,152856965.22,2661890.46,89651349.0,170.328308,163.578016,564722972.64,542342400.97,22380571.67,331549688.0,17637.86,17665.91,17586.88,17652.03,,164.764,ok
2023-12-19,167.944554,159.904132,409146198.81,389558138.45,19588060.36,243619807.0,172.376055,169.427592,149139426.3,146588422.02,2551004.28,86519805.0,169.105919,162.399949,558285625.11,536146560.47,22139064.64,330139612.0,17669.84,17669.84,17497.32,17576.55,,163.5264,ok
2023-12-20,169.251589,161.291271,415861077.38,396302108.87,19558968.51,245705863.0,173.350814,170.427441,150547847.54,148009021.5,2538826.04,86845769.0,170.322101,163.677179,566408924.92,544311130.37,22097794.55,332551632.0,17608.35,17657.65,17597.48,17635.2,,164.8603,ok
2023-12-21,169.124704,161.236282,414178965.69,394860567.05,19318398.64,244895604.0,170.875008,168.019798,148195363.13,145719115.2,2476247.93,86727348.0,169.582451,163.010334,562374328.82,540579682.25,21794646.57,331622952.0,17531.45,17552.9,17442.76,17543.74,,164.6001,ok
2023-12-22,169.652683,161.795757,416275342.07,396996870.07,19278472.0,245369148.0,173.362139,170.689963,150448769.44,148129776.3,2318993.14,86782945.0,170.62187,164.119588,566724111.51,545126646.37,21597465.14,332152093.0,17586.16,17618.17,17567.55,17596.63,,165.2294,ok
2023-12-25,169.380828,161.578804,416414335.29,397233448.43,19180886.86,245845023.0,172.401046,169.724598,149359956.47,147041210.99,2318745.48,86635180.0,170.167813,163.701374,565774291.76,544274659.42,21499632.34,332480203.0,17596.27,17663.35,17595.27,17604.84,,164.8934,ok
2023-12-26,170.747043,162.938879,421114675.07,401857342.55,19257332.52,246630728.0,174.033204,171.437307,150937278.59,148685882.53,2251396.06,86729012.0,171.601992,165.149884,572051953.66,550543225.08,21508728.58,333359740.0,17619.09,17751.73,17619.09,17751.73,,166.2939,ok
2023-12-27,171.256673,163.51586,423560853.25,404415873.41,19144979.84,247325167.0,174.286681,171.658019,151288964.13,149007163.53,2281800.6,86804662.0,172.043849,165.631138,574849817.38,553423036.94,21426780.44,334129829.0,17766.73,17897.16,17766.73,17891.5,,166.73,ok
2023-12-28,170.885269,163.052661,423281830.99,403880505.73,19401325.26,247699426.0,173.50704,170.899607,150736642.02,148471399.15,2265242.87,86876384.0,171.566041,165.090209,574018473.01,552351904.88,21666568.13,334575810.0,17900.76,17928.14,17841.76,17910.37,,166.2555,ok
2023-12-29,171.465224,163.613497,425258168.26,405784766.57,19473401.69,248014237.0,173.301342,170.646716,150190937.32,147890316.35,2300620.97,86664613.0,171.940685,165.434739,575449105.58,553675082.92,21774022.66,334678850.0,17893.63,17945.7,17864.23,17930.81,,166.8142,ok
2024-01-01,,,,,,,,,,,,,,,,,,,,,,,,,data unavailable: TWSE MI_MARGN total 20240101: missing tables (keys=stat; stat='很抱歉，沒有符合條件的資料')
2024-01-02,170.240446,162.371038,422918587.2,403369066.6,19549520.6,248424271.0,173.068885,170.419535,149965471.52,147669790.17,2295681.35,86650741.0,170.971883,164.452387,572884058.72,551038856.77,21845201.95,335075012.0,17939.79,17956.74,17784.97,17853.76,,165.644,ok
2024-01-03,168.700407,160.77832,420443433.09,400699618.88,19743814.21,249224908.0,171.519378,168.858839,148250466.13,145950864.24,2299601.89,86433654.0,169.426305,162.859091,568693899.22,546650483.12,22043416.1,335658562.0,17829.28,17829.28,17518.19,17559.31,,164.1431,ok
2024-01-04,167.979511,160.086418,419493853.64,399782496.6,19711357.04,249729179.0,169.71764,166.995464,146403365.12,144055136.71,2348228.41,86262904.0,168.42576,161.860252,565897218.76,543837633.31,22059585.45,335992083.0,17574.39,17609.89,17515.73,17549.65,,163.4722,ok
2024-01-05,168.484804,160.653796,419521643.35,400022689.81,19498953.54,248996724.0,170.656737,168.01782,146680368.53,144412204.71,2268163.82,85950529.0,169.042142,162.543472,566202011.88,544434894.52,21767117.36,334947253.0,17559.4,17606.79,17495.39,17519.14,,164.1506,ok
2024-01-08,168.283197,160.535683,417595715.23,398370214.39,19225500.84,248150571.0,169.570622,166.911468,145251393.81,142973606.53,2277787.28,85658348.0,168.613562,162.171767,562847109.04,541343820.92,21503288.12,333808919.0,17534.52,17688.11,17534.52,17572.66,,163.9011,ok
2024-01-09,167.809686,159.861725,412098229.21,392580041.73,19518187.48,245574757.0,168.831352,166.117443,143345532.0,141041298.86,2304233.14,84904569.0,168.072166,161.468902,555443761.21,533621340.59,21822420.62,330479326.0,17585.4,17694.26,17517.55,17535.49,,163.3481,ok
2024-01-10,167.521894,159.606641,409697882.23,390340038.92,19357843.31,244563783.0,169.088866,166.392544,143190934.97,140907585.58,2283349.39,84683834.0,167.924926,161.352003,552888817.2,531247624.5,21641192.7,329247617.0,17495.67,17499.43,17439.27,17465.63,,162.9913,ok
2024-01-11,169.617717,161.60231,413960306.11,394398315.94,19561990.17,244054875.0,171.447511,168.724764,145446748.64,143136918.31,2309830.33,84834564.0,170.089698,163.439494,559407054.75,537535234.25,21871820.5,328889439.0,17477.88,17574.92,17476.87,17545.32,,165.0015,ok
2024-01-12,169.006043,161.059078,411878541.73,392511280.24,19367261.49,243706399.0,170.312965,167.557728,144994197.0,142648554.16,2345642.84,85133975.0,169.344394,162.741523,556872738.73,535159834.4,21712904.33,328840374.0,17536.05,17570.63,17469.87,17512.83,,164.3712,ok
2024-01-15,170.006489,162.075746,417991889.67,398492714.05,19499175.62,245868197.0,172.252898,169.467762,146641675.98,144270644.41,2371031.57,85131616.0,170.584255,163.976938,564633565.65,542763358.46,21870207.19,330999813.0,17541.26,17632.77,17532.98,17546.82,,165.4283,ok
2024-01-16,166.868282,158.988209,413039904.53,393534794.26,19505110.27,247524515.0,172.607103,169.840792,147465105.87,145101736.34,2363369.53,85433973.0,168.340808,161.772879,560505010.4,538636530.6,21868479.8,332958488.0,17523.78,17523.78,17337.58,17346.87,,164.1217,ok
2024-01-17,165.989886,158.171353,411424081.91,392044992.6,19379089.31,247860934.0,169.992439,167.290502,145221355.22,142913141.04,2308214.18,85428126.0,167.015814,160.508759,556645437.13,534958133.64,21687303.49,333289060.0,17341.58,17361.05,17151.58,17161.79,,161.469,ok
2024-01-18,165.71757,158.050918,409386017.68,390446443.5,18939574.18,247038390.0,169.199631,166.467365,144368459.99,142037171.78,2331288.21,85324335.0,166.611487,160.211593,553754477.67,532483615.28,21270862.39,332362725.0,17169.1,17300.29,17169.1,17227.79,,161.3903,ok
2024-01-19,168.032107,160.385413,414488885.37,395626599.46,18862285.91,246672432.0,170.650225,167.918847,146347489.25,144005094.42,2342394.83,85758744.0,168.707515,162.328847,560836374.62,539631693.88,21204680.74,332431176.0,17546.51,17682.97,17499.85,17681.52,,163.3405,ok
2024-01-22,170.923628,163.236591,421004236.63,402070196.21,18934040.42,246311316.0,173.408226,170.668379,149657652.39,147293064.5,2364587.89,86303664.0,171.568307,165.164919,570661889.02,549363260.71,21298628.31,332614980.0,17770.78,17869.07,17765.13,17815.1,,166.2039,ok
2024-01-23,171.317512,163.7239,423474278.13,404703871.31,18770406.82,247186801.0,174.247652,171.510924,150376807.89,148014994.13,2361813.76,86300622.0,172.075781,165.739044,573851086.02,552718865.44,21132220.58,333487423.0,17840.28,17893.73,17801.89,17874.59,,166.5269,ok
2024-01-24,170.50196,162.889276,424192930.09,405253285.92,18939644.17,248790648.0,174.397068,171.676618,150800132.92,148447776.24,2352356.68,86469420.0,171.506576,165.155685,574993063.01,553701062.16,21292000.85,335260068.0,17883.62,17944.98,17856.34,17875.83,,165.8283,ok
2024-01-25,169.272391,161.494077,420774275.83,401439081.6,19335194.23,248578208.0,172.975085,170.175146,149134458.34,146720426.0,2414032.34,86217306.0,170.225917,163.729645,569908734.17,548159507.6,21749226.57,334795514.0,17894.83,18014.26,17894.83,18002.62,,164.5967,ok
2024-01-26,168.632911,160.817425,417303884.56,397963456.6,19340427.96,247462895.0,172.628892,169.819198,149134213.5,146706917.64,2427295.86,86390066.0,169.666939,163.146786,566438098.06,544670374.24,21767723.82,333852961.0,17985.44,18029.85,17943.65,17995.03,,163.7061,ok
2024-01-29,170.504736,162.728257,421924379.4,402681007.05,19243372.35,247456105.0,174.996372,172.168947,151644626.87,149194496.96,2450129.91,86655869.0,171.669695,165.176811,573569006.27,551875504.01,21693502.26,334111974.0,18001.24,18119.63,17995.11,18119.63,,165.7785,ok
2024-01-30,170.781632,162.982108,423484813.01,404144443.2,19340369.81,247968595.0,175.812653,172.966466,152347743.43,149881423.61,2466319.82,86653458.0,172.084461,165.567649,575832556.44,554025866.81,21806689.63,334622053.0,18083.45,18138.74,18034.63,18034.63,,165.805,ok
2024-01-31,169.741441,161.905765,420942627.24,401510897.18,19431730.06,247990488.0,176.52939,173.697095,154683055.66,152201270.47,2481785.19,87624534.0,171.513682,164.984322,575625682.9,553712167.65,21913515.25,335615022.0,17970.41,17996.33,17874.95,17889.56,,164.7238,ok
2024-02-01,170.513379,162.638204,420808891.61,401373795.0,19435096.61,246789368.0,176.868144,174.068041,155443774.99,152982853.38,2460921.61,87886813.0,172.182157,165.639708,576252666.6,554356648.38,21896018.22,334676181.0,17871.27,17968.11,17832.95,17968.11,,165.3992,ok
2024-02-02,171.458674,163.633083,422893739.08,403592332.78,19301406.3,246644704.0,178.053356,175.269131,156466941.65,154020263.73,2446677.92,87876435.0,173.191052,166.689794,579360680.73,557612596.51,21748084.22,334521139.0,18016.35,18059.93,17985.89,18059.93,,166.3118,ok
2024-02-05,170.507997,162.631631,417427876.32,398145411.66,19282464.66,244814252.0,176.495538,173.671817,154008631.24,151544674.59,2463956.65,87259221.0,172.081348,165.53267,571436507.56,549690086.25,21746421.31,332073473.0,18047.4,18115.8,17992.17,18096.07,,164.9938,ok
2024-02-06,,,,,,,,,,,,,,,,,,,,,,,,,data unavailable: TWSE MI_MARGN total 20240206: missing tables (keys=stat; stat='很抱歉，沒有符合條件的資料')
2024-02-07,,,,,,,,,,,,,,,,,,,,,,,,,data unavailable: TWSE MI_MARGN total 20240207: missing tables (keys=stat; stat='很抱歉，沒有符合條件的資料')
2024-02-08,,,,,,,,,,,,,,,,,,,,,,,,,data unavailable: TWSE MI_MARGN total 20240208: missing tables (keys=stat; stat='很抱歉，沒有符合條件的資料')
2024-02-09,,,,,,,,,,,,,,,,,,,,,,,,,data unavailable: TWSE MI_MARGN total 20240209: missing tables (keys=stat; stat='很抱歉，沒有符合條件的資料')
2024-02-12,,,,,,,,,,,,,,,,,,,,,,,,,data unavailable: TWSE MI_MARGN total 20240212: missing tables (keys=stat; stat='很抱歉，沒有符合條件的資料')
2024-02-13,,,,,,,,,,,,,,,,,,,,,,,,,data unavailable: TWSE MI_MARGN total 20240213: missing tables (keys=stat; stat='很抱歉，沒有符合條件的資料')
2024-02-14,,,,,,,,,,,,,,,,,,,,,,,,,data unavailable: TWSE MI_MARGN total 20240214: missing tables (keys=stat; stat='很抱歉，沒有符合條件的資料')
2024-02-15,173.580971,165.781653,426269373.21,407116291.2,19153082.01,245573792.0,180.316816,177.387414,158142196.84,155573041.03,2569155.81,87702412.0,175.353525,168.835736,584411570.05,562689332.23,21722237.82,333276204.0,18664.45,18725.47,18550.86,18644.57,,167.9263,ok
2024-02-16,174.395381,166.664365,432130430.73,412973917.4,19156513.33,247787773.0,182.22645,179.260013,162558270.37,159912007.9,2646262.47,89206737.0,176.468365,169.998593,594688701.1,572885925.3,21802775.8,336994510.0,18639.66,18715.69,18585.14,18607.25,,168.5444,ok
2024-02-19,173.904997,166.29922,436435238.26,417347636.51,19087601.75,250961873.0,181.711103,178.772255,164366740.33,161708406.05,2658334.28,90454979.0,175.973147,169.603826,600801978.59,579056042.56,21745936.03,341416852.0,18561.04,18663.74,18561.04,18635.8,,168.1041,ok
2024-02-20,173.750511,166.211925,438903245.6,419860366.05,19042879.55,252605441.0,181.152212,178.209416,163994171.91,161330106.5,2664065.41,90528385.0,175.703289,169.377202,602897417.51,581190472.55,21706944.96,343133826.0,18610.21,18756.33,18610.21,18753.16,,167.8942,ok
2024-02-21,173.213736,165.725277,440185133.01,421154838.15,19030294.86,254128306.0,181.191608,178.222906,165838173.59,163121027.8,2717145.79,91526410.0,175.326208,169.034542,606023306.6,584275865.95,21747440.65,345654716.0,18673.49,18729.03,18645.27,18676.31,,167.0979,ok
2024-02-22,174.099718,166.574816,444338234.85,425133141.11,19205093.74,255220537.0,182.174732,179.243949,169070621.17,166350653.9,2719967.27,92806845.0,176.253044,169.953235,613408856.02,591483795.01,21925061.01,348027382.0,18826.85,18881.77,18758.15,18852.78,,167.8899,ok
2024-02-23,173.238832,165.679115,439397465.34,420223239.5,19174225.84,253636821.0,181.737816,178.779672,170141887.09,167372490.25,2769396.84,93619419.0,175.530137,169.210992,609539352.43,587595729.75,21943622.68,347256240.0,18950.07,19012.38,18889.19,18889.19,,166.8191,ok
2024-02-26,174.676218,167.15915,447304592.47,428055155.73,19249436.74,256076413.0,183.254565,180.249809,173402378.29,170559164.8,2843213.49,94623770.0,176.990775,170.691191,620706970.76,598614320.53,22092650.23,350700183.0,18899.39,18974.08,18854.71,18948.05,,168.0487,ok
2024-02-27,172.730905,165.210744,439964942.91,420810251.2,19154691.71,254711190.0,181.500995,178.495013,171620300.8,168777960.65,2842340.15,94556121.0,175.105206,168.807155,611585243.71,589588211.85,21997031.86,349267311.0,18964.49,19023.01,18752.53,18854.41,,165.9768,ok
2024-02-28,,,,,,,,,,,,,,,,,,,,,,,,,data unavailable: TWSE MI_MARGN total 20240228: missing tables (keys=stat; stat='很抱歉，沒有符合條件的資料')
2024-02-29,175.702379,168.238458,451644246.55,432458181.98,19186064.57,257050729.0,183.716802,180.752683,176564367.4,173715646.65,2848720.75,96106815.0,177.883391,171.644027,628208613.95,606173828.63,22034785.32,353157544.0,18796.54,19019.69,18794.62,18966.77,,168.7643,ok
2024-03-01,176.583487,169.088085,454137950.49,434861252.77,19276697.72,257180305.0,184.592628,181.701164,178200509.95,175409172.55,2791337.4,96537176.0,178.769355,172.530468,632338460.44,610270425.32,22068035.12,353717481.0,19021.35,19041.92,18923.46,18935.93,,169.4031,ok
2024-03-04,176.758688,169.295696,457070624.69,437772480.29,19298144.4,258584531.0,184.668225,181.780959,179451162.65,176645464.65,2805698.0,97174900.0,178.91916,172.706017,636521787.34,614417944.94,22103842.4,355759431.0,18952.69,19333.39,18952.69,19305.31,,169.4486,ok
2024-03-05,177.515684,170.123301,460524270.4,441346405.5,19177864.9,259427370.0,184.109308,181.269447,179567467.49,176797663.65,2769803.84,97533074.0,179.317274,173.168786,640091737.89,618144069.15,21947668.74,356960444.0,19398.97,19453.85,19332.73,19386.92,,169.903,ok
2024-03-06,176.949171,169.514985,461361778.04,441978531.97,19383246.07,260731246.0,184.381646,181.59462,180870977.45,178137017.15,2733960.3,98095977.0,178.981057,172.817309,642232755.49,620115549.12,22117206.37,358827223.0,19283.61,19532.3,19246.3,19499.45,,169.1445,ok
2024-03-07,174.329333,166.919183,453764912.81,434476903.55,19288009.26,260291774.0,180.500593,177.736213,176719686.96,174013211.4,2706475.56,97905322.0,176.016111,169.875781,630484599.77,608490114.95,21994484.82,358197096.0,19678.36,19794.57,19630.79,19693.52,,166.4949,ok
2024-03-08,170.770004,163.209462,436293434.11,416977310.23,19316123.88,255485990.0,174.176408,171.365529,166128397.57,163447397.87,2680999.7,95379391.0,171.696002,165.426611,602421831.68,580424708.1,21997123.58,350865381.0,19966.49,20065.5,19638.13,19785.32,,162.9133,ok
2024-03-11,172.248396,164.774428,446474767.79,427101941.16,19372826.63,259204020.0,175.582286,172.787616,170240557.13,167530908.45,2709648.68,96957706.0,173.155979,166.955854,616715324.92,594632849.61,22082475.31,356161726.0,19671.9,19828.7,19649.67,19726.08,,164.3084,ok
2024-03-12,173.767882,166.436825,460979316.04,441531154.33,19448161.71,265284534.0,178.286903,175.571091,174756740.44,172094703.1,2662037.34,98019954.0,174.987119,168.90126,635736056.48,613625857.43,22110199.05,363304488.0,19672.76,19917.06,19664.71,19914.55,,165.8363,ok
2024-03-13,170.361077,162.856462,449135917.42,429350928.31,19784989.11,263637637.0,172.811417,170.113759,166755276.91,164152158.18,2603118.73,96495521.0,171.017631,164.801011,615891194.33,593503086.49,22388107.84,360133158.0,20024.83,20112.81,19866.73,19928.51,,162.5749,ok
2024-03-14,169.475783,162.060255,445981152.2,426466944.13,19514208.07,263153321.0,171.993275,169.233884,165139958.6,162490519.93,2649438.67,96015358.0,170.148776,163.977958,611121110.8,588957464.06,22163646.74,359168679.0,19920.63,19995.51,19775.5,19937.92,,161.8058,ok
2024-03-15,168.888228,161.570597,449578269.76,430098831.61,19479438.15,266198701.0,171.066653,168.22907,164193268.71,161469698.58,2723570.13,95982043.0,169.465536,163.335169,613771538.47,591568530.19,22203008.28,362180744.0,19845.45,19888.13,19682.5,19682.5,,161.4353,ok
2024-03-18,171.504089,164.21051,462624844.19,442950730.41,19674113.78,269745664.0,174.804315,171.958742,168844968.4,166096404.95,2748563.45,96590847.0,172.37425,166.253463,631469812.59,609047135.36,22422677.23,366336511.0,19706.11,19879.86,19706.11,19879.85,,163.96,ok
2024-03-19,170.84703,163.506927,464715539.75,444749962.62,19965577.13,272006801.0,175.309227,172.510352,170482732.1,167760914.15,2721817.95,97246868.0,172.022196,165.878075,635198271.85,612510876.77,22687395.08,369253669.0,19798.12,19921.25,19762.16,19857.2,,163.3243,ok
2024-03-20,169.870433,162.375019,464192804.96,443710621.99,20482182.97,273262861.0,174.40972,171.591031,170193994.68,167443436.9,2750557.78,97582861.0,171.064883,164.800083,634386799.64,611154058.89,23232740.75,370845722.0,19879.25,19994.42,19728.43,19784.45,,162.4372,ok
2024-03-21,172.161064,164.73257,477019575.2,456436887.72,20582687.48,277077501.0,175.673976,172.835457,172995908.54,170200661.89,2795246.65,98475547.0,173.082202,166.857266,650015483.74,626637549.61,23377934.13,375553048.0,19843.8,20199.3,19843.8,20199.09,,164.8553,ok
2024-03-22,173.107464,165.694407,481213984.62,460606748.26,20607236.36,277985694.0,175.439749,172.595276,173065334.73,170259359.85,2805974.88,98646593.0,173.71833,167.501866,654279319.35,630866108.11,23413211.24,376632287.0,20232.06,20296.1,20084.31,20228.43,,165.8119,ok
2024-03-25,173.678582,166.273332,485445558.01,464747290.87,20698267.14,279508015.0,177.024171,174.280889,176750199.33,174011162.8,2739036.53,99845235.0,174.559136,168.38091,662195757.34,638758453.67,23437303.67,379353250.0,20228.64,20285.38,20172.8,20192.25,,166.3715,ok
2024-03-26,170.808932,163.473789,472107556.1,451833578.89,20273977.21,276395122.0,172.704472,169.958342,170782377.95,168066811.25,2715566.7,98887062.0,171.308408,165.182472,642889934.05,619900390.14,22989543.91,375282184.0,20208.88,20397.07,19977.4,20126.49,,163.4319,ok
2024-03-27,171.597872,164.302318,479485303.58,459099789.01,20385514.57,279423806.0,174.556724,171.847197,173106382.7,170419368.45,2687014.25,99169129.0,172.372917,166.278633,652591686.28,629519157.46,23072528.82,378592935.0,20158.07,20255.1,20108.96,20200.12,,164.1711,ok
2024-03-28,171.92349,164.601487,482918018.68,462351153.4,20566865.28,280891238.0,174.300215,171.593059,173252302.83,170561422.2,2690880.63,99398789.0,172.544709,166.428918,656170321.51,632912575.6,23257745.91,380290027.0,20213.34,20222.2,20065.93,20146.55,,164.3544,ok
2024-03-29,172.312244,165.009533,476998720.36,456783188.78,20215531.58,276822302.0,175.281987,172.635944,172802954.54,170194335.2,2608619.34,98585689.0,173.092127,167.012301,649801674.9,626977523.98,22824150.92,375407991.0,20156.34,20335.92,20156.34,20294.45,,164.6368,ok
2024-04-01,173.343724,166.067154,483812426.65,463503095.91,20309330.74,279105823.0,177.664189,175.024474,176931075.75,174302253.05,2628822.7,99587360.0,174.479904,168.422717,660743502.4,637805348.96,22938153.44,378693183.0,20319.73,20387.23,20217.58,20222.33,,165.6617,ok
2024-04-02,174.340393,167.139885,490359719.91,470107159.5,20252560.41,281265696.0,178.093907,175.371993,178202916.5,175479336.75,2723579.75,100061209.0,175.325325,169.300012,668562636.41,645586496.25,22976140.16,381326905.0,20359.81,20466.57,20359.81,20466.57,,166.7161,ok
2024-04-03,174.355987,167.144629,493219090.62,472819563.39,20399527.23,282880501.0,178.241481,175.480992,179023843.12,176251237.85,2772605.27,100438934.0,175.37408,169.328957,672242933.74,649070801.24,23172132.5,383319435.0,20388.84,20403.73,20269.66,20337.6,,166.6995,ok
2024-04-04,,,,,,,,,,,,,,,,,,,,,,,,,data unavailable: TWSE MI_MARGN total 20240404: missing tables (keys=stat; stat='很抱歉，沒有符合條件的資料')
2024-04-05,,,,,,,,,,,,,,,,,,,,,,,,,data unavailable: TWSE MI_MARGN total 20240405: missing tables (keys=stat; stat='很抱歉，沒有符合條件的資料')
2024-04-08,174.324885,167.176498,494498197.3,474220744.16,20277453.14,283664720.0,178.667346,175.906392,180707101.89,177914627.5,2792474.39,101141650.0,175.466248,169.471044,675205299.19,652135371.66,23069927.53,384806370.0,20395.05,20487.83,20379.83,20417.7,,166.6316,ok
2024-04-09,174.279359,167.152375,495993413.22,475710247.7,20283165.52,284596762.0,177.25761,174.439536,179805927.24,176947339.9,2858587.34,101437635.0,175.061949,169.067211,675799340.46,652657587.6,23141752.86,386034397.0,20521.56,20820.81,20521.56,20796.2,,166.4158,ok
2024-04-10,173.868072,166.800733,494199908.64,474111813.69,20088094.95,284238447.0,176.767501,174.012592,180567102.93,177752976.85,2814126.08,102149491.0,174.634595,168.707334,674767011.57,651864790.54,22902221.03,386387938.0,20789.42,20883.69,20763.53,20763.53,,166.0106,ok
2024-04-11,172.922891,165.906323,491288623.83,471353957.88,19934665.95,284108496.0,175.255746,172.470247,179985743.91,177125067.55,2860676.36,102698912.0,173.542273,167.649071,671274367.74,648479025.43,22795342.31,386807408.0,20713.25,20770.83,20651.88,20753.22,,165.0813,ok
2024-04-12,173.818232,166.837183,498132900.56,478126425.62,20006474.94,286582653.0,176.490368,173.710505,180871110.87,178022247.8,2848863.07,102482143.0,174.522089,168.64766,679004011.43,656148673.42,22855338.01,389064796.0,20772.79,20825.04,20713.87,20736.57,,165.8376,ok
2024-04-15,170.366349,163.367504,486742913.24,466746955.52,19995957.72,285703671.0,172.80192,170.075445,176362914.61,173580254.4,2782660.21,102060738.0,171.007398,165.133054,663105827.85,640327209.92,22778617.93,387764409.0,20586.53,20623.77,20449.77,20449.77,,162.2668,ok
2024-04-16,165.657698,158.688145,463178695.19,443691833.8,19486861.39,279599862.0,167.630067,164.888957,167323143.31,164587052.03,2736091.28,99816904.0,166.176589,160.319454,630501838.5,608278885.83,22222952.67,379416766.0,20365.11,20365.11,19844.54,19901.96,,157.3938,ok
2024-04-17,169.043437,162.149933,479626684.15,460067758.11,19558926.04,283729847.0,172.233139,169.472952,173013155.61,170240467.73,2772687.88,100452884.0,169.877453,164.064695,652639839.76,630308225.84,22331613.92,384182731.0,19986.62,20264.99,19986.62,20213.33,,160.78,ok
2024-04-18,170.096778,163.1315,485868873.6,465973073.31,19895800.29,285642609.0,172.224614,169.454223,174374407.77,171569435.25,2804972.52,101248250.0,170.653626,164.786139,660243281.37,637542508.56,22700772.81,386890859.0,20126.57,20363.09,20057.81,20301.2,,161.7897,ok
2024-04-19,165.35594,158.355654,466365116.86,446621711.33,19743405.53,282037111.0,167.273227,164.551567,166980255.99,164263363.15,2716892.84,99824855.0,165.85715,159.975365,633345372.85,610885074.48,22460298.37,381861966.0,19992.06,19992.06,19291.88,19527.12,,157.0813,ok
2024-04-22,161.564752,154.500728,448492244.55,428883015.06,19609229.49,277592877.0,161.97565,159.247192,160042239.21,157346349.43,2695889.78,98806357.0,161.672615,155.746694,608534483.76,586229364.49,22305119.27,376399234.0,19466.44,19695.49,19395.31,19411.22,,153.4138,ok
2024-04-23,163.655099,156.625199,453484387.33,434004700.41,19479686.92,277097621.0,164.458551,161.726305,162498396.23,159798714.9,2699681.33,98808116.0,163.86629,157.966042,615982783.56,593803415.31,22179368.25,375905737.0,19564.38,19709.0,19509.74,19599.28,,155.4584,ok
2024-04-24,169.093866,162.102224,472133454.96,452611822.48,19521632.48,279213827.0,169.777624,167.012714,169086616.84,166332960.75,2753656.09,99592993.0,169.273634,163.393252,641220071.8,618944783.23,22275288.57,378806820.0,19770.46,20165.77,19770.46,20131.74,,161.0094,ok
2024-04-25,167.479898,160.590686,469771071.83,450447245.77,19323826.06,280494004.0,168.07652,165.304023,168554295.69,165773918.35,2780377.34,100284261.0,167.637028,161.832022,638325367.52,616221164.12,22104203.4,380778265.0,20003.0,20003.0,19848.57,19857.42,,159.5206,ok
2024-04-26,169.645656,162.787893,478324300.02,458988498.88,19335801.14,281954935.0,169.569291,166.77608,170944162.29,168128304.2,2815858.09,100810802.0,169.625544,163.838281,649268462.31,627116803.08,22151659.23,382765737.0,20094.17,20226.29,20087.61,20120.51,,162.0568,ok
2024-04-29,172.101458,165.296991,486426373.83,467194275.96,19232097.87,282639311.0,171.77859,169.020328,174010239.51,171216144.15,2794095.36,101299143.0,172.016271,166.279364,660436613.34,638410420.11,22026193.23,383938454.0,20235.93,20495.52,20235.93,20495.52,,164.2613,ok
2024-04-30,171.802095,165.108196,487730639.69,468727263.44,19003376.25,283890973.0,172.285111,169.549588,175732036.11,172941783.5,2790252.61,102000710.0,171.929768,166.282165,663462675.8,641669046.94,21793628.86,385891683.0,20508.48,20559.97,20396.6,20396.6,,164.0046,ok
2024-05-01,,,,,,,,,,,,,,,,,,,,,,,,,data unavailable: TWSE MI_MARGN total 20240501: missing tables (keys=stat; stat='很抱歉，沒有符合條件的資料')
2024-05-02,171.283923,164.598682,491741070.25,472548330.05,19192740.2,287091200.0,172.751924,170.073917,176611604.35,173873764.2,2737840.15,102234233.0,171.66941,166.036441,668352674.6,646422094.25,21930580.35,389325433.0,20360.67,20360.67,20222.44,20222.44,,163.5089,ok
2024-05-03,170.61695,163.932691,490961219.48,471726836.25,19234383.23,287756416.0,171.930881,169.260932,176844707.09,174098449.85,2746257.24,102858024.0,170.962939,165.335743,667805926.57,645825286.1,21980640.47,390614440.0,20381.98,20521.49,20272.34,20330.32,,162.9666,ok
2024-05-06,171.013779,164.310009,494545379.65,475159115.25,19386264.4,289184522.0,171.941443,169.287113,177812708.18,175067741.1,2744967.08,103414689.0,171.258135,165.62103,672358087.83,650226856.35,22131231.48,392599211.0,20479.8,20639.9,20479.8,20523.31,,163.4264,ok
2024-05-07,170.67906,163.944785,493581143.31,474106516.61,19474626.7,289186701.0,172.296888,169.647805,178171129.69,175431729.8,2739399.89,103409372.0,171.105194,165.446955,671752273.0,649538246.41,22214026.59,392596073.0,20634.62,20689.19,20493.8,20653.53,,163.0675,ok
2024-05-08,171.427059,164.735661,497852854.81,478419917.69,19432937.12,290416728.0,173.292156,170.653021,179665188.18,176928996.2,2736191.98,103677623.0,171.917725,166.29239,677518042.99,655348913.89,22169129.1,394094351.0,20604.18,20700.51,20547.48,20700.51,,163.9059,ok
2024-05-09,169.418512,162.727655,491285008.06,471882654.92,19402353.14,289983074.0,170.332072,167.750299,175434059.05,172774953.45,2659105.6,102995318.0,169.657946,164.044034,666719067.11,644657608.37,22061458.74,392978392.0,20710.05,20754.61,20560.77,20560.77,,161.9824,ok
2024-05-10,169.452384,162.717146,494747101.15,475082348.48,19664752.67,291968216.0,169.470695,166.834875,173817997.95,171114563.65,2703434.3,102565224.0,169.457144,163.787615,668565099.1,646196912.13,22368186.97,394533440.0,20582.12,20765.82,20574.01,20708.84,,162.0225,ok
2024-05-13,169.216088,162.452975,490007211.86,470422937.23,19584274.63,289574837.0,168.293502,165.637596,171632815.03,168924210.05,2708604.98,101984220.0,168.975794,163.282431,661640026.89,639347147.28,22292879.61,391559057.0,20905.16,20933.28,20816.42,20857.71,,161.8983,ok
2024-05-14,170.897197,164.205636,497048446.49,477586280.07,19462166.42,290846460.0,169.727002,167.050775,174136875.79,171391115.35,2745760.44,102598216.0,170.592046,164.947561,671185322.28,648977395.42,22207926.86,393444676.0,20835.95,20994.53,20816.77,20985.85,,163.6235,ok
2024-05-15,171.121004,164.44916,495638570.81,476314097.85,19324472.96,289642159.0,170.537007,167.839724,176998839.75,174199354.25,2799485.5,103789109.0,170.966943,165.343608,672637410.56,650513452.1,22123958.46,393431268.0,20984.7,21308.32,20984.7,21147.21,,163.9588,ok
2024-05-16,172.287359,165.526627,499588208.74,479983856.56,19604352.18,289973804.0,171.579783,168.880457,178464169.25,175656537.05,2807632.2,104012353.0,172.100559,166.412038,678052377.99,655640393.61,22411984.38,393986157.0,21319.02,21515.52,21249.88,21304.26,,165.1096,ok
2024-05-17,172.827987,166.119386,502666674.15,483154845.97,19511828.18,290847960.0,172.040665,169.388376,180525731.27,177742630.9,2783100.37,104932012.0,172.619246,166.986084,683192405.42,660897476.87,22294928.55,395779972.0,21346.75,21346.75,21218.34,21258.47,,165.6354,ok
2024-05-20,172.261598,165.393878,499644394.76,479724587.17,19919807.59,290049785.0,171.297136,168.65389,179893641.31,177117745.35,2775895.96,105018476.0,172.005221,166.260466,679538036.07,656842332.52,22695703.55,395068261.0,21278.38,21338.35,21102.18,21271.63,,165.0018,ok
2024-05-21,172.341219,165.525389,500550109.14,480754123.27,19795985.87,290441319.0,172.102125,169.508107,182798337.45,180043100.25,2755237.2,106215038.0,172.277195,166.591865,683348446.59,660797223.52,22551223.07,396656357.0,21239.26,21307.08,21131.62,21236.75,,165.0507,ok
2024-05-22,173.539687,166.744471,506057862.09,486242380.91,19815481.18,291609298.0,173.727001,171.139419,186066272.48,183294902.05,2771370.43,107102679.0,173.590003,167.925049,692124134.57,669537282.96,22586851.61,398711977.0,21248.99,21567.48,21248.99,21551.83,,166.2617,ok
2024-05-23,172.108654,165.38784,501886858.64,482288261.09,19598597.55,291610473.0,172.032218,169.457466,185113887.28,182343345.4,2770541.88,107604197.0,172.088051,166.484765,687000745.92,664631606.49,22369139.43,399214670.0,21668.84,21668.84,21475.99,21607.43,,164.9132,ok
2024-05-24,173.541612,166.926155,509904030.99,490466338.67,19437692.32,293822343.0,173.920824,171.377469,188276671.58,185523381.95,2753289.63,108254243.0,173.64371,168.124617,698180702.57,675989720.62,22190981.95,402076586.0,21442.67,21608.72,21381.25,21565.34,,166.3643,ok
2024-05-27,175.954102,169.473652,525354685.07,506005690.16,19348994.91,298574843.0,175.925262,173.460872,191392777.9,188711716.9,2681061.0,108792095.0,175.9464,170.538486,716747462.97,694717407.06,22030055.91,407366938.0,21699.98,21871.34,21699.98,21803.77,,168.7431,ok
2024-05-28,177.027903,170.533206,528529882.28,509139486.86,19390395.42,298557388.0,177.628288,175.165354,194327233.73,191632757.7,2694476.03,109401062.0,177.188906,171.775396,722857116.01,700772244.56,22084871.45,407958450.0,21812.2,21937.4,21812.2,21858.41,,169.7287,ok
2024-05-29,175.762415,169.27918,524987491.86,505622614.5,19364877.36,298691555.0,177.780511,175.278185,194995085.06,192250457.1,2744627.96,109683049.0,176.304444,170.890419,719982576.92,697873071.6,22109505.32,408374604.0,21846.41,21906.1,21662.5,21662.5,,168.5099,ok
2024-05-30,173.319192,166.890607,518280430.95,499056882.05,19223548.9,299032337.0,175.075696,172.560199,192844742.48,190073938.95,2770803.53,110149351.0,173.792033,168.416828,711125173.43,689130821.0,21994352.43,409181688.0,21481.39,21558.36,21364.24,21364.48,,166.1716,ok
2024-05-31,171.974425,165.467658,515119183.06,495629305.03,19489878.03,299532435.0,175.127795,172.61137,193529297.38,190748459.6,2780837.78,110507471.0,172.824272,167.392918,708648480.44,686377764.63,22270715.81,410039906.0,21400.83,21539.03,21174.22,21174.22,,165.0074,ok
2024-06-03,174.326149,167.766045,525136293.59,505374778.25,19761515.34,301237821.0,177.458095,175.030233,196550678.11,193861604.1,2689074.01,110758925.0,175.168124,169.718909,721686971.7,699236382.35,22450589.35,411996746.0,21388.71,21612.54,21372.08,21536.76,,167.1917,ok
2024-06-04,172.811749,166.118932,519522156.19,499401608.27,20120547.92,300628955.0,175.100716,172.698186,192465107.07,189824322.75,2640784.32,109916802.0,173.424582,167.880418,711987263.26,689225931.02,22761332.24,410545757.0,21513.85,21529.98,21308.97,21356.62,,165.6161,ok
2024-06-05,172.34855,165.647098,521104489.47,500842314.06,20262175.41,302355018.0,174.003916,171.640043,192034979.41,189426151.25,2608828.16,110362447.0,172.791202,167.249638,713139468.88,690268465.31,22871003.57,412717465.0,21385.0,21510.86,21264.63,21484.88,,165.2191,ok
2024-06-06,172.72489,166.018037,524426712.96,504063390.35,20363322.61,303619654.0,174.195909,171.818414,192135401.06,189513060.8,2622340.26,110298458.0,173.116878,167.563687,716562114.02,693576451.15,22985662.87,413918112.0,21856.13,21970.63,21847.68,21902.7,,165.409,ok
2024-06-07,174.131351,167.509919,530461720.61,510290647.18,20171073.43,304633093.0,175.319289,172.983101,194224530.93,191636424.4,2588106.53,110783321.0,174.448151,168.969508,724686251.54,701927071.58,22759179.96,415416414.0,21823.62,21920.85,21823.62,21858.38,,166.701,ok
2024-06-10,,,,,,,,,,,,,,,,,,,,,,,,,data unavailable: TWSE MI_MARGN total 20240610: missing tables (keys=stat; stat='很抱歉，沒有符合條件的資料')
2024-06-11,172.019668,165.435928,521921826.9,501946218.97,19975607.93,303408228.0,173.782426,171.419308,191080141.27,188481806.5,2598334.77,109953662.0,172.488559,167.027499,713001968.17,690428025.47,22573942.7,413361890.0,21984.42,22003.71,21792.12,21792.12,,164.6391,ok
2024-06-12,172.964281,166.361043,525144447.56,505096069.01,20048378.55,303614391.0,175.705642,173.311026,192835222.37,190207153.8,2628068.57,109749021.0,173.692119,168.206281,717979669.93,695303222.81,22676447.12,413363412.0,21841.81,22094.94,21841.81,22048.96,,165.4568,ok
2024-06-13,175.414683,168.891067,533894520.75,514039152.41,19855368.34,304361363.0,177.23094,174.844916,195771707.14,193136071.7,2635635.44,110461360.0,175.898327,170.476491,729666227.89,707175224.11,22491003.78,414822723.0,22217.64,22440.1,22211.08,22312.04,,167.6997,ok
2024-06-14,177.310611,170.803811,543513377.24,523567966.81,19945410.43,306531783.0,177.851968,175.429719,195979504.83,193310368.8,2669136.03,110192486.0,177.453759,172.027019,739492882.07,716878335.61,22614546.46,416724269.0,22311.93,22504.72,22252.02,22504.72,,169.3584,ok
2024-06-17,177.300887,170.768208,545428408.2,525332011.28,20096396.92,307628696.0,177.814812,175.445383,197856043.44,195219559.65,2636483.79,111270845.0,177.437399,172.01059,743284451.64,720551570.93,22732880.71,418899541.0,22468.11,22567.34,22431.26,22496.53,,169.3951,ok
2024-06-18,177.284428,170.77923,546238182.47,526194755.54,20043426.93,308114023.0,177.913767,175.535175,199034652.1,196373687.7,2660964.4,111871417.0,177.452065,172.04607,745272834.57,722568443.24,22704391.33,419985440.0,22690.34,22787.67,22642.94,22757.43,,169.2855,ok
2024-06-19,176.923921,170.403681,547495999.95,527318933.39,20177066.56,309452784.0,176.333432,173.89911,196384474.14,193673343.05,2711131.09,111371095.0,176.767648,171.328746,743880474.09,720992276.44,22888197.65,420823879.0,22858.45,23275.3,22858.45,23209.54,,168.9489,ok
2024-06-20,179.451584,172.940998,559366243.67,539072180.85,20294062.82,311708725.0,179.222883,176.790627,201486824.1,198752421.95,2734402.15,112422488.0,179.390963,173.961402,760853067.77,737824602.8,23028464.97,424131213.0,23196.69,23406.1,23180.7,23406.1,,171.3305,ok
2024-06-21,178.284132,171.929696,561965169.91,541935505.91,20029664.0,315207621.0,178.855973,176.403192,202335693.82,199560918.25,2774775.57,113127725.0,178.435161,173.111192,764300863.73,741496424.16,22804439.57,428335346.0,23193.9,23351.17,23151.15,23253.39,,170.2327,ok
2024-06-24,175.009878,168.706857,551667323.62,531798898.15,19868425.47,315220677.0,175.893619,173.446094,198904572.42,196136854.8,2767717.62,113082313.0,175.243207,169.95813,750571896.04,727935752.95,22636143.09,428302990.0,23124.31,23131.68,22813.7,22813.7,,167.043,ok
2024-06-25,175.559984,169.228031,556836491.24,536752969.42,20083521.82,317177342.0,175.969822,173.53979,198648058.27,195904853.85,2743204.42,112887571.0,175.667562,170.359823,755484549.51,732657823.27,22826726.24,430064913.0,22695.15,22875.97,22503.0,22875.97,,167.5111,ok
2024-06-26,176.63194,170.288503,560921462.06,540776915.04,20144547.02,317565136.0,176.716089,174.29906,200493088.59,197750850.7,2742237.89,113454915.0,176.65409,171.344179,761414550.65,738527765.74,22886784.91,431020051.0,22938.57,23074.74,22893.75,22986.69,,168.5408,ok
2024-06-27,175.201295,168.895077,557110241.65,537057542.35,20052699.3,317982947.0,175.150891,172.700806,199457848.79,196667747.05,2790101.74,113877724.0,175.188004,169.898613,756568090.44,733725289.4,22842801.04,431860671.0,22859.93,22922.56,22765.16,22905.98,,167.1772,ok
2024-06-28,176.25896,169.864444,560492375.13,540158218.44,20334156.69,317993692.0,177.6417,175.211876,203937824.79,201148316.2,2789508.59,114802901.0,176.625743,171.282895,764430199.92,741306534.64,23123665.28,432796593.0,22896.72,23142.4,22896.72,23032.25,,168.1169,ok
2024-07-01,175.696934,169.312842,562552230.02,542111433.71,20440796.31,320183294.0,177.998212,175.433815,205184063.85,202228004.55,2956059.3,115273104.0,176.306123,170.933173,767736293.87,744339438.26,23396855.61,435456398.0,23042.7,23187.88,23015.17,23058.57,,167.6823,ok
2024-07-02,174.612716,168.198228,562178487.84,541526570.1,20651917.74,321957358.0,177.828506,175.232488,205471089.7,202471533.8,2999555.9,115544518.0,175.462008,170.05598,767649577.54,743998103.9,23651473.64,437501876.0,23012.74,23041.9,22833.78,22879.37,,166.5777,ok
2024-07-03,176.137255,169.758696,573120528.14,552365788.18,20754739.96,325382912.0,178.853237,176.210862,208311687.01,205234092.9,3077594.11,116470739.0,176.853176,171.459459,781432215.15,757599881.08,23832334.07,441853651.0,23009.82,23172.43,22994.28,23172.43,,168.0526,ok
2024-07-04,178.045778,171.69285,581480021.83,560731983.26,20748038.57,326590178.0,180.113242,177.520171,211015221.81,207977258.75,3037963.06,117156973.0,178.591624,173.231364,792495243.64,768709242.01,23786001.63,443747151.0,23360.88,23571.82,23360.88,23522.53,,169.7496,ok
2024-07-05,178.664318,172.353293,587047450.57,566310957.4,20736493.17,328575653.0,182.900349,180.297106,214745678.96,211689177.7,3056501.26,117411301.0,179.779503,174.444595,801793129.53,778000135.1,23792994.43,445986954.0,23532.01,23628.86,23491.79,23556.59,,170.545,ok
2024-07-08,177.217823,170.91138,586040278.76,565185549.18,20854729.58,330689243.0,179.92548,177.30172,212128051.44,209034697.55,3093353.89,117897727.0,177.92945,172.590891,798168330.2,774220246.73,23948083.47,448586970.0,23550.64,24011.64,23505.86,23878.15,,168.8518,ok
2024-07-09,176.706112,170.315578,580853483.57,559847057.84,21006425.73,328711597.0,178.709251,176.112011,209341101.93,206298678.3,3042423.63,117140607.0,177.232405,171.838499,790194585.5,766145736.14,24048849.36,445852204.0,23888.2,24126.66,23607.92,23900.08,,168.2188,ok
2024-07-10,178.01653,171.690033,590988773.88,569985730.18,21003043.7,331985335.0,180.770927,178.208857,213190780.47,210169224.1,3021556.37,117934219.0,178.738521,173.398766,804179554.35,780154954.28,24024600.07,449919554.0,23744.88,24040.61,23682.49,24007.08,,169.3615,ok
2024-07-11,178.366453,172.058982,596710912.11,575609764.59,21101147.52,334542120.0,180.090738,177.495869,212512037.8,209450020.65,3062017.15,118002758.0,178.816066,173.47667,809222949.91,785059785.24,24163164.67,452544878.0,24242.03,24416.67,24151.8,24390.03,,169.6217,ok
2024-07-12,176.309691,169.880355,588318861.01,566865135.43,21453725.58,333684925.0,177.613382,174.924182,208261786.15,205108545.5,3153240.65,117255684.0,176.648683,171.191874,796580647.16,771973680.93,24606966.23,450940609.0,23955.67,24045.73,23774.22,23916.93,,167.43,ok
2024-07-15,175.844099,169.410961,589240230.54,567683273.59,21556956.95,335092411.0,178.016205,175.287526,208870398.55,205668779.35,3201619.2,117332239.0,176.407415,170.934995,798110629.09,773352052.94,24758576.15,452424650.0,23927.91,24018.31,23759.51,23879.36,,167.1567,ok
2024-07-16,176.274206,169.822528,592069901.48,570399999.85,21669901.63,335880055.0,178.146865,175.413524,209945530.51,206724296.2,3221234.31,117849691.0,176.760602,171.274708,802015431.99,777124296.05,24891135.94,453729746.0,23880.33,24174.18,23861.77,23997.25,,167.5962,ok
2024-07-17,175.712964,169.235943,598294820.21,576240854.03,22053966.18,340495549.0,180.305456,177.606116,212613368.44,209430348.8,3183019.64,117918433.0,176.894297,171.389014,810908188.65,785671202.83,25236985.82,458413982.0,23827.27,23993.68,23650.94,23769.82,,167.0889,ok
2024-07-18,172.775531,166.330072,587507911.4,565590698.07,21917213.33,340041155.0,176.722191,174.035485,207678653.73,204521317.1,3157336.63,117517021.0,173.789172,168.309093,795186565.13,770112015.17,25074549.96,457558176.0,23373.01,23450.91,23148.74,23398.47,,164.1251,ok
2024-07-19,168.430741,162.037862,567386689.18,545851223.86,21535465.32,336866469.0,172.386432,169.725165,200338814.07,197246023.55,3092790.52,116214955.0,169.445372,164.009648,767725503.25,743097247.41,24628255.84,453081424.0,23228.04,23235.82,22865.84,22869.26,,160.8522,ok
2024-07-22,163.626792,157.087798,542589056.3,520905648.38,21683407.92,331601598.0,167.863328,165.20434,192421526.26,189373531.25,3047995.01,114629877.0,164.715092,159.17281,735010582.56,710279179.63,24731402.93,446231475.0,22818.86,22818.86,22130.88,22256.99,,156.09,ok
2024-07-23,166.969986,160.409964,549160374.2,527584614.03,21575760.17,328897658.0,170.113835,167.362497,194612622.21,191465052.95,3147569.26,114401408.0,167.781314,162.204192,743772996.41,719049666.98,24723329.43,443299066.0,22514.75,22871.84,22514.75,22871.84,,159.4378,ok
2024-07-24,,,,,,,,,,,,,,,,,,,,,,,,,data unavailable: TWSE MI_MARGN total 20240724: missing tables (keys=stat; stat='很抱歉，沒有符合條件的資料')
2024-07-25,,,,,,,,,,,,,,,,,,,,,,,,,data unavailable: TWSE MI_MARGN total 20240725: missing tables (keys=stat; stat='很抱歉，沒有符合條件的資料')
2024-07-26,162.902288,156.444351,540590481.74,519159849.32,21430632.42,331849533.0,166.585995,163.767322,189865551.88,186652982.75,3212569.13,113974498.0,163.844024,158.316462,730456033.62,705812832.07,24643201.55,445824031.0,22206.93,22206.93,21889.61,22119.21,,155.6115,ok
2024-07-29,160.429874,153.797561,522159403.11,500572871.74,21586531.37,325475169.0,161.52426,158.596505,180715483.8,177439873.05,3275610.75,111881326.0,160.709832,155.025192,702874886.91,678012744.79,24862142.12,437356495.0,22321.37,22471.4,22128.14,22164.49,,152.2697,ok
2024-07-30,163.291844,156.62182,532244406.27,510503680.91,21740725.36,325946717.0,165.638087,162.703836,185737935.51,182447619.05,3290316.46,112134799.0,163.892407,158.178621,717982341.78,692951299.96,25031041.82,438081516.0,22040.04,22276.39,21833.85,22223.57,,155.0692,ok
2024-07-31,163.222855,156.482484,536764083.78,514598136.57,22165947.21,328853507.0,165.370546,162.419061,186640273.72,183309173.6,3331100.12,112861860.0,163.771608,157.999328,723404357.5,697907310.17,25497047.33,441715367.0,22088.78,22315.31,22046.29,22199.35,,155.1812,ok
2024-08-01,166.867469,160.073954,549324262.18,526960152.32,22364109.86,329197935.0,169.374446,166.425714,192641535.91,189287733.9,3353802.01,113737072.0,167.511212,161.704962,741965798.09,716247886.22,25717911.87,442935007.0,22546.4,22652.21,22465.06,22642.1,,158.9715,ok
2024-08-02,159.506568,152.666575,519760880.9,497472389.2,22288491.7,325855472.0,162.262854,159.214042,182409377.88,178982025.05,3427352.83,112415980.0,160.213552,154.345991,702170258.78,676454414.25,25715844.53,438271452.0,22141.2,22141.2,21636.22,21638.09,,151.8763,ok
2024-08-05,148.200627,140.899741,455818752.83,433363513.36,22455239.47,307568708.0,150.125827,146.572505,157172685.35,153452571.5,3720113.85,104693968.0,148.689531,142.340338,612991438.18,586816084.86,26175353.32,412262676.0,20982.92,20982.92,19783.5,19830.88,,139.4226,ok
2024-08-06,149.340223,141.722203,434971380.66,412782982.03,22188398.63,291262041.0,149.336407,145.723448,147633878.99,144062109.85,3571769.14,98859938.0,149.339256,142.73615,582605259.65,556845091.88,25760167.77,390121979.0,20344.39,20751.5,19662.74,20501.02,,140.5618,ok
2024-08-07,158.77453,150.989811,463072485.72,440368029.92,22704455.8,291654137.0,158.772085,155.024511,156459121.53,152766142.15,3692979.38,98543218.0,158.773913,152.008763,619531607.25,593134172.07,26397435.18,390197355.0,20638.28,21306.23,20638.28,21295.28,,149.5032,ok
2024-08-08,156.440932,148.632333,459547702.24,436609820.75,22937881.49,293751576.0,158.458249,154.679043,156813832.56,153073845.75,3739986.81,98962240.0,156.949287,150.156079,616361534.8,589683666.5,26677868.3,392713816.0,21047.16,21074.19,20723.26,20870.1,,147.5437,ok
2024-08-09,160.277664,152.237659,472753321.53,449038607.59,23714713.94,294958954.0,161.583252,157.693709,160575782.19,156710489.85,3865292.34,99376501.0,160.606685,153.612639,633329103.72,605749097.44,27580006.28,394335455.0,21212.0,21613.76,21212.0,21469.0,,151.886,ok
2024-08-12,163.468687,155.25871,479012893.74,454955166.56,24057727.18,293030367.0,164.073081,159.884764,163834286.13,159652064.1,4182222.03,99854458.0,163.622298,156.434454,642847179.87,614607230.66,28239949.21,392884825.0,21598.93,21897.98,21598.93,21773.26,,155.4365,ok
2024-08-13,164.301058,156.138963,482905344.2,458915729.54,23989614.66,293914933.0,165.735481,161.541818,166401832.25,162191308.65,4210523.6,100402057.0,164.666295,157.514653,649307176.45,621107038.19,28200138.26,394316990.0,21816.07,21866.63,21698.47,21796.57,,156.5112,ok
2024-08-14,165.502744,157.145223,484644172.54,460170719.73,24473452.81,292831503.0,167.177669,162.734054,166345206.09,161923717.9,4421488.19,99502049.0,165.927532,158.56264,650989378.63,622094437.63,28894941.0,392333552.0,21952.03,22155.29,21942.22,22027.25,,157.9805,ok
2024-08-15,164.420778,156.116245,482536805.72,458164927.52,24371878.2,293476780.0,168.578926,163.895541,169249535.93,164547520.25,4702015.68,100397802.0,165.480681,158.099171,651786341.65,622712447.77,29073893.88,393874582.0,22005.69,22089.04,21895.17,21895.17,,158.0289,ok
2024-08-16,167.302435,159.013554,490800156.32,466483807.83,24316348.49,293361035.0,171.489732,166.751757,173837682.3,169034837.4,4802844.9,101369149.0,168.377759,161.000772,664637838.62,635518645.23,29119193.39,394730184.0,22114.72,22374.94,22114.72,22349.33,,161.0827,ok
2024-08-19,168.111226,159.803493,496631858.21,472089269.25,24542588.96,295418617.0,173.092809,168.348187,176745508.92,171900763.4,4844745.52,102110255.0,169.390808,161.998305,673377367.13,643990032.65,29387334.48,397528872.0,22338.83,22485.91,22307.17,22409.63,,162.0234,ok
2024-08-20,168.39621,160.08908,497822679.32,473264657.86,24558021.46,295625821.0,173.994107,169.333728,178713079.09,173926303.95,4786775.14,102712145.0,169.839638,162.472829,676535758.41,647190961.81,29344796.6,398337966.0,22464.07,22545.89,22369.25,22429.1,,162.536,ok
2024-08-21,167.261924,158.956804,496876298.12,472204710.27,24671587.85,297064799.0,172.538666,168.015088,177928252.95,173263371.6,4664881.35,103123698.0,168.621676,161.291013,674804551.07,645468081.87,29336469.2,400188497.0,22316.78,22358.88,22165.82,22237.89,,161.4413,ok
2024-08-22,165.226422,156.791437,491726966.9,466623780.82,25103186.08,297607949.0,172.048823,167.494388,177654557.78,172951729.1,4702828.68,103258223.0,166.983789,159.548387,669381524.68,639575509.92,29806014.76,400866172.0,22254.59,22315.92,22096.26,22148.83,,161.2429,ok
2024-08-23,167.93643,159.524891,504955523.03,479663495.11,25292027.92,300682540.0,172.856095,168.255946,179222891.72,174453305.45,4769586.27,103683293.0,169.197879,161.763618,684178414.75,654116800.56,30061614.19,404365833.0,22042.59,22159.27,21935.98,22158.05,,162.2765,ok
2024-08-26,168.308584,159.973449,509074074.03,483863231.64,25210842.39,302464712.0,171.554807,166.986872,178713949.11,173955389.15,4758559.96,104173093.0,169.140207,161.770158,687788023.14,657818620.79,29969402.35,406637805.0,22250.49,22449.45,22164.53,22240.12,,161.9435,ok
2024-08-27,168.506645,160.29338,514017479.18,488963501.96,25053977.22,305042854.0,174.029154,169.503094,183058806.66,178297907.55,4760899.11,105188586.0,169.922687,162.654869,697076285.84,667261409.51,29814876.33,410231440.0,22179.21,22205.11,22059.51,22185.0,,163.1302,ok
2024-08-28,169.741383,161.622216,522351367.76,497365958.85,24985408.91,307733658.0,174.091799,169.568157,184014998.0,179233509.65,4781488.35,105699981.0,170.853627,163.653705,706366365.76,676599468.5,29766897.26,413433639.0,22210.57,22370.66,22108.86,22370.66,,163.4921,ok
2024-08-29,169.721098,161.713492,527867570.71,502962265.24,24905305.47,311020596.0,173.837327,169.462122,184663453.36,180015771.95,4647681.41,106227734.0,170.769054,163.686224,712531024.07,682978037.19,29552986.88,417248330.0,22136.31,22273.62,22010.89,22201.85,,163.5428,ok
2024-08-30,170.01333,161.980896,530886271.78,505804067.87,25082203.91,312261557.0,174.236011,169.869258,186422375.96,181750203.95,4672172.01,106994171.0,171.090959,163.994008,717308647.74,687554271.82,29754375.92,419255728.0,22230.07,22342.25,22230.07,22268.09,,163.8356,ok
2024-09-02,168.605335,160.560056,528162094.59,502959978.36,25202116.23,313253489.0,173.035247,168.640313,186085278.54,181358885.55,4726392.99,107541834.0,169.737479,162.625112,714247373.13,684318863.91,29928509.22,420795323.0,22341.9,22439.31,22178.04,22235.1,,162.5972,ok
2024-09-03,167.286436,159.221277,524771575.78,499471457.74,25300118.04,313696428.0,171.669752,167.137433,184216503.84,179352932.85,4863570.99,107308656.0,168.403686,161.239001,708988079.62,678824390.59,30163689.03,421005084.0,22240.11,22303.5,22092.21,22092.21,,161.3644,ok
2024-09-04,159.698456,151.443338,494642242.53,469073239.23,25569003.3,309735143.0,164.2206,159.591696,171792875.96,166950531.55,4842344.41,104611039.0,160.840174,153.500575,666435118.49,636023770.78,30411347.71,414346182.0,21574.65,21574.65,20922.17,21092.75,,153.785,ok
2024-09-05,159.780728,151.417557,495543677.11,469606150.97,25937526.14,310139829.0,164.080484,159.537557,171068465.3,166332060.75,4736404.55,104258874.0,160.862507,153.460473,666612142.41,635938211.72,30673930.69,414398703.0,21271.09,21488.81,21150.99,21187.71,,153.9291,ok
2024-09-06,161.200804,152.723845,499109759.59,472863408.01,26246351.58,309619895.0,164.301532,159.6604,171569889.83,166723443.9,4846445.93,104423792.0,161.982822,154.473277,670679649.42,639586851.91,31092797.51,414043687.0,21255.45,21461.71,21125.14,21435.19,,155.3467,ok
2024-09-09,160.804131,152.49607,500097900.09,474259983.19,25837916.9,310998167.0,165.656894,161.087906,174048604.72,169248164.95,4800439.77,105065718.0,162.029565,154.665707,674146504.81,643508148.14,30638356.67,416063885.0,21127.81,21163.91,20922.51,21144.44,,155.1382,ok
2024-09-10,158.07442,149.662439,488486838.36,462491854.64,25994983.72,309023332.0,162.441962,157.691112,169569645.79,164610336.45,4959309.34,104387834.0,159.17724,151.689708,658056484.15,627102191.09,30954293.06,413411166.0,21252.57,21324.43,20977.0,21064.08,,152.474,ok
2024-09-11,158.708938,150.188919,490685193.64,464343595.55,26341598.09,309173005.0,163.215607,158.330227,170134744.66,165042260.65,5092484.01,104239262.0,159.845266,152.241698,660819938.3,629385856.2,31434082.1,413412267.0,21089.18,21134.05,21031.0,21031.0,,153.1506,ok
2024-09-12,162.889198,154.328327,504478612.56,477965029.39,26513583.17,309706609.0,167.506802,162.843389,176364420.6,171454410.65,4910009.95,105287916.0,164.060727,156.488677,680843033.16,649419440.04,31423593.12,414994525.0,21373.64,21706.85,21373.64,21653.25,,157.5195,ok
2024-09-13,163.796955,155.195598,509638600.01,482876296.75,26762303.26,311140460.0,169.530239,164.820529,179982777.15,174982685.3,5000091.85,106165589.0,165.255543,157.644248,689621377.16,657858982.05,31762395.11,417306049.0,21754.36,21796.39,21643.22,21759.65,,158.5046,ok
2024-09-16,164.61082,156.09206,514034875.58,487433102.47,26601773.11,312272835.0,170.066185,165.273353,182825773.43,177673348.35,5152425.08,107502719.0,166.007916,158.44335,696860649.01,665106450.82,31754198.19,419775554.0,21800.0,21854.74,21736.7,21850.08,,159.4712,ok
2024-09-17,,,,,,,,,,,,,,,,,,,,,,,,,data unavailable: TWSE MI_MARGN total 20240917: missing tables (keys=stat; stat='很抱歉，沒有符合條件的資料')
2024-09-18,162.769647,154.172769,509668726.27,482749948.87,26918777.4,313122707.0,168.492254,163.651293,180853607.3,175657491.3,5196116.0,107336452.0,164.230537,156.592484,690522333.57,658407440.17,32114893.4,420459159.0,21813.54,21859.16,21584.63,21678.84,,157.7087,ok
2024-09-19,166.14855,157.680045,520960110.76,494407042.7,26553068.06,313550801.0,172.548692,167.874377,187766092.74,182679540.8,5086551.94,108819192.0,167.79748,160.306507,708726203.5,677086583.5,31639620.0,422369993.0,21675.4,22042.69,21656.66,22042.69,,161.3309,ok
2024-09-20,165.627963,157.24368,517275558.29,491090457.55,26185100.74,312311731.0,171.559622,166.967992,187869706.16,182841552.25,5028153.91,109506948.0,167.167861,159.768176,705145264.45,673932009.8,31213254.65,421818679.0,22246.24,22354.54,22136.53,22159.42,,160.8691,ok
2024-09-23,166.549055,158.303496,520910844.06,495121437.16,25789406.9,312767216.0,171.742921,167.196416,190320668.93,185282360.0,5038308.93,110817184.0,167.907863,160.630041,711231512.99,680403797.16,30827715.83,423584400.0,22170.94,22307.46,22170.94,22285.53,,161.77,ok
2024-09-24,166.57919,158.316972,522655141.52,496731792.58,25923348.94,313757764.0,170.612401,166.081135,190008111.26,184961718.05,5046393.21,111368289.0,167.635751,160.350914,712663252.78,681693510.63,30969742.15,425126053.0,22273.79,22431.78,22154.55,22431.78,,161.667,ok
2024-09-25,169.023001,160.696127,530924775.64,504768904.66,26155870.98,314113921.0,172.672598,168.235905,193815960.6,188836004.45,4979956.15,112244770.0,169.983807,162.681077,724740736.24,693604909.11,31135827.13,426358691.0,22569.29,22785.32,22569.29,22761.6,,164.0579,ok
2024-09-26,168.502622,160.117803,527743273.8,501482365.23,26260908.57,313195882.0,172.400318,167.978114,194493120.24,189504218.7,4988901.54,112814827.0,169.534798,162.199346,722236394.04,690986583.93,31249810.11,426010709.0,22841.42,22961.77,22769.24,22858.81,,163.574,ok
2024-09-27,168.856347,160.423123,528980675.36,502561694.7,26418980.66,313272604.0,171.286748,166.695535,193070763.39,187895646.85,5175116.54,112717864.0,169.499436,162.082815,722051438.75,690457341.55,31594097.2,425990468.0,22978.97,23079.21,22806.83,22822.79,,163.9834,ok
2024-09-30,166.108595,157.330932,525860037.77,498072060.23,27787977.54,316576056.0,170.033822,165.388611,191251957.07,186027080.0,5224877.07,112478773.0,167.137612,159.443291,717111994.84,684099140.23,33012854.61,429054829.0,22643.91,22691.23,22224.54,22224.54,,160.9899,ok
2024-10-01,166.588946,157.850868,528157879.87,500454450.94,27703428.93,317042572.0,171.67588,167.085543,193849546.95,188666322.0,5183224.95,112916006.0,167.92488,160.276084,722007426.82,689120772.94,32886653.88,429958578.0,22329.65,22446.86,22311.33,22390.39,,161.5494,ok
2024-10-02,,,,,,,,,,,,,,,,,,,,,,,,,data unavailable: TWSE MI_MARGN total 20241002: missing tables (keys=stat; stat='很抱歉，沒有符合條件的資料')
2024-10-03,,,,,,,,,,,,,,,,,,,,,,,,,data unavailable: TWSE MI_MARGN total 20241003: missing tables (keys=stat; stat='很抱歉，沒有符合條件的資料')
2024-10-04,165.118734,155.970912,523901633.42,494876709.22,29024924.2,317287821.0,169.816792,165.202355,191865996.67,186652416.0,5213580.67,112984113.0,166.352386,158.394976,715767630.09,681529125.22,34238504.87,430271934.0,22459.1,22493.05,22193.5,22302.71,,159.6522,ok
2024-10-07,167.640411,157.938546,534665408.5,503722679.73,30942728.77,318935873.0,172.519626,167.850465,196251977.5,190940512.55,5311464.95,113756320.0,168.923174,160.544425,730917386.0,694663192.28,36254193.72,432692193.0,22479.24,22719.07,22479.24,22702.56,,162.2588,ok
2024-10-08,165.765682,156.56732,531109870.39,501638507.43,29471362.96,320397965.0,171.88284,167.342837,195593271.49,190426996.35,5166275.14,113794531.0,167.368886,159.391401,726703141.88,692065503.78,34637638.1,434192496.0,22691.32,22691.32,22418.38,22611.39,,161.0308,ok
2024-10-09,164.603439,155.156486,525614752.67,495448566.58,30166186.09,319321854.0,169.695171,165.064931,193257105.73,187983963.7,5273142.03,113884859.0,165.941994,157.761297,718871858.4,683432530.28,35439328.12,433206713.0,22637.17,22885.95,22637.17,22659.08,,160.3341,ok
2024-10-10,,,,,,,,,,,,,,,,,,,,,,,,,data unavailable: TWSE MI_MARGN total 20241010: missing tables (keys=stat; stat='很抱歉，沒有符合條件的資料')
2024-10-11,164.992023,155.492663,526492887.81,496180237.26,30312650.55,319102025.0,169.913697,165.348465,192344771.69,187176863.1,5167908.59,113201452.0,166.280795,158.073468,718837659.5,683357100.36,35480559.14,432303477.0,22726.19,23011.11,22726.19,22901.64,,160.8942,ok
2024-10-14,166.73747,157.0839,532792825.97,501945813.62,30847012.35,319539948.0,170.897729,166.345449,193232281.07,188085065.55,5147215.52,113068958.0,167.824818,159.504548,726025107.04,690030879.17,35994227.87,432608906.0,22947.32,23015.55,22799.14,22975.29,,162.539,ok
2024-10-15,166.758443,157.128181,533659660.73,502840938.41,30818722.32,320019575.0,171.00261,166.386347,193020343.17,187809705.55,5210637.62,112875671.0,167.865092,159.54221,726680003.9,690650643.96,36029359.94,432895246.0,23083.7,23353.91,23082.06,23292.04,,162.7384,ok
2024-10-16,166.50265,156.865328,537700720.07,506578122.32,31122597.75,322938236.0,170.809295,166.077971,193799143.49,188431013.15,5368130.34,113459366.0,167.622338,159.26053,731499863.56,695009135.47,36490728.09,436397602.0,22990.64,23258.52,22866.73,23010.98,,162.4946,ok
2024-10-17,167.792364,158.142251,545218815.5,513862065.23,31356750.27,324936607.0,171.663116,166.958564,194585501.62,189252744.45,5332757.17,113353122.0,168.793441,160.422379,739804317.12,703114809.68,36689507.44,438289729.0,23114.21,23191.79,22950.7,23053.84,,163.8298,ok
2024-10-18,167.004146,157.230432,538224428.01,506725497.52,31498930.49,322282075.0,169.273103,164.5464,191653571.19,186301927.2,5351643.99,113221515.0,167.594026,159.132425,729877999.2,693027424.72,36850574.48,435503590.0,23620.57,23713.7,23378.36,23487.27,,162.9184,ok
2024-10-21,169.444293,159.448994,547320615.5,515034882.8,32285732.7,323009176.0,172.309679,167.5427,195422872.27,190016461.95,5406410.32,113413752.0,170.188925,161.552315,742743487.77,705051344.75,37692143.02,436422928.0,23602.98,23678.51,23480.06,23542.53,,165.0758,ok
2024-10-22,170.042434,160.165661,553411992.43,521267517.02,32144475.41,325455228.0,172.725627,168.03056,197171225.41,191811673.4,5359552.01,114152850.0,170.739178,162.207936,750583217.84,713079190.42,37504027.42,439608078.0,23428.11,23535.43,23269.86,23535.43,,165.7275,ok
2024-10-23,170.263818,160.290809,556903405.14,524283422.19,32619982.95,327082648.0,173.656964,168.908492,198925625.96,193486207.55,5439418.41,114550906.0,171.143932,162.526063,755829031.1,717769629.74,38059401.36,441633554.0,23402.24,23486.45,23318.84,23334.76,,165.7662,ok
2024-10-24,166.970105,156.977454,544395599.27,511815183.97,32580415.3,326043754.0,169.881369,165.08582,193382871.9,187923902.75,5458969.15,113834067.0,167.723499,159.075783,737778471.17,699739086.72,38039384.45,439877821.0,23446.64,23446.64,23150.77,23192.52,,162.5324,ok
2024-10-25,167.843493,157.841763,548783700.1,516081888.17,32701811.93,326961558.0,169.988087,165.110215,194882199.71,189289982.4,5592217.31,114644622.0,168.400247,159.728714,743665899.81,705371870.57,38294029.24,441606180.0,23255.07,23388.53,23222.77,23348.45,,163.3376,ok
2024-10-28,165.841516,155.904619,540094270.62,507732886.74,32361383.88,325668918.0,166.605358,161.837208,189476213.9,184053512.7,5422701.2,113727563.0,166.039219,157.440132,729570484.52,691786399.44,37784085.08,439396481.0,23455.69,23547.12,23164.42,23198.07,,161.6444,ok
2024-10-29,163.864667,153.802757,531859332.62,499201158.66,32658173.96,324572308.0,164.873233,160.042149,186555462.97,181089050.1,5466412.87,113150849.0,164.12538,155.415632,718414795.59,680290208.76,38124586.83,437723157.0,23048.45,23056.57,22711.1,22926.59,,159.293,ok
2024-10-30,163.734322,153.776269,533526292.66,501078098.51,32448194.15,325848781.0,162.994934,158.200148,183935094.88,178524317.55,5410777.33,112847124.0,163.544127,154.914237,717461387.54,679602416.06,37858971.48,438695905.0,22985.13,23116.33,22801.45,22820.43,,159.3279,ok
2024-10-31,,,,,,,,,,,,,,,,,,,,,,,,,data unavailable: TWSE MI_MARGN total 20241031: missing tables (keys=stat; stat='很抱歉，沒有符合條件的資料')
2024-11-01,164.718272,154.82388,536706684.0,504467477.1,32239206.9,325833120.0,165.253692,160.52177,187576818.98,182205690.05,5371128.93,113508398.0,164.856603,156.295988,724283502.98,686673167.15,37610335.83,439341518.0,22438.93,22828.98,22231.94,22780.08,,160.355,ok
2024-11-04,165.072642,155.200826,539509808.11,507245580.52,32264227.59,326831753.0,164.712822,159.971869,187048830.9,181664977.6,5383853.3,113560577.0,164.979858,156.431098,726558639.01,688910558.12,37648080.89,440392330.0,22839.18,23020.99,22792.77,22965.39,,160.7437,ok
2024-11-05,166.247262,156.198906,542905014.71,510090624.71,32814390.0,326564786.0,165.313708,160.553432,189205047.87,183756811.7,5448236.17,114452123.0,166.004987,157.328987,732110062.58,693847436.41,38262626.17,441016909.0,22870.11,23178.8,22849.83,23106.79,,161.6954,ok
2024-11-06,167.344767,157.186398,547561028.58,514322303.58,33238725.0,327205349.0,166.286578,161.339098,190642377.31,184970244.95,5672132.36,114646882.0,167.0702,158.263894,738203405.89,699292548.53,38910857.36,441852231.0,23112.95,23439.39,23035.3,23217.38,,162.9449,ok
2024-11-07,169.436048,159.054447,558994025.68,524743622.23,34250403.45,329914462.0,168.381543,163.500287,194772176.31,189125875.05,5646301.26,115673115.0,169.162302,160.208573,753766201.99,713869497.28,39896704.71,445587577.0,23180.01,23518.63,23132.94,23408.82,,164.9624,ok
2024-11-08,168.59976,158.122553,554149477.68,519713254.36,34436223.32,328677500.0,167.26396,162.439925,194142684.49,188543443.9,5599240.59,116069645.0,168.251145,159.249296,748292162.17,708256698.26,40035463.91,444747145.0,23608.11,23699.7,23509.13,23553.89,,163.9795,ok
2024-11-11,168.87739,158.538777,555354872.93,521356248.52,33998624.41,328850933.0,166.544417,161.757691,192769386.79,187228917.95,5540468.84,115746532.0,168.270024,159.37679,748124259.72,708585166.47,39539093.25,444597465.0,23477.75,23563.8,23306.66,23529.64,,164.1771,ok
2024-11-12,165.232994,154.883389,539541372.84,505746427.03,33794945.81,326533679.0,163.346352,158.572619,187636305.75,182152708.31,5483597.44,114870215.0,164.742017,155.843468,727177678.59,687899135.34,39278543.25,441403894.0,23276.76,23276.76,22981.77,22981.77,,160.4666,ok
2024-11-13,164.93853,154.902541,540622882.56,507727683.64,32895198.92,327772341.0,163.200899,158.414948,187455480.94,181958251.2,5497229.74,114861794.0,164.487622,155.813996,728078363.5,689685934.84,38392428.66,442634135.0,22894.91,23046.47,22860.23,22860.23,,160.3344,ok
2024-11-14,163.30087,153.322672,532435317.18,499901842.25,32533474.93,326045610.0,161.408842,156.590536,183787264.2,178300927.3,5486336.9,113864434.0,162.811145,154.168512,716222581.38,678202769.55,38019811.83,439910044.0,22821.04,22893.82,22619.71,22715.38,,158.6948,ok
2024-11-15,163.62588,153.656211,533504918.67,500998646.3,32506272.37,326051673.0,161.093188,156.242981,182539325.8,177043416.81,5495908.99,113312877.0,162.972694,154.323343,716044244.47,678042063.11,38002181.36,439364550.0,22767.11,22940.8,22690.77,22742.77,,159.1024,ok
2024-11-18,160.558083,150.619839,516884798.93,484890600.77,31994198.16,321930102.0,157.263976,152.375152,175347458.11,169896477.7,5450980.41,111498808.0,159.710679,151.07139,692232257.04,654787078.47,37445178.57,433428910.0,22693.96,22781.77,22503.69,22546.54,,156.0348,ok
2024-11-19,163.891003,153.92578,529076866.82,496906894.26,32169972.56,322822398.0,161.478042,156.574323,179538406.89,174086235.14,5452171.75,111184409.0,163.272848,154.604287,708615273.71,670993129.4,37622144.31,434006807.0,22614.74,22906.69,22578.75,22848.8,,159.4881,ok
2024-11-20,163.027892,153.017617,526104495.93,493800511.87,32303984.06,322708274.0,161.579849,156.835041,181087004.59,175769367.11,5317637.48,112072765.0,162.654632,154.001628,707191500.52,669569878.98,37621621.54,434781039.0,22872.91,22977.56,22622.47,22688.36,,158.5539,ok
2024-11-21,163.661237,153.667984,530896807.26,498479930.18,32416877.08,324387630.0,163.494205,158.884887,184615141.53,179410370.42,5204771.11,112918462.0,163.618107,155.01506,715511948.79,677890300.6,37621648.19,437306092.0,22671.66,22708.57,22490.28,22555.66,,159.2484,ok
2024-11-22,165.246862,155.391689,537095073.7,505063209.49,32031864.21,325025883.0,164.696024,160.198165,187079827.52,181970665.66,5109161.86,113590980.0,165.104209,156.636448,724174901.22,687033875.15,37141026.07,438616863.0,22799.53,23019.04,22799.53,22904.32,,161.0122,ok
2024-11-25,166.795817,157.128555,544984733.93,513398149.3,31586584.63,326737650.0,166.748697,162.283427,190837480.31,185727150.44,5110329.87,114446160.0,166.783594,158.465765,735822214.24,699125299.74,36696914.5,441183810.0,22996.05,23172.43,22948.37,22948.37,,162.7223,ok
2024-11-26,165.013022,155.376485,539769916.96,508248087.13,31521829.83,327107468.0,165.253012,160.821245,190686265.75,185572426.89,5113838.86,115390493.0,165.075604,156.796319,730456182.71,693820514.02,36635668.69,442497961.0,22789.6,22832.11,22645.13,22678.76,,160.9177,ok
2024-11-27,161.302263,151.613627,523883836.14,492416702.17,31467133.97,324783934.0,162.132375,157.763485,186201050.6,181183595.88,5017454.72,114845077.0,161.519115,153.220165,710084886.74,673600298.05,36484588.69,439629011.0,22665.58,22743.99,22334.78,22334.78,,157.1825,ok
2024-11-28,159.953535,150.085328,512127289.44,480532001.95,31595287.49,320172537.0,160.539466,156.128317,183046233.65,178016665.13,5029568.52,114019461.0,160.107401,151.672226,695173523.09,658548667.08,36624856.01,434191998.0,22380.45,22413.25,22124.31,22298.9,,155.7902,ok
2024-11-29,161.858786,152.039486,522043470.99,490373262.13,31670208.86,322530203.0,163.326278,159.006315,186923338.56,181979235.62,4944102.94,114447804.0,162.243133,153.86415,708966809.55,672352497.75,36614311.8,436978007.0,22202.28,22429.86,22055.38,22262.5,,157.7056,ok
2024-12-02,163.372945,153.612918,528677304.95,497093709.79,31583595.16,323601502.0,165.332699,161.067743,190190248.29,185284062.04,4906186.25,115034866.0,163.886902,155.567988,718867553.24,682377771.83,36489781.41,438636368.0,22456.5,22802.53,22456.5,22736.93,,159.2488,ok
2024-12-03,165.011907,155.318632,534892016.78,503470918.57,31421098.21,324153588.0,167.164308,162.98006,193898302.8,189044881.94,4853420.86,115992645.0,165.579134,157.337664,728790319.58,692515800.51,36274519.07,440146233.0,22972.3,23144.78,22972.3,23027.46,,160.8613,ok
2024-12-04,166.424134,157.485779,541619627.82,512530164.82,29089463.0,325445363.0,170.251791,166.092651,199471565.78,194598606.75,4872959.03,117162683.0,167.437352,159.764102,741091193.6,707128771.57,33962422.03,442608046.0,23126.08,23255.33,23034.7,23255.33,,163.1594,ok
2024-12-05,166.566591,157.704775,546497576.04,517422353.07,29075222.97,328095552.0,170.116544,165.977221,200230581.66,195358515.17,4872066.49,117702004.0,167.50387,159.888913,746728157.7,712780868.24,33947289.46,445797556.0,23308.29,23387.17,23225.31,23267.94,,162.9964,ok
2024-12-06,166.203015,157.335263,546072860.45,516937175.97,29135684.48,328557734.0,169.069104,165.020409,200042247.29,195251838.76,4790408.53,118319813.0,166.96187,159.37006,746115107.74,712189014.73,33926093.01,446877547.0,23278.68,23361.12,23137.62,23193.27,,162.5644,ok
2024-12-09,165.904639,157.014462,547771908.32,518418965.57,29352942.75,330172749.0,167.519433,163.571693,197817278.91,193155544.65,4661734.26,118086168.0,166.330029,158.741853,745589187.23,711574510.22,34014677.01,448258917.0,23287.79,23325.99,23172.22,23273.25,,162.2226,ok
2024-12-10,164.483642,155.440591,539585841.36,509920265.39,29665575.97,328048331.0,165.253701,161.269333,193999824.81,189322370.33,4677454.48,117395147.0,164.686588,156.976737,733585666.17,699242635.72,34343030.45,445443478.0,23228.26,23329.01,23071.43,23125.08,,160.6231,ok
2024-12-11,164.56248,155.013216,539369734.63,508071080.29,31298654.34,327759848.0,165.523396,161.486977,193313510.13,188599406.4,4714103.73,116789236.0,164.814926,156.713963,732683244.76,696670486.69,36012758.07,444549084.0,23108.36,23108.36,22880.57,22903.63,,160.2219,ok
2024-12-12,164.637787,155.111091,539530083.59,508310404.04,31219679.55,327707322.0,165.018998,160.929683,192661290.62,187886975.8,4774314.82,116750976.0,164.737924,156.639528,732191374.21,696197379.84,35993994.37,444458298.0,23050.64,23189.29,23030.48,23046.8,,160.2392,ok
2024-12-13,163.310736,153.781179,529395192.2,498503766.16,30891426.04,324164354.0,163.179656,159.060306,189842866.22,185050423.3,4792442.92,116339788.0,163.276117,155.175428,719238058.42,683554189.46,35683868.96,440504142.0,23002.37,23097.52,22920.84,23020.48,,158.9709,ok
2024-12-16,160.811202,151.236757,514925133.54,484267304.02,30657829.52,320204766.0,159.843243,155.638632,183741231.0,178907993.17,4833237.83,114950890.0,160.555506,152.399558,698666364.54,663175297.19,35491067.35,435155656.0,23207.21,23264.4,22959.91,23039.9,,156.4375,ok
2024-12-17,163.082039,153.459879,523306330.74,492430228.8,30876101.94,320885324.0,162.32085,158.010132,186538141.71,181584290.61,4953851.1,114919397.0,162.881318,154.659756,709844472.45,674014519.41,35829953.04,435804721.0,23131.57,23223.51,23018.01,23018.01,,158.6174,ok
2024-12-18,164.017943,154.373292,529293804.97,498170051.36,31123753.61,322704819.0,162.94212,158.633969,187599806.81,182639712.38,4960094.43,115132789.0,163.735047,155.49367,716893611.78,680809763.74,36083848.04,437837608.0,23014.43,23211.17,22934.59,23168.67,,159.4964,ok
2024-12-19,163.06574,153.568271,527709177.69,496973712.93,30735464.76,323617443.0,163.172246,158.893154,188248641.29,183311936.33,4936704.96,115368052.0,163.09373,154.967683,715957818.98,680285649.26,35672169.72,438985495.0,22947.56,22947.56,22743.3,22932.25,,158.5861,ok
2024-12-20,161.493953,152.085395,524322929.78,493776135.85,30546793.93,324670318.0,162.049974,157.859461,187784456.51,182928465.16,4855991.35,115880584.0,161.640206,153.60418,712107386.29,676704601.01,35402785.28,440550902.0,22798.39,22845.59,22510.25,22510.25,,157.1258,ok
2024-12-23,164.037303,154.561534,530428355.42,499787663.74,30640691.68,323358374.0,163.9789,159.757836,191042194.05,186124480.17,4917713.88,116504132.0,164.021834,155.937852,721470549.47,685912143.91,35558405.56,439862506.0,22811.56,23132.25,22811.56,23104.54,,159.6396,ok
2024-12-24,163.911567,154.502169,529812482.01,499398419.79,30414062.22,323230685.0,163.291597,159.084251,190766396.46,185851138.66,4915257.8,116825605.0,163.746978,155.718615,720578878.47,685249558.45,35329320.02,440056290.0,23260.74,23326.25,23120.24,23120.24,,159.4983,ok
2024-12-25,165.564907,156.237684,537769962.3,507474289.55,30295672.75,324809147.0,165.906968,161.732112,195135171.87,190224821.85,4910350.02,117617225.0,165.655843,157.698355,732905134.17,697699111.4,35206022.77,442426372.0,23226.35,23296.36,23159.36,23220.13,,161.0376,ok
2024-12-26,165.680004,156.452844,540661120.39,510550264.47,30110855.92,326328530.0,166.63617,162.493036,196826288.53,191932526.63,4893761.9,118117386.0,165.934118,158.058105,737487408.92,702482791.1,35004617.82,444445916.0,23276.08,23320.62,23241.94,23246.94,,161.3164,ok
2024-12-27,165.360485,156.119534,538210764.53,508133571.79,30077192.74,325477253.0,165.517281,161.354682,195381587.51,190467930.05,4913657.46,118043014.0,165.402216,157.51287,733592352.04,698601501.84,34990850.2,443520267.0,23251.28,23335.66,23204.35,23275.68,,160.7009,ok
2024-12-30,164.236496,155.126267,536135297.23,506395773.25,29739523.98,326441023.0,163.906521,159.762858,192929374.77,188051995.93,4877378.84,117706955.0,164.149047,156.355045,729064672.0,694447769.18,34616902.82,444147978.0,23274.26,23331.67,23159.7,23190.2,,159.5263,ok
2024-12-31,164.838212,155.730264,539941237.65,510107398.78,29833838.87,327558296.0,164.789119,160.590959,193578407.67,188646812.57,4931595.1,117470382.0,164.825253,157.0133,733519645.32,698754211.35,34765433.97,445028678.0,23094.07,23123.96,22972.99,23035.1,,160.0722,ok
2025-01-01,,,,,,,,,,,,,,,,,,,,,,,,,data unavailable: TWSE MI_MARGN total 20250101: missing tables (keys=stat; stat='很抱歉，沒有符合條件的資料')
2025-01-02,162.859648,153.852448,536693885.16,507011212.72,29682672.44,329543807.0,162.785661,158.615294,190522321.03,185641375.04,4880945.99,117038761.0,162.840258,155.100677,727216206.19,692652587.76,34563618.43,446582568.0,22975.71,23038.08,22713.63,22832.06,,158.2162,ok
2025-01-03,162.514552,153.552486,532836359.85,503452438.59,29383921.26,327869937.0,162.367689,158.16604,188065738.56,183199091.09,4866647.47,115827071.0,162.476214,154.756854,720902098.41,686651529.68,34250568.73,443697008.0,23018.56,23092.07,22905.4,22908.3,,157.9086,ok
2025-01-06,165.381686,156.417976,545341668.8,515784076.15,29557592.65,329747315.0,164.730485,160.483734,191644312.7,186703723.38,4940589.32,116338098.0,165.211854,157.478317,736985981.5,702487799.53,34498181.97,446085413.0,23131.79,23553.29,23131.79,23547.71,,160.7899,ok
2025-01-07,165.872846,156.951936,546009434.9,516644164.92,29365269.98,329173490.0,165.462912,161.143642,191450812.92,186453150.63,4997662.29,115706179.0,165.766228,158.042132,737460247.82,703097315.55,34362932.27,444879669.0,23824.72,23943.95,23651.27,23651.27,,161.3883,ok
2025-01-08,165.34656,156.629307,545857808.15,517079582.2,28778225.95,330129522.0,165.021033,160.711695,191024673.16,186036278.85,4988394.31,115757773.0,165.262049,157.689145,736882481.31,703115861.05,33766620.26,445887295.0,23522.29,23671.28,23388.63,23407.33,,160.85,ok
2025-01-09,161.261716,152.460465,525138842.24,496478111.05,28660731.19,325643838.0,160.710234,156.395179,183847420.18,178911133.28,4936286.9,114396834.0,161.118348,153.483368,708986262.42,675389244.33,33597018.09,440040672.0,23406.72,23463.96,23081.13,23081.13,,156.6996,ok
2025-01-10,160.24461,151.42767,517696347.6,489211782.71,28484564.89,323066309.0,160.471612,156.160593,182279743.12,177382855.54,4896887.58,113590024.0,160.303662,152.658873,699976090.72,666594638.25,33381452.47,436656333.0,23067.46,23202.25,22989.67,23011.86,,155.6535,ok
2025-01-13,155.845662,147.008396,491747634.81,463862966.94,27884667.87,315535016.0,154.938903,150.613388,170834057.49,166064788.64,4769268.85,110258982.0,155.610858,147.941906,662581692.3,629927755.58,32653936.72,425793998.0,23070.32,23070.32,22458.22,22488.33,,150.9632,ok
2025-01-14,158.326142,149.337594,498661913.54,470351702.3,28310211.24,314958672.0,157.95302,153.598462,174364839.27,169557828.77,4807010.5,110390317.0,158.229306,150.443412,673026752.81,639909531.07,33117221.74,425348989.0,22573.96,22797.52,22542.93,22797.52,,153.3423,ok
2025-01-15,157.016367,148.063644,494182189.27,466005023.01,28177166.26,314732916.0,157.625503,153.303906,173718745.85,168955921.61,4762824.24,110209796.0,157.174348,149.422717,667900935.12,634960944.62,32939990.5,424942712.0,22757.46,22777.34,22509.65,22514.57,,152.0724,ok
2025-01-16,160.055347,151.048159,500119017.08,471974591.35,28144425.73,312466298.0,162.122898,157.798138,179037702.42,174261725.34,4775977.08,110433322.0,160.595254,152.810806,679156719.5,646236316.69,32920402.81,422899620.0,22817.52,23147.69,22817.52,23025.1,,155.1693,ok
2025-01-17,159.583647,150.532443,494346368.03,466308220.73,28038147.3,309772573.0,161.081762,156.779526,177744699.41,172997423.03,4747276.38,110344397.0,159.977129,152.173249,672091067.44,639305643.76,32785423.68,420116970.0,23190.12,23209.88,22905.53,23148.08,,154.7685,ok
2025-01-20,162.233864,153.1572,501332878.79,473284296.9,28048581.89,309018640.0,163.282535,158.978139,179567090.44,174833407.49,4733682.95,109973238.0,162.509109,154.685028,680899969.23,648117704.39,32782264.84,418991878.0,23203.47,23346.64,23176.43,23266.82,,157.4409,ok
2025-01-21,162.320688,153.196798,499581664.72,471500660.02,28081004.7,307774487.0,163.560395,159.322555,180085631.39,175419623.24,4666008.15,110103446.0,162.647329,154.810827,679667296.11,646920283.26,32747012.85,417877933.0,23266.49,23377.64,23174.02,23300.01,,157.5426,ok
2025-01-22,163.57122,154.547557,499362570.89,471814453.22,27548117.67,305287551.0,166.039536,161.934043,182936020.87,178412745.66,4523275.21,110176182.0,164.225789,156.506368,682298591.76,650227198.88,32071392.88,415463733.0,23472.67,23642.08,23472.67,23525.41,,158.8217,ok
2025-01-23,,,,,,,,,,,,,,,,,,,,,,,,,data unavailable: TWSE MI_MARGN total 20250123: missing tables (keys=stat; stat='很抱歉，沒有符合條件的資料')
2025-01-24,,,,,,,,,,,,,,,,,,,,,,,,,data unavailable: TWSE MI_MARGN total 20250124: missing tables (keys=stat; stat='很抱歉，沒有符合條件的資料')
2025-01-27,,,,,,,,,,,,,,,,,,,,,,,,,data unavailable: TWSE MI_MARGN total 20250127: missing tables (keys=stat; stat='很抱歉，沒有符合條件的資料')
2025-01-28,,,,,,,,,,,,,,,,,,,,,,,,,data unavailable: TWSE MI_MARGN total 20250128: missing tables (keys=stat; stat='很抱歉，沒有符合條件的資料')
2025-01-29,,,,,,,,,,,,,,,,,,,,,,,,,data unavailable: TWSE MI_MARGN total 20250129: missing tables (keys=stat; stat='很抱歉，沒有符合條件的資料')
2025-01-30,,,,,,,,,,,,,,,,,,,,,,,,,data unavailable: TWSE MI_MARGN total 20250130: missing tables (keys=stat; stat='很抱歉，沒有符合條件的資料')
2025-01-31,,,,,,,,,,,,,,,,,,,,,,,,,data unavailable: TWSE MI_MARGN total 20250131: missing tables (keys=stat; stat='很抱歉，沒有符合條件的資料')
2025-02-03,158.69619,149.563659,484320358.34,456449047.87,27871310.47,305187136.0,160.297149,156.264175,174274182.3,169889554.86,4384627.44,108719452.0,159.116709,151.323661,658594540.64,626338602.73,32255937.91,413906588.0,22796.71,22796.71,22502.2,22694.71,,153.796,ok
2025-02-04,158.43957,149.323048,484365726.57,456495599.21,27870127.36,305710074.0,160.076916,156.090226,174829286.09,170475190.73,4354095.36,109215801.0,158.870548,151.104288,659195012.66,626970789.94,32224222.72,414925875.0,22836.27,22934.31,22720.62,22793.96,,153.5619,ok
2025-02-05,161.922198,152.811999,494836312.41,466995425.54,27840886.87,305601281.0,163.620129,159.668013,178790537.86,174471992.11,4318545.75,109271725.0,162.36941,154.617777,673626850.27,641467417.65,32159432.62,414873006.0,22916.38,23249.33,22916.38,23161.58,,157.2519,ok
2025-02-06,163.419592,154.309193,499957326.07,472085449.82,27871876.25,305934753.0,165.996989,162.116491,182965083.17,178687923.23,4277159.94,110221929.0,164.102233,156.377009,682922409.24,650773373.05,32149036.19,416156682.0,23226.5,23348.42,23216.65,23316.6,,158.8061,ok
2025-02-07,165.390863,156.301283,506153056.17,478335807.69,27817248.48,306034473.0,168.904798,165.064609,186945497.38,182695138.69,4250358.69,110680987.0,166.324176,158.628851,693098553.55,661030946.38,32067607.17,416715460.0,23289.97,23478.27,23254.17,23478.27,,160.7171,ok
2025-02-10,164.19188,155.22844,506896323.16,479224220.06,27672103.1,308721920.0,167.852365,164.032085,187118070.31,182859307.37,4258762.94,111477768.0,165.162996,157.564022,694014393.47,662083527.43,31930866.04,420199688.0,23421.77,23448.16,23163.85,23252.14,,159.547,ok
2025-02-11,165.405069,156.54007,511356707.19,483950189.86,27406517.33,309154193.0,168.367239,164.624999,188287504.69,184102503.95,4185000.74,111831438.0,166.191946,158.687766,699644211.88,668052693.81,31591518.07,420985631.0,23321.92,23485.51,23289.76,23384.05,,160.8978,ok
2025-02-12,165.174848,156.48776,514559057.95,487496704.17,27062353.78,311523857.0,166.863923,163.133258,186060715.16,181900856.67,4159858.49,111504459.0,165.620065,158.239422,700619773.11,669397560.84,31222212.27,423028316.0,23449.31,23528.61,23289.75,23289.75,,160.8446,ok
2025-02-13,166.911533,158.262264,522472618.97,495398358.45,27074260.52,313023678.0,168.377947,164.598368,187974483.12,183755020.58,4219462.54,111638422.0,167.297035,159.927947,710447102.09,679153379.03,31293723.06,424662100.0,23263.28,23413.1,23206.45,23399.41,,162.5591,ok
2025-02-14,166.515685,157.906767,522149966.17,495154633.49,26995332.68,313574044.0,168.361851,164.67558,189468566.41,185320165.02,4148401.39,112536519.0,167.00326,159.694421,711618532.58,680474798.51,31143734.07,426110563.0,23198.39,23276.24,23142.95,23152.61,,162.2181,ok
2025-02-17,168.101512,159.49271,529390137.94,502279049.28,27111088.66,314922889.0,170.229412,166.518468,192477761.56,188281810.5,4195951.06,113069627.0,168.663673,161.348817,721867899.5,690560859.78,31307039.72,427992516.0,23258.17,23510.68,23242.84,23505.33,,163.8519,ok
2025-02-18,169.021934,160.416227,534783718.25,507555344.64,27228373.61,316399005.0,171.751956,168.091099,196115238.77,191935083.09,4180155.68,114185156.0,169.745899,162.4515,730898957.02,699490427.73,31408529.29,430584161.0,23550.5,23666.11,23454.09,23666.11,,164.6787,ok
2025-02-19,169.107053,160.593808,539946718.14,512764535.95,27182182.19,319292844.0,172.115959,168.432269,196775690.3,192564223.76,4211466.54,114327394.0,169.900375,162.66048,736722408.44,705328759.71,31393648.73,433620238.0,23589.44,23683.46,23550.99,23604.08,,164.8865,ok
2025-02-20,168.347618,159.951827,540920537.33,513943878.78,26976658.55,321311666.0,170.67662,167.00752,195905017.23,191693572.81,4211444.42,114781402.0,168.960621,161.808913,736825554.56,705637451.59,31188102.97,436093068.0,23530.97,23576.71,23400.75,23487.46,,164.1792,ok
2025-02-21,169.792963,161.36806,546366357.58,519256380.61,27109976.97,321783865.0,171.908095,168.220241,197608121.83,193368938.32,4239183.51,114949864.0,170.349673,163.171578,743974479.41,712625318.93,31349160.48,436733729.0,23526.13,23732.58,23488.42,23730.25,,165.5309,ok
2025-02-24,169.582708,161.203232,548489104.0,521386981.2,27102122.8,323434570.0,172.524155,168.852965,199998640.84,195742813.47,4255827.37,115925008.0,170.358809,163.221614,748487744.84,717129794.67,31357950.17,439359578.0,23573.8,23605.22,23461.43,23565.31,,165.3148,ok
2025-02-25,167.031019,158.726916,541987298.35,515041894.11,26945404.24,324483022.0,170.16572,166.501047,196994356.95,192751905.29,4242451.66,115766182.0,167.855308,160.771171,738981655.3,707793799.4,31187855.9,440249204.0,23376.42,23376.42,23209.53,23285.72,,162.7873,ok
2025-02-26,167.635033,159.239665,545506683.48,518187038.31,27319645.17,325413294.0,170.23511,166.631397,197855082.06,193666681.34,4188400.72,116224604.0,168.319288,161.184926,743361765.54,711853719.65,31508045.89,441637898.0,23221.84,23431.24,23156.02,23402.55,,163.3545,ok
2025-02-27,164.879343,156.407687,534678355.76,507206079.3,27472276.46,324284623.0,167.618191,164.00649,193105544.39,188944662.78,4160881.61,115205601.0,165.59729,158.399597,727783900.15,696150742.08,31633158.07,439490224.0,23446.46,23487.73,23053.18,23053.18,,160.692,ok
2025-02-28,,,,,,,,,,,,,,,,,,,,,,,,,data unavailable: TWSE MI_MARGN total 20250228: missing tables (keys=stat; stat='很抱歉，沒有符合條件的資料')
2025-03-03,161.784776,153.159539,524264206.62,496314092.73,27950113.89,324050396.0,163.923715,160.312369,187619734.96,183486350.89,4133384.07,114455517.0,162.343066,155.026517,711883941.58,679800443.62,32083497.96,438505913.0,22734.05,22775.02,22611.1,22756.25,,157.6273,ok
2025-03-04,162.95152,154.34341,531403646.94,503331609.57,28072037.37,326111501.0,165.68735,162.176504,189602388.22,185584792.89,4017595.33,114433835.0,163.662165,156.378095,721006035.16,688916402.46,32089632.7,440545336.0,22508.8,22700.94,22359.5,22596.88,,158.8905,ok
2025-03-05,164.775547,156.103244,540518749.12,512070704.68,28448044.44,328033352.0,167.445065,164.011018,192783637.91,188829934.61,3953703.3,115132469.0,165.469076,158.157648,733302387.03,700900639.29,32401747.74,443165821.0,22778.86,22948.3,22757.22,22871.9,,160.8051,ok
2025-03-06,163.992688,155.234374,538895550.2,510114897.05,28780653.15,328609499.0,167.291338,163.841434,193412817.63,189424233.88,3988583.75,115614365.0,164.851199,157.47446,732308367.83,699539130.93,32769236.9,444223864.0,22930.11,22979.97,22715.43,22715.43,,159.9985,ok
2025-03-07,162.232958,153.284994,531883127.51,502547094.7,29336032.81,327851463.0,164.33806,160.85332,188234069.27,184242621.73,3991447.54,114540764.0,162.777995,155.244526,720117196.78,686789716.43,33327480.35,442392227.0,22696.23,22747.11,22542.08,22576.07,,158.3068,ok
2025-03-10,161.535025,152.583843,528617396.56,499324985.13,29292411.43,327246302.0,163.080354,159.59491,186137352.17,182159121.84,3978230.33,114138428.0,161.934634,154.396847,714754748.73,681484106.97,33270641.76,441384730.0,22548.98,22641.25,22407.57,22459.15,,157.7441,ok
2025-03-11,159.374403,150.425844,519252468.4,490097465.19,29155003.21,325806691.0,160.733128,157.182214,181306548.92,177301127.05,4005421.87,112799739.0,159.723837,152.163431,700559017.32,667398592.24,33160425.08,438606430.0,22126.06,22140.39,21769.57,22071.09,,155.4606,ok
2025-03-12,160.61444,151.576755,526324674.76,496708677.46,29615997.3,327694493.0,161.040897,157.4858,180999035.02,177003347.43,3995687.59,112393211.0,160.723352,153.085855,707323709.78,673712024.89,33611684.89,440087704.0,22171.1,22391.47,22153.61,22278.36,,156.7594,ok
2025-03-13,158.684392,149.794787,517969004.57,488952036.99,29016967.58,326414588.0,159.355812,155.74875,178102976.46,174071567.47,4031408.99,111764343.0,158.855648,151.313438,696071981.03,663023604.46,33048376.57,438178931.0,22403.34,22552.43,21961.68,21961.68,,155.0496,ok
2025-03-14,159.581166,150.470053,519747135.32,490072736.84,29674398.48,325694534.0,160.65772,157.002019,178892247.04,174821627.09,4070619.95,111349923.0,159.85545,152.134263,698639382.36,664894363.93,33745018.43,437044457.0,21986.81,22074.03,21895.9,21968.05,,155.8012,ok
2025-03-17,160.104579,150.745434,520917432.67,490466449.75,30450982.92,325360733.0,162.240647,158.578493,181478302.56,177381909.64,4096392.92,111857482.0,160.651069,152.749436,702395735.23,667848359.39,34547375.84,437218215.0,22137.53,22306.83,22110.08,22118.63,,156.4011,ok
2025-03-18,161.650182,152.240577,524863832.1,494311676.02,30552156.08,324691148.0,163.450509,159.840092,183061772.26,179018166.08,4043606.18,111998288.0,162.111914,154.189634,707925604.36,673329842.1,34595762.26,436689436.0,22204.62,22327.1,22186.42,22271.67,,158.0064,ok
2025-03-19,159.582884,150.124213,517511494.59,486837959.87,30673534.72,324290100.0,161.050182,157.433475,180156629.63,176110848.72,4045780.91,111863661.0,159.959213,151.998875,697668124.22,662948808.59,34719315.63,436153761.0,22245.42,22247.66,21942.69,21960.83,,155.9293,ok
2025-03-20,161.499288,152.027168,523642750.62,492930496.13,30712254.49,324238426.0,163.914755,160.313544,184438954.53,180386826.25,4052128.28,112521264.0,162.121579,154.161965,708081705.15,673317322.38,34764382.77,436759690.0,22171.0,22377.26,22171.0,22377.26,,158.3348,ok
2025-03-21,160.771854,151.594207,521092888.47,491346346.28,29746542.19,324119474.0,163.847221,160.245422,184605137.37,180547024.0,4058113.37,112669068.0,161.565141,153.825777,705698025.84,671893370.28,33804655.56,436788542.0,22362.38,22366.95,22200.23,22209.1,,157.5034,ok
2025-03-24,158.853666,149.710861,514303248.71,484702585.36,29600663.35,323759132.0,162.072694,158.484308,182799882.41,178752583.64,4047298.77,112788822.0,159.685351,151.977615,697103131.12,663455169.0,33647962.12,436547954.0,22348.38,22380.73,22106.64,22106.64,,155.6393,ok
2025-03-25,159.351221,150.266572,513550422.58,484272797.83,29277624.75,322275801.0,162.387016,158.807248,183392146.61,179349327.72,4042818.89,112935228.0,160.138995,152.482837,696942569.19,663622125.55,33320443.64,435211029.0,22269.37,22414.02,22228.68,22273.19,,156.2522,ok
2025-03-26,159.971682,150.932649,514893561.27,485800037.55,29093523.72,321865442.0,162.691976,159.093924,183946165.82,179878061.95,4068103.87,113064068.0,160.678848,153.05425,698839727.09,665678099.5,33161627.59,434929510.0,22327.61,22398.12,22235.89,22260.29,,156.9896,ok
2025-03-27,157.949252,148.8697,507209136.18,478052734.07,29156402.11,321121581.0,160.379223,156.769969,180754639.89,176686847.7,4067792.19,112704524.0,158.580539,150.922126,687963776.07,654739581.77,33224194.3,433826105.0,22093.2,22093.2,21919.4,21951.76,,154.9184,ok
2025-03-28,154.314045,145.162507,487667262.54,458746335.84,28920926.7,316022604.0,156.469053,152.789125,172640853.01,168580586.81,4060266.2,110335462.0,154.871731,147.136169,660308115.55,627326922.65,32981192.9,426358066.0,21836.16,21836.16,21525.05,21602.89,,151.0227,ok
2025-03-31,147.42466,137.926638,442737075.55,414213174.52,28523901.03,300314124.0,149.723761,145.77858,155961353.05,151851812.89,4109540.16,104166067.0,148.016749,139.948754,598698428.6,566064987.41,32633441.19,404480191.0,21254.63,21254.63,20695.9,20695.9,,143.0569,ok
2025-04-01,151.243642,141.654115,452155204.2,423486532.26,28668671.94,298958157.0,153.659895,149.72258,159625042.71,155534879.75,4090162.96,103882046.0,151.866731,143.734763,611780246.91,579021412.01,32758834.9,402840203.0,20884.53,21315.52,20884.53,21280.17,,146.9619,ok
2025-04-02,152.482299,142.893843,455642499.58,426990595.19,28651904.39,298816651.0,155.438561,151.537878,161584858.61,157529935.62,4054922.99,103954165.0,153.245303,145.124847,617227358.19,584520530.81,32706827.38,402770816.0,21313.77,21390.52,21235.99,21298.22,,148.3405,ok
2025-04-03,,,,,,,,,,,,,,,,,,,,,,,,,data unavailable: TWSE MI_MARGN total 20250403: missing tables (keys=stat; stat='很抱歉，沒有符合條件的資料')
2025-04-04,,,,,,,,,,,,,,,,,,,,,,,,,data unavailable: TWSE MI_MARGN total 20250404: missing tables (keys=stat; stat='很抱歉，沒有符合條件的資料')
2025-04-07,139.677079,131.590003,398433047.78,375364420.41,23068627.37,285252992.0,142.781928,138.689,143156679.2,139053009.03,4103670.17,100262464.0,140.484569,133.436266,541589726.98,514417429.44,27172297.54,385515456.0,20153.57,20153.57,19212.02,19232.35,,133.8655,ok
2025-04-08,135.311916,126.41609,347466142.56,324622637.43,22843505.13,256789020.0,135.588205,131.136028,123033539.97,118993607.93,4039932.04,90740592.0,135.384055,127.648474,470499682.53,443616245.36,26883437.17,347529612.0,19064.47,19064.47,18180.48,18459.95,,126.0646,ok
2025-04-09,130.299977,120.698486,291591842.25,270105142.49,21486699.76,223785029.0,128.99193,124.729239,103172830.28,99763362.15,3409468.13,79983942.0,129.955562,121.759804,394764672.53,369868504.64,24896167.89,303768971.0,18337.44,18371.52,17306.97,17391.76,,118.1854,ok
2025-04-10,144.222746,133.815756,320797141.54,297648695.04,23148446.5,222431725.0,143.013254,138.315684,110313286.41,106689815.58,3623470.83,77135009.0,143.911316,134.974436,431110427.95,404338510.62,26771917.33,299566734.0,18256.47,19024.47,18256.47,19000.03,,131.1919,ok
2025-04-11,148.13441,137.675798,316942194.47,294565386.29,22376808.18,213955822.0,144.585282,139.821568,107887290.57,104332681.31,3554609.26,74618446.0,147.21669,138.230643,424829485.04,398898067.6,25931417.44,288574268.0,18772.5,19528.77,18418.2,19528.77,,135.9238,ok
2025-04-14,150.938774,140.469028,321203639.46,298923606.86,22280032.6,212803927.0,148.007903,143.13101,109557144.7,105947212.49,3609932.21,74021145.0,150.182403,141.156007,430760784.16,404870819.35,25889964.81,286825072.0,19686.68,20023.63,19508.93,19513.09,,140.0016,ok
2025-04-15,155.951346,145.489308,333727797.72,311339578.18,22388219.54,213994817.0,155.338678,150.278938,115340972.18,111584050.26,3756921.92,74251290.0,155.793525,146.723102,449068769.9,422923628.44,26145141.46,288246107.0,19609.9,19895.43,19576.15,19857.67,,145.7098,ok
2025-04-16,151.991364,141.510485,326097138.01,303610433.38,22486704.63,214549780.0,152.251079,147.280151,112612779.72,108936024.59,3676755.13,73965177.0,152.057946,142.989626,438709917.73,412546457.97,26163459.76,288514957.0,19737.09,19737.09,19453.14,19468.0,,142.6619,ok
2025-04-17,152.361974,141.804244,329132379.78,306325567.78,22806812.0,216020028.0,151.999605,147.122292,112882254.59,109260126.06,3622128.53,74264834.0,152.269268,143.164783,442014634.37,415585693.84,26428940.53,290284862.0,19389.52,19478.0,19196.47,19338.73,,143.2589,ok
2025-04-18,152.565214,142.018564,329509267.76,306730687.43,22778580.33,215979291.0,152.473903,147.554797,113617362.2,109951844.16,3665518.04,74515940.0,152.541792,143.438682,443126629.96,416682531.59,26444098.37,290495231.0,19423.98,19499.28,19376.35,19395.03,,143.8199,ok
2025-04-21,148.741765,137.955575,316056422.09,293137206.04,22919216.05,212486669.0,146.613205,141.732287,107850891.95,104260414.53,3590477.42,73561513.0,148.194374,138.926812,423907314.04,397397620.57,26509693.47,286048182.0,19321.14,19359.96,19080.6,19106.2,,140.3584,ok
2025-04-22,147.03763,135.993198,310149485.37,286853240.04,23296245.33,210932049.0,145.579908,140.625778,106046839.32,102438032.28,3608807.04,72844420.0,146.663438,137.182365,416196324.69,389291272.32,26905052.37,283776469.0,18990.86,19059.65,18793.43,18793.43,,138.8093,ok
2025-04-23,152.957604,141.773679,321812199.35,298281996.07,23530203.28,210393071.0,152.011561,147.0915,110491191.68,106914993.67,3576198.01,72686045.0,152.714689,143.139132,432303391.03,405196989.74,27106401.29,283079116.0,19163.61,19639.14,19163.61,19639.14,,145.2874,ok
2025-04-24,152.648645,141.514321,320705473.74,297312938.28,23392535.46,210093888.0,152.395414,147.508375,110709605.53,107159352.81,3550252.72,72646284.0,152.583581,143.054412,431415079.27,404472291.09,26942788.18,282740172.0,19752.59,19752.59,19433.37,19478.81,,145.4043,ok
2025-04-25,155.651012,144.457617,325068742.94,301691941.47,23376801.47,208844606.0,156.11878,151.207283,113261295.82,109698095.38,3563200.44,72548156.0,155.771611,146.197803,438330038.76,411390036.85,26940001.91,281392762.0,19861.24,20012.27,19861.24,19872.73,,148.8255,ok
2025-04-28,157.223013,146.058666,327266293.83,304027237.45,23239056.38,208154193.0,158.366563,153.489818,115169948.14,111623401.23,3546546.91,72723652.0,157.519096,147.982707,442436241.97,415650638.68,26785603.29,280877845.0,19972.07,20073.75,19972.07,20034.41,,150.8667,ok
2025-04-29,159.584369,148.368938,333545651.33,310104394.43,23441256.9,209008974.0,161.4167,156.555308,118284470.68,114722093.68,3562377.0,73278955.0,160.060022,150.494033,451830122.01,424826488.11,27003633.9,282287929.0,20018.32,20232.63,20007.3,20232.63,,153.7498,ok
2025-04-30,157.858107,146.658538,330980575.2,307498476.14,23482099.06,209669672.0,158.935016,154.100546,116908047.56,113351949.63,3556097.93,73557137.0,158.137792,148.59131,447888622.76,420850425.77,27038196.99,283226809.0,20215.39,20331.89,20185.31,20235.03,,152.4833,ok
2025-05-01,,,,,,,,,,,,,,,,,,,,,,,,,data unavailable: TWSE MI_MARGN total 20250501: missing tables (keys=stat; stat='很抱歉，沒有符合條件的資料')
2025-05-02,161.571803,150.089254,338252479.22,314213627.78,24038851.44,209351182.0,162.323368,157.573515,119219962.54,115731387.37,3488575.17,73445964.0,161.766994,152.033011,457472441.76,429945015.15,27527426.61,282797146.0,20534.08,20787.64,20534.08,20787.64,,156.7478,ok
2025-05-05,158.207918,146.907072,330444731.67,306840951.32,23603780.35,208867379.0,156.848783,152.065126,115047912.35,111539120.61,3508791.74,73349573.0,157.854672,148.247676,445492644.02,418380071.93,27112572.09,282216952.0,20839.04,20885.54,20320.8,20532.99,,153.9658,ok
2025-05-06,159.547589,148.136121,334224830.94,310319761.65,23905069.29,209482846.0,158.407851,153.517207,116108327.49,112523628.28,3584699.21,73297079.0,159.252167,149.530908,450333158.43,422843389.93,27489768.5,282779925.0,20353.88,20623.85,20349.56,20522.59,,155.4376,ok
2025-05-07,158.878764,147.20343,332755295.79,308302504.65,24452791.14,209439756.0,157.014725,152.152707,115365377.17,111793046.63,3572330.54,73474241.0,158.394663,148.488783,448120672.96,420095551.28,28025121.68,282913997.0,20575.15,20685.28,20418.03,20546.49,,154.7395,ok
2025-05-08,160.778831,149.021623,336940042.4,312300765.34,24639277.06,209567416.0,160.26954,155.584124,117651758.74,114212256.22,3439502.52,73408683.0,160.646713,150.724045,454591801.14,426513021.56,28078779.58,282976099.0,20559.65,20747.28,20543.4,20543.4,,156.9239,ok
2025-05-09,162.219101,150.46354,340364518.34,315699260.27,24665258.07,209817781.0,162.008583,157.426925,120454277.58,117047788.99,3406488.59,74350553.0,162.164021,152.285458,460818795.92,432747049.26,28071746.66,284168334.0,20690.8,20915.04,20643.56,20915.04,,158.5507,ok
2025-05-12,165.025596,153.217683,346738570.54,321928729.12,24809841.42,210111994.0,164.216418,159.669703,122316978.12,118930347.47,3386630.65,74485231.0,164.813817,154.906316,469055548.66,440859076.59,28196472.07,284597225.0,20996.95,21176.13,20996.95,21129.54,,161.5726,ok
2025-05-13,166.245134,154.51771,349960088.66,325272869.03,24687219.63,210508471.0,165.290255,160.689481,123611439.62,120170775.09,3440664.53,74784469.0,165.994829,156.13553,473571528.28,445443644.12,28127884.16,285292940.0,21474.02,21626.28,21330.14,21330.14,,163.1762,ok
2025-05-14,169.305261,157.600443,358947046.63,334131457.76,24815588.87,212011750.0,167.943437,163.394822,126164766.47,122747693.38,3417073.09,75123368.0,168.948966,159.116431,485111813.1,456879151.14,28232661.96,287135118.0,21552.42,21782.87,21552.42,21782.87,,166.2323,ok
2025-05-15,168.542853,157.01962,359522795.16,334942311.2,24580483.96,213312394.0,167.304445,162.74051,126292293.27,122847137.98,3445155.29,75486514.0,168.219157,158.514952,485815088.43,457789449.18,28025639.25,288798908.0,21776.65,21821.01,21674.32,21730.25,,165.6136,ok
2025-05-16,168.751644,157.326465,365196321.23,340471031.4,24725289.83,216410527.0,167.368857,162.786233,126662687.52,123194614.08,3468073.44,75678767.0,168.393371,158.741061,491859008.75,463665645.48,28193363.27,292089294.0,21731.88,21854.5,21697.85,21843.69,,165.8478,ok
2025-05-19,165.484024,154.271378,358332364.72,334052957.6,24279407.12,216535926.0,163.715693,159.113019,123801261.88,120320735.25,3480526.63,75619667.0,165.026321,155.524557,482133626.6,454373692.85,27759933.75,292155593.0,21786.33,21786.33,21496.69,21523.83,,162.6223,ok
2025-05-20,166.346918,155.114917,361697183.17,337274830.27,24422352.9,217435458.0,163.927223,159.282278,124323684.69,120800921.85,3522762.84,75840780.0,165.721189,156.19259,486020867.86,458075752.12,27945115.74,293276238.0,21631.61,21746.56,21517.1,21526.03,,163.478,ok
2025-05-21,168.495939,157.211584,367079265.14,342495569.85,24583695.29,217856446.0,166.27911,161.68978,127008166.24,123502720.16,3505446.08,76382515.0,167.920465,158.374094,494087431.38,465998290.01,28089141.37,294238961.0,21603.58,21879.24,21603.58,21803.91,,165.6266,ok
2025-05-22,167.419057,156.322306,368397377.7,343979525.41,24417852.29,220045068.0,165.519311,161.043446,126779767.6,123351472.48,3428295.12,76595152.0,166.928526,157.541347,495177145.3,467330997.89,27846147.41,296640220.0,21733.82,21733.82,21585.31,21670.96,,164.5698,ok
2025-05-23,166.999206,155.862251,366640669.63,342189890.71,24450778.92,219546355.0,165.247435,160.826559,127309945.4,123904013.33,3405932.07,77042010.0,166.544165,157.151783,493950615.03,466093904.04,27856710.99,296588365.0,21766.24,21798.88,21559.78,21652.24,,164.0321,ok
2025-05-26,166.125278,155.098877,366568300.0,342237693.21,24330606.79,220657750.0,164.251472,159.855154,126790073.82,123396439.42,3393634.4,77192656.0,165.639651,156.331542,493358373.82,465634132.63,27724241.19,297850406.0,21577.64,21688.45,21536.57,21536.57,,163.288,ok
2025-05-27,164.873996,153.757247,363711399.05,339187894.34,24523504.71,220599614.0,162.63587,158.265022,125467118.63,122095182.58,3371936.05,77146031.0,164.294097,154.925214,489178517.68,461283076.92,27895440.76,297745645.0,21491.65,21558.47,21310.0,21336.54,,161.9729,ok
2025-05-28,164.613201,153.459236,362554594.73,337988391.23,24566203.5,220246367.0,161.867701,157.506228,124303211.05,120953900.7,3349310.35,76793091.0,163.903412,154.505497,486857805.78,458942291.93,27915513.85,297039458.0,21539.15,21634.37,21305.73,21357.72,,161.7105,ok
2025-05-29,165.002538,153.900867,364954944.71,340400113.19,24554831.52,221181413.0,162.793651,158.457394,124739695.43,121417063.82,3322631.61,76624423.0,164.434199,155.073246,489694640.14,461817177.01,27877463.13,297805836.0,21531.29,21605.26,21347.3,21347.3,,162.089,ok
2025-05-30,,,,,,,,,,,,,,,,,,,,,,,,,data unavailable: TWSE MI_MARGN total 20250530: missing tables (keys=stat; stat='很抱歉，沒有符合條件的資料')
2025-06-02,162.115427,151.065315,359132265.14,334653089.72,24479175.42,221528741.0,158.935413,154.694855,121557255.86,118313984.92,3243270.94,76482172.0,161.299301,151.996808,480689521.0,452967074.64,27722446.36,298010913.0,21253.97,21256.1,20940.98,21002.71,,159.1493,ok
2025-06-03,163.124423,151.998685,361904100.39,337220795.21,24683305.18,221857705.0,160.146073,155.936183,122697614.86,119472163.0,3225451.86,76616062.0,162.359902,153.009413,484601715.25,456692958.21,27908757.04,298473767.0,21126.7,21303.21,21110.63,21126.93,,160.0266,ok
2025-06-04,166.247371,155.166225,370650172.53,345944646.5,24705526.03,222950998.0,163.053422,158.83266,125255406.56,122013075.04,3242331.52,76818631.0,165.428893,156.105781,495905579.09,467957721.54,27947857.55,299769629.0,21341.44,21618.09,21341.44,21618.09,,163.2382,ok
2025-06-05,166.36137,155.195754,370040667.57,345204782.68,24835884.89,222431847.0,163.679214,159.499612,126703757.22,123468335.1,3235422.12,77409803.0,165.668921,156.306877,496744424.79,468673117.78,28071307.01,299841650.0,21695.93,21738.93,21626.74,21674.43,,163.2949,ok
2025-06-06,165.716476,154.522556,368475740.32,343585709.53,24890030.79,222353111.0,163.83902,159.742823,127422534.15,124236798.6,3185735.55,77773008.0,165.229963,155.875307,495898274.47,467822508.13,28075766.34,300126119.0,21637.77,21702.46,21606.7,21660.66,,162.6425,ok
2025-06-09,165.798556,154.66262,368759436.53,343991539.38,24767897.15,222414142.0,164.246312,160.168101,127907307.88,124731389.16,3175918.72,77875300.0,165.396006,156.090379,496666744.41,468722928.54,27943815.87,300289442.0,21773.45,21866.27,21717.52,21790.29,,162.6726,ok
2025-06-10,167.699232,156.462068,369990929.07,345198635.27,24792293.8,220627683.0,166.225656,162.166882,129949462.83,126776454.2,3173008.63,78176538.0,167.313698,157.954626,499940391.9,471975089.47,27965302.43,298804221.0,21921.24,22294.86,21921.24,22242.14,,164.5795,ok
2025-06-11,168.827724,157.704899,375111338.06,350397992.52,24713345.54,222185864.0,168.521461,164.477906,131623240.8,128465032.8,3158208.0,78104735.0,168.748066,159.466539,506734578.86,478863025.32,27871553.54,300290599.0,22376.37,22470.1,22294.6,22470.1,,165.7443,ok
2025-06-12,167.210296,156.201093,374016985.97,349391534.98,24625450.99,223680596.0,168.83281,164.871494,133010082.22,129889273.24,3120808.98,78782129.0,167.63291,158.459462,507027068.19,479280808.22,27746259.97,302462725.0,22362.67,22390.17,22253.64,22287.82,,165.6273,ok
2025-06-13,164.796348,153.837918,368005865.4,343534652.46,24471212.94,223309479.0,165.826932,161.844546,130272702.67,127144162.3,3128540.37,78559436.0,165.064551,155.921591,498278568.07,470678814.76,27599753.31,301868915.0,22215.5,22228.01,21984.36,22072.95,,163.0311,ok
2025-06-16,165.248606,154.269182,370847620.81,346207816.55,24639804.26,224418003.0,166.332378,162.271626,131572774.98,128360625.61,3212149.37,79102323.0,165.531054,156.354748,502420395.79,474568442.16,27851953.63,303520326.0,22058.57,22094.6,21936.38,22049.9,,163.4264,ok
2025-06-17,165.817242,154.820883,371907572.38,347244099.49,24663472.89,224287636.0,166.331188,162.266129,131274567.94,128066277.16,3208290.78,78923604.0,165.951018,156.758825,503182140.32,475310376.65,27871763.67,303211240.0,22172.59,22331.69,22118.46,22211.59,,163.953,ok
2025-06-18,166.126256,154.92476,373374578.53,348198822.83,25175755.7,224753502.0,166.930099,162.903574,132018546.56,128834124.45,3184422.11,79086125.0,166.335488,157.001558,505393125.09,477032947.28,28360177.81,303839627.0,22135.83,22370.25,22104.68,22356.73,,164.1235,ok
2025-06-19,162.056951,150.852585,364686700.46,339472827.22,25213873.24,225036136.0,164.616509,160.623193,130268867.45,127108767.36,3160100.09,79134753.0,162.722859,153.394559,494955567.91,466581594.58,28373973.33,304170889.0,22238.1,22249.4,21973.04,22003.5,,161.7844,ok
2025-06-20,160.448225,149.192874,359601923.69,334376056.01,25225867.68,224123342.0,162.858946,158.81213,128223025.9,125036863.26,3186162.64,78732565.0,161.074933,151.693564,487824949.59,459412919.27,28412030.32,302855907.0,21960.51,22089.48,21779.55,22045.74,,160.1015,ok
2025-06-23,161.366266,150.046156,362166506.6,336759928.05,25406578.55,224437558.0,162.797148,158.766087,128245167.57,125069656.63,3175510.94,78776053.0,161.738015,152.311627,490411674.17,461829584.68,28582089.49,303213611.0,21750.7,21801.32,21551.58,21732.02,,159.8207,ok
2025-06-24,164.681949,153.407773,369412064.26,344122002.03,25290062.23,224318492.0,167.274268,163.274912,133570251.37,130376723.44,3193527.93,79851045.0,165.362488,155.998109,502982315.63,474498725.47,28483590.16,304169537.0,22001.48,22201.05,22001.48,22188.76,,162.9823,ok
2025-06-25,165.641092,154.281874,371350000.78,345883823.18,25466177.6,224189539.0,168.031286,164.054852,134704972.62,131517199.99,3187772.63,80166602.0,166.270663,156.856051,506054973.4,477401023.17,28653950.23,304356141.0,22341.87,22444.51,22284.52,22430.61,,163.9372,ok
2025-06-26,165.623638,154.271087,372187819.11,346676476.82,25511342.29,224719022.0,167.817569,163.840735,134700906.49,131508850.1,3192056.39,80266272.0,166.201038,156.789634,506888725.6,478185326.92,28703398.68,304985294.0,22425.39,22587.67,22391.27,22492.34,,163.9066,ok
2025-06-27,165.779769,154.421006,373383125.22,347799964.8,25583160.42,225228402.0,167.088012,163.17006,134511619.09,131357532.39,3154086.7,80503453.0,166.124248,156.724754,507894744.31,479157497.19,28737247.12,305731855.0,22503.85,22580.08,22388.59,22580.08,,164.15,ok
2025-06-30,166.298442,154.932785,376321149.7,350601503.26,25719646.44,226292649.0,166.171951,162.250247,134005918.1,130843341.58,3162576.52,80642923.0,166.265208,156.855343,510327067.8,481444844.84,28882222.96,306935572.0,22508.33,22558.95,22256.02,22256.02,,162.757,ok
2025-07-01,167.123512,155.655006,376297668.36,350475017.62,25822650.74,225161417.0,166.545854,162.670195,134098991.24,130978397.08,3120594.16,80517760.0,166.971354,157.50285,510396659.6,481453414.7,28943244.9,305679177.0,22419.74,22730.76,22401.58,22553.72,,163.486,ok
2025-07-02,167.476212,156.107036,377350694.28,351734122.26,25616572.02,225315996.0,166.726355,162.922482,135265702.07,132179606.17,3086095.9,81130366.0,167.27769,157.911396,512616396.35,483913728.43,28702667.92,306446362.0,22463.55,22577.74,22396.26,22577.74,,163.8922,ok
2025-07-03,168.343408,157.086245,380188704.37,354765396.48,25423307.89,225841159.0,168.675372,164.852237,137382518.24,134268655.17,3113863.07,81447882.0,168.431396,159.144644,517571222.61,489034051.65,28537170.96,307289041.0,22707.41,22816.2,22700.86,22712.97,,164.7885,ok
2025-07-04,165.87427,154.635951,371145688.82,345999814.63,25145874.19,223751212.0,165.897072,162.06191,134236022.46,131132791.73,3103230.73,80915245.0,165.880326,156.608184,505381711.28,477132606.36,28249104.92,304666457.0,22756.55,22842.75,22500.97,22547.5,,162.1131,ok
2025-07-07,164.266368,153.024848,363939090.87,339033027.65,24906063.22,221554232.0,162.935538,159.107024,130834972.29,127760728.69,3074243.6,80298610.0,163.912342,154.642823,494774063.16,466793756.34,27980306.82,301852842.0,22550.14,22550.5,22294.11,22428.72,,160.4895,ok
2025-07-08,163.858178,152.693097,363912803.54,339116264.1,24796539.44,222090108.0,163.286918,159.417145,131079551.16,127973068.23,3106482.93,80275599.0,163.706513,154.478276,494992354.7,467089332.33,27903022.37,302365707.0,22375.65,22375.65,22190.46,22362.27,,160.0116,ok
2025-07-09,165.764543,154.616816,369022316.96,344205428.8,24816888.16,222618366.0,165.716958,161.857304,133548739.34,130438303.96,3110435.38,80588457.0,165.751895,156.541244,502571056.3,474643732.76,27927323.54,303206823.0,22253.17,22527.01,22211.1,22527.01,,162.0313,ok
2025-07-10,166.275883,155.087131,372784512.87,347699737.74,25084775.13,224196382.0,166.619919,162.798215,134922818.54,131828140.15,3094678.39,80976404.0,166.367171,157.133237,507707331.41,479527877.89,28179453.52,305172786.0,22566.51,22699.29,22513.35,22693.25,,162.3629,ok
2025-07-11,166.994456,155.747575,374165853.95,348966223.23,25199630.72,224058848.0,167.403807,163.605421,136573919.96,133475063.33,3098856.63,81583521.0,167.103722,157.845029,510739773.91,482441286.56,28298487.35,305642369.0,22602.81,22770.01,22601.95,22751.03,,163.1252,ok
2025-07-14,163.80491,152.635627,367640308.19,342572202.58,25068105.61,224437905.0,164.769353,160.883014,134430367.28,131259620.19,3170747.09,81586997.0,164.062033,154.834401,502070675.47,473831822.77,28238852.7,306024902.0,22679.18,22735.23,22525.66,22614.97,,161.2653,ok
2025-07-15,165.405207,154.360034,375011241.56,349969321.48,25041920.08,226722755.0,167.381386,163.517052,137543926.25,134368450.37,3175475.88,82173968.0,165.930918,156.796021,512555167.81,484337771.85,28217395.96,308896723.0,22618.43,22888.23,22588.26,22835.94,,163.025,ok
2025-07-16,166.085821,155.176226,376803159.07,352052280.31,24750878.76,226872563.0,167.929625,164.095814,139163014.62,135985941.55,3177073.07,82869842.0,166.57912,157.562611,515966173.69,488038221.86,27927951.83,309742405.0,22967.51,23106.43,22923.12,23042.9,,163.6307,ok
2025-07-17,167.630758,156.778292,382166594.02,357425011.88,24741582.14,227981188.0,169.928626,166.116894,142500687.93,139304202.23,3196485.7,83859142.0,168.248694,159.2896,524667281.95,496729214.11,27938067.84,311840330.0,23042.97,23159.54,22923.37,23113.28,,165.0848,ok
2025-07-18,168.810107,158.023766,385075038.55,360470170.56,24604867.99,228111365.0,169.736722,165.95571,142395649.27,139223680.18,3171969.09,83892070.0,169.059257,160.156522,527470687.82,499693850.74,27776837.08,312003435.0,23345.72,23468.21,23276.02,23383.13,,166.2277,ok
2025-07-21,168.263389,157.533562,386126092.71,361503587.59,24622505.12,229477188.0,169.363958,165.553052,142205179.09,139005380.1,3199798.99,83964251.0,168.558208,159.681811,528331271.8,500508967.69,27822304.11,313441439.0,23314.29,23403.83,23243.79,23340.56,,165.5388,ok
2025-07-22,164.691782,153.712793,369822107.51,345168341.19,24653766.32,224554075.0,164.334594,160.515014,136274740.18,133107346.87,3167393.31,82925169.0,164.595451,155.547308,506096847.69,478275688.06,27821159.63,307479244.0,23301.66,23486.08,22985.9,22987.92,,161.6487,ok
2025-07-23,167.636987,156.797914,382185250.24,357473915.78,24711334.46,227983846.0,166.508514,162.713477,139134870.25,135963729.56,3171140.69,83560214.0,167.334316,158.384546,521320120.49,493437645.34,27882475.15,311544060.0,23063.57,23318.67,23063.57,23318.67,,165.91,ok
2025-07-24,170.152964,159.326051,390037084.42,365218840.51,24818243.91,229227323.0,168.098823,164.367613,141668270.08,138523726.64,3144543.44,84276777.0,169.600766,160.681333,531705354.5,503742567.15,27962787.35,313504100.0,23373.67,23455.09,23295.31,23373.73,,166.8284,ok
2025-07-25,169.521163,158.74416,389188219.16,364446278.63,24741940.53,229580905.0,167.819614,164.130385,141164700.55,138061434.3,3103266.25,84116926.0,169.064899,160.188456,530352919.71,502507712.93,27845206.78,313697831.0,23454.59,23485.56,23308.45,23364.38,,166.0089,ok
2025-07-28,170.554717,159.728887,392358589.55,367453927.97,24904661.58,230048512.0,169.304208,165.674525,143828767.11,140745246.93,3083520.18,84952860.0,170.217467,161.332369,536187356.66,508199174.9,27988181.76,315001372.0,23477.1,23564.44,23350.73,23412.98,,166.776,ok
2025-07-29,169.155312,158.393716,388246845.55,363546729.54,24700116.01,229520930.0,167.687024,164.047297,142098113.61,139013805.43,3084308.18,84740077.0,168.75939,159.918197,530344959.16,502560534.97,27784424.19,314261007.0,23414.36,23422.17,23094.67,23201.52,,165.156,ok
2025-07-30,165.575741,154.858249,380463283.41,355836412.09,24626871.32,229782020.0,168.515548,164.910404,144262866.33,141176572.52,3086293.81,85608045.0,166.373709,157.58676,524726149.74,497012984.61,27713165.13,315390065.0,23288.72,23461.72,23264.64,23461.72,,165.5501,ok
2025-07-31,170.180865,159.61634,393654692.17,369217310.35,24437381.82,231315484.0,170.386095,166.844468,147370290.07,144307067.64,3063222.43,86491970.0,170.236719,161.583491,541024982.24,513524377.99,27500604.25,317807454.0,23523.59,23631.11,23454.44,23542.52,,165.9968,ok
2025-08-01,171.019762,160.561911,397771932.11,373448197.77,24323734.34,232588286.0,171.607274,168.179315,149213307.15,146232681.5,2980625.65,86950456.0,171.179631,162.634702,546985239.26,519680879.27,27304359.99,319538742.0,23318.37,23484.21,23168.27,23434.38,,166.728,ok
2025-08-04,169.866123,159.351682,396485335.06,371943528.59,24541806.47,233410481.0,170.818648,167.39476,148869951.87,145886003.48,2983948.39,87150878.0,170.125086,161.538351,545355286.93,517829532.07,27525754.86,320561359.0,23260.18,23378.94,23151.65,23378.94,,165.3679,ok
2025-08-05,171.360262,160.843397,403359648.51,378604323.73,24755324.78,235386924.0,171.751034,168.331933,150357177.24,147363970.87,2993206.37,87543681.0,171.466197,162.873474,553716825.75,525968294.6,27748531.15,322930605.0,23498.4,23671.84,23498.4,23660.59,,166.8259,ok
2025-08-06,170.741394,160.247748,403011469.25,378242668.7,24768800.55,236036183.0,171.174454,167.815079,151313849.33,148344247.37,2969601.96,88397448.0,170.859389,162.309596,554325318.58,526586916.07,27738402.51,324433631.0,23443.36,23557.49,23433.53,23447.36,,166.0993,ok
2025-08-07,172.003933,161.683818,408535018.24,384023204.03,24511814.21,237514928.0,172.902587,169.524353,154092605.89,151081888.51,3010717.38,89121053.0,172.249127,163.82307,562627624.13,535105092.54,27522531.59,326635981.0,23717.35,24050.54,23717.35,24003.77,,167.2746,ok
2025-08-08,172.92502,162.808919,412623253.91,388484824.51,24138429.4,238613969.0,173.145543,169.73749,155057786.91,152005757.75,3052029.16,89553438.0,172.985199,164.699654,567681040.82,540490582.26,27190458.56,328167407.0,24026.65,24131.46,23967.99,24021.26,,168.0515,ok
2025-08-11,173.874322,163.850338,421661833.15,397352716.16,24309116.99,242509549.0,173.704374,170.314769,156477018.55,153423581.74,3053436.81,90082371.0,173.828291,165.601226,578138851.7,550776297.9,27362553.8,332591920.0,23980.39,24249.05,23887.25,24135.5,,168.7737,ok
2025-08-12,174.221095,164.197854,423821459.91,399438277.81,24383182.1,243266443.0,174.112112,170.722678,157477748.69,154412135.88,3065612.81,90446177.0,174.191557,165.966278,581299208.6,553850413.69,27448794.91,333712620.0,24182.84,24263.92,24065.43,24158.36,,169.0524,ok
2025-08-13,173.914414,163.84846,421540592.4,397142336.7,24398255.7,242383930.0,175.30652,171.911004,159619333.07,156527663.31,3091669.76,91051567.0,174.294558,166.050107,581159925.47,553670000.01,27489925.46,333435497.0,24232.04,24406.94,24172.19,24370.02,,168.8316,ok
2025-08-14,173.377079,163.512624,424838574.98,400666977.45,24171597.53,245037336.0,176.870318,173.489505,164817557.13,161667128.82,3150428.31,93185538.0,174.339519,166.261406,589656132.11,562334106.27,27322025.84,338222874.0,24258.5,24389.51,24198.88,24238.1,,169.1555,ok
2025-08-15,174.332769,164.639227,432909419.69,408838068.19,24071351.5,248323607.0,178.480397,175.068321,168011699.0,164799756.8,3211942.2,94134539.0,175.472865,167.505966,600921118.69,573637824.99,27283293.7,342458146.0,24266.23,24385.56,24164.43,24334.48,,169.8241,ok
2025-08-18,176.370465,166.714392,440737828.44,416607957.18,24129871.26,249893217.0,180.372504,177.06257,174078851.26,170884408.87,3194442.39,96510747.0,177.485463,169.597472,614816679.7,587492366.05,27324313.65,346403964.0,24272.55,24515.65,24257.3,24482.52,,171.4491,ok
2025-08-19,173.349946,163.716648,433715378.01,409613209.03,24102168.98,250196431.0,176.978111,173.68883,171845324.09,168651440.38,3193883.71,97099762.0,174.364336,166.504748,605560702.1,578264649.41,27296052.69,347296193.0,24493.92,24551.42,24324.29,24353.5,,168.3052,ok
2025-08-20,167.775837,158.149322,417658972.26,393694852.6,23964119.66,248938691.0,171.653639,168.393879,166833786.64,163665556.9,3168229.74,97192106.0,168.864708,161.025952,584492758.9,557360409.5,27132349.4,346130797.0,24309.27,24309.27,23620.24,23625.44,,162.7341,ok
2025-08-21,170.686998,161.089555,429630158.77,405472777.93,24157380.84,251706436.0,175.362872,172.140023,171781916.93,168624878.95,3157037.98,97957974.0,171.996937,164.185328,601412075.7,574097656.88,27314418.82,349664410.0,23739.83,24011.5,23739.83,23962.13,,165.6016,ok
2025-08-22,169.478257,159.916803,426313346.58,402262027.77,24051318.81,251544566.0,172.757468,169.539754,168605600.01,165465216.94,3140383.07,97596707.0,170.394907,162.606741,594918946.59,567727244.71,27191701.88,349141273.0,24033.02,24071.65,23764.47,23764.47,,164.2314,ok
2025-08-25,174.921503,165.436343,444185107.14,420099066.57,24086040.57,253933965.0,176.956114,173.739931,174993787.77,171813269.92,3180517.85,98891066.0,175.491771,167.763703,619178894.91,591912336.49,27266558.42,352825031.0,24108.81,24362.02,24108.75,24277.38,,167.9889,ok
2025-08-26,175.477332,166.083067,447924875.3,423944997.85,23979877.45,255260819.0,179.087237,175.902277,178021988.55,174855973.4,3166015.15,99405179.0,176.48911,168.835179,625946863.85,598800971.25,27145892.6,354665998.0,24237.36,24382.42,24113.03,24305.1,,168.3975,ok
2025-08-27,177.214333,167.947593,457754924.85,433818396.31,23936528.54,258305814.0,182.463149,179.260937,183414230.96,180195327.68,3218903.28,100521246.0,178.684728,171.116895,641169155.81,614013723.99,27155431.82,358827060.0,24449.81,24539.88,24410.08,24519.9,,170.0114,ok
2025-08-28,176.360222,167.223734,458946038.83,435169957.51,23776081.32,260232173.0,181.155133,177.978247,184002658.25,180775835.04,3226823.21,101571871.0,177.706332,170.242926,642948697.08,615945792.55,27002904.53,361804044.0,24468.12,24502.37,24236.45,24236.45,,169.1394,ok
2025-08-29,177.28751,168.184423,465073370.86,441193497.47,23879873.39,262327206.0,182.785662,179.642978,188012185.47,184779640.91,3232544.56,102859373.0,178.836133,171.411868,653085556.33,625973138.38,27112417.95,365186579.0,24438.03,24570.15,24233.1,24233.1,,169.6905,ok
2025-09-01,172.559294,163.417115,447182098.11,423490420.96,23691677.15,259146921.0,177.698786,174.458848,181373660.68,178066719.99,3306940.69,102068036.0,174.011554,166.537163,628555758.79,601557140.95,26998617.84,361214957.0,24143.37,24312.83,23885.41,24071.73,,164.9057,ok
2025-09-02,170.887276,161.786296,442619423.53,419046748.45,23572675.08,259012511.0,176.589796,173.435654,181018463.55,177785219.14,3233244.41,102507884.0,172.504206,165.089432,623637887.08,596831967.59,26805919.49,361520395.0,24113.9,24295.03,23890.33,24016.78,,163.2002,ok
2025-09-03,172.77361,163.828842,450995973.82,427647185.93,23348787.89,261032905.0,179.120952,175.986123,185137336.79,181897213.2,3240123.59,103358839.0,174.574019,167.277225,636133310.61,609544399.13,26588911.48,364391744.0,24036.88,24103.23,23925.49,24100.3,,165.0269,ok
2025-09-04,171.540073,162.622366,448648754.42,425325236.11,23323518.31,261541660.0,177.78308,174.604617,182606464.33,179341767.86,3264696.47,102713073.0,173.300485,166.001139,631255218.75,604667003.97,26588214.78,364254733.0,24235.27,24389.35,24168.16,24179.85,,164.3843,ok
2025-09-05,173.599301,164.717072,459138878.6,435646983.88,23491894.72,264481986.0,181.776298,178.617084,189545364.55,186251126.7,3294237.85,104273971.0,175.911529,168.647611,648684243.15,621898110.58,26786132.57,368755957.0,24244.26,24494.58,24244.26,24494.58,,166.3086,ok
2025-09-08,174.270273,165.513127,464448481.32,441109772.43,23338708.89,266510445.0,182.77741,179.5801,192765708.79,189393674.82,3372033.97,105464734.0,176.68227,169.501484,657214190.11,630503447.25,26710742.86,371975179.0,24610.85,24729.96,24547.38,24547.38,,166.8687,ok
2025-09-09,174.428713,165.753112,466661413.82,443450968.29,23210445.53,267537039.0,182.871664,179.631207,193838854.87,190404060.5,3434794.37,105997206.0,176.824556,169.691277,660500268.69,633855028.79,26645239.9,373534245.0,24650.46,24880.07,24650.46,24855.18,,166.9659,ok
2025-09-10,175.711018,167.101893,474354857.88,451113401.09,23241456.79,269963070.0,183.586603,180.516717,196575239.77,193288160.56,3287079.21,107074937.0,177.947603,170.911566,670930097.65,644401561.65,26528536.0,377038007.0,25032.88,25272.23,25032.88,25192.59,,168.2038,ok
2025-09-11,173.341849,164.620752,460837621.85,437652167.13,23185454.72,265854797.0,179.702434,176.58242,190227810.61,186925054.03,3302756.58,105857114.0,175.153234,168.027228,651065432.46,624577221.16,26488211.3,371711911.0,25509.3,25541.44,25174.13,25215.71,,165.6753,ok
2025-09-12,173.225661,164.333646,460113160.33,436494644.07,23618516.26,265614897.0,178.430534,175.296744,189625356.57,186294951.18,3330405.39,106274051.0,174.713048,167.466551,649738516.9,622789595.25,26948921.65,371888948.0,25349.7,25492.28,25349.7,25474.64,,165.556,ok
2025-09-15,171.78329,163.015767,453869771.55,430705041.87,23164729.68,264210665.0,174.900948,171.784615,185568407.09,182262004.5,3306402.59,106099143.0,172.676544,165.528169,639438178.64,612967046.37,26471132.27,370309808.0,25494.1,25519.94,25284.17,25357.16,,163.6157,ok
2025-09-16,173.151825,164.470526,460335711.25,437255895.24,23079816.01,265856690.0,176.784822,173.763704,188696835.98,185472150.88,3224685.1,106738143.0,174.192579,167.132765,649032547.23,622728046.12,26304501.11,372594833.0,25335.46,25664.81,25335.46,25629.64,,164.9625,ok
2025-09-17,172.236883,163.57762,456202506.42,433266782.58,22935723.84,264869230.0,175.499199,172.481667,187303293.04,184082800.92,3220492.12,106726010.0,173.173854,166.134955,643505799.46,617349583.5,26156215.96,371595240.0,25543.91,25632.07,25422.96,25438.25,,164.0213,ok
2025-09-18,173.838729,165.326882,463816649.99,441106311.84,22710338.15,266808583.0,178.336479,175.402099,193951444.73,190760133.12,3191311.61,108755901.0,175.141187,168.244462,657768094.72,631866444.96,25901649.76,375564484.0,25543.17,25769.36,25475.25,25769.36,,165.8381,ok
2025-09-19,173.807647,165.432376,467255404.74,444739763.7,22515641.04,268834779.0,179.351772,176.494214,196269904.66,193142795.27,3127109.39,109432933.0,175.411564,168.632569,663525309.4,637882558.97,25642750.43,378267712.0,25794.66,25864.01,25578.37,25578.37,,165.9106,ok
2025-09-22,174.806342,166.539804,476274544.28,453751667.55,22522876.73,272458389.0,182.673617,179.853766,203308324.97,200169944.95,3138380.02,111295943.0,177.087999,170.401102,679582869.25,653921612.5,25661256.75,383754332.0,25599.6,25887.69,25599.6,25880.6,,166.8481,ok
2025-09-23,174.293488,165.962147,475474923.07,452746916.8,22728006.27,272801313.0,180.777507,177.986191,199772242.55,196687636.5,3084606.05,110507245.0,176.16282,169.42866,675247165.62,649434553.3,25812612.32,383308558.0,26121.0,26307.3,26041.69,26247.37,,166.2717,ok
2025-09-24,172.834674,164.552095,474691686.18,451943524.49,22748161.69,274650726.0,179.16894,176.33872,198004362.81,194876612.32,3127750.49,110512661.0,174.652127,167.933962,672696048.99,646820136.81,25875912.18,385163387.0,26389.16,26394.03,26045.47,26196.73,,164.7248,ok
2025-09-25,171.297084,163.232485,471521269.71,449322234.15,22199035.56,275265205.0,177.583365,174.752243,196249148.63,193120448.16,3128700.47,110510998.0,173.097877,166.532481,667770418.34,642442682.31,25327736.03,385776203.0,26067.97,26247.85,26023.85,26023.85,,163.6219,ok
2025-09-26,167.305146,159.137142,454312859.23,432132852.91,22180006.32,271547451.0,172.857523,169.990312,187293174.64,184186516.95,3106657.69,108351185.0,168.888744,162.232583,641606033.87,616319369.86,25286664.01,379898636.0,25998.28,25998.28,25469.04,25580.32,,159.583,ok
2025-09-29,,,,,,,,,,,,,,,,,,,,,,,,,data unavailable: TWSE MI_MARGN total 20250929: missing tables (keys=stat; stat='很抱歉，沒有符合條件的資料')
2025-09-30,171.05487,162.877432,471136015.68,448612918.42,22523097.26,275429759.0,176.686033,173.836408,191888057.09,188793250.46,3094806.63,108603976.0,172.647352,165.976609,663024072.77,637406168.88,25617903.89,384033735.0,25738.31,25975.84,25738.31,25820.54,,163.3041,ok
2025-10-01,171.266675,163.029171,473102422.88,450347363.15,22755059.73,276237290.0,175.347888,172.589818,192745713.07,189713990.1,3031722.97,109921890.0,172.42841,165.750651,665848135.95,640061353.25,25786782.7,386159180.0,26078.29,26325.79,25982.91,25982.91,,163.4704,ok
2025-10-02,171.926276,163.652496,479648601.35,456565990.57,23082610.78,278985046.0,177.016334,174.280255,196707287.11,193666852.0,3040435.11,111123806.0,173.376196,166.679848,676355888.46,650232842.57,26123045.89,390108852.0,26392.31,26489.79,26330.25,26378.39,,163.9991,ok
2025-10-03,173.389397,165.057786,488749909.75,465264768.62,23485141.13,281879929.0,178.337182,175.666118,199748789.67,196757031.35,2991758.32,112006250.0,174.796359,168.074392,688498699.42,662021799.97,26476899.45,393886179.0,26435.1,26761.06,26410.03,26761.06,,165.3219,ok
2025-10-06,,,,,,,,,,,,,,,,,,,,,,,,,data unavailable: TWSE MI_MARGN total 20251006: missing tables (keys=stat; stat='很抱歉，沒有符合條件的資料')
2025-10-07,175.822167,167.500207,497974934.92,474404941.47,23569993.45,283226480.0,180.004075,177.322389,201741250.63,198735725.8,3005524.83,112075935.0,177.00782,170.284987,699716185.55,673140667.27,26575518.28,395302415.0,27029.28,27301.42,27017.08,27211.95,,167.2601,ok
2025-10-08,175.2763,166.908518,497064544.56,473334423.33,23730121.23,283589136.0,179.040543,176.357826,199683509.6,196691481.43,2992028.17,111529772.0,176.338829,169.575763,696748054.16,670025904.76,26722149.4,395118908.0,26999.82,27110.43,26883.99,27063.68,,166.5583,ok
2025-10-09,175.479506,167.088844,501191766.49,477226970.34,23964796.15,285612707.0,178.210347,175.533755,198268525.83,195290674.65,2977851.18,111255339.0,176.245052,169.456234,699460292.32,672517644.99,26942647.33,396868046.0,27301.61,27463.12,27253.07,27301.92,,166.597,ok
2025-10-10,,,,,,,,,,,,,,,,,,,,,,,,,data unavailable: TWSE MI_MARGN total 20251010: missing tables (keys=stat; stat='很抱歉，沒有符合條件的資料')
2025-10-13,172.495895,163.909462,488451125.78,464137196.97,24313928.81,283166811.0,175.306195,172.711999,190520670.81,187701329.27,2819341.54,108678801.0,173.275335,166.350855,678971796.59,651838526.24,27133270.35,391845612.0,26762.6,26965.72,26470.44,26923.42,,163.5009,ok
2025-10-14,167.846789,158.947187,462157981.66,437653360.33,24504621.33,275345144.0,165.530833,162.898181,175129353.1,172344044.04,2785309.06,105798630.0,167.203921,160.043912,637287334.76,609997404.37,27289930.39,381143774.0,27282.1,27507.16,26764.06,26793.15,,158.9768,ok
2025-10-15,170.351444,161.540529,477412458.71,452719739.13,24692719.58,280251490.0,173.129607,170.491356,183857897.88,181056163.08,2801734.8,106196682.0,171.114888,164.000233,661270356.59,633775902.21,27494454.38,386448172.0,26911.05,27275.71,26773.15,27275.71,,161.2878,ok
2025-10-16,172.99243,164.292516,493513657.68,468694500.32,24819157.36,285280494.0,175.394631,172.738584,186726752.1,183899099.52,2827652.58,106460928.0,173.64526,166.587847,680240409.78,652593599.84,27646809.94,391741422.0,27337.32,27732.78,27337.32,27647.87,,163.6758,ok
2025-10-17,171.41288,162.730508,488867285.59,464105273.86,24762011.73,285198688.0,173.154024,170.09764,185324831.68,182053617.8,3271213.88,107028891.0,171.887994,164.74081,674192117.27,646158891.66,28033225.61,392227579.0,27399.91,27513.09,27302.37,27302.37,,162.0122,ok
2025-10-20,173.453148,164.889821,502189312.84,477396385.15,24792927.69,289524473.0,175.105105,172.135236,187908443.66,184721423.92,3187019.74,107311802.0,173.899868,166.849114,690097756.5,662117809.07,27979947.43,396836275.0,27480.44,27768.27,27412.45,27688.63,,163.9354,ok
2025-10-21,174.50388,166.034554,507778522.43,483134130.51,24644391.92,290984087.0,176.174093,173.530201,191047220.55,188180123.35,2867097.2,108442290.0,174.957335,168.069585,698825742.98,671314253.86,27511489.12,399426377.0,27742.55,27969.05,27742.55,27752.41,,164.9006,ok
2025-10-22,174.174117,165.754145,510130443.18,485469582.43,24660860.75,292885334.0,175.2112,172.521064,189478105.37,186568919.23,2909186.14,108142690.0,174.45378,167.578937,699608548.55,672038501.66,27570046.89,401028024.0,27614.11,27725.83,27490.89,27648.91,,164.5594,ok
2025-10-23,172.933056,164.632988,505982765.75,481697695.96,24285069.79,292588808.0,172.969298,170.274981,185834387.23,182939672.76,2894714.47,107437788.0,172.942789,166.148295,691817152.98,664637368.72,27179784.26,400026596.0,27457.07,27586.85,27371.67,27532.26,,163.2925,ok
2025-10-24,,,,,,,,,,,,,,,,,,,,,,,,,data unavailable: TWSE MI_MARGN total 20251024: missing tables (keys=stat; stat='很抱歉，沒有符合條件的資料')
2025-10-27,175.970358,167.922785,520844513.29,497024965.21,23819548.08,295984232.0,176.294021,173.580094,190765117.36,187828418.14,2936699.22,108208501.0,176.057008,169.437332,711609630.65,684853383.35,26756247.3,404192733.0,28029.88,28196.33,27993.63,27993.63,,166.1105,ok
2025-10-28,176.002444,167.979869,521624223.89,497847456.7,23776767.19,296373285.0,177.008542,174.354597,192800070.48,189909357.66,2890712.82,108921337.0,176.272829,169.693052,714424294.37,687756814.36,26667480.01,405294622.0,28041.01,28087.93,27885.62,27949.11,,165.902,ok
2025-10-29,177.074601,169.060631,532267068.79,508177943.6,24089125.19,300589167.0,176.937827,174.266916,193093141.94,190178364.2,2914777.74,109130504.0,177.038171,170.447347,725360210.73,698356307.8,27003902.93,409719671.0,28157.91,28395.31,28139.65,28294.74,,166.9992,ok
2025-10-30,176.453447,168.419426,526523756.91,502550845.9,23972911.01,298392447.0,174.804131,172.140167,190214311.17,187315500.54,2898810.63,108815684.0,176.01271,169.413696,716738068.08,689866346.44,26871721.64,407208131.0,28350.24,28527.68,28116.6,28287.53,,166.2145,ok
2025-10-31,176.817136,168.932887,533547403.18,509756605.7,23790797.48,301750958.0,176.836201,174.223721,194063840.54,191196848.26,2866992.28,109742145.0,176.822221,170.343913,727611243.72,700953453.96,26657789.76,411493103.0,28280.47,28489.76,28233.35,28233.35,,166.5095,ok
2025-11-03,177.635809,169.69821,540609869.91,516452891.73,24156978.18,304336086.0,178.522311,175.945901,198467361.34,195603106.24,2864255.1,111172301.0,177.873,171.369826,739077231.25,712055997.97,27021233.28,415508387.0,28253.53,28494.99,28150.45,28334.59,,167.0662,ok
2025-11-04,173.744133,165.741802,521785109.22,497752659.43,24032449.79,300318118.0,173.712277,171.109378,190262393.05,187411507.15,2850885.9,109527315.0,173.73562,167.176236,712047502.27,685164166.58,26883335.69,409845433.0,28364.76,28554.61,28033.62,28116.56,,163.1878,ok
2025-11-05,172.764708,164.760652,523279873.21,499036718.91,24243154.3,302885861.0,173.140872,170.566471,188703428.31,185897629.86,2805798.45,108988378.0,172.864247,166.296962,711983301.52,684934348.77,27048952.75,411874239.0,27785.91,27799.09,27373.05,27717.06,,162.3047,ok
2025-11-06,175.898939,167.909755,541607079.32,517007733.94,24599345.38,307908099.0,175.177372,172.607188,191247238.79,188441278.9,2805959.89,109173483.0,175.710065,169.139335,732854318.11,705449012.84,27405305.27,417081582.0,27906.44,28061.53,27879.7,27899.45,,165.1794,ok
2025-11-07,173.017094,164.989388,532478601.81,507772480.41,24706121.4,307760690.0,172.551864,170.005462,187284879.01,184521056.57,2763822.44,108538311.0,172.895798,166.297189,719763480.82,692293536.98,27469943.84,416299001.0,27818.54,27818.54,27621.48,27651.41,,162.3306,ok
2025-11-10,174.879566,166.895159,542351895.89,517589951.95,24761943.94,310128798.0,173.75402,171.183586,188592113.28,185802171.61,2789941.67,108539712.0,174.587769,168.006933,730944009.17,703392123.56,27551885.61,418668510.0,27805.47,27976.89,27680.51,27869.51,,163.8651,ok
2025-11-11,174.52945,166.650237,540718746.25,516307748.09,24410998.16,309815189.0,173.442011,170.858374,187850181.77,185051917.0,2798264.77,108307198.0,174.247768,167.740281,728568928.02,701359665.09,27209262.93,418122387.0,28031.54,28187.7,27784.95,27784.95,,163.4988,ok
2025-11-12,175.207382,167.537606,548316231.71,524313459.95,24002771.76,312952699.0,175.897918,173.327845,192178946.61,189370989.37,2807957.24,109255953.0,175.386074,169.03596,740495178.32,713684449.32,26810729.0,422208652.0,27853.47,28071.76,27799.92,27947.09,,164.0497,ok
2025-11-13,175.606484,167.895475,551317250.9,527108509.24,24208741.66,313950396.0,175.53471,172.918172,190515419.35,187675578.18,2839841.17,108534329.0,175.588045,169.185782,741832670.25,714784087.42,27048582.83,422484725.0,27867.59,28038.24,27811.81,27903.56,,164.6591,ok
2025-11-14,171.828586,164.068593,534400671.14,510266471.45,24134199.69,311008013.0,171.685038,169.072065,184967114.04,182151993.76,2815120.28,107736304.0,171.791653,165.355907,719367785.18,692418465.21,26949319.97,418744317.0,27816.45,27816.45,27383.34,27397.5,,160.7205,ok
2025-11-17,171.962423,164.260759,534958749.85,510999606.93,23959142.92,311090494.0,171.699046,169.108019,184468696.82,181684969.77,2783727.05,107437229.0,171.894813,165.505064,719427446.67,692684576.7,26742869.97,418527723.0,27600.74,27723.77,27447.31,27447.31,,160.8797,ok
2025-11-18,166.678703,158.823486,510584489.0,486521715.2,24062773.8,306328571.0,165.872305,163.179772,173440351.66,170624969.47,2815382.19,104562574.0,166.473493,159.932063,684024840.66,657146684.67,26878155.99,410891145.0,27310.4,27310.4,26756.12,26756.12,,155.8375,ok
2025-11-19,165.47063,157.713304,506678701.35,482925411.34,23753290.01,306204612.0,163.883315,161.165525,170941128.23,168106293.5,2834834.73,104306609.0,165.06731,158.590477,677619829.58,651031704.84,26588124.74,410511221.0,26708.28,26902.97,26580.12,26580.12,,154.7784,ok
2025-11-20,169.315766,161.53776,524311926.36,500226153.26,24085773.1,309665154.0,169.409709,166.711029,177507127.54,174679456.25,2827671.29,104779784.0,169.339516,162.845664,701819053.9,674905609.51,26913444.39,414444938.0,27212.91,27493.63,27183.03,27426.36,,158.6078,ok
2025-11-21,162.772748,154.904439,494353233.81,470456579.95,23896653.86,303707617.0,162.872843,160.245662,166673462.87,163984976.44,2688486.43,102333489.0,162.797975,156.250573,661026696.68,634441556.39,26585140.29,406041106.0,26821.97,26821.97,26395.98,26434.94,,152.4826,ok
2025-11-24,164.441482,156.55153,503816256.73,479643003.15,24173253.58,306380271.0,166.057651,163.433307,171059618.43,168356223.68,2703394.75,103012187.0,164.848146,158.283137,674875875.16,647999226.83,26876648.33,409392458.0,26596.03,26764.13,26482.33,26504.24,,154.2416,ok
2025-11-25,167.605852,159.764187,521872469.41,497455966.94,24416502.47,311368884.0,168.947843,166.359346,176958836.28,174247600.77,2711235.51,104741696.0,167.943652,161.424294,698831305.69,671703567.71,27127737.98,416110580.0,26995.9,27118.02,26793.71,26912.17,,157.3338,ok
2025-11-26,169.993822,162.024741,528783878.39,503995205.45,24788672.94,311060645.0,170.610478,168.021231,178687729.03,175975898.97,2711830.06,104734323.0,170.149151,163.535193,707471607.42,679971104.42,27500503.0,415794968.0,27063.17,27409.54,27063.17,27409.54,,160.0085,ok
2025-11-27,171.959927,164.122666,539964469.12,515354998.1,24609471.02,314005988.0,172.504005,169.980151,182616887.94,179945075.75,2671812.19,105862405.0,172.097107,165.599527,722581357.06,695300073.85,27281283.21,419868393.0,27517.24,27659.06,27436.59,27554.53,,162.1934,ok
2025-11-28,173.121893,165.547813,549111861.22,525088227.16,24023634.06,317182219.0,175.248954,172.768886,187409911.48,184757746.07,2652165.41,106939247.0,173.658216,167.368556,736521772.7,709845973.23,26675799.47,424121466.0,27566.12,27796.9,27566.12,27626.48,,163.3606,ok
2025-12-01,171.631457,164.089801,548122685.79,524037632.7,24085053.09,319360271.0,173.501602,171.030804,186627427.14,183969706.83,2657720.31,107565247.0,172.102646,165.838609,734750112.93,708007339.53,26742773.4,426925518.0,27674.16,27697.06,27342.53,27342.53,,161.9072,ok
2025-12-02,171.534805,164.07839,548460261.92,524619342.48,23840919.44,319737013.0,172.862525,170.395206,186913420.08,184245548.93,2667871.15,108128364.0,171.870341,165.674749,735373682.0,708864891.41,26508790.59,427865377.0,27550.35,27741.89,27477.1,27564.27,,161.8059,ok
2025-12-03,171.5248,164.329918,551323624.99,528197474.65,23126150.34,321425021.0,173.45934,170.996644,188380323.09,185705785.19,2674537.9,108602006.0,172.013362,166.013579,739703948.08,713903259.84,25800688.24,430027027.0,27605.63,27847.67,27605.63,27793.04,,162.3138,ok
2025-12-04,171.332731,164.167204,553107361.89,529975145.51,23132216.38,322826443.0,173.471608,170.982257,189215297.65,186500022.38,2715275.27,109075658.0,171.872898,165.888327,742322659.54,716475167.89,25847491.65,431902101.0,27773.42,27880.23,27636.63,27795.71,,162.2977,ok
2025-12-05,172.443311,165.274023,556848151.7,533697328.97,23150822.73,322916644.0,174.41926,171.914982,190685162.18,187947342.26,2737819.92,109325749.0,172.943081,166.953701,747533313.88,721644671.23,25888642.65,432242393.0,27796.43,27980.89,27738.5,27980.89,,163.4659,ok
2025-12-08,173.775494,166.670059,564317481.22,541243333.66,23074147.56,324739391.0,173.415716,170.912327,190735787.05,187982369.57,2753417.48,109987602.0,173.684469,167.743369,755053268.27,729225703.23,25827565.04,434726993.0,28034.0,28303.78,28026.39,28303.78,,164.5731,ok
2025-12-09,173.789495,166.720281,568090508.74,544982360.71,23108148.03,326884262.0,178.318624,175.751081,197266300.95,194425937.75,2840363.2,110625742.0,174.934699,169.003747,765356809.69,739408298.46,25948511.23,437510004.0,28364.04,28390.24,28157.27,28182.6,,164.599,ok
2025-12-10,174.155386,166.774724,570697728.99,546511700.72,24186028.27,327694562.0,178.238239,175.672054,197846705.39,194998207.18,2848498.21,111001268.0,175.188452,169.025976,768544434.38,741509907.9,27034526.48,438695830.0,28190.76,28417.09,28190.76,28400.73,,164.8027,ok
2025-12-11,173.209676,165.869088,565827233.57,541847599.73,23979633.84,326671838.0,177.145759,174.523079,196810714.78,193896890.99,2913823.79,111101003.0,174.208602,168.065358,762637948.35,735744490.72,26893457.63,437772841.0,28385.23,28568.02,27984.19,28024.75,,163.6925,ok
2025-12-12,174.317905,167.057767,574115291.19,550204057.51,23911233.68,329349582.0,178.206556,175.588539,200463535.17,197518542.69,2944992.48,112489428.0,175.307931,169.229648,774578826.36,747722600.2,26856226.16,441839010.0,28097.54,28272.06,28071.34,28198.02,,164.8326,ok
2025-12-15,172.689874,165.422635,573087471.41,548970460.24,24117011.17,331859338.0,177.696243,175.036366,199648003.72,196659537.63,2988466.09,112353531.0,173.956121,167.854209,772735475.13,745629997.87,27105477.26,444212869.0,28119.79,28119.79,27684.87,27866.94,,163.2328,ok
2025-12-16,169.161864,161.764837,556186411.89,531865765.72,24320646.17,328789479.0,172.506835,169.867802,192713098.57,189764947.75,2948150.82,111713312.0,170.010162,163.819782,748899510.46,721630713.47,27268796.99,440502791.0,27721.1,27740.66,27355.67,27536.66,,159.8315,ok
2025-12-17,169.386912,161.994931,562660803.75,538106498.11,24554305.64,332174898.0,173.18485,170.60342,193538463.45,190653649.74,2884813.71,111752537.0,170.34299,164.161998,756199267.2,728760147.85,27439119.35,443927435.0,27596.18,27780.69,27469.6,27525.17,,160.1465,ok
2025-12-18,168.291505,160.848902,559367559.74,534629823.4,24737736.34,332380151.0,171.444204,168.904927,191266210.92,188433348.56,2832862.36,111561783.0,169.083773,162.873366,750633770.66,723063171.96,27570598.7,443941934.0,27447.45,27569.44,27350.77,27468.53,,159.1655,ok
2025-12-19,170.685,163.256159,568908023.55,544147049.31,24760974.24,333308741.0,174.249601,171.714516,195003413.58,192166389.68,2837023.9,111910393.0,171.580999,165.382254,763911437.13,736313438.99,27597998.14,445219134.0,27685.74,27869.78,27672.05,27696.35,,161.5637,ok
2025-12-22,173.137165,165.715694,580348987.33,555472507.57,24876479.76,335196079.0,178.381104,175.875478,202255127.82,199414156.47,2840971.35,113383718.0,174.462631,168.283696,782604115.15,754886664.04,27717451.11,448579797.0,27986.66,28168.75,27986.66,28149.64,,164.0247,ok
2025-12-23,172.978183,165.678792,583954368.95,559312468.83,24641900.12,337588452.0,179.181546,176.699172,205304218.01,202459940.98,2844277.03,114578885.0,174.550111,168.471348,789258586.96,761772409.81,27486177.15,452167337.0,28253.14,28350.37,28212.84,28310.47,,163.9051,ok
2025-12-24,173.844516,166.595675,589163956.49,564597431.18,24566525.31,338902814.0,180.814275,178.332742,207593429.6,204744374.23,2849055.37,114810310.0,175.608186,169.565694,796757386.09,769341805.41,27415580.68,453713124.0,28383.61,28486.38,28280.59,28371.98,,164.713,ok
2025-12-25,,,,,,,,,,,,,,,,,,,,,,,,,data unavailable: TWSE MI_MARGN total 20251225: missing tables (keys=stat; stat='很抱歉，沒有符合條件的資料')
2025-12-26,174.738564,167.378808,594700207.58,569652223.72,25047983.86,340337126.0,181.468962,178.984431,209365879.21,206499404.97,2866474.24,115372831.0,176.44251,170.317022,804066086.79,776151628.69,27914458.1,455709957.0,28443.48,28590.91,28404.34,28556.02,,165.5629,ok
2025-12-29,175.149871,167.804745,595311435.01,570346314.5,24965120.51,339886882.0,181.568532,179.116828,210208647.7,207370218.12,2838429.58,115773722.0,176.780717,170.678906,805520082.71,777716532.62,27803550.09,455660604.0,28662.79,28841.64,28595.35,28810.89,,165.924,ok
2025-12-30,175.611695,168.322735,599481701.04,574599542.67,24882158.37,341367756.0,181.92858,179.521563,212148378.35,209341536.08,2806842.27,116610803.0,177.220104,171.174188,811630079.39,783941078.75,27689000.64,457978559.0,28723.82,28833.03,28553.64,28707.13,,166.3941,ok
2025-12-31,176.009745,168.790482,604434404.7,579642760.27,24791644.43,343409624.0,183.324201,180.948551,215450324.23,212658360.78,2791963.45,117524213.0,177.874711,171.890423,819884728.93,792301121.05,27583607.88,460933837.0,28723.49,29009.81,28687.9,28963.6,,166.6983,ok
2026-01-01,,,,,,,,,,,,,,,,,,,,,,,,,data unavailable: TWSE MI_MARGN total 20260101: missing tables (keys=stat; stat='很抱歉，沒有符合條件的資料')
2026-01-02,177.812611,170.603267,616359494.95,591369438.21,24990056.74,346634298.0,183.812554,181.477333,218805012.82,216025234.05,2779778.77,119037034.0,179.346344,173.382946,835164507.77,807394672.26,27769835.51,465671332.0,29016.68,29363.43,29007.75,29349.81,,168.475,ok
2026-01-05,178.126148,170.889308,625130640.12,599733073.1,25397567.02,350948272.0,181.236145,178.928447,217984189.17,215208574.22,2775614.95,120276333.0,178.91995,172.941234,843114829.29,814941647.32,28173181.97,471224605.0,29779.7,30339.32,29779.7,30105.04,,168.8477,ok
2026-01-06,181.101037,173.94957,642092196.58,616736731.24,25355465.34,354549156.0,182.912661,180.626167,222350648.31,219571161.17,2779487.14,121561103.0,181.563583,175.654247,864442844.89,836307892.41,28134952.48,476110259.0,29933.65,30576.3,29933.65,30576.3,,171.4524,ok
2026-01-07,181.187442,174.140605,646945768.74,621784414.49,25161354.25,357058834.0,183.186906,180.945157,222636208.5,219911698.76,2724509.74,121535001.0,181.69519,175.868566,869581977.24,841696113.25,27885863.99,478593835.0,30412.32,30570.26,30306.16,30435.47,,171.3882,ok
2026-01-08,179.007386,171.9563,630799754.87,605952604.69,24847150.18,352387558.0,181.872385,179.665136,222549619.47,219848700.48,2700918.99,122365811.0,179.745828,173.943222,853349374.34,825801305.17,27548069.17,474753369.0,30330.58,30593.49,30268.36,30360.55,,169.1528,ok
2026-01-09,177.550739,170.550384,624077828.67,599472092.12,24605736.55,351492667.0,181.296609,179.123756,223755978.88,221074247.79,2681731.09,123419837.0,178.524212,172.778424,847833807.55,820546339.91,27287467.64,474912504.0,30370.45,30500.42,29925.49,30288.96,,167.4961,ok
2026-01-12,180.652048,173.652143,644006482.37,619052524.47,24953957.9,356489999.0,184.731771,182.625179,232686413.1,230032970.36,2653442.74,125959066.0,181.717192,175.994847,876692895.47,849085494.83,27607400.64,482449065.0,30472.7,30681.99,30472.7,30567.29,,170.3861,ok
2026-01-13,179.863638,172.880362,639664929.56,614829688.08,24835241.48,355638826.0,181.649878,179.548239,228908218.64,226259813.85,2648404.79,126016170.0,180.330975,174.624889,868573148.2,841089501.93,27483646.27,481654996.0,30630.86,30973.85,30529.33,30707.22,,169.3984,ok
2026-01-14,181.598092,174.64944,650943454.95,626035819.71,24907635.24,358452806.0,184.297879,182.212233,235553545.87,232887854.7,2665691.17,127811317.0,182.307713,176.637271,886497000.82,858923674.41,27573326.41,486264123.0,30742.53,30994.81,30742.53,30941.78,,171.028,ok
2026-01-15,180.954626,174.03711,650168572.81,625313993.17,24854579.64,359299228.0,184.731332,182.70075,236890065.23,234286149.54,2603915.69,128234914.0,181.948004,176.315886,887058638.04,859600142.71,27458495.33,487534142.0,30746.98,30877.31,30663.87,30810.58,,170.2278,ok
2026-01-16,183.147161,176.310492,665541759.98,640697865.44,24843894.54,363391797.0,185.367359,183.329833,239510373.43,236877716.59,2632656.84,129208494.0,183.729517,178.151657,905052133.41,877575582.03,27476551.38,492600291.0,30844.63,31475.22,30844.63,31408.7,,171.9164,ok
2026-01-19,185.723091,178.903459,686090174.18,660897386.55,25192787.63,369415656.0,186.842232,184.810735,240931832.5,238312230.15,2619602.35,128949344.0,186.012663,180.431936,927022006.68,899209616.7,27812389.98,498365000.0,31336.77,31827.39,31285.53,31639.29,,174.1736,ok
2026-01-20,185.645906,178.870275,689165384.56,664012499.75,25152884.81,371225738.0,188.703266,186.73461,245699519.36,243136247.49,2563271.87,130204169.0,186.439798,180.912374,934864903.92,907148747.24,27716156.68,501429907.0,31584.34,31759.99,31340.1,31759.99,,173.8179,ok
2026-01-21,180.862808,173.963616,665123248.26,639751460.53,25371787.73,367750150.0,183.527985,181.536697,237079016.9,234506698.47,2572318.43,129178674.0,181.555632,175.93227,902202265.16,874258159.0,27944106.16,496928824.0,31749.14,31749.14,31200.76,31246.37,,169.0955,ok
2026-01-22,183.54408,176.743469,682296535.6,657016322.2,25280213.4,371734427.0,187.205081,185.222386,243629377.5,241049090.71,2580286.79,130140366.0,184.493409,178.942124,925925913.1,898065412.91,27860500.19,501874793.0,31371.13,31890.62,31371.13,31746.08,,171.7457,ok
2026-01-23,183.631336,176.874703,690595177.56,665185038.13,25410139.43,376076978.0,185.579193,183.624844,243580431.94,241015267.12,2565164.82,131254171.0,184.135276,178.621066,934175609.5,906200305.25,27975304.25,507331149.0,31788.77,32042.44,31693.15,31961.51,,171.9338,ok
2026-01-26,185.592184,178.819059,708183875.39,682338942.66,25844932.73,381580658.0,187.957628,186.02326,248653482.11,246094462.37,2559019.74,132292307.0,186.201147,180.673721,956837357.5,928433405.03,28403952.47,513872965.0,32002.56,32196.75,31989.86,32064.52,,173.5597,ok
2026-01-27,185.449854,178.671294,709768544.33,683825097.83,25943446.5,382728015.0,189.115219,187.194447,252368448.08,249805237.57,2563210.51,133446927.0,186.397462,180.874789,962136992.41,933630335.4,28506657.01,516174942.0,32095.08,32428.17,32095.08,32317.92,,173.0396,ok
2026-01-28,188.131701,181.302316,724157432.23,697869732.99,26287699.24,384920473.0,192.717253,190.804229,261837569.94,259238416.75,2599153.19,135866180.0,189.328009,183.781236,985995002.17,957108149.74,28886852.43,520786653.0,32381.76,32803.82,32381.76,32803.82,,175.1564,ok
2026-01-29,185.890277,178.86858,709688311.33,682881013.0,26807298.33,381778070.0,189.54642,187.613109,255453676.02,252848132.22,2605543.8,134771037.0,186.844189,181.150085,965141987.35,935729145.22,29412842.13,516549107.0,32828.02,32996.03,32472.45,32536.27,,172.6205,ok
2026-01-30,183.996663,177.15349,706350772.63,680080295.62,26270477.01,383893252.0,186.609267,184.695529,252023243.62,249438664.45,2584579.17,135053981.0,184.676583,179.116276,958374016.25,929518960.07,28855056.18,518947233.0,32555.52,32555.52,32004.96,32063.75,,170.6312,ok
2026-02-02,178.267525,171.766844,675363525.54,650735806.1,24627719.44,378848321.0,180.342954,178.472722,240331761.8,237839420.47,2492341.33,133263738.0,178.807601,173.511873,915695287.34,888575226.57,27120060.77,512112059.0,32008.46,32008.46,31359.95,31624.03,,165.1621,ok
2026-02-03,180.187892,173.577255,688543337.87,663282429.87,25260908.0,382125198.0,181.709358,179.863927,243006634.96,240538671.85,2467963.11,133733693.0,180.582324,175.207042,931549972.83,903821101.72,27728871.11,515858891.0,31737.66,32293.83,31737.66,32195.36,,166.9483,ok
2026-02-04,183.452676,176.76764,704542620.7,678869007.95,25673612.75,384045976.0,184.835598,183.038052,249719469.86,247290921.14,2428548.72,135103558.0,183.812568,178.399453,954262090.56,926159929.09,28102161.47,519149534.0,32196.57,32380.0,31942.28,32289.81,,169.8492,ok
2026-02-05,178.028325,171.404232,681702052.28,656337223.04,25364829.24,382917747.0,181.151058,179.371429,242941195.07,240554539.53,2386655.54,134109730.0,178.838319,173.470812,924643247.35,896891762.57,27751484.78,517027477.0,32241.64,32241.64,31769.08,31801.27,,164.7814,ok
2026-02-06,174.564662,167.784285,652855583.54,627497605.65,25357977.89,373990690.0,175.913512,174.141264,234211390.44,231851817.65,2359572.79,133140080.0,174.918784,169.453221,887066973.98,859349423.3,27717550.68,507130770.0,31746.44,31842.62,31164.28,31782.92,,161.1983,ok
2026-02-09,178.169562,171.500306,668973254.54,643932197.95,25041056.59,375470000.0,179.995271,178.207847,239204319.7,236828926.73,2375392.97,132894780.0,178.646832,173.253766,908177574.24,880761124.68,27416449.56,508364780.0,31956.21,32666.05,31956.21,32404.62,,164.655,ok
2026-02-10,179.366894,172.686173,668296697.25,643405236.26,24891460.99,372586424.0,179.232226,177.41197,237003290.52,234596320.55,2406969.97,132232521.0,179.331619,173.92405,905299987.77,878001556.81,27298430.96,504818945.0,32439.71,33072.97,32439.71,33072.97,,165.7823,ok
2026-02-11,180.605909,173.836919,664714231.92,639801182.19,24913049.73,368046780.0,180.250569,178.408902,236719556.9,234300932.19,2418624.71,131328050.0,180.51246,175.039281,901433788.82,874102114.38,27331674.44,499374830.0,33086.15,33707.83,33071.67,33605.71,,166.6695,ok
2026-02-12,,,,,,,,,,,,,,,,,,,,,,,,,data unavailable: TWSE MI_MARGN total 20260212: missing tables (keys=stat; stat='很抱歉，沒有符合條件的資料')
2026-02-13,,,,,,,,,,,,,,,,,,,,,,,,,data unavailable: TWSE MI_MARGN total 20260213: missing tables (keys=stat; stat='很抱歉，沒有符合條件的資料')
2026-02-16,,,,,,,,,,,,,,,,,,,,,,,,,data unavailable: TWSE MI_MARGN total 20260216: missing tables (keys=stat; stat='很抱歉，沒有符合條件的資料')
2026-02-17,,,,,,,,,,,,,,,,,,,,,,,,,data unavailable: TWSE MI_MARGN total 20260217: missing tables (keys=stat; stat='很抱歉，沒有符合條件的資料')
2026-02-18,,,,,,,,,,,,,,,,,,,,,,,,,data unavailable: TWSE MI_MARGN total 20260218: missing tables (keys=stat; stat='很抱歉，沒有符合條件的資料')
2026-02-19,,,,,,,,,,,,,,,,,,,,,,,,,data unavailable: TWSE MI_MARGN total 20260219: missing tables (keys=stat; stat='很抱歉，沒有符合條件的資料')
2026-02-20,,,,,,,,,,,,,,,,,,,,,,,,,data unavailable: TWSE MI_MARGN total 20260220: missing tables (keys=stat; stat='很抱歉，沒有符合條件的資料')
2026-02-23,183.899292,177.154676,684392132.11,659291643.32,25100488.79,372155937.0,186.180875,184.376757,246165059.28,243779686.16,2385373.12,132218231.0,184.497393,179.047895,930557191.39,903071329.48,27485861.91,504374168.0,33663.02,34212.38,33663.02,33773.26,,170.0188,ok
2026-02-24,188.694745,181.826138,712313688.42,686385024.82,25928663.6,377495245.0,193.142179,191.339765,258123893.01,255715065.96,2408827.05,133644497.0,189.857587,184.313606,970437581.43,942100090.78,28337490.65,511139742.0,34020.71,34786.42,33987.51,34700.82,,174.5803,ok
2026-02-25,189.37103,182.423428,725531567.09,698913429.2,26618137.89,383127012.0,189.449099,187.61545,255465160.96,252992552.72,2472608.24,134846332.0,189.391354,183.775091,980996728.05,951905981.92,29090746.13,517973344.0,34753.31,35521.54,34753.31,35413.07,,175.1137,ok
2026-02-26,190.268942,183.437765,741784720.11,715152614.63,26632105.48,389861168.0,190.513344,188.729818,262618446.14,260159894.29,2458551.85,137847796.0,190.332785,184.820152,1004403166.25,975312508.92,29090657.33,527708964.0,35457.76,35579.34,35171.52,35414.49,,176.0177,ok
2026-02-27,,,,,,,,,,,,,,,,,,,,,,,,,data unavailable: TWSE MI_MARGN total 20260227: missing tables (keys=stat; stat='很抱歉，沒有符合條件的資料')
2026-03-02,189.609343,182.721655,742553730.93,715579961.31,26973769.62,391622964.0,190.798608,189.082179,265039943.25,262655637.25,2384306.0,138910837.0,189.920731,184.387045,1007593674.18,978235598.56,29358075.62,530533801.0,35277.48,35345.72,34605.36,35095.09,,174.9883,ok
2026-03-03,182.484684,175.665898,701394786.46,675186225.63,26208560.83,384358166.0,184.857479,183.204017,254863181.6,252583551.77,2279629.83,137870095.0,183.11111,177.655988,956257968.06,927769777.4,28488190.66,522228261.0,35106.22,35264.59,34323.65,34323.65,,168.3466,ok
2026-03-04,172.299163,165.064622,648906870.3,621660402.28,27246468.02,376616380.0,174.491979,172.870123,238183137.08,235969288.9,2213848.18,136500909.0,172.882502,167.141063,887090007.38,857629691.18,29460316.2,513117289.0,34228.75,34228.75,32828.88,32828.88,,158.6198,ok
2026-03-05,178.405233,171.147949,676453042.08,648935845.94,27517196.14,379166593.0,179.693808,178.097196,248670488.84,246461006.4,2209482.44,138385675.0,178.749778,173.006073,925123530.92,895396852.34,29726678.58,517552268.0,33620.74,34319.68,33472.91,33672.94,,164.4533,ok
2026-03-06,177.554105,170.382033,679470450.7,652024106.04,27446344.66,382683605.0,180.26408,178.676305,251124906.08,248912984.61,2211921.47,139309454.0,178.277343,172.595607,930595356.78,900937090.65,29658266.13,521993059.0,33483.94,33829.49,33322.52,33599.54,,163.7001,ok
2026-03-09,167.792923,160.335102,624123352.23,596383206.91,27740145.32,371960474.0,172.459293,170.827838,226908710.31,224762166.22,2146544.09,131572330.0,169.012238,163.076838,851032062.54,821145373.13,29886689.41,503532804.0,32354.61,32354.61,31529.36,32110.42,,153.8081,ok
2026-03-10,172.253123,164.872814,634298594.03,607121615.91,27176978.12,368236339.0,177.833262,176.280623,235108188.98,233055491.05,2052697.93,132207095.0,173.727283,167.886528,869406783.01,840177106.96,29229676.05,500443434.0,32692.37,33256.69,32455.2,32771.87,,158.1126,ok
2026-03-11,180.490149,173.282568,678910105.36,651798930.06,27111175.3,376148010.0,187.847864,186.345859,254472078.57,252437355.31,2034723.26,135467113.0,182.438349,176.741508,933382183.93,904236285.37,29145898.56,511615123.0,33128.49,34218.66,33128.49,34114.19,,166.1295,ok
2026-03-12,178.634553,171.366841,677680503.61,650109204.34,27571299.27,379366977.0,186.390096,184.867164,252145637.9,250085439.13,2060198.77,135278453.0,180.673156,174.915503,929826141.51,900194643.47,29631498.04,514645430.0,33816.15,34019.48,33458.64,33581.86,,164.5959,ok
2026-03-13,179.344453,172.055248,691277359.18,663181357.11,28096002.07,385446747.0,188.238628,186.73058,255122325.41,253078447.52,2043877.89,135531335.0,181.658253,175.873004,946399684.59,916259804.63,30139879.96,520978082.0,33215.78,33639.18,33013.46,33400.32,,165.25,ok
2026-03-16,181.096337,173.89123,710412092.94,682147602.95,28264489.99,392284076.0,191.450417,189.9853,263948196.03,261928273.69,2019922.34,137867653.0,183.788949,178.076544,974360288.97,944075876.64,30284412.33,530151729.0,33541.25,33765.81,33278.06,33342.51,,166.8655,ok
2026-03-17,184.035027,176.9581,724117157.93,696271782.19,27845375.74,393467031.0,190.76054,189.253895,265630349.96,263532375.84,2097974.12,139248059.0,185.79303,180.172136,989747507.89,959804158.03,29943349.86,532715090.0,33380.84,34008.7,33380.84,33836.57,,169.4601,ok
2026-03-18,186.822633,179.845582,746864723.63,718972420.37,27892303.26,399772079.0,195.348211,193.919212,278627985.5,276589783.98,2038201.52,142631450.0,189.064535,183.54641,1025492709.13,995562204.35,29930504.78,542403529.0,33929.28,34423.66,33929.28,34348.58,,172.024,ok
2026-03-19,184.974203,177.977983,743773844.43,715642327.37,28131517.06,402095986.0,196.934592,195.504555,283332014.33,281274604.41,2057409.92,143871126.0,188.125958,182.596517,1027105858.76,996916931.78,30188926.98,545967112.0,34279.12,34279.12,33663.78,33689.68,,170.1866,ok
2026-03-20,182.404765,175.41784,727049211.93,699199948.08,27849263.85,398591129.0,193.498773,192.088168,278941335.76,276907854.05,2033481.71,144156643.0,185.351391,179.845566,1005990547.69,976107802.13,29882745.56,542747772.0,33719.85,33989.18,33379.24,33543.88,,167.997,ok
2026-03-23,175.209827,168.208673,689159475.05,661621571.62,27537903.43,393333803.0,184.077315,182.670377,261681131.6,259681052.61,2000078.99,142158273.0,177.563899,172.047854,950840606.65,921302624.23,29537982.42,535492076.0,33334.0,33334.0,32461.09,32722.5,,161.0689,ok
2026-03-24,172.483522,165.336915,672862751.57,644983648.85,27879102.72,390102627.0,181.356808,179.952213,255758876.23,253778041.65,1980834.58,141025241.0,174.83956,169.217574,928621627.8,898761690.5,29859937.3,531127868.0,33062.89,33361.46,32434.54,32612.24,,158.4569,ok
2026-03-25,177.992545,171.439055,703958784.54,678039798.1,25918986.44,395499028.0,189.633485,188.25195,271276066.61,269299742.67,1976323.94,143052830.0,181.084669,175.90498,975234851.15,947339540.77,27895310.38,538551858.0,32725.27,33705.75,32725.27,33439.11,,164.2291,ok
2026-03-26,176.209699,169.630967,689220651.08,663488821.16,25731829.92,391136615.0,187.010136,185.623068,265979075.01,264006287.46,1972787.55,142227090.0,179.08975,173.89543,955199726.09,927495108.62,27704617.47,533363705.0,33575.6,33892.56,33337.62,33337.62,,162.5914,ok
2026-03-27,176.444403,169.859157,694701789.56,668774175.84,25927613.72,393722769.0,188.848871,187.486831,269834752.31,267888616.69,1946135.62,142883964.0,179.74738,174.552933,964536541.87,936662792.53,27873749.34,536606733.0,33267.25,33267.25,32669.39,33112.59,,162.5712,ok
2026-03-30,173.515035,166.893144,681408544.16,655403806.47,26004737.69,392708646.0,186.835994,185.533304,266231086.31,264374824.7,1856261.61,142494538.0,177.061658,171.855971,947639630.47,919778631.17,27860999.3,535203184.0,33009.68,33009.68,32326.37,32518.16,,159.7193,ok
2026-03-31,166.541664,159.08857,635730923.53,607280612.83,28450310.7,381724855.0,177.118487,175.75723,244143021.88,242266642.41,1876379.47,137841637.0,169.347708,163.510786,879873945.41,849547255.24,30326690.17,519566492.0,32419.0,32453.38,31705.99,31722.99,,152.4658,ok
2026-04-01,174.001377,166.67055,669745043.85,641528110.35,28216933.5,384907899.0,185.318943,183.971513,259963664.14,258073502.27,1890161.87,140279056.0,177.024334,171.29169,929708707.99,899601612.62,30107095.37,525186955.0,31892.33,33182.22,31892.33,33174.82,,159.5343,ok
2026-04-02,170.829871,163.602054,658037874.22,630196272.58,27841601.64,385200709.0,182.816517,181.47362,254954314.63,253081522.31,1872792.32,139459125.0,174.016025,168.352471,912992188.85,883277794.89,29714393.96,524659834.0,33218.02,33497.58,32516.94,32572.43,,157.2438,ok
2026-04-03,,,,,,,,,,,,,,,,,,,,,,,,,data unavailable: TWSE MI_MARGN total 20260403: missing tables (keys=stat; stat='很抱歉，沒有符合條件的資料')
2026-04-06,,,,,,,,,,,,,,,,,,,,,,,,,data unavailable: TWSE MI_MARGN total 20260406: missing tables (keys=stat; stat='很抱歉，沒有符合條件的資料')
2026-04-07,174.65509,167.545244,677198923.85,649631560.45,27567363.4,387735006.0,188.038079,186.723566,269883782.04,267997111.54,1886670.5,143526132.0,178.270654,172.726482,947082705.89,917628671.99,29454033.9,531261138.0,32671.52,33264.22,32671.52,33229.82,,160.4439,ok
2026-04-08,183.058777,175.847454,722754159.65,694282352.94,28471806.71,394820817.0,197.501482,196.235171,289616095.89,287759178.67,1856917.22,146639961.0,186.970192,181.368914,1012370255.54,982041531.61,30328723.93,541460778.0,33379.5,34761.38,33379.5,34761.38,,168.6951,ok
2026-04-09,182.759594,175.621242,724674950.63,696370091.0,28304859.63,396518145.0,197.124918,195.880158,293658104.01,291803777.61,1854326.4,148970565.0,186.6827,181.153863,1018333054.64,988173868.61,30159186.03,545488710.0,34779.96,34884.45,34617.34,34861.16,,168.4458,ok
2026-04-10,185.311572,178.090769,743545457.85,714572656.06,28972801.79,401240705.0,200.702274,199.477714,304136842.3,302281188.58,1855653.72,151536321.0,189.530724,183.95371,1047682300.15,1016853844.64,30828455.51,552777026.0,34950.87,35417.83,34950.87,35417.83,,170.6905,ok
2026-04-13,186.447962,179.432999,761922034.34,733255295.14,28666739.2,408651307.0,202.942058,201.764758,310852194.6,309048890.16,1803304.44,153172880.0,190.944828,185.521416,1072774228.94,1042304185.3,30470043.64,561824187.0,35422.91,35552.49,35261.73,35457.29,,171.7983,ok
2026-04-14,187.840547,180.758303,779453868.83,750065738.94,29388129.89,414955067.0,203.617041,202.431447,313764353.84,311937408.72,1826945.12,154095331.0,192.112724,186.627257,1093218222.67,1062003147.66,31215075.01,569050398.0,35584.09,36341.44,35584.09,36296.12,,173.247,ok
2026-04-15,187.962668,180.731944,782401718.25,752303559.6,30098158.65,416253785.0,202.828605,201.686747,315489568.88,313713466.79,1776102.09,155544909.0,192.00661,186.432225,1097891287.13,1066017026.39,31874260.74,571798694.0,36369.11,37064.16,36369.11,36722.14,,173.212,ok
2026-04-16,190.218196,182.962936,803498316.59,772851465.65,30646850.94,422408757.0,204.149005,203.033384,323603885.4,321835475.7,1768409.7,158513575.0,194.019431,188.439466,1127102201.99,1094686941.35,32415260.64,580922332.0,36759.53,37135.55,36751.09,37132.02,,175.2202,ok
2026-04-17,190.624083,183.435023,814194247.53,783488308.76,30705938.77,427120349.0,209.499258,208.400597,339425774.55,337645750.22,1780024.33,162017650.0,195.814907,190.300755,1153620022.08,1121134058.98,32485963.1,589137999.0,37145.66,37145.66,36776.28,36804.34,,175.5221,ok
2026-04-20,192.376847,184.968506,826894672.7,795051352.76,31843319.94,429830661.0,216.250373,215.159738,354711233.86,352922285.42,1788948.44,164028033.0,198.970886,193.307541,1181605906.56,1147973638.18,33632268.38,593858694.0,36850.24,37344.5,36850.24,36958.8,,177.0906,ok
2026-04-21,195.436428,187.965472,846560042.24,814198558.31,32361483.93,433163894.0,218.449349,217.355237,362740295.06,360923495.8,1816799.26,166052358.0,201.813675,196.109844,1209300337.3,1175122054.11,34178283.19,599216252.0,37051.25,37781.83,37051.25,37605.11,,179.5918,ok
2026-04-22,196.730208,189.242229,862750964.37,829912789.7,32838174.67,438545241.0,218.035181,216.939492,367303565.35,365457760.24,1845805.11,168460688.0,202.642918,196.928974,1230054529.72,1195370549.94,34683979.78,607005929.0,37627.2,38096.88,37623.38,37878.47,,180.592,ok
2026-04-23,190.124105,182.663052,819106017.28,786961783.3,32144233.98,430827021.0,207.482372,206.383567,342149132.95,340337147.4,1811985.55,164905158.0,194.929062,189.229149,1161255150.23,1127298930.7,33956219.53,595732179.0,37971.69,38921.95,37164.44,37714.15,,174.0611,ok
2026-04-24,192.005098,184.321666,846564076.61,812687281.0,33876795.61,440907083.0,205.10172,204.03163,343769952.96,341976381.25,1793571.71,167609493.0,195.612425,189.750568,1190334029.57,1154663662.25,35670367.32,608516576.0,37862.65,38989.94,37862.65,38932.4,,175.4933,ok
2026-04-27,191.658163,183.92389,866379979.72,831417633.01,34962346.71,452044394.0,199.918482,198.868771,339612278.8,337829077.69,1783201.11,169875379.0,193.914442,188.006036,1205992258.52,1169246710.7,36745547.82,621919773.0,39858.19,40194.92,39607.74,39616.63,,175.2079,ok
2026-04-28,193.748298,186.200813,885642375.69,851142081.93,34500293.76,457109757.0,203.010111,201.998611,357505069.47,355723795.9,1781273.57,176102100.0,196.324095,190.594327,1243147445.16,1206865877.83,36281567.33,633211857.0,39531.93,40101.23,39521.73,39521.73,,176.922,ok
2026-04-29,192.933706,185.634107,889354550.23,855706039.87,33648510.36,460963803.0,203.194259,202.196927,363110384.79,361328141.33,1782243.46,178701104.0,195.800164,190.261208,1252464935.02,1217034181.2,35430753.82,639664907.0,39176.24,39548.18,38896.3,39303.5,,176.0345,ok
2026-04-30,192.925409,185.611246,889202041.01,855490729.85,33711311.16,460904578.0,202.861186,201.835741,366039480.11,364189184.38,1850295.73,180438401.0,195.720786,190.175921,1255241521.12,1219679914.23,35561606.89,641342979.0,39571.46,39848.22,38926.63,38926.63,,175.8451,ok
2026-05-01,,,,,,,,,,,,,,,,,,,,,,,,,data unavailable: TWSE MI_MARGN total 20260501: missing tables (keys=stat; stat='很抱歉，沒有符合條件的資料')
2026-05-04,198.885863,191.204758,935546337.19,899414911.89,36131425.3,470393584.0,208.923856,207.965714,386195438.2,384424314.37,1771123.83,184849852.0,201.717667,195.933169,1321741775.39,1283839226.26,37902549.13,655243436.0,39228.39,40755.52,39228.39,40705.14,,180.9067,ok
2026-05-05,200.557798,192.930381,952940933.63,916699620.28,36241313.35,475145292.0,212.383441,211.455538,407324500.28,405544900.21,1779600.07,191787316.0,203.958454,198.257591,1360265433.91,1322244520.49,38020913.42,666932608.0,40708.4,40885.05,40522.78,40769.29,,182.0207,ok
2026-05-06,199.831738,192.198221,950496606.9,914187900.51,36308706.39,475648471.0,209.876367,208.953752,406734887.68,404946883.65,1788004.03,193797374.0,202.73955,197.048767,1357231494.58,1319134784.16,38096710.42,669445845.0,40983.04,41575.84,40616.28,41138.85,,180.6349,ok
2026-05-07,201.834298,194.23478,974181840.43,937501686.35,36680154.08,482664170.0,210.379449,209.448504,417650244.89,415802110.13,1848134.76,198522359.0,204.324664,198.668608,1391832085.32,1353303796.48,38528288.84,681186529.0,41259.96,42156.06,41259.96,41933.78,,182.1352,ok
2026-05-08,197.51314,189.984318,942502600.65,906576205.78,35926394.87,477184758.0,206.585647,205.633369,403835184.02,401973663.89,1861520.13,195480756.0,200.149667,194.532029,1346337784.67,1308549869.67,37787915.0,672665514.0,41886.03,42038.6,41132.25,41603.94,,177.6839,ok
2026-05-11,203.137303,195.614566,984388633.2,947933996.32,36454636.88,484592746.0,213.171147,212.216022,423295685.45,421399086.58,1896598.87,198570816.0,206.053776,200.440006,1407684318.65,1369333082.9,38351235.75,683163562.0,41714.0,42021.78,41529.25,41790.06,,181.8785,ok
2026-05-12,203.191402,195.572529,998065909.2,960642386.56,37423522.64,491194951.0,214.143889,213.169235,425082285.28,423147566.58,1934718.7,198503113.0,206.343655,200.637065,1423148194.48,1383789953.14,39358241.34,689698064.0,41880.66,42253.42,41471.57,41898.32,,181.3175,ok
2026-05-13,199.083245,191.452028,984303467.57,946573353.0,37730114.57,494418035.0,208.207053,207.229267,411322469.48,409390808.66,1931660.82,197554532.0,201.688044,195.956347,1395625937.05,1355964161.66,39661775.39,691972567.0,41795.92,41795.92,41014.53,41374.5,,177.2795,ok
2026-05-14,199.835408,192.342516,997448154.05,960048518.95,37399635.1,499134844.0,209.917454,208.931797,418260837.57,416296914.05,1963923.52,199250148.0,202.711829,197.07546,1415708991.62,1376345433.0,39363558.62,698384992.0,41496.23,42205.62,41496.23,41751.75,,177.1961,ok
2026-05-15,194.611149,187.147735,959038172.65,922258679.35,36779493.3,492797137.0,201.033944,200.02428,392071627.67,390102505.06,1969122.61,195027576.0,196.432285,190.798783,1351109800.32,1312361184.41,38748615.91,687824713.0,41830.42,42408.66,41016.73,41172.36,,172.0822,ok
2026-05-18,194.444777,187.011008,975373122.25,938083878.96,37289243.29,501619604.0,201.150703,200.1463,395264977.17,393291307.12,1973670.05,196501912.0,196.33231,190.70823,1370638099.42,1331375186.08,39262913.34,698121516.0,41095.82,41095.82,40170.17,40891.82,,171.9616,ok
2026-05-19,189.620693,182.189259,942200728.51,905274893.43,36925835.08,496887083.0,194.199012,193.190638,378249735.98,376285682.67,1964053.31,194774284.0,190.909964,185.287286,1320450464.49,1281560576.1,38889888.39,691661367.0,40883.42,40951.56,40168.51,40175.56,,167.346,ok
2026-05-20,189.124675,181.783228,949555626.49,912695750.88,36859875.61,502079185.0,193.728827,192.699203,375173175.51,373179215.68,1993959.83,193658931.0,190.406242,184.821693,1324728802.0,1285874966.56,38853835.44,695738116.0,40204.16,40439.04,39967.08,40020.82,,166.9352,ok
2026-05-21,197.222242,189.830664,1008110313.69,970327932.51,37782381.18,511154475.0,200.988851,199.96978,396004121.22,393996265.73,2007855.49,197027904.0,198.270174,192.651531,1404114434.91,1364324198.24,39790236.67,708182379.0,40263.18,41606.91,40263.18,41368.21,,174.161,ok
2026-05-22,204.249719,196.953314,1066774441.7,1028666100.91,38108340.79,522289307.0,208.276773,207.268828,414348796.39,412343576.68,2005219.71,198941433.0,205.360526,199.798705,1481123238.09,1441009677.59,40113560.5,721230740.0,41447.92,42357.6,41447.92,42267.97,,180.0163,ok
2026-05-25,210.379746,203.007844,1116014216.46,1076908038.42,39106178.04,530476074.0,213.800812,212.786404,431168390.96,429122650.3,2045740.66,201668266.0,211.322074,205.701336,1547182607.42,1506030688.72,41151918.7,732144340.0,42667.87,43645.78,42667.87,43644.4,,185.0303,ok
2026-05-26,209.624282,202.375335,1120635949.93,1081883609.59,38752340.34,534592623.0,215.262942,214.258934,439214425.91,437165885.7,2048540.21,204036246.0,211.181886,205.658018,1559850375.84,1519049495.29,40800880.55,738628869.0,43708.89,44097.63,43349.77,43525.37,,184.0713,ok
2026-05-27,208.679936,201.339729,1119086193.99,1079722924.41,39363269.58,536269185.0,211.87592,210.847707,429531442.29,427446968.69,2084473.6,202727824.0,209.556685,203.948037,1548617636.28,1507169893.1,41447743.18,738997009.0,43842.26,44818.25,43842.26,44256.8,,182.8285,ok
2026-05-28,202.749345,195.677456,1084768883.66,1046932191.41,37836692.25,535029538.0,206.649032,205.630675,414882271.2,412837749.28,2044521.92,200766617.0,203.813399,198.393255,1499651154.86,1459769940.69,39881214.17,735796155.0,44240.8,44954.09,43236.36,43636.44,,177.3868,ok
2026-05-29,206.556774,199.486105,1149198535.38,1109860185.43,39338349.95,556359646.0,211.330607,210.33996,437144673.82,435095486.18,2049187.64,206853461.0,207.850625,202.427822,1586343209.2,1544955671.61,41387537.59,763213107.0,43815.48,44933.95,43815.48,44732.94,,180.9286,ok
2026-06-01,210.160831,203.112719,1189046065.51,1149169317.56,39876747.95,565779103.0,213.444271,212.506648,445733476.16,443775448.02,1958028.14,208828972.0,211.046024,205.645257,1634779541.67,1592944765.58,41834776.09,774608075.0,44872.82,45931.1,44872.82,45337.91,,183.8213,ok
2026-06-02,208.382789,201.316847,1181469549.78,1141407724.39,40061825.39,566970793.0,208.929201,207.99828,435827984.89,433886075.89,1941909.0,208600800.0,208.529754,203.113912,1617297534.67,1575293800.28,42003734.39,775571593.0,45388.93,45915.92,44869.38,45557.31,,181.5519,ok
2026-06-03,209.093936,201.947521,1188480150.07,1147860267.06,40619883.01,568395323.0,209.067647,208.174301,444796891.11,442896273.47,1900617.64,212752617.0,209.086776,203.643441,1633277041.18,1590756540.53,42520500.65,781147940.0,45660.46,46552.16,45660.46,46459.16,,181.8414,ok
2026-06-04,203.015123,195.902938,1162537559.16,1121810633.34,40726925.82,572635940.0,202.930317,202.040734,428790941.12,426911257.28,1879683.84,211299597.0,202.992265,197.557301,1591328500.28,1548721890.62,42606609.66,783935537.0,46364.07,46364.07,45677.46,45677.46,,176.5635,ok
2026-06-05,198.976727,191.86499,1127500163.62,1087201560.81,40298602.81,566649267.0,199.013439,198.157167,418496743.18,416696125.92,1800617.26,210285670.0,198.986663,193.568034,1545996906.8,1503897686.73,42099220.07,776934937.0,45619.82,45619.82,44209.53,45070.94,,172.6712,ok
2026-06-08,191.066287,184.010272,1052798554.81,1013919050.7,38879504.11,551012201.0,189.948573,189.095397,381965339.11,380249695.96,1715643.15,201088817.0,190.767445,185.369879,1434763893.92,1394168746.66,40595147.26,752101018.0,44507.49,44507.49,42376.86,43502.78,,164.9097,ok
2026-06-09,198.218781,191.205286,1117709908.7,1078162429.01,39547479.69,563876896.0,196.052812,195.199542,397572350.14,395842018.94,1730331.2,202788395.0,197.645867,192.261795,1515282258.84,1474004447.95,41277810.89,766665291.0,43687.62,44821.71,43687.62,44704.44,,171.4606,ok
2026-06-10,187.376978,180.310088,1024599098.22,985956523.74,38642574.48,546811625.0,185.290151,184.418259,361099573.42,359400401.86,1699171.56,194883307.0,186.828656,181.389527,1385698671.64,1345356925.6,40341746.04,741694932.0,44581.45,44676.49,43225.54,43225.54,,162.7433,ok
2026-06-11,188.853606,181.727258,1037140534.13,998004270.57,39136263.56,549176982.0,185.017601,184.138778,356660765.8,354966648.77,1694117.03,192771263.0,187.856944,182.353814,1393801299.93,1352970919.34,40830380.59,741948245.0,43172.21,43463.03,42006.39,43149.46,,163.0903,ok
2026-06-12,193.195631,186.024548,1076153662.41,1036208725.95,39944936.46,557027949.0,190.374952,189.470758,371917012.13,370150576.96,1766435.17,195360266.0,192.463232,186.919369,1448070674.54,1406359302.91,41711371.63,752388215.0,43587.63,44798.88,43587.63,44169.04,,167.3228,ok
2026-06-15,199.41219,192.146264,1140452458.6,1098898113.84,41554344.76,571907094.0,194.792573,193.899862,388009015.92,386230816.37,1778199.55,199190867.0,198.218845,192.599255,1528461474.52,1485128930.21,43332544.31,771097961.0,44447.87,45483.63,44447.87,45396.99,,173.2574,ok
2026-06-16,199.618816,192.399385,1140437562.57,1099192402.99,41245159.58,571307649.0,194.00858,193.119078,388598888.89,386817218.64,1781670.25,200299847.0,198.162467,192.586209,1529036451.46,1486009621.63,43026829.83,771607496.0,45500.08,45809.19,45266.34,45809.19,,173.2725,ok
2026-06-17,201.507799,194.362526,1176628088.54,1134905988.24,41722100.3,583911936.0,194.751184,193.855852,396568367.3,394745218.99,1823148.31,203628219.0,199.760793,194.231519,1573196455.84,1529651207.23,43545248.61,787540155.0,45685.27,45877.39,45159.51,45877.39,,175.3251,ok
2026-06-18,205.351563,198.253611,1217830354.19,1175736193.24,42094160.95,593046547.0,201.639971,200.701584,414308237.32,412380140.58,1928096.74,205469300.0,204.396519,198.883509,1632138591.51,1588116333.82,44022257.69,798515847.0,45972.26,46565.7,45972.26,46465.2,,178.5695,ok
2026-06-19,,,,,,,,,,,,,,,,,,,,,,,,,data unavailable: TWSE MI_MARGN total 20260619: missing tables (keys=stat; stat='很抱歉，沒有符合條件的資料')
2026-06-22,208.560305,201.312705,1261876589.11,1218025592.5,43850996.61,605041591.0,203.664155,202.728563,424537228.3,422586990.05,1950238.25,208449655.0,207.305712,201.675505,1686413817.41,1640612582.55,45801234.86,813491246.0,46679.57,47871.19,46679.57,47741.51,,181.4023,ok
2026-06-23,201.905299,194.676739,1199174398.21,1156241875.77,42932522.44,593929137.0,195.235167,194.368661,406740758.19,404935534.27,1805223.92,208333757.0,200.173181,194.596737,1605915156.4,1561177410.04,44737746.36,802262894.0,47795.09,48218.87,47100.65,47100.65,,175.0649,ok
2026-06-24,200.369724,193.054663,1217158455.9,1172722656.19,44435799.71,607456271.0,194.437929,193.586168,408526576.51,406736970.9,1789605.61,210106422.0,198.845305,193.191255,1625685032.41,1579459627.09,46225405.32,817562693.0,46909.98,46909.98,45819.71,46043.6,,173.9331,ok
2026-06-25,201.32046,193.991975,1230069138.96,1185292056.07,44777082.89,611000560.0,193.078182,192.224383,407616095.5,405813601.73,1802493.77,211114530.0,199.203889,193.538067,1637685234.46,1591105657.8,46579576.66,822115090.0,46339.68,46785.45,46048.7,46255.26,,174.5658,ok
2026-06-26,191.055118,183.587194,1128994141.87,1084864243.39,44129898.48,590925882.0,182.01314,181.153488,372859414.71,371098391.45,1761023.26,204853020.0,188.727491,182.960698,1501853556.58,1455962634.84,45890921.74,795778902.0,46188.6,46188.6,44454.22,44571.76,,164.8411,ok
2026-06-29,192.167124,184.641534,1141914102.18,1097194811.65,44719290.53,594229687.0,180.83406,179.961519,368170864.08,366394405.02,1776459.06,203595973.0,189.275056,183.447248,1510084966.26,1463589216.67,46495749.59,797825660.0,44594.81,45521.63,44594.81,44999.9,,165.948,ok
2026-06-30,198.924401,191.503901,1216725491.3,1171337838.78,45387652.52,611652207.0,188.137648,187.257515,389602515.91,387779903.22,1822612.69,207083760.0,196.196096,190.429858,1606328007.21,1559117742.0,47210265.21,818735967.0,45165.8,46637.86,45165.8,46125.91,,172.1317,ok
2026-07-01,198.231215,190.983207,1208224026.18,1164047245.7,44176780.48,609502407.0,187.969255,187.091244,391757137.09,389927225.48,1829911.61,208415540.0,195.616341,189.991487,1599981163.27,1553974471.18,46006692.09,817917947.0,46234.7,47293.1,46234.7,47018.99,,171.3581,ok
2026-07-02,197.420156,190.216511,1225657943.29,1180935027.89,44722915.4,620837289.0,190.033233,189.172547,399711760.91,397901414.08,1810346.83,210337821.0,195.550815,189.952324,1625369704.2,1578836441.97,46533262.23,831175110.0,46833.89,46910.31,45981.89,46744.16,,170.8815,ok
2026-07-03,197.599732,190.439265,1246483779.38,1201314662.28,45169117.1,630812485.0,193.407082,192.552402,411742370.88,409922851.74,1819519.14,212888984.0,196.541811,190.972468,1658226150.26,1611237514.02,46988636.24,843701469.0,46545.14,46948.83,45880.69,46780.62,,171.1484,ok
2026-07-06,194.377881,187.298318,1227194751.83,1182498296.73,44696455.1,631344856.0,190.812571,189.950319,409415377.71,407565293.95,1850083.76,214564154.0,193.473543,187.970996,1636610129.54,1590063590.68,46546538.86,845909010.0,46897.18,47395.3,46431.38,46556.39,,168.4349,ok
2026-07-07,186.104528,178.778913,1136996783.57,1092241288.29,44755495.28,610945256.0,181.134654,180.28518,380960748.7,379174142.63,1786606.07,210319086.0,184.831784,179.164656,1517957532.27,1471415430.92,46542101.35,821264342.0,46537.34,46967.04,45432.02,45479.11,,160.7287,ok
2026-07-08,186.82791,179.479678,1146779089.76,1101674485.61,45104604.15,613815725.0,183.704381,182.837057,388558207.0,386723706.2,1834500.8,211512760.0,186.027421,180.340097,1535337296.76,1488398191.81,46939104.95,825328485.0,45524.69,45837.12,45036.64,45734.41,,161.5526,ok
2026-07-09,186.649884,179.421659,1156572728.16,1111783158.22,44789569.94,619648244.0,185.278327,184.413846,393512497.14,391676428.17,1836068.97,212389924.0,186.299774,180.695988,1550085225.3,1503459586.39,46625638.91,832038168.0,45805.62,46064.06,45352.41,45354.61,,161.8076,ok
2026-07-10,,,,,,,,,,,,,,,,,,,,,,,,,data unavailable: TWSE MI_MARGN total 20260710: missing tables (keys=stat; stat='很抱歉，沒有符合條件的資料')
2026-07-13,184.048651,176.838264,1137971040.44,1093389288.95,44581751.49,618299040.0,182.451712,181.572629,387759811.49,385891519.06,1868292.43,212527362.0,183.64015,178.049326,1525730851.93,1479280808.01,46450043.92,830826402.0,45500.32,46330.91,45272.9,45380.52,,159.7475,ok
2026-07-14,180.669538,173.155813,1091305628.56,1045920164.97,45385463.59,604034106.0,177.455751,176.387699,366299049.62,364094406.39,2204643.23,206417119.0,179.851006,173.978955,1457604678.18,1410014571.36,47590106.82,810451225.0,45364.4,45364.4,43654.04,44737.95,,156.2654,ok
2026-07-15,186.816591,179.310341,1149609846.19,1103418775.07,46191071.12,615368175.0,179.254741,178.140066,377371351.33,375024709.72,2346641.61,210522382.0,184.889049,179.012034,1526981197.52,1478443484.79,48537712.73,825890557.0,44850.69,45881.91,44850.69,45631.59,,161.9559,ok
2026-07-16,182.87849,175.410469,1125756079.42,1079784734.12,45971345.3,615575992.0,175.416182,174.252364,368754829.46,366308285.16,2446544.3,210217111.0,180.978856,175.115657,1494510908.88,1446093019.28,48417889.6,825793103.0,45511.98,45855.02,44970.64,45624.98,,158.5912,ok
2026-07-17,170.530696,163.018643,1002656565.99,958488511.63,44168054.36,587962513.0,163.446946,162.210474,320682497.03,318256542.05,2425954.98,196199748.0,168.758321,162.816437,1323339063.02,1276745053.68,46594009.34,784162261.0,45234.08,45234.08,42671.27,42671.27,,147.0484,ok
2026-07-20,167.499681,159.009168,953133129.98,904819070.25,48314059.73,569035788.0,160.469473,159.196944,301991087.06,299596287.36,2394799.7,188192235.0,165.752479,159.055835,1255124217.04,1204415357.61,50708859.43,757228023.0,42793.15,43084.51,41967.75,42449.7,,143.4934,ok
2026-07-21,175.445195,166.722515,1011434948.28,961149026.8,50285921.48,576496237.0,167.521558,166.207268,318777285.02,316276318.24,2500966.78,190290306.0,173.478818,166.594648,1330212233.3,1277425345.04,52786888.26,766786543.0,42566.93,44232.87,42566.93,44232.87,,150.7912,ok
2026-07-22,181.249746,172.761019,1056366119.61,1006891825.34,49474294.27,582823505.0,173.44328,172.132814,334231600.7,331706283.49,2525317.21,192703690.0,179.309988,172.604922,1390597720.31,1338598108.83,51999611.48,775527195.0,44513.75,45323.75,44513.75,44825.78,,156.5876,ok
2026-07-23,179.831894,171.362507,1047748001.41,998403124.14,49344877.27,582626351.0,172.234757,170.940927,331988626.38,329494722.79,2493903.59,192753560.0,177.943303,171.257706,1379736627.79,1327897846.93,51838780.86,775379911.0,44899.04,45089.82,44340.76,44850.81,,155.7082,ok
2026-07-24,173.082562,164.895765,998789431.8,951546738.17,47242693.63,577059537.0,165.425339,164.216962,314576664.22,312278786.26,2297877.96,190162321.0,171.184656,164.727518,1313366096.02,1263825524.43,49540571.59,767221858.0,44769.39,44769.39,43607.4,43654.84,,149.9613,ok
2026-07-27,173.455309,165.321181,986376949.62,940121136.73,46255812.89,568663454.0,166.224388,165.057187,313079028.98,310880638.3,2198390.68,188347229.0,171.656227,165.255498,1299455978.6,1251001775.03,48454203.57,757010683.0,43585.92,43686.15,42969.48,43634.19,,150.2297,ok
2026-07-28,163.076978,154.927813,889641682.48,845185150.78,44456531.7,545534811.0,155.266926,154.144032,281008636.26,278976375.56,2032260.7,180984221.0,161.131404,154.732564,1170650318.74,1124161526.34,46488792.4,726519032.0,43221.93,43221.93,41565.0,41603.36,,140.3766,ok
2026-07-29,157.994941,149.469489,801052005.79,757827010.46,43224995.33,507011173.0,149.971292,148.826236,251065260.16,249148335.34,1916924.82,167408880.0,156.00326,149.309817,1052117265.95,1006975345.8,45141920.15,674420053.0,41491.48,41698.39,39384.85,40039.18,,,ok
2026-07-30,156.740113,147.834895,774088152.98,730108197.97,43979955.01,493867294.0,145.872863,144.723201,237794341.35,235920222.21,1874119.14,163014790.0,154.043247,147.062684,1011882494.33,966028420.18,45854074.15,656882084.0,40048.94,41155.42,39404.65,39933.3,,,ok
2026-07-31,169.811654,159.047345,861730923.21,807106062.95,54624860.26,507462771.0,157.339731,156.194341,261433330.62,259530167.79,1903162.83,166158496.0,166.735272,158.34361,1123164253.83,1066636230.74,56528023.09,673621267.0,41610.41,43214.36,41610.41,43119.75,,,ok
2026-08-03,176.554078,166.292929,908821636.87,856001817.85,52819819.02,514755393.0,165.251017,164.123166,275981860.24,274098262.3,1883597.94,167007662.0,173.785231,165.761414,1184803497.11,1130100080.15,54703416.96,681763055.0,42780.42,43784.19,42780.42,43386.41,,,ok
2026-08-04,181.692377,172.040245,946861957.61,896561353.86,50300603.75,521134665.0,173.597135,172.483981,293335158.27,291454210.74,1880947.53,168974654.0,179.71024,172.148895,1240197115.88,1188015564.6,52181551.28,690109319.0,43092.49,43912.77,42895.81,43360.66,,,ok
2026-08-05,186.734538,177.518856,977540968.15,929297581.42,48243386.73,523492321.0,178.905083,177.806423,304147174.28,302279400.62,1867773.66,170004770.0,184.815215,177.589351,1281688142.43,1231576982.04,50111160.39,693497091.0,43809.83,44980.31,43809.83,44611.6,,,ok
2026-08-06,188.187018,179.071022,1002669804.09,954099327.25,48570476.84,532804981.0,183.31002,182.234788,319541903.54,317667584.77,1874318.77,174317751.0,186.984755,179.850944,1322211707.63,1271766912.02,50444795.61,707122732.0,44487.94,44601.24,44024.32,44396.7,,,ok
2026-08-07,184.807527,175.888196,993644486.24,945688408.31,47956077.93,537664510.0,178.122462,177.030682,312095055.91,310182106.45,1912949.46,175213756.0,183.164448,176.169,1305739542.15,1255870514.76,49869027.39,712878266.0,44450.19,44827.13,43941.56,44225.91,,,ok
2026-08-10,189.818537,180.967083,1035072058.04,986805469.8,48266588.24,545295561.0,182.629696,181.57658,323246480.47,321382511.84,1863968.63,176995575.0,188.05693,181.116439,1358318538.51,1308187981.64,50130556.87,722291136.0,44540.71,45219.4,44540.71,44928.76,,,ok
2026-08-11,190.466561,181.617485,1036427554.71,988275135.95,48152418.76,544151977.0,182.839367,181.792672,325778033.62,323913062.19,1864971.43,178177183.0,188.585158,181.660699,1362205588.33,1312188198.14,50017390.19,722329160.0,44883.9,45195.41,44652.06,45120.72,,,ok
2026-08-12,192.665725,183.917164,1055969844.95,1008020388.84,47949456.11,548083912.0,188.070997,187.051911,336759006.92,334934236.57,1824770.35,179059511.0,191.534271,184.689097,1392728851.87,1342954625.41,49774226.46,727143423.0,45175.7,45529.48,45175.7,45518.07,,,ok
2026-08-13,194.689965,185.859271,1070367765.48,1021818316.94,48549448.54,549780654.0,189.801474,188.792463,343054513.87,341230788.89,1823724.98,180743862.0,193.480472,186.584991,1413422279.35,1363049105.83,50373173.52,730524516.0,45676.54,46216.41,45676.54,46021.48,,,ok
2026-08-14,194.068102,185.401497,1061667633.06,1014256164.05,47411469.01,547059318.0,185.641286,184.613032,337145184.03,335277759.72,1867424.31,181611101.0,191.967834,185.204983,1398812817.09,1349533923.77,49278893.32,728670419.0,46103.81,46402.6,45798.31,45811.01,,,ok
2026-08-17,194.85932,186.322742,1071924377.24,1024964518.28,46959858.96,550101672.0,186.625094,185.596275,341197293.32,339316354.62,1880938.7,182824981.0,192.805333,186.141528,1413121670.56,1364280872.9,48840797.66,732926653.0,45841.17,46189.3,45765.07,45857.27,,,ok
2026-08-18,190.325189,182.008992,1041100439.95,995609895.25,45490544.7,547011379.0,182.31829,181.29891,332664215.33,330804217.91,1859997.42,182463435.0,188.322424,181.831379,1373764655.28,1326414113.16,47350542.12,729474814.0,45922.4,46064.09,45225.42,45308.68,,,ok
2026-08-19,187.241192,179.007556,1026437933.87,981301948.9,45135984.97,548190238.0,179.811666,178.787465,328019688.54,326151301.21,1868387.33,182424031.0,185.386144,178.952603,1354457622.41,1307453250.11,47004372.3,730614269.0,45071.34,45071.34,44308.71,44719.35,,,ok
2026-08-20,188.851212,180.58426,1035674447.48,990337851.92,45336595.56,548407625.0,182.227727,181.210627,335443212.58,333570943.59,1872268.99,184079129.0,187.186683,180.741671,1371117660.06,1323908795.51,47208864.55,732486754.0,44942.01,45160.05,44446.36,44933.74,,,ok
2026-08-21,187.436054,179.139277,1025161484.25,979783148.97,45378335.28,546939322.0,181.892959,180.879371,336885454.76,335008180.11,1877274.65,185210828.0,186.033826,179.579466,1362046939.01,1314791329.08,47255609.93,732150150.0,44923.34,45254.84,44583.87,45224.29,,,ok
2026-08-24,185.636514,177.3617,1012200597.43,967081394.26,45119203.17,545259430.0,179.694852,178.674353,330693474.36,328815444.09,1878030.27,184030578.0,184.137182,177.692938,1342894071.79,1295896838.35,46997233.44,729290008.0,45240.3,45362.3,44761.88,44762.32,,,ok
2026-08-25,188.241016,179.858452,1029561079.81,983713675.44,45847404.37,546937698.0,182.931342,181.905807,336446875.29,334560714.2,1886161.09,183919755.0,186.90484,180.373667,1366007955.1,1318274389.64,47733565.46,730857453.0,44728.36,45169.46,44210.31,45169.46,,,ok
2026-08-26,193.263988,184.910268,1072233602.82,1025886944.26,46346658.56,554802585.0,187.714452,186.691699,352266605.25,350347297.7,1919307.55,187660887.0,191.861319,185.360532,1424500208.07,1376234241.96,48265966.11,742463472.0,45157.64,45878.39,44925.84,45832.62,,,ok
2026-08-27,193.241435,185.065677,1081995095.32,1036217487.18,45777608.14,559918784.0,190.665529,189.666737,364200403.46,362292557.02,1907846.44,191015337.0,192.586201,186.23605,1446195498.78,1398510044.2,47685454.58,750934121.0,45890.18,46401.78,45890.18,45975.22,,,ok
2026-08-28,194.250276,186.236448,1101743926.66,1056291294.33,45452632.33,567177536.0,190.800813,189.802258,367660822.79,365736673.22,1924149.57,192693531.0,193.375536,187.140691,1469404749.45,1422027967.55,47376781.9,759871067.0,46070.83,46574.52,46070.83,46331.45,,,ok
2026-08-31,192.248101,184.400213,1095577539.27,1050854240.05,44723299.22,569876911.0,190.797387,189.808063,371406368.7,369480550.17,1925818.53,194660092.0,191.878732,185.777115,1466983907.97,1420334790.22,46649117.75,764537003.0,46224.69,46224.69,45450.21,46128.47,,,ok
2026-09-01,193.940498,186.125475,1121199997.21,1076020143.64,45179853.57,578115458.0,194.796717,193.822846,384340194.53,382418716.2,1921478.33,197303220.0,194.15836,188.084051,1505540191.74,1458438859.84,47101331.9,775418678.0,46177.11,46948.72,46081.11,46948.72,,,ok
2026-09-02,190.128864,182.403032,1113537766.15,1068289479.04,45248287.11,585675285.0,191.628806,190.660282,379754438.65,377835096.08,1919342.57,198171896.0,190.508079,184.490627,1493292204.8,1446124575.12,47167629.68,783847181.0,46901.32,46946.6,46164.72,46164.72,,,ok
